"../../../Engine/Content/EditorResources/S_Actor.ubulk" 0
"../../../Engine/Content/EditorResources/S_Actor.uasset" 1
"../../../Engine/Content/EditorResources/S_Actor.uexp" 2
"../../../Engine/Content/EditorResources/S_BoxReflectionCapture.uasset" 3
"../../../Engine/Content/EditorResources/S_BoxReflectionCapture.uexp" 4
"../../../Engine/Content/EngineResources/DefaultTexture.ubulk" 5
"../../../Engine/Content/EngineResources/DefaultTexture.uasset" 6
"../../../Engine/Content/EngineResources/DefaultTexture.uexp" 7
"../../../Engine/Content/EngineResources/DefaultTextureCube.uasset" 8
"../../../Engine/Content/EngineResources/DefaultTextureCube.uexp" 9
"../../../Engine/Content/EditorResources/S_Trigger.ubulk" 10
"../../../Engine/Content/EditorResources/S_Trigger.uasset" 11
"../../../Engine/Content/EditorResources/S_Trigger.uexp" 12
"../../../Engine/Content/EditorResources/S_TriggerBox.uasset" 13
"../../../Engine/Content/EditorResources/S_TriggerBox.uexp" 14
"../../../Engine/Content/EditorResources/S_TriggerCapsule.uasset" 15
"../../../Engine/Content/EditorResources/S_TriggerCapsule.uexp" 16
"../../../Engine/Content/EditorResources/S_TriggerSphere.uasset" 17
"../../../Engine/Content/EditorResources/S_TriggerSphere.uexp" 18
"../../../Engine/Content/EngineMeshes/Sphere.ubulk" 19
"../../../Engine/Content/EngineMeshes/Sphere.uasset" 20
"../../../Engine/Content/EngineMeshes/Sphere.uexp" 21
"../../../Engine/Content/EngineResources/GradientTexture0.uasset" 22
"../../../Engine/Content/EngineResources/GradientTexture0.uexp" 23
"../../../Engine/Content/EngineResources/Black.uasset" 24
"../../../Engine/Content/EngineResources/Black.uexp" 25
"../../../Engine/Content/VREditor/LaserPointer/VR_LaserPower_01.ubulk" 26
"../../../Engine/Content/VREditor/LaserPointer/VR_LaserPower_01.uasset" 27
"../../../Engine/Content/VREditor/LaserPointer/VR_LaserPower_01.uexp" 28
"../../../Engine/Content/VREditor/TransformGizmo/TransformGizmoMaterial.uasset" 29
"../../../Engine/Content/VREditor/TransformGizmo/TransformGizmoMaterial.uexp" 30
"../../../Engine/Content/VREditor/TransformGizmo/TranslucentTransformGizmoMaterial.uasset" 31
"../../../Engine/Content/VREditor/TransformGizmo/TranslucentTransformGizmoMaterial.uexp" 32
"../../../Engine/Content/VREditor/TransformGizmo/BoundingBoxCorner.ubulk" 33
"../../../Engine/Content/VREditor/TransformGizmo/BoundingBoxCorner.uasset" 34
"../../../Engine/Content/VREditor/TransformGizmo/BoundingBoxCorner.uexp" 35
"../../../Engine/Content/VREditor/TransformGizmo/BoundingBoxEdge.ubulk" 36
"../../../Engine/Content/VREditor/TransformGizmo/BoundingBoxEdge.uasset" 37
"../../../Engine/Content/VREditor/TransformGizmo/BoundingBoxEdge.uexp" 38
"../../../Engine/Content/VREditor/TransformGizmo/Main.uasset" 39
"../../../Engine/Content/VREditor/TransformGizmo/Main.uexp" 40
"../../../Engine/Content/VREditor/TransformGizmo/Xray.uasset" 41
"../../../Engine/Content/VREditor/TransformGizmo/Xray.uexp" 42
"../../../Engine/Content/VREditor/TransformGizmo/SM_Sequencer_Node.ubulk" 43
"../../../Engine/Content/VREditor/TransformGizmo/SM_Sequencer_Node.uasset" 44
"../../../Engine/Content/VREditor/TransformGizmo/SM_Sequencer_Node.uexp" 45
"../../../Engine/Content/EditorResources/S_Solver.ubulk" 46
"../../../Engine/Content/EditorResources/S_Solver.uasset" 47
"../../../Engine/Content/EditorResources/S_Solver.uexp" 48
"../../../Engine/Content/EditorMaterials/Camera/CineMat.uasset" 49
"../../../Engine/Content/EditorMaterials/Camera/CineMat.uexp" 50
"../../../Engine/Content/EditorMaterials/Camera/MI_CineMat_Rig.uasset" 51
"../../../Engine/Content/EditorMaterials/Camera/MI_CineMat_Rig.uexp" 52
"../../../Engine/Content/EditorMeshes/Camera/SM_CraneRig_Base.ubulk" 53
"../../../Engine/Content/EditorMeshes/Camera/SM_CraneRig_Base.uasset" 54
"../../../Engine/Content/EditorMeshes/Camera/SM_CraneRig_Base.uexp" 55
"../../../Engine/Content/EditorMeshes/Camera/SM_CraneRig_Arm.ubulk" 56
"../../../Engine/Content/EditorMeshes/Camera/SM_CraneRig_Arm.uasset" 57
"../../../Engine/Content/EditorMeshes/Camera/SM_CraneRig_Arm.uexp" 58
"../../../Engine/Content/EditorMeshes/Camera/SM_CraneRig_Mount.ubulk" 59
"../../../Engine/Content/EditorMeshes/Camera/SM_CraneRig_Mount.uasset" 60
"../../../Engine/Content/EditorMeshes/Camera/SM_CraneRig_Mount.uexp" 61
"../../../Engine/Content/EditorMeshes/Camera/SM_CraneRig_Body.ubulk" 62
"../../../Engine/Content/EditorMeshes/Camera/SM_CraneRig_Body.uasset" 63
"../../../Engine/Content/EditorMeshes/Camera/SM_CraneRig_Body.uexp" 64
"../../../Engine/Content/EditorMeshes/Camera/SM_RailRig_Track.ubulk" 65
"../../../Engine/Content/EditorMeshes/Camera/SM_RailRig_Track.uasset" 66
"../../../Engine/Content/EditorMeshes/Camera/SM_RailRig_Track.uexp" 67
"../../../Engine/Content/EditorMeshes/Camera/SM_RailRig_Mount.ubulk" 68
"../../../Engine/Content/EditorMeshes/Camera/SM_RailRig_Mount.uasset" 69
"../../../Engine/Content/EditorMeshes/Camera/SM_RailRig_Mount.uexp" 70
"../../../Engine/Content/EngineMaterials/T_Default_Material_Grid_M.ubulk" 71
"../../../Engine/Content/EngineMaterials/T_Default_Material_Grid_M.uasset" 72
"../../../Engine/Content/EngineMaterials/T_Default_Material_Grid_M.uexp" 73
"../../../Engine/Content/EngineMaterials/T_Default_Material_Grid_N.ubulk" 74
"../../../Engine/Content/EngineMaterials/T_Default_Material_Grid_N.uasset" 75
"../../../Engine/Content/EngineMaterials/T_Default_Material_Grid_N.uexp" 76
"../../../Engine/Content/Functions/Engine_MaterialFunctions01/Opacity/CameraDepthFade.uasset" 77
"../../../Engine/Content/Functions/Engine_MaterialFunctions01/Opacity/CameraDepthFade.uexp" 78
"../../../Engine/Content/EngineMaterials/WorldGridMaterial.uasset" 79
"../../../Engine/Content/EngineMaterials/WorldGridMaterial.uexp" 80
"../../../Engine/Content/ArtTools/RenderToTexture/Meshes/S_1_Unit_Plane.ubulk" 81
"../../../Engine/Content/ArtTools/RenderToTexture/Meshes/S_1_Unit_Plane.uasset" 82
"../../../Engine/Content/ArtTools/RenderToTexture/Meshes/S_1_Unit_Plane.uexp" 83
"../../../Engine/Content/EditorMaterials/ParticleSystems/PSysThumbnail_NoImage.ubulk" 84
"../../../Engine/Content/EditorMaterials/ParticleSystems/PSysThumbnail_NoImage.uasset" 85
"../../../Engine/Content/EditorMaterials/ParticleSystems/PSysThumbnail_NoImage.uexp" 86
"../../../Engine/Content/EditorMaterials/ParticleSystems/PSysThumbnail_OOD.ubulk" 87
"../../../Engine/Content/EditorMaterials/ParticleSystems/PSysThumbnail_OOD.uasset" 88
"../../../Engine/Content/EditorMaterials/ParticleSystems/PSysThumbnail_OOD.uexp" 89
"../../../Engine/Content/EditorLandscapeResources/SplineEditorMeshMat.uasset" 90
"../../../Engine/Content/EditorLandscapeResources/SplineEditorMeshMat.uexp" 91
"../../../Engine/Content/EditorLandscapeResources/SplineEditorMesh.ubulk" 92
"../../../Engine/Content/EditorLandscapeResources/SplineEditorMesh.uasset" 93
"../../../Engine/Content/EditorLandscapeResources/SplineEditorMesh.uexp" 94
"../../../Engine/Plugins/Media/MediaPlate/Content/SM_MediaPlateScreen.ubulk" 95
"../../../Engine/Plugins/Media/MediaPlate/Content/SM_MediaPlateScreen.uasset" 96
"../../../Engine/Plugins/Media/MediaPlate/Content/SM_MediaPlateScreen.uexp" 97
"../../../Engine/Content/EngineMaterials/DefaultBokeh.uasset" 98
"../../../Engine/Content/EngineMaterials/DefaultBokeh.uexp" 99
"../../../Engine/Content/EngineMaterials/MiniFont.uasset" 100
"../../../Engine/Content/EngineMaterials/MiniFont.uexp" 101
"../../../Engine/Content/EngineMaterials/WeightMapPlaceholderTexture.uasset" 102
"../../../Engine/Content/EngineMaterials/WeightMapPlaceholderTexture.uexp" 103
"../../../Engine/Content/EngineMaterials/WeightMapArrayPlaceholderTexture.uasset" 104
"../../../Engine/Content/EngineMaterials/WeightMapArrayPlaceholderTexture.uexp" 105
"../../../Engine/Content/EngineMaterials/DefaultWhiteGrid.ubulk" 106
"../../../Engine/Content/EngineMaterials/DefaultWhiteGrid.uasset" 107
"../../../Engine/Content/EngineMaterials/DefaultWhiteGrid.uexp" 108
"../../../Engine/Content/EngineMaterials/PreintegratedSkinBRDF.uasset" 109
"../../../Engine/Content/EngineMaterials/PreintegratedSkinBRDF.uexp" 110
"../../../Engine/Plugins/Runtime/MeshModelingToolset/Content/Materials/M_DynamicMeshComponentVtxColor.uasset" 111
"../../../Engine/Plugins/Runtime/MeshModelingToolset/Content/Materials/M_DynamicMeshComponentVtxColor.uexp" 112
"../../../Engine/Plugins/Interchange/Runtime/Content/Pipelines/DefaultTexturePipeline.uasset" 113
"../../../Engine/Plugins/Interchange/Runtime/Content/Pipelines/DefaultTexturePipeline.uexp" 114
"../../../Engine/Plugins/Interchange/Runtime/Content/Pipelines/DefaultSceneLevelPipeline.uasset" 115
"../../../Engine/Plugins/Interchange/Runtime/Content/Pipelines/DefaultSceneLevelPipeline.uexp" 116
"../../../Engine/Plugins/Interchange/Runtime/Content/Pipelines/DefaultSceneAssetsPipeline.uasset" 117
"../../../Engine/Plugins/Interchange/Runtime/Content/Pipelines/DefaultSceneAssetsPipeline.uexp" 118
"../../../Engine/Plugins/Interchange/Runtime/Content/Pipelines/DefaultMaterialXPipeline.uasset" 119
"../../../Engine/Plugins/Interchange/Runtime/Content/Pipelines/DefaultMaterialXPipeline.uexp" 120
"../../../Engine/Plugins/Interchange/Runtime/Content/Pipelines/DefaultMaterialPipeline.uasset" 121
"../../../Engine/Plugins/Interchange/Runtime/Content/Pipelines/DefaultMaterialPipeline.uexp" 122
"../../../Engine/Plugins/Interchange/Runtime/Content/Pipelines/DefaultGLTFSceneAssetsPipeline.uasset" 123
"../../../Engine/Plugins/Interchange/Runtime/Content/Pipelines/DefaultGLTFSceneAssetsPipeline.uexp" 124
"../../../Engine/Plugins/Interchange/Runtime/Content/Pipelines/DefaultGLTFPipeline.uasset" 125
"../../../Engine/Plugins/Interchange/Runtime/Content/Pipelines/DefaultGLTFPipeline.uexp" 126
"../../../Engine/Plugins/Interchange/Runtime/Content/Pipelines/DefaultGLTFAssetsPipeline.uasset" 127
"../../../Engine/Plugins/Interchange/Runtime/Content/Pipelines/DefaultGLTFAssetsPipeline.uexp" 128
"../../../Engine/Plugins/Interchange/Runtime/Content/Pipelines/DefaultAssetsPipeline.uasset" 129
"../../../Engine/Plugins/Interchange/Runtime/Content/Pipelines/DefaultAssetsPipeline.uexp" 130
"../../../Engine/Plugins/Interchange/Runtime/Content/Functions/MX_UsdPreviewSurface.uasset" 131
"../../../Engine/Plugins/Interchange/Runtime/Content/Functions/MX_UsdPreviewSurface.uexp" 132
"../../../Engine/Plugins/Interchange/Runtime/Content/Functions/MX_UniformEDF.uasset" 133
"../../../Engine/Plugins/Interchange/Runtime/Content/Functions/MX_UniformEDF.uexp" 134
"../../../Engine/Plugins/Interchange/Runtime/Content/Functions/MX_TranslucentBSDF.uasset" 135
"../../../Engine/Plugins/Interchange/Runtime/Content/Functions/MX_TranslucentBSDF.uexp" 136
"../../../Engine/Plugins/Interchange/Runtime/Content/Functions/MX_ThinFilmBSDF.uasset" 137
"../../../Engine/Plugins/Interchange/Runtime/Content/Functions/MX_ThinFilmBSDF.uexp" 138
"../../../Engine/Plugins/Interchange/Runtime/Content/Functions/MX_SurfaceUnlit.uasset" 139
"../../../Engine/Plugins/Interchange/Runtime/Content/Functions/MX_SurfaceUnlit.uexp" 140
"../../../Engine/Plugins/Interchange/Runtime/Content/Functions/MX_Surface.uasset" 141
"../../../Engine/Plugins/Interchange/Runtime/Content/Functions/MX_Surface.uexp" 142
"../../../Engine/Plugins/Interchange/Runtime/Content/Functions/MX_SubsurfaceBSDF.uasset" 143
"../../../Engine/Plugins/Interchange/Runtime/Content/Functions/MX_SubsurfaceBSDF.uexp" 144
"../../../Engine/Plugins/Interchange/Runtime/Content/Functions/MX_SheenBSDF.uasset" 145
"../../../Engine/Plugins/Interchange/Runtime/Content/Functions/MX_SheenBSDF.uexp" 146
"../../../Engine/Plugins/Interchange/Runtime/Content/Functions/MX_OrenNayarBSDF.uasset" 147
"../../../Engine/Plugins/Interchange/Runtime/Content/Functions/MX_OrenNayarBSDF.uexp" 148
"../../../Engine/Content/Functions/Engine_MaterialFunctions02/Utility/CameraDirectionVector.uasset" 149
"../../../Engine/Content/Functions/Engine_MaterialFunctions02/Utility/CameraDirectionVector.uexp" 150
"../../../Engine/Content/Functions/Engine_MaterialFunctions01/Volumetrics/BeersLaw.uasset" 151
"../../../Engine/Content/Functions/Engine_MaterialFunctions01/Volumetrics/BeersLaw.uexp" 152
"../../../Engine/Content/EngineMaterials/Good64x64TilingNoiseHighFreq.uasset" 153
"../../../Engine/Content/EngineMaterials/Good64x64TilingNoiseHighFreq.uexp" 154
"../../../Engine/Content/Functions/Engine_MaterialFunctions02/Texturing/ScreenAlignedPixelToPixelUVs.uasset" 155
"../../../Engine/Content/Functions/Engine_MaterialFunctions02/Texturing/ScreenAlignedPixelToPixelUVs.uexp" 156
"../../../Engine/Plugins/Interchange/Runtime/Content/gltf/MaterialFunctions/MF_Temporal_Blur.uasset" 157
"../../../Engine/Plugins/Interchange/Runtime/Content/gltf/MaterialFunctions/MF_Temporal_Blur.uexp" 158
"../../../Engine/Plugins/Interchange/Runtime/Content/gltf/MaterialFunctions/MF_Fresnel_DS.uasset" 159
"../../../Engine/Plugins/Interchange/Runtime/Content/gltf/MaterialFunctions/MF_Fresnel_DS.uexp" 160
"../../../Engine/Content/Functions/Engine_MaterialFunctions02/Utility/BreakOutFloat3Components.uasset" 161
"../../../Engine/Content/Functions/Engine_MaterialFunctions02/Utility/BreakOutFloat3Components.uexp" 162
"../../../Engine/Plugins/Interchange/Runtime/Content/Functions/MX_Transmission.uasset" 163
"../../../Engine/Plugins/Interchange/Runtime/Content/Functions/MX_Transmission.uexp" 164
"../../../Engine/Plugins/Interchange/Runtime/Content/Functions/MF_OrenNayerView.uasset" 165
"../../../Engine/Plugins/Interchange/Runtime/Content/Functions/MF_OrenNayerView.uexp" 166
"../../../Engine/Plugins/Interchange/Runtime/Content/Functions/MF_SchlickApprox.uasset" 167
"../../../Engine/Plugins/Interchange/Runtime/Content/Functions/MF_SchlickApprox.uexp" 168
"../../../Engine/Plugins/Interchange/Runtime/Content/Utilities/New_LUT.uasset" 169
"../../../Engine/Plugins/Interchange/Runtime/Content/Utilities/New_LUT.uexp" 170
"../../../Engine/Content/Functions/Engine_MaterialFunctions03/Math/RemapValueRange.uasset" 171
"../../../Engine/Content/Functions/Engine_MaterialFunctions03/Math/RemapValueRange.uexp" 172
"../../../Engine/Plugins/Interchange/Runtime/Content/Functions/MF_Iridescence.uasset" 173
"../../../Engine/Plugins/Interchange/Runtime/Content/Functions/MF_Iridescence.uexp" 174
"../../../Engine/Plugins/Interchange/Runtime/Content/Functions/MX_StandardSurface.uasset" 175
"../../../Engine/Plugins/Interchange/Runtime/Content/Functions/MX_StandardSurface.uexp" 176
"../../../Engine/Plugins/Interchange/Runtime/Content/Functions/MX_TransmissionSurface.uasset" 177
"../../../Engine/Plugins/Interchange/Runtime/Content/Functions/MX_TransmissionSurface.uexp" 178
"../../../Engine/Plugins/Interchange/Runtime/Content/Functions/MX_OpenPBR_Translucent.uasset" 179
"../../../Engine/Plugins/Interchange/Runtime/Content/Functions/MX_OpenPBR_Translucent.uexp" 180
"../../../Engine/Plugins/Interchange/Runtime/Content/Functions/MX_OpenPBR_Opaque.uasset" 181
"../../../Engine/Plugins/Interchange/Runtime/Content/Functions/MX_OpenPBR_Opaque.uexp" 182
"../../../Engine/Plugins/Interchange/Runtime/Content/Functions/MX_MeasuredEDF.uasset" 183
"../../../Engine/Plugins/Interchange/Runtime/Content/Functions/MX_MeasuredEDF.uexp" 184
"../../../Engine/Plugins/Interchange/Runtime/Content/Functions/MX_GeneralizedSchlickBSDF.uasset" 185
"../../../Engine/Plugins/Interchange/Runtime/Content/Functions/MX_GeneralizedSchlickBSDF.uexp" 186
"../../../Engine/Plugins/Interchange/Runtime/Content/Functions/MX_DielectricBSDF.uasset" 187
"../../../Engine/Plugins/Interchange/Runtime/Content/Functions/MX_DielectricBSDF.uexp" 188
"../../../Engine/Plugins/Interchange/Runtime/Content/Functions/MX_ConicalEDF.uasset" 189
"../../../Engine/Plugins/Interchange/Runtime/Content/Functions/MX_ConicalEDF.uexp" 190
"../../../Engine/Plugins/Interchange/Runtime/Content/Functions/MX_ConductorBSDF.uasset" 191
"../../../Engine/Plugins/Interchange/Runtime/Content/Functions/MX_ConductorBSDF.uexp" 192
"../../../Engine/Plugins/Interchange/Runtime/Content/Functions/MX_BurleyDiffuseBSDF.uasset" 193
"../../../Engine/Plugins/Interchange/Runtime/Content/Functions/MX_BurleyDiffuseBSDF.uexp" 194
"../../../Engine/Plugins/Interchange/Runtime/Content/Functions/MX_AnisotropicVDF.uasset" 195
"../../../Engine/Plugins/Interchange/Runtime/Content/Functions/MX_AnisotropicVDF.uexp" 196
"../../../Engine/Plugins/Interchange/Runtime/Content/Functions/MX_AbsorptionVDF.uasset" 197
"../../../Engine/Plugins/Interchange/Runtime/Content/Functions/MX_AbsorptionVDF.uexp" 198
"../../../Engine/Plugins/Editor/SpeedTreeImporter/Content/SpeedTree9/game_wind_noise.ubulk" 199
"../../../Engine/Plugins/Editor/SpeedTreeImporter/Content/SpeedTree9/game_wind_noise.uasset" 200
"../../../Engine/Plugins/Editor/SpeedTreeImporter/Content/SpeedTree9/game_wind_noise.uexp" 201
"../../../Engine/Plugins/Editor/SpeedTreeImporter/Content/SpeedTree9/UnpackDirection.uasset" 202
"../../../Engine/Plugins/Editor/SpeedTreeImporter/Content/SpeedTree9/UnpackDirection.uexp" 203
"../../../Engine/Content/Functions/Engine_MaterialFunctions02/ObjectLocalBounds.uasset" 204
"../../../Engine/Content/Functions/Engine_MaterialFunctions02/ObjectLocalBounds.uexp" 205
"../../../Engine/Content/Functions/Engine_MaterialFunctions02/UVs/BoundingBoxBased_0-1_UVW.uasset" 206
"../../../Engine/Content/Functions/Engine_MaterialFunctions02/UVs/BoundingBoxBased_0-1_UVW.uexp" 207
"../../../Engine/Content/Functions/Engine_MaterialFunctions02/Utility/VectorLength.uasset" 208
"../../../Engine/Content/Functions/Engine_MaterialFunctions02/Utility/VectorLength.uexp" 209
"../../../Engine/Plugins/Editor/SpeedTreeImporter/Content/SpeedTree9/UnpackInteger3.uasset" 210
"../../../Engine/Plugins/Editor/SpeedTreeImporter/Content/SpeedTree9/UnpackInteger3.uexp" 211
"../../../Engine/Plugins/Editor/SpeedTreeImporter/Content/SpeedTree9/SpeedTreeCameraFacing.uasset" 212
"../../../Engine/Plugins/Editor/SpeedTreeImporter/Content/SpeedTree9/SpeedTreeCameraFacing.uexp" 213
"../../../Engine/Content/Functions/Engine_MaterialFunctions02/WorldPositionOffset/ObjectScale.uasset" 214
"../../../Engine/Content/Functions/Engine_MaterialFunctions02/WorldPositionOffset/ObjectScale.uexp" 215
"../../../Engine/Content/Functions/Engine_MaterialFunctions02/SafeNormalize.uasset" 216
"../../../Engine/Content/Functions/Engine_MaterialFunctions02/SafeNormalize.uexp" 217
"../../../Engine/Plugins/Editor/SpeedTreeImporter/Content/SpeedTree9/SpeedTreeWindMotion.uasset" 218
"../../../Engine/Plugins/Editor/SpeedTreeImporter/Content/SpeedTree9/SpeedTreeWindMotion.uexp" 219
"../../../Engine/Plugins/Editor/SpeedTreeImporter/Content/SpeedTree9/SpeedTreeBranchMotion.uasset" 220
"../../../Engine/Plugins/Editor/SpeedTreeImporter/Content/SpeedTree9/SpeedTreeBranchMotion.uexp" 221
"../../../Engine/Plugins/Editor/SpeedTreeImporter/Content/SpeedTree9/SpeedTreeWind.uasset" 222
"../../../Engine/Plugins/Editor/SpeedTreeImporter/Content/SpeedTree9/SpeedTreeWind.uexp" 223
"../../../Engine/Plugins/Editor/SpeedTreeImporter/Content/SpeedTree9/EmptyNormal.uasset" 224
"../../../Engine/Plugins/Editor/SpeedTreeImporter/Content/SpeedTree9/EmptyNormal.uexp" 225
"../../../Engine/Plugins/Editor/SpeedTreeImporter/Content/SpeedTree9/Empty.uasset" 226
"../../../Engine/Plugins/Editor/SpeedTreeImporter/Content/SpeedTree9/Empty.uexp" 227
"../../../Engine/Plugins/Editor/SpeedTreeImporter/Content/SpeedTree9/SpeedTreeMaster.uasset" 228
"../../../Engine/Plugins/Editor/SpeedTreeImporter/Content/SpeedTree9/SpeedTreeMaster.uexp" 229
"../../../Engine/Plugins/Editor/SpeedTreeImporter/Content/SpeedTree9/SpeedTreeBillboard.uasset" 230
"../../../Engine/Plugins/Editor/SpeedTreeImporter/Content/SpeedTree9/SpeedTreeBillboard.uexp" 231
"../../../Engine/Plugins/Editor/SpeedTreeImporter/Content/SpeedTree9/SpeedTreeBillboardMaster.uasset" 232
"../../../Engine/Plugins/Editor/SpeedTreeImporter/Content/SpeedTree9/SpeedTreeBillboardMaster.uexp" 233
"../../../Engine/Content/Functions/Engine_MaterialFunctions02/WorldPositionOffset/CameraOffset.uasset" 234
"../../../Engine/Content/Functions/Engine_MaterialFunctions02/WorldPositionOffset/CameraOffset.uexp" 235
"../../../Engine/Plugins/Animation/ControlRig/Content/M_Manip.uasset" 236
"../../../Engine/Plugins/Animation/ControlRig/Content/M_Manip.uexp" 237
"../../../Engine/Plugins/Animation/ControlRig/Content/Controls/ControlRig_Wedge_solid.ubulk" 238
"../../../Engine/Plugins/Animation/ControlRig/Content/Controls/ControlRig_Wedge_solid.uasset" 239
"../../../Engine/Plugins/Animation/ControlRig/Content/Controls/ControlRig_Wedge_solid.uexp" 240
"../../../Engine/Plugins/Animation/ControlRig/Content/Controls/ControlRig_Wedge_3mm.ubulk" 241
"../../../Engine/Plugins/Animation/ControlRig/Content/Controls/ControlRig_Wedge_3mm.uasset" 242
"../../../Engine/Plugins/Animation/ControlRig/Content/Controls/ControlRig_Wedge_3mm.uexp" 243
"../../../Engine/Plugins/Animation/ControlRig/Content/Controls/ControlRig_Wedge_1mm.ubulk" 244
"../../../Engine/Plugins/Animation/ControlRig/Content/Controls/ControlRig_Wedge_1mm.uasset" 245
"../../../Engine/Plugins/Animation/ControlRig/Content/Controls/ControlRig_Wedge_1mm.uexp" 246
"../../../Engine/Plugins/Animation/ControlRig/Content/Controls/ControlRig_Triangle_solid.ubulk" 247
"../../../Engine/Plugins/Animation/ControlRig/Content/Controls/ControlRig_Triangle_solid.uasset" 248
"../../../Engine/Plugins/Animation/ControlRig/Content/Controls/ControlRig_Triangle_solid.uexp" 249
"../../../Engine/Plugins/Animation/ControlRig/Content/Controls/ControlRig_Triangle_3mm.ubulk" 250
"../../../Engine/Plugins/Animation/ControlRig/Content/Controls/ControlRig_Triangle_3mm.uasset" 251
"../../../Engine/Plugins/Animation/ControlRig/Content/Controls/ControlRig_Triangle_3mm.uexp" 252
"../../../Engine/Plugins/Animation/ControlRig/Content/Controls/ControlRig_Triangle_1mm.ubulk" 253
"../../../Engine/Plugins/Animation/ControlRig/Content/Controls/ControlRig_Triangle_1mm.uasset" 254
"../../../Engine/Plugins/Animation/ControlRig/Content/Controls/ControlRig_Triangle_1mm.uexp" 255
"../../../Engine/Plugins/Animation/ControlRig/Content/Controls/ControlRig_Star4_solid.ubulk" 256
"../../../Engine/Plugins/Animation/ControlRig/Content/Controls/ControlRig_Star4_solid.uasset" 257
"../../../Engine/Plugins/Animation/ControlRig/Content/Controls/ControlRig_Star4_solid.uexp" 258
"../../../Engine/Plugins/Animation/ControlRig/Content/Controls/ControlRig_Star4_3mm.ubulk" 259
"../../../Engine/Plugins/Animation/ControlRig/Content/Controls/ControlRig_Star4_3mm.uasset" 260
"../../../Engine/Plugins/Animation/ControlRig/Content/Controls/ControlRig_Star4_3mm.uexp" 261
"../../../Engine/Plugins/Animation/ControlRig/Content/Controls/ControlRig_Star4_1mm.ubulk" 262
"../../../Engine/Plugins/Animation/ControlRig/Content/Controls/ControlRig_Star4_1mm.uasset" 263
"../../../Engine/Plugins/Animation/ControlRig/Content/Controls/ControlRig_Star4_1mm.uexp" 264
"../../../Engine/Plugins/Animation/ControlRig/Content/Controls/ControlRig_Square_solid.ubulk" 265
"../../../Engine/Plugins/Animation/ControlRig/Content/Controls/ControlRig_Square_solid.uasset" 266
"../../../Engine/Plugins/Animation/ControlRig/Content/Controls/ControlRig_Square_solid.uexp" 267
"../../../Engine/Plugins/Animation/ControlRig/Content/Controls/ControlRig_Square_3mm.ubulk" 268
"../../../Engine/Plugins/Animation/ControlRig/Content/Controls/ControlRig_Square_3mm.uasset" 269
"../../../Engine/Plugins/Animation/ControlRig/Content/Controls/ControlRig_Square_3mm.uexp" 270
"../../../Engine/Plugins/Animation/ControlRig/Content/Controls/ControlRig_Square_1mm.ubulk" 271
"../../../Engine/Plugins/Animation/ControlRig/Content/Controls/ControlRig_Square_1mm.uasset" 272
"../../../Engine/Plugins/Animation/ControlRig/Content/Controls/ControlRig_Square_1mm.uexp" 273
"../../../Engine/Plugins/Animation/ControlRig/Content/Controls/ControlRig_Sphere_solid.ubulk" 274
"../../../Engine/Plugins/Animation/ControlRig/Content/Controls/ControlRig_Sphere_solid.uasset" 275
"../../../Engine/Plugins/Animation/ControlRig/Content/Controls/ControlRig_Sphere_solid.uexp" 276
"../../../Engine/Plugins/Animation/ControlRig/Content/Controls/ControlRig_Sphere_3mm.ubulk" 277
"../../../Engine/Plugins/Animation/ControlRig/Content/Controls/ControlRig_Sphere_3mm.uasset" 278
"../../../Engine/Plugins/Animation/ControlRig/Content/Controls/ControlRig_Sphere_3mm.uexp" 279
"../../../Engine/Plugins/Animation/ControlRig/Content/Controls/ControlRig_Sphere_1mm.ubulk" 280
"../../../Engine/Plugins/Animation/ControlRig/Content/Controls/ControlRig_Sphere_1mm.uasset" 281
"../../../Engine/Plugins/Animation/ControlRig/Content/Controls/ControlRig_Sphere_1mm.uexp" 282
"../../../Engine/Plugins/Animation/ControlRig/Content/Controls/ControlRig_RoundedTriangle_solid.ubulk" 283
"../../../Engine/Plugins/Animation/ControlRig/Content/Controls/ControlRig_RoundedTriangle_solid.uasset" 284
"../../../Engine/Plugins/Animation/ControlRig/Content/Controls/ControlRig_RoundedTriangle_solid.uexp" 285
"../../../Engine/Plugins/Animation/ControlRig/Content/Controls/ControlRig_RoundedTriangle_3mm.ubulk" 286
"../../../Engine/Plugins/Animation/ControlRig/Content/Controls/ControlRig_RoundedTriangle_3mm.uasset" 287
"../../../Engine/Plugins/Animation/ControlRig/Content/Controls/ControlRig_RoundedTriangle_3mm.uexp" 288
"../../../Engine/Plugins/Animation/ControlRig/Content/Controls/ControlRig_RoundedTriangle_1mm.ubulk" 289
"../../../Engine/Plugins/Animation/ControlRig/Content/Controls/ControlRig_RoundedTriangle_1mm.uasset" 290
"../../../Engine/Plugins/Animation/ControlRig/Content/Controls/ControlRig_RoundedTriangle_1mm.uexp" 291
"../../../Engine/Plugins/Animation/ControlRig/Content/Controls/ControlRig_RoundedSquare_solid.ubulk" 292
"../../../Engine/Plugins/Animation/ControlRig/Content/Controls/ControlRig_RoundedSquare_solid.uasset" 293
"../../../Engine/Plugins/Animation/ControlRig/Content/Controls/ControlRig_RoundedSquare_solid.uexp" 294
"../../../Engine/Plugins/Animation/ControlRig/Content/Controls/ControlRig_RoundedSquare_3mm.ubulk" 295
"../../../Engine/Plugins/Animation/ControlRig/Content/Controls/ControlRig_RoundedSquare_3mm.uasset" 296
"../../../Engine/Plugins/Animation/ControlRig/Content/Controls/ControlRig_RoundedSquare_3mm.uexp" 297
"../../../Engine/Plugins/Animation/ControlRig/Content/Controls/ControlRig_RoundedSquare_1mm.ubulk" 298
"../../../Engine/Plugins/Animation/ControlRig/Content/Controls/ControlRig_RoundedSquare_1mm.uasset" 299
"../../../Engine/Plugins/Animation/ControlRig/Content/Controls/ControlRig_RoundedSquare_1mm.uexp" 300
"../../../Engine/Plugins/Animation/ControlRig/Content/Controls/ControlRig_QuarterCircle_solid.ubulk" 301
"../../../Engine/Plugins/Animation/ControlRig/Content/Controls/ControlRig_QuarterCircle_solid.uasset" 302
"../../../Engine/Plugins/Animation/ControlRig/Content/Controls/ControlRig_QuarterCircle_solid.uexp" 303
"../../../Engine/Plugins/Animation/ControlRig/Content/Controls/ControlRig_QuarterCircle_3mm.ubulk" 304
"../../../Engine/Plugins/Animation/ControlRig/Content/Controls/ControlRig_QuarterCircle_3mm.uasset" 305
"../../../Engine/Plugins/Animation/ControlRig/Content/Controls/ControlRig_QuarterCircle_3mm.uexp" 306
"../../../Engine/Plugins/Animation/ControlRig/Content/Controls/ControlRig_QuarterCircle_1mm.ubulk" 307
"../../../Engine/Plugins/Animation/ControlRig/Content/Controls/ControlRig_QuarterCircle_1mm.uasset" 308
"../../../Engine/Plugins/Animation/ControlRig/Content/Controls/ControlRig_QuarterCircle_1mm.uexp" 309
"../../../Engine/Plugins/Animation/ControlRig/Content/Controls/ControlRig_Pyramid_solid.ubulk" 310
"../../../Engine/Plugins/Animation/ControlRig/Content/Controls/ControlRig_Pyramid_solid.uasset" 311
"../../../Engine/Plugins/Animation/ControlRig/Content/Controls/ControlRig_Pyramid_solid.uexp" 312
"../../../Engine/Plugins/Animation/ControlRig/Content/Controls/ControlRig_Pyramid_3mm.ubulk" 313
"../../../Engine/Plugins/Animation/ControlRig/Content/Controls/ControlRig_Pyramid_3mm.uasset" 314
"../../../Engine/Plugins/Animation/ControlRig/Content/Controls/ControlRig_Pyramid_3mm.uexp" 315
"../../../Engine/Plugins/Animation/ControlRig/Content/Controls/ControlRig_Pyramid_1mm.ubulk" 316
"../../../Engine/Plugins/Animation/ControlRig/Content/Controls/ControlRig_Pyramid_1mm.uasset" 317
"../../../Engine/Plugins/Animation/ControlRig/Content/Controls/ControlRig_Pyramid_1mm.uexp" 318
"../../../Engine/Plugins/Animation/ControlRig/Content/Controls/ControlRig_Octagon_solid.ubulk" 319
"../../../Engine/Plugins/Animation/ControlRig/Content/Controls/ControlRig_Octagon_solid.uasset" 320
"../../../Engine/Plugins/Animation/ControlRig/Content/Controls/ControlRig_Octagon_solid.uexp" 321
"../../../Engine/Plugins/Animation/ControlRig/Content/Controls/ControlRig_Octagon_3mm.ubulk" 322
"../../../Engine/Plugins/Animation/ControlRig/Content/Controls/ControlRig_Octagon_3mm.uasset" 323
"../../../Engine/Plugins/Animation/ControlRig/Content/Controls/ControlRig_Octagon_3mm.uexp" 324
"../../../Engine/Plugins/Animation/ControlRig/Content/Controls/ControlRig_Octagon_1mm.ubulk" 325
"../../../Engine/Plugins/Animation/ControlRig/Content/Controls/ControlRig_Octagon_1mm.uasset" 326
"../../../Engine/Plugins/Animation/ControlRig/Content/Controls/ControlRig_Octagon_1mm.uexp" 327
"../../../Engine/Plugins/Animation/ControlRig/Content/Controls/ControlRig_Hexagon_solid.ubulk" 328
"../../../Engine/Plugins/Animation/ControlRig/Content/Controls/ControlRig_Hexagon_solid.uasset" 329
"../../../Engine/Plugins/Animation/ControlRig/Content/Controls/ControlRig_Hexagon_solid.uexp" 330
"../../../Engine/Plugins/Animation/ControlRig/Content/Controls/ControlRig_Hexagon_3mm.ubulk" 331
"../../../Engine/Plugins/Animation/ControlRig/Content/Controls/ControlRig_Hexagon_3mm.uasset" 332
"../../../Engine/Plugins/Animation/ControlRig/Content/Controls/ControlRig_Hexagon_3mm.uexp" 333
"../../../Engine/Plugins/Animation/ControlRig/Content/Controls/ControlRig_Hexagon_1mm.ubulk" 334
"../../../Engine/Plugins/Animation/ControlRig/Content/Controls/ControlRig_Hexagon_1mm.uasset" 335
"../../../Engine/Plugins/Animation/ControlRig/Content/Controls/ControlRig_Hexagon_1mm.uexp" 336
"../../../Engine/Plugins/Animation/ControlRig/Content/Controls/ControlRig_HalfCircle_solid.ubulk" 337
"../../../Engine/Plugins/Animation/ControlRig/Content/Controls/ControlRig_HalfCircle_solid.uasset" 338
"../../../Engine/Plugins/Animation/ControlRig/Content/Controls/ControlRig_HalfCircle_solid.uexp" 339
"../../../Engine/Plugins/Animation/ControlRig/Content/Controls/ControlRig_HalfCircle_3mm.ubulk" 340
"../../../Engine/Plugins/Animation/ControlRig/Content/Controls/ControlRig_HalfCircle_3mm.uasset" 341
"../../../Engine/Plugins/Animation/ControlRig/Content/Controls/ControlRig_HalfCircle_3mm.uexp" 342
"../../../Engine/Plugins/Animation/ControlRig/Content/Controls/ControlRig_HalfCircle_1mm.ubulk" 343
"../../../Engine/Plugins/Animation/ControlRig/Content/Controls/ControlRig_HalfCircle_1mm.uasset" 344
"../../../Engine/Plugins/Animation/ControlRig/Content/Controls/ControlRig_HalfCircle_1mm.uexp" 345
"../../../Engine/Plugins/Animation/ControlRig/Content/Controls/ControlRig_Diamond_solid.ubulk" 346
"../../../Engine/Plugins/Animation/ControlRig/Content/Controls/ControlRig_Diamond_solid.uasset" 347
"../../../Engine/Plugins/Animation/ControlRig/Content/Controls/ControlRig_Diamond_solid.uexp" 348
"../../../Engine/Plugins/Animation/ControlRig/Content/Controls/ControlRig_Diamond_3mm.ubulk" 349
"../../../Engine/Plugins/Animation/ControlRig/Content/Controls/ControlRig_Diamond_3mm.uasset" 350
"../../../Engine/Plugins/Animation/ControlRig/Content/Controls/ControlRig_Diamond_3mm.uexp" 351
"../../../Engine/Plugins/Animation/ControlRig/Content/Controls/ControlRig_Diamond_1mm.ubulk" 352
"../../../Engine/Plugins/Animation/ControlRig/Content/Controls/ControlRig_Diamond_1mm.uasset" 353
"../../../Engine/Plugins/Animation/ControlRig/Content/Controls/ControlRig_Diamond_1mm.uexp" 354
"../../../Engine/Plugins/Animation/ControlRig/Content/Controls/ControlRig_Circle_solid.ubulk" 355
"../../../Engine/Plugins/Animation/ControlRig/Content/Controls/ControlRig_Circle_solid.uasset" 356
"../../../Engine/Plugins/Animation/ControlRig/Content/Controls/ControlRig_Circle_solid.uexp" 357
"../../../Engine/Plugins/Animation/ControlRig/Content/Controls/ControlRig_Circle_3mm.ubulk" 358
"../../../Engine/Plugins/Animation/ControlRig/Content/Controls/ControlRig_Circle_3mm.uasset" 359
"../../../Engine/Plugins/Animation/ControlRig/Content/Controls/ControlRig_Circle_3mm.uexp" 360
"../../../Engine/Plugins/Animation/ControlRig/Content/Controls/ControlRig_Circle_1mm.ubulk" 361
"../../../Engine/Plugins/Animation/ControlRig/Content/Controls/ControlRig_Circle_1mm.uasset" 362
"../../../Engine/Plugins/Animation/ControlRig/Content/Controls/ControlRig_Circle_1mm.uexp" 363
"../../../Engine/Plugins/Animation/ControlRig/Content/Controls/ControlRig_Box_solid.ubulk" 364
"../../../Engine/Plugins/Animation/ControlRig/Content/Controls/ControlRig_Box_solid.uasset" 365
"../../../Engine/Plugins/Animation/ControlRig/Content/Controls/ControlRig_Box_solid.uexp" 366
"../../../Engine/Plugins/Animation/ControlRig/Content/Controls/ControlRig_Box_3mm.ubulk" 367
"../../../Engine/Plugins/Animation/ControlRig/Content/Controls/ControlRig_Box_3mm.uasset" 368
"../../../Engine/Plugins/Animation/ControlRig/Content/Controls/ControlRig_Box_3mm.uexp" 369
"../../../Engine/Plugins/Animation/ControlRig/Content/Controls/ControlRig_Box_1mm.ubulk" 370
"../../../Engine/Plugins/Animation/ControlRig/Content/Controls/ControlRig_Box_1mm.uasset" 371
"../../../Engine/Plugins/Animation/ControlRig/Content/Controls/ControlRig_Box_1mm.uexp" 372
"../../../Engine/Plugins/Animation/ControlRig/Content/Controls/ControlRig_Arrow_solid.ubulk" 373
"../../../Engine/Plugins/Animation/ControlRig/Content/Controls/ControlRig_Arrow_solid.uasset" 374
"../../../Engine/Plugins/Animation/ControlRig/Content/Controls/ControlRig_Arrow_solid.uexp" 375
"../../../Engine/Plugins/Animation/ControlRig/Content/Controls/ControlRig_Arrow_3mm.ubulk" 376
"../../../Engine/Plugins/Animation/ControlRig/Content/Controls/ControlRig_Arrow_3mm.uasset" 377
"../../../Engine/Plugins/Animation/ControlRig/Content/Controls/ControlRig_Arrow_3mm.uexp" 378
"../../../Engine/Plugins/Animation/ControlRig/Content/Controls/ControlRig_Arrow_1mm.ubulk" 379
"../../../Engine/Plugins/Animation/ControlRig/Content/Controls/ControlRig_Arrow_1mm.uasset" 380
"../../../Engine/Plugins/Animation/ControlRig/Content/Controls/ControlRig_Arrow_1mm.uexp" 381
"../../../Engine/Plugins/Animation/ControlRig/Content/Controls/ControlRig_Arrow4_solid.ubulk" 382
"../../../Engine/Plugins/Animation/ControlRig/Content/Controls/ControlRig_Arrow4_solid.uasset" 383
"../../../Engine/Plugins/Animation/ControlRig/Content/Controls/ControlRig_Arrow4_solid.uexp" 384
"../../../Engine/Plugins/Animation/ControlRig/Content/Controls/ControlRig_Arrow4_3mm.ubulk" 385
"../../../Engine/Plugins/Animation/ControlRig/Content/Controls/ControlRig_Arrow4_3mm.uasset" 386
"../../../Engine/Plugins/Animation/ControlRig/Content/Controls/ControlRig_Arrow4_3mm.uexp" 387
"../../../Engine/Plugins/Animation/ControlRig/Content/Controls/ControlRig_Arrow4_1mm.ubulk" 388
"../../../Engine/Plugins/Animation/ControlRig/Content/Controls/ControlRig_Arrow4_1mm.uasset" 389
"../../../Engine/Plugins/Animation/ControlRig/Content/Controls/ControlRig_Arrow4_1mm.uexp" 390
"../../../Engine/Plugins/Animation/ControlRig/Content/Controls/ControlRig_Arrow2_solid.ubulk" 391
"../../../Engine/Plugins/Animation/ControlRig/Content/Controls/ControlRig_Arrow2_solid.uasset" 392
"../../../Engine/Plugins/Animation/ControlRig/Content/Controls/ControlRig_Arrow2_solid.uexp" 393
"../../../Engine/Plugins/Animation/ControlRig/Content/Controls/ControlRig_Arrow2_3mm.ubulk" 394
"../../../Engine/Plugins/Animation/ControlRig/Content/Controls/ControlRig_Arrow2_3mm.uasset" 395
"../../../Engine/Plugins/Animation/ControlRig/Content/Controls/ControlRig_Arrow2_3mm.uexp" 396
"../../../Engine/Plugins/Animation/ControlRig/Content/Controls/ControlRig_Arrow2_1mm.ubulk" 397
"../../../Engine/Plugins/Animation/ControlRig/Content/Controls/ControlRig_Arrow2_1mm.uasset" 398
"../../../Engine/Plugins/Animation/ControlRig/Content/Controls/ControlRig_Arrow2_1mm.uexp" 399
"../../../Engine/Plugins/Animation/ControlRig/Content/Controls/ControlRigXRayMaterial.uasset" 400
"../../../Engine/Plugins/Animation/ControlRig/Content/Controls/ControlRigXRayMaterial.uexp" 401
"../../../Engine/Plugins/Animation/ControlRig/Content/Controls/ControlRigGizmoMaterial.uasset" 402
"../../../Engine/Plugins/Animation/ControlRig/Content/Controls/ControlRigGizmoMaterial.uexp" 403
"../../../Engine/Plugins/Animation/ACLPlugin/Content/ACLAnimBoneCompressionSettings.uasset" 404
"../../../Engine/Plugins/Animation/ACLPlugin/Content/ACLAnimBoneCompressionSettings.uexp" 405
"../../../Engine/Plugins/2D/Paper2D/Content/PlaceholderTextures/DummySpriteTexture.ubulk" 406
"../../../Engine/Plugins/2D/Paper2D/Content/PlaceholderTextures/DummySpriteTexture.uasset" 407
"../../../Engine/Plugins/2D/Paper2D/Content/PlaceholderTextures/DummySpriteTexture.uexp" 408
"../../../Engine/Plugins/2D/Paper2D/Content/DefaultSpriteMaterial.uasset" 409
"../../../Engine/Plugins/2D/Paper2D/Content/DefaultSpriteMaterial.uexp" 410
"../../../Engine/Plugins/2D/Paper2D/Content/OpaqueUnlitSpriteMaterial.uasset" 411
"../../../Engine/Plugins/2D/Paper2D/Content/OpaqueUnlitSpriteMaterial.uexp" 412
"../../../Engine/Plugins/2D/Paper2D/Content/MaskedUnlitSpriteMaterial.uasset" 413
"../../../Engine/Plugins/2D/Paper2D/Content/MaskedUnlitSpriteMaterial.uexp" 414
"../../../Engine/Plugins/2D/Paper2D/Content/DummySprite.uasset" 415
"../../../Engine/Plugins/2D/Paper2D/Content/DummySprite.uexp" 416
"../../../Engine/Plugins/2D/Paper2D/Content/DefaultPaperTerrainMaterial.uasset" 417
"../../../Engine/Plugins/2D/Paper2D/Content/DefaultPaperTerrainMaterial.uexp" 418
"../../../Engine/Content/VREditor/TransformGizmo/StartRotationHandleIndicator.ubulk" 419
"../../../Engine/Content/VREditor/TransformGizmo/StartRotationHandleIndicator.uasset" 420
"../../../Engine/Content/VREditor/TransformGizmo/StartRotationHandleIndicator.uexp" 421
"../../../Engine/Content/VREditor/Sounds/UI/Drop_Item_From_ContentBrowser.ubulk" 422
"../../../Engine/Content/VREditor/Sounds/UI/Drop_Item_From_ContentBrowser.uasset" 423
"../../../Engine/Content/VREditor/Sounds/UI/Drop_Item_From_ContentBrowser.uexp" 424
"../../../Engine/Content/VREditor/TransformGizmo/PlaneTranslationHandle.ubulk" 425
"../../../Engine/Content/VREditor/TransformGizmo/PlaneTranslationHandle.uasset" 426
"../../../Engine/Content/VREditor/TransformGizmo/PlaneTranslationHandle.uexp" 427
"../../../Engine/Content/VREditor/Sounds/UI/Object_Snaps_To_Grid.ubulk" 428
"../../../Engine/Content/VREditor/Sounds/UI/Object_Snaps_To_Grid.uasset" 429
"../../../Engine/Content/VREditor/Sounds/UI/Object_Snaps_To_Grid.uexp" 430
"../../../Engine/Content/VREditor/Sounds/UI/Selection_Changes.ubulk" 431
"../../../Engine/Content/VREditor/Sounds/UI/Selection_Changes.uasset" 432
"../../../Engine/Content/VREditor/Sounds/UI/Selection_Changes.uexp" 433
"../../../Engine/Content/VREditor/Sounds/UI/Object_Snaps_To_Another_Actor.ubulk" 434
"../../../Engine/Content/VREditor/Sounds/UI/Object_Snaps_To_Another_Actor.uasset" 435
"../../../Engine/Content/VREditor/Sounds/UI/Object_Snaps_To_Another_Actor.uexp" 436
"../../../Engine/Content/VREditor/TransformGizmo/TranslucentTransformGizmoMaterial_Inst.uasset" 437
"../../../Engine/Content/VREditor/TransformGizmo/TranslucentTransformGizmoMaterial_Inst.uexp" 438
"../../../Engine/Content/VREditor/TransformGizmo/TransformGizmoFreeRotation.ubulk" 439
"../../../Engine/Content/VREditor/TransformGizmo/TransformGizmoFreeRotation.uasset" 440
"../../../Engine/Content/VREditor/TransformGizmo/TransformGizmoFreeRotation.uexp" 441
"../../../Engine/Content/VREditor/Sounds/UI/Scaling_Down.ubulk" 442
"../../../Engine/Content/VREditor/Sounds/UI/Scaling_Down.uasset" 443
"../../../Engine/Content/VREditor/Sounds/UI/Scaling_Down.uexp" 444
"../../../Engine/Content/Functions/Engine_MaterialFunctions02/Math/Transform3x3Matrix.uasset" 445
"../../../Engine/Content/Functions/Engine_MaterialFunctions02/Math/Transform3x3Matrix.uexp" 446
"../../../Engine/Content/Functions/Engine_MaterialFunctions02/SplitComponents.uasset" 447
"../../../Engine/Content/Functions/Engine_MaterialFunctions02/SplitComponents.uexp" 448
"../../../Engine/Content/Functions/Engine_MaterialFunctions02/Utility/MakeFloat3.uasset" 449
"../../../Engine/Content/Functions/Engine_MaterialFunctions02/Utility/MakeFloat3.uexp" 450
"../../../Engine/Content/VREditor/SnapGrid/SnapGridMaterial.uasset" 451
"../../../Engine/Content/VREditor/SnapGrid/SnapGridMaterial.uexp" 452
"../../../Engine/Content/VREditor/SnapGrid/SnapGridPlaneMesh.ubulk" 453
"../../../Engine/Content/VREditor/SnapGrid/SnapGridPlaneMesh.uasset" 454
"../../../Engine/Content/VREditor/SnapGrid/SnapGridPlaneMesh.uexp" 455
"../../../Engine/Content/VREditor/Sounds/UI/Scaling_Up.ubulk" 456
"../../../Engine/Content/VREditor/Sounds/UI/Scaling_Up.uasset" 457
"../../../Engine/Content/VREditor/Sounds/UI/Scaling_Up.uexp" 458
"../../../Engine/Content/VREditor/TransformGizmo/TransformGizmoMaterial_Inst.uasset" 459
"../../../Engine/Content/VREditor/TransformGizmo/TransformGizmoMaterial_Inst.uexp" 460
"../../../Engine/Content/VREditor/Sounds/UI/Gizmo_Handle_Clicked.ubulk" 461
"../../../Engine/Content/VREditor/Sounds/UI/Gizmo_Handle_Clicked.uasset" 462
"../../../Engine/Content/VREditor/Sounds/UI/Gizmo_Handle_Clicked.uexp" 463
"../../../Engine/Content/VREditor/TransformGizmo/RotationHandleQuarter.ubulk" 464
"../../../Engine/Content/VREditor/TransformGizmo/RotationHandleQuarter.uasset" 465
"../../../Engine/Content/VREditor/TransformGizmo/RotationHandleQuarter.uexp" 466
"../../../Engine/Content/VREditor/TransformGizmo/TranslateArrowHandle.ubulk" 467
"../../../Engine/Content/VREditor/TransformGizmo/TranslateArrowHandle.uasset" 468
"../../../Engine/Content/VREditor/TransformGizmo/TranslateArrowHandle.uexp" 469
"../../../Engine/Content/VREditor/TransformGizmo/RotationHandleIndicator.ubulk" 470
"../../../Engine/Content/VREditor/TransformGizmo/RotationHandleIndicator.uasset" 471
"../../../Engine/Content/VREditor/TransformGizmo/RotationHandleIndicator.uexp" 472
"../../../Engine/Content/VREditor/TransformGizmo/UniformScaleHandle.ubulk" 473
"../../../Engine/Content/VREditor/TransformGizmo/UniformScaleHandle.uasset" 474
"../../../Engine/Content/VREditor/TransformGizmo/UniformScaleHandle.uexp" 475
"../../../Engine/Content/VREditor/TransformGizmo/RotationHandleFull.ubulk" 476
"../../../Engine/Content/VREditor/TransformGizmo/RotationHandleFull.uasset" 477
"../../../Engine/Content/VREditor/TransformGizmo/RotationHandleFull.uexp" 478
"../../../Engine/Content/VREditor/Sounds/UI/Object_PickUp.ubulk" 479
"../../../Engine/Content/VREditor/Sounds/UI/Object_PickUp.uasset" 480
"../../../Engine/Content/VREditor/Sounds/UI/Object_PickUp.uexp" 481
"../../../Engine/Content/EngineSounds/Master.uasset" 482
"../../../Engine/Content/EngineSounds/Master.uexp" 483
"../../../Engine/Content/EngineResources/WhiteSquareTexture.uasset" 484
"../../../Engine/Content/EngineResources/WhiteSquareTexture.uexp" 485
"../../../Engine/Content/EngineMaterials/Widget3DPassThrough.uasset" 486
"../../../Engine/Content/EngineMaterials/Widget3DPassThrough.uexp" 487
"../../../Engine/Content/EngineMaterials/Widget3DPassThrough_Translucent.uasset" 488
"../../../Engine/Content/EngineMaterials/Widget3DPassThrough_Translucent.uexp" 489
"../../../Engine/Content/EngineMaterials/Widget3DPassThrough_Translucent_OneSided.uasset" 490
"../../../Engine/Content/EngineMaterials/Widget3DPassThrough_Translucent_OneSided.uexp" 491
"../../../Engine/Content/EngineMaterials/Widget3DPassThrough_Opaque.uasset" 492
"../../../Engine/Content/EngineMaterials/Widget3DPassThrough_Opaque.uexp" 493
"../../../Engine/Content/EngineMaterials/Widget3DPassThrough_Opaque_OneSided.uasset" 494
"../../../Engine/Content/EngineMaterials/Widget3DPassThrough_Opaque_OneSided.uexp" 495
"../../../Engine/Content/EngineMaterials/Widget3DPassThrough_Masked_OneSided.uasset" 496
"../../../Engine/Content/EngineMaterials/Widget3DPassThrough_Masked_OneSided.uexp" 497
"../../../Engine/Content/EngineMaterials/Widget3DPassThrough_Masked.uasset" 498
"../../../Engine/Content/EngineMaterials/Widget3DPassThrough_Masked.uexp" 499
"../../../Engine/Content/EngineMaterials/STBlueNoise_vec2_128x128x64.uasset" 500
"../../../Engine/Content/EngineMaterials/STBlueNoise_vec2_128x128x64.uexp" 501
"../../../Engine/Content/EngineMaterials/STBlueNoise_scalar_128x128x64.uasset" 502
"../../../Engine/Content/EngineMaterials/STBlueNoise_scalar_128x128x64.uexp" 503
"../../../Engine/Content/EngineMaterials/RemoveSurfaceMaterial.uasset" 504
"../../../Engine/Content/EngineMaterials/RemoveSurfaceMaterial.uexp" 505
"../../../Engine/Content/EngineMaterials/DefaultCalibrationGrayscale.uasset" 506
"../../../Engine/Content/EngineMaterials/DefaultCalibrationGrayscale.uexp" 507
"../../../Engine/Content/EngineMaterials/PPM_DefaultCalibrationGrayscale.uasset" 508
"../../../Engine/Content/EngineMaterials/PPM_DefaultCalibrationGrayscale.uexp" 509
"../../../Engine/Content/EngineMaterials/DefaultCalibrationColor.uasset" 510
"../../../Engine/Content/EngineMaterials/DefaultCalibrationColor.uexp" 511
"../../../Engine/Content/EngineMaterials/PPM_DefaultCalibrationColor.uasset" 512
"../../../Engine/Content/EngineMaterials/PPM_DefaultCalibrationColor.uexp" 513
"../../../Engine/Content/EngineMaterials/PhAT_JointLimitMaterial.uasset" 514
"../../../Engine/Content/EngineMaterials/PhAT_JointLimitMaterial.uexp" 515
"../../../Engine/Content/EngineMaterials/NaniteHiddenSectionMaterial.uasset" 516
"../../../Engine/Content/EngineMaterials/NaniteHiddenSectionMaterial.uexp" 517
"../../../Engine/Content/EngineMaterials/InvalidLightmapSettings.ubulk" 518
"../../../Engine/Content/EngineMaterials/InvalidLightmapSettings.uasset" 519
"../../../Engine/Content/EngineMaterials/InvalidLightmapSettings.uexp" 520
"../../../Engine/Content/EngineMaterials/M_InvalidLightmapSettings.uasset" 521
"../../../Engine/Content/EngineMaterials/M_InvalidLightmapSettings.uexp" 522
"../../../Engine/Content/EngineMaterials/GizmoMaterial.uasset" 523
"../../../Engine/Content/EngineMaterials/GizmoMaterial.uexp" 524
"../../../Engine/Content/EngineMaterials/BaseFlattenEmissiveMap_VT.uasset" 525
"../../../Engine/Content/EngineMaterials/BaseFlattenEmissiveMap_VT.uexp" 526
"../../../Engine/Content/EngineMaterials/BaseFlattenGrayscaleMap_VT.uasset" 527
"../../../Engine/Content/EngineMaterials/BaseFlattenGrayscaleMap_VT.uexp" 528
"../../../Engine/Content/EngineMaterials/BaseFlattenLinearColor_VT.uasset" 529
"../../../Engine/Content/EngineMaterials/BaseFlattenLinearColor_VT.uexp" 530
"../../../Engine/Content/EngineMaterials/Black_1x1_EXR_Texture_VT.uasset" 531
"../../../Engine/Content/EngineMaterials/Black_1x1_EXR_Texture_VT.uexp" 532
"../../../Engine/Content/EngineMaterials/BaseFlattenDiffuseMap_VT.uasset" 533
"../../../Engine/Content/EngineMaterials/BaseFlattenDiffuseMap_VT.uexp" 534
"../../../Engine/Content/EngineMaterials/BaseFlattenNormalMap_VT.uasset" 535
"../../../Engine/Content/EngineMaterials/BaseFlattenNormalMap_VT.uexp" 536
"../../../Engine/Content/EngineMaterials/FlattenMaterial_WS_Normal_VT.uasset" 537
"../../../Engine/Content/EngineMaterials/FlattenMaterial_WS_Normal_VT.uexp" 538
"../../../Engine/Content/EngineMaterials/FlattenMaterial_VT.uasset" 539
"../../../Engine/Content/EngineMaterials/FlattenMaterial_VT.uexp" 540
"../../../Engine/Content/EngineMaterials/BaseFlattenNormalMap.uasset" 541
"../../../Engine/Content/EngineMaterials/BaseFlattenNormalMap.uexp" 542
"../../../Engine/Content/EngineMaterials/BaseFlattenGrayscaleMap.uasset" 543
"../../../Engine/Content/EngineMaterials/BaseFlattenGrayscaleMap.uexp" 544
"../../../Engine/Content/EngineMaterials/BaseFlattenDiffuseMap.uasset" 545
"../../../Engine/Content/EngineMaterials/BaseFlattenDiffuseMap.uexp" 546
"../../../Engine/Content/Functions/Engine_MaterialFunctions02/PivotPainter2/Black_1x1_EXR_Texture.uasset" 547
"../../../Engine/Content/Functions/Engine_MaterialFunctions02/PivotPainter2/Black_1x1_EXR_Texture.uexp" 548
"../../../Engine/Content/EngineMaterials/BaseFlattenEmissiveMap.uasset" 549
"../../../Engine/Content/EngineMaterials/BaseFlattenEmissiveMap.uexp" 550
"../../../Engine/Content/EngineMaterials/BaseFlattenLinearColor.uasset" 551
"../../../Engine/Content/EngineMaterials/BaseFlattenLinearColor.uexp" 552
"../../../Engine/Content/EngineMaterials/FlattenMaterial.uasset" 553
"../../../Engine/Content/EngineMaterials/FlattenMaterial.uexp" 554
"../../../Engine/Content/EngineMaterials/DefaultWhiteGrid_Low.uasset" 555
"../../../Engine/Content/EngineMaterials/DefaultWhiteGrid_Low.uexp" 556
"../../../Engine/Content/EngineMaterials/EmissiveMeshMaterial.uasset" 557
"../../../Engine/Content/EngineMaterials/EmissiveMeshMaterial.uexp" 558
"../../../Engine/Content/EngineFonts/RobotoDistanceField.uasset" 559
"../../../Engine/Content/EngineFonts/RobotoDistanceField.uexp" 560
"../../../Engine/Content/EngineMaterials/DefaultTextMaterialOpaque.uasset" 561
"../../../Engine/Content/EngineMaterials/DefaultTextMaterialOpaque.uexp" 562
"../../../Engine/Content/EngineMaterials/DefaultDiffuse.ubulk" 563
"../../../Engine/Content/EngineMaterials/DefaultDiffuse.uasset" 564
"../../../Engine/Content/EngineMaterials/DefaultDiffuse.uexp" 565
"../../../Engine/Content/Functions/Engine_MaterialFunctions02/Utility/BreakOutFloat2Components.uasset" 566
"../../../Engine/Content/Functions/Engine_MaterialFunctions02/Utility/BreakOutFloat2Components.uexp" 567
"../../../Engine/Content/EngineMaterials/DefaultPostProcessMaterial.uasset" 568
"../../../Engine/Content/EngineMaterials/DefaultPostProcessMaterial.uexp" 569
"../../../Engine/Content/EngineMaterials/DefaultPhysicalMaterial.uasset" 570
"../../../Engine/Content/EngineMaterials/DefaultPhysicalMaterial.uexp" 571
"../../../Engine/Content/EngineMaterials/DefaultLightFunctionMaterial.uasset" 572
"../../../Engine/Content/EngineMaterials/DefaultLightFunctionMaterial.uexp" 573
"../../../Engine/Content/EngineMaterials/DefaultDestructiblePhysicalMaterial.uasset" 574
"../../../Engine/Content/EngineMaterials/DefaultDestructiblePhysicalMaterial.uexp" 575
"../../../Engine/Content/EngineMaterials/DefaultDeferredDecalMaterial.uasset" 576
"../../../Engine/Content/EngineMaterials/DefaultDeferredDecalMaterial.uexp" 577
"../../../Engine/Content/EngineMaterials/DefaultBloomKernel.uasset" 578
"../../../Engine/Content/EngineMaterials/DefaultBloomKernel.uexp" 579
"../../../Engine/Content/EngineFonts/Faces/RobotoLight.uexp" 580
"../../../Engine/Content/EngineFonts/Faces/RobotoLight.uasset" 581
"../../../Engine/Content/EngineFonts/Faces/RobotoLight.ufont" 582
"../../../Engine/Content/EngineFonts/Faces/RobotoBold.uexp" 583
"../../../Engine/Content/EngineFonts/Faces/RobotoBold.uasset" 584
"../../../Engine/Content/EngineFonts/Faces/RobotoBold.ufont" 585
"../../../Engine/Content/EngineFonts/Faces/RobotoRegular.uexp" 586
"../../../Engine/Content/EngineFonts/Faces/RobotoRegular.uasset" 587
"../../../Engine/Content/EngineFonts/Faces/RobotoRegular.ufont" 588
"../../../Engine/Content/EngineFonts/Faces/DroidSansFallback.uexp" 589
"../../../Engine/Content/EngineFonts/Faces/DroidSansFallback.uasset" 590
"../../../Engine/Content/EngineFonts/Faces/DroidSansFallback.ufont" 591
"../../../Engine/Content/EngineFonts/Faces/RobotoItalic.uexp" 592
"../../../Engine/Content/EngineFonts/Faces/RobotoItalic.uasset" 593
"../../../Engine/Content/EngineFonts/Faces/RobotoItalic.ufont" 594
"../../../Engine/Content/EngineFonts/Faces/RobotoBoldItalic.uexp" 595
"../../../Engine/Content/EngineFonts/Faces/RobotoBoldItalic.uasset" 596
"../../../Engine/Content/EngineFonts/Faces/RobotoBoldItalic.ufont" 597
"../../../Engine/Content/EngineFonts/Roboto.uasset" 598
"../../../Engine/Content/EngineFonts/Roboto.uexp" 599
"../../../Engine/Content/EngineDebugMaterials/VolumeToRender.uasset" 600
"../../../Engine/Content/EngineDebugMaterials/VolumeToRender.uexp" 601
"../../../Engine/Content/EngineDebugMaterials/M_VolumeRenderSphereTracePP.uasset" 602
"../../../Engine/Content/EngineDebugMaterials/M_VolumeRenderSphereTracePP.uexp" 603
"../../../Engine/Content/EngineDebugMaterials/M_SimpleUnlitTranslucent.uasset" 604
"../../../Engine/Content/EngineDebugMaterials/M_SimpleUnlitTranslucent.uexp" 605
"../../../Engine/Content/EngineDebugMaterials/DebugMeshMaterial.uasset" 606
"../../../Engine/Content/EngineDebugMaterials/DebugMeshMaterial.uexp" 607
"../../../Engine/Content/EngineDebugMaterials/DebugEditorMaterial.uasset" 608
"../../../Engine/Content/EngineDebugMaterials/DebugEditorMaterial.uexp" 609
"../../../Engine/Content/EngineDamageTypes/DmgTypeBP_Environmental.uasset" 610
"../../../Engine/Content/EngineDamageTypes/DmgTypeBP_Environmental.uexp" 611
"../../../Engine/Content/EditorResources/S_Terrain.ubulk" 612
"../../../Engine/Content/EditorResources/S_Terrain.uasset" 613
"../../../Engine/Content/EditorResources/S_Terrain.uexp" 614
"../../../Engine/Content/EditorResources/EmptyActor.uasset" 615
"../../../Engine/Content/EditorResources/EmptyActor.uexp" 616
"../../../Engine/Content/EditorResources/BSPVertex.uasset" 617
"../../../Engine/Content/EditorResources/BSPVertex.uexp" 618
"../../../Engine/Content/EditorMaterials/PreviewShadowIndicator.ubulk" 619
"../../../Engine/Content/EditorMaterials/PreviewShadowIndicator.uasset" 620
"../../../Engine/Content/EditorMaterials/PreviewShadowIndicator.uexp" 621
"../../../Engine/Content/EditorMaterials/PreviewShadowIndicatorMaterial.uasset" 622
"../../../Engine/Content/EditorMaterials/PreviewShadowIndicatorMaterial.uexp" 623
"../../../Engine/Content/EditorMaterials/PhAT_UnselectedMaterial.uasset" 624
"../../../Engine/Content/EditorMaterials/PhAT_UnselectedMaterial.uexp" 625
"../../../Engine/Content/EditorMaterials/PhAT_NoCollisionMaterial.uasset" 626
"../../../Engine/Content/EditorMaterials/PhAT_NoCollisionMaterial.uexp" 627
"../../../Engine/Content/EditorLandscapeResources/DefaultAlphaTexture.uasset" 628
"../../../Engine/Content/EditorLandscapeResources/DefaultAlphaTexture.uexp" 629
"../../../Engine/Content/EditorLandscapeResources/DataLayer.uasset" 630
"../../../Engine/Content/EditorLandscapeResources/DataLayer.uexp" 631
"../../../Engine/Content/EngineMaterials/DefaultMaterial.uasset" 632
"../../../Engine/Content/EngineMaterials/DefaultMaterial.uexp" 633
"../../../Engine/Content/BasicShapes/Sphere.ubulk" 634
"../../../Engine/Content/BasicShapes/Sphere.uasset" 635
"../../../Engine/Content/BasicShapes/Sphere.uexp" 636
"C:/Users/Amir sanni/Desktop/Biplo/Roomba-Biplo-Studio/Content/VentsGatesWire3.ubulk" 637
"C:/Users/Amir sanni/Desktop/Biplo/Roomba-Biplo-Studio/Content/VentsGatesWire3.uasset" 638
"C:/Users/Amir sanni/Desktop/Biplo/Roomba-Biplo-Studio/Content/VentsGatesWire3.uexp" 639
"C:/Users/Amir sanni/Desktop/Biplo/Roomba-Biplo-Studio/Content/StarterContent/Textures/T_Smoke_SubUV.ubulk" 640
"C:/Users/Amir sanni/Desktop/Biplo/Roomba-Biplo-Studio/Content/StarterContent/Textures/T_Smoke_SubUV.uasset" 641
"C:/Users/Amir sanni/Desktop/Biplo/Roomba-Biplo-Studio/Content/StarterContent/Textures/T_Smoke_SubUV.uexp" 642
"C:/Users/Amir sanni/Desktop/Biplo/Roomba-Biplo-Studio/Content/StarterContent/Textures/T_Smoke_Tiled_D.ubulk" 643
"C:/Users/Amir sanni/Desktop/Biplo/Roomba-Biplo-Studio/Content/StarterContent/Textures/T_Smoke_Tiled_D.uasset" 644
"C:/Users/Amir sanni/Desktop/Biplo/Roomba-Biplo-Studio/Content/StarterContent/Textures/T_Smoke_Tiled_D.uexp" 645
"C:/Users/Amir sanni/Desktop/Biplo/Roomba-Biplo-Studio/Content/StarterContent/Particles/Materials/M_smoke_subUV.uasset" 646
"C:/Users/Amir sanni/Desktop/Biplo/Roomba-Biplo-Studio/Content/StarterContent/Particles/Materials/M_smoke_subUV.uexp" 647
"C:/Users/Amir sanni/Desktop/Biplo/Roomba-Biplo-Studio/Content/StarterContent/Textures/T_Burst_M.ubulk" 648
"C:/Users/Amir sanni/Desktop/Biplo/Roomba-Biplo-Studio/Content/StarterContent/Textures/T_Burst_M.uasset" 649
"C:/Users/Amir sanni/Desktop/Biplo/Roomba-Biplo-Studio/Content/StarterContent/Textures/T_Burst_M.uexp" 650
"C:/Users/Amir sanni/Desktop/Biplo/Roomba-Biplo-Studio/Content/StarterContent/Particles/Materials/M_Burst.uasset" 651
"C:/Users/Amir sanni/Desktop/Biplo/Roomba-Biplo-Studio/Content/StarterContent/Particles/Materials/M_Burst.uexp" 652
"C:/Users/Amir sanni/Desktop/Biplo/Roomba-Biplo-Studio/Content/StarterContent/Particles/Materials/m_flare_01.uasset" 653
"C:/Users/Amir sanni/Desktop/Biplo/Roomba-Biplo-Studio/Content/StarterContent/Particles/Materials/m_flare_01.uexp" 654
"C:/Users/Amir sanni/Desktop/Biplo/Roomba-Biplo-Studio/Content/StarterContent/Textures/T_Explosion_SubUV.ubulk" 655
"C:/Users/Amir sanni/Desktop/Biplo/Roomba-Biplo-Studio/Content/StarterContent/Textures/T_Explosion_SubUV.uasset" 656
"C:/Users/Amir sanni/Desktop/Biplo/Roomba-Biplo-Studio/Content/StarterContent/Textures/T_Explosion_SubUV.uexp" 657
"C:/Users/Amir sanni/Desktop/Biplo/Roomba-Biplo-Studio/Content/StarterContent/Particles/Materials/M_explosion_subUV.uasset" 658
"C:/Users/Amir sanni/Desktop/Biplo/Roomba-Biplo-Studio/Content/StarterContent/Particles/Materials/M_explosion_subUV.uexp" 659
"../../../Engine/Content/Functions/Engine_MaterialFunctions01/Gradient/RadialGradient.uasset" 660
"../../../Engine/Content/Functions/Engine_MaterialFunctions01/Gradient/RadialGradient.uexp" 661
"C:/Users/Amir sanni/Desktop/Biplo/Roomba-Biplo-Studio/Content/StarterContent/Particles/Materials/M_radial_ramp.uasset" 662
"C:/Users/Amir sanni/Desktop/Biplo/Roomba-Biplo-Studio/Content/StarterContent/Particles/Materials/M_radial_ramp.uexp" 663
"C:/Users/Amir sanni/Desktop/Biplo/Roomba-Biplo-Studio/Content/P_Explosion2.uasset" 664
"C:/Users/Amir sanni/Desktop/Biplo/Roomba-Biplo-Studio/Content/P_Explosion2.uexp" 665
"C:/Users/Amir sanni/Desktop/Biplo/Roomba-Biplo-Studio/Content/NicholasSmithGoods.uasset" 666
"C:/Users/Amir sanni/Desktop/Biplo/Roomba-Biplo-Studio/Content/NicholasSmithGoods.uexp" 667
"C:/Users/Amir sanni/Desktop/Biplo/Roomba-Biplo-Studio/Content/NickSideThing/IntroSequence.uasset" 668
"C:/Users/Amir sanni/Desktop/Biplo/Roomba-Biplo-Studio/Content/NickSideThing/IntroSequence.uexp" 669
"C:/Users/Amir sanni/Desktop/Biplo/Roomba-Biplo-Studio/Content/Movies/Unreal_Engine_Splash_Screen.uasset" 670
"C:/Users/Amir sanni/Desktop/Biplo/Roomba-Biplo-Studio/Content/Movies/Unreal_Engine_Splash_Screen.uexp" 671
"C:/Users/Amir sanni/Desktop/Biplo/Roomba-Biplo-Studio/Content/Menu/TextMat.uasset" 672
"C:/Users/Amir sanni/Desktop/Biplo/Roomba-Biplo-Studio/Content/Menu/TextMat.uexp" 673
"C:/Users/Amir sanni/Desktop/Biplo/Roomba-Biplo-Studio/Content/Audio/Raw_Audio/Menu_Sounds/Hover_Menu.ubulk" 674
"C:/Users/Amir sanni/Desktop/Biplo/Roomba-Biplo-Studio/Content/Audio/Raw_Audio/Menu_Sounds/Hover_Menu.uasset" 675
"C:/Users/Amir sanni/Desktop/Biplo/Roomba-Biplo-Studio/Content/Audio/Raw_Audio/Menu_Sounds/Hover_Menu.uexp" 676
"C:/Users/Amir sanni/Desktop/Biplo/Roomba-Biplo-Studio/Content/Audio/Raw_Audio/Menu_Sounds/Select_Menu.ubulk" 677
"C:/Users/Amir sanni/Desktop/Biplo/Roomba-Biplo-Studio/Content/Audio/Raw_Audio/Menu_Sounds/Select_Menu.uasset" 678
"C:/Users/Amir sanni/Desktop/Biplo/Roomba-Biplo-Studio/Content/Audio/Raw_Audio/Menu_Sounds/Select_Menu.uexp" 679
"C:/Users/Amir sanni/Desktop/Biplo/Roomba-Biplo-Studio/Content/Menu/2dAssets/Fonts/gloridot.uexp" 680
"C:/Users/Amir sanni/Desktop/Biplo/Roomba-Biplo-Studio/Content/Menu/2dAssets/Fonts/gloridot.uasset" 681
"C:/Users/Amir sanni/Desktop/Biplo/Roomba-Biplo-Studio/Content/Menu/2dAssets/Fonts/gloridot.ufont" 682
"C:/Users/Amir sanni/Desktop/Biplo/Roomba-Biplo-Studio/Content/Menu/2dAssets/Fonts/gloridot_Font.uasset" 683
"C:/Users/Amir sanni/Desktop/Biplo/Roomba-Biplo-Studio/Content/Menu/2dAssets/Fonts/gloridot_Font.uexp" 684
"C:/Users/Amir sanni/Desktop/Biplo/Roomba-Biplo-Studio/Content/Menu/2dAssets/uibox.uasset" 685
"C:/Users/Amir sanni/Desktop/Biplo/Roomba-Biplo-Studio/Content/Menu/2dAssets/uibox.uexp" 686
"../../../Engine/Content/BasicShapes/Cube.ubulk" 687
"../../../Engine/Content/BasicShapes/Cube.uasset" 688
"../../../Engine/Content/BasicShapes/Cube.uexp" 689
"C:/Users/Amir sanni/Desktop/Biplo/Roomba-Biplo-Studio/Content/ThirdPerson/Blueprints/LightDetection_BP/TopRenderTarget.uasset" 690
"C:/Users/Amir sanni/Desktop/Biplo/Roomba-Biplo-Studio/Content/ThirdPerson/Blueprints/LightDetection_BP/TopRenderTarget.uexp" 691
"C:/Users/Amir sanni/Desktop/Biplo/Roomba-Biplo-Studio/Content/ThirdPerson/Blueprints/LightDetection_BP/BP_LightDetection.uasset" 692
"C:/Users/Amir sanni/Desktop/Biplo/Roomba-Biplo-Studio/Content/ThirdPerson/Blueprints/LightDetection_BP/BP_LightDetection.uexp" 693
"../../../Engine/Plugins/2D/Paper2D/Content/TranslucentUnlitSpriteMaterial.uasset" 694
"../../../Engine/Plugins/2D/Paper2D/Content/TranslucentUnlitSpriteMaterial.uexp" 695
"C:/Users/Amir sanni/Desktop/Biplo/Roomba-Biplo-Studio/Content/Assets/2DImages/Facial/Improved/BiploFaces2_0.uasset" 696
"C:/Users/Amir sanni/Desktop/Biplo/Roomba-Biplo-Studio/Content/Assets/2DImages/Facial/Improved/BiploFaces2_0.uexp" 697
"C:/Users/Amir sanni/Desktop/Biplo/Roomba-Biplo-Studio/Content/Assets/2DImages/Facial/Improved/BiploFaces2_0_Sprite_6.uasset" 698
"C:/Users/Amir sanni/Desktop/Biplo/Roomba-Biplo-Studio/Content/Assets/2DImages/Facial/Improved/BiploFaces2_0_Sprite_6.uexp" 699
"C:/Users/Amir sanni/Desktop/Biplo/Roomba-Biplo-Studio/Content/Assets/2DImages/Facial/Improved/BiploFaces2_0_Sprite_7.uasset" 700
"C:/Users/Amir sanni/Desktop/Biplo/Roomba-Biplo-Studio/Content/Assets/2DImages/Facial/Improved/BiploFaces2_0_Sprite_7.uexp" 701
"C:/Users/Amir sanni/Desktop/Biplo/Roomba-Biplo-Studio/Content/Assets/2DImages/Facial/Improved/BiploFaces2_0_Sprite_8.uasset" 702
"C:/Users/Amir sanni/Desktop/Biplo/Roomba-Biplo-Studio/Content/Assets/2DImages/Facial/Improved/BiploFaces2_0_Sprite_8.uexp" 703
"C:/Users/Amir sanni/Desktop/Biplo/Roomba-Biplo-Studio/Content/Assets/2DImages/Facial/Improved/BiploFaces2_0_Sprite_9.uasset" 704
"C:/Users/Amir sanni/Desktop/Biplo/Roomba-Biplo-Studio/Content/Assets/2DImages/Facial/Improved/BiploFaces2_0_Sprite_9.uexp" 705
"C:/Users/Amir sanni/Desktop/Biplo/Roomba-Biplo-Studio/Content/Assets/2DImages/Facial/Improved/BiploFaces2_0_Sprite_10.uasset" 706
"C:/Users/Amir sanni/Desktop/Biplo/Roomba-Biplo-Studio/Content/Assets/2DImages/Facial/Improved/BiploFaces2_0_Sprite_10.uexp" 707
"C:/Users/Amir sanni/Desktop/Biplo/Roomba-Biplo-Studio/Content/Assets/2DImages/Facial/Improved/OrangeFace.uasset" 708
"C:/Users/Amir sanni/Desktop/Biplo/Roomba-Biplo-Studio/Content/Assets/2DImages/Facial/Improved/OrangeFace.uexp" 709
"C:/Users/Amir sanni/Desktop/Biplo/Roomba-Biplo-Studio/Content/Assets/2DImages/Facial/Improved/BiploFaces2_0_Sprite_13.uasset" 710
"C:/Users/Amir sanni/Desktop/Biplo/Roomba-Biplo-Studio/Content/Assets/2DImages/Facial/Improved/BiploFaces2_0_Sprite_13.uexp" 711
"C:/Users/Amir sanni/Desktop/Biplo/Roomba-Biplo-Studio/Content/Assets/2DImages/Facial/Improved/BiploFaces2_0_Sprite_14.uasset" 712
"C:/Users/Amir sanni/Desktop/Biplo/Roomba-Biplo-Studio/Content/Assets/2DImages/Facial/Improved/BiploFaces2_0_Sprite_14.uexp" 713
"C:/Users/Amir sanni/Desktop/Biplo/Roomba-Biplo-Studio/Content/Assets/2DImages/Facial/Improved/BiploFaces2_0_Sprite_15.uasset" 714
"C:/Users/Amir sanni/Desktop/Biplo/Roomba-Biplo-Studio/Content/Assets/2DImages/Facial/Improved/BiploFaces2_0_Sprite_15.uexp" 715
"C:/Users/Amir sanni/Desktop/Biplo/Roomba-Biplo-Studio/Content/Assets/2DImages/Facial/Improved/BiploFaces2_0_Sprite_17.uasset" 716
"C:/Users/Amir sanni/Desktop/Biplo/Roomba-Biplo-Studio/Content/Assets/2DImages/Facial/Improved/BiploFaces2_0_Sprite_17.uexp" 717
"C:/Users/Amir sanni/Desktop/Biplo/Roomba-Biplo-Studio/Content/Assets/2DImages/Facial/Improved/BiploFaces2_0_Sprite_22.uasset" 718
"C:/Users/Amir sanni/Desktop/Biplo/Roomba-Biplo-Studio/Content/Assets/2DImages/Facial/Improved/BiploFaces2_0_Sprite_22.uexp" 719
"C:/Users/Amir sanni/Desktop/Biplo/Roomba-Biplo-Studio/Content/Assets/2DImages/Facial/Improved/RedFace.uasset" 720
"C:/Users/Amir sanni/Desktop/Biplo/Roomba-Biplo-Studio/Content/Assets/2DImages/Facial/Improved/RedFace.uexp" 721
"C:/Users/Amir sanni/Desktop/Biplo/Roomba-Biplo-Studio/Content/Audio/Attenuation/SA_Player_Move.uasset" 722
"C:/Users/Amir sanni/Desktop/Biplo/Roomba-Biplo-Studio/Content/Audio/Attenuation/SA_Player_Move.uexp" 723
"C:/Users/Amir sanni/Desktop/Biplo/Roomba-Biplo-Studio/Content/Audio/Raw_Audio/Player_noises/Hover_normal.ubulk" 724
"C:/Users/Amir sanni/Desktop/Biplo/Roomba-Biplo-Studio/Content/Audio/Raw_Audio/Player_noises/Hover_normal.uasset" 725
"C:/Users/Amir sanni/Desktop/Biplo/Roomba-Biplo-Studio/Content/Audio/Raw_Audio/Player_noises/Hover_normal.uexp" 726
"C:/Users/Amir sanni/Desktop/Biplo/Roomba-Biplo-Studio/Content/Audio/MetaSounds/MS_Player_Move.uasset" 727
"C:/Users/Amir sanni/Desktop/Biplo/Roomba-Biplo-Studio/Content/Audio/MetaSounds/MS_Player_Move.uexp" 728
"C:/Users/Amir sanni/Desktop/Biplo/Roomba-Biplo-Studio/Content/NewAssetsCool/RoombaFinal/roomba_PhysicsAsset.uasset" 729
"C:/Users/Amir sanni/Desktop/Biplo/Roomba-Biplo-Studio/Content/NewAssetsCool/RoombaFinal/roomba_PhysicsAsset.uexp" 730
"C:/Users/Amir sanni/Desktop/Biplo/Roomba-Biplo-Studio/Content/NewAssetsCool/RoombaFinal/roomba_Low_lambert1_BaseColor.ubulk" 731
"C:/Users/Amir sanni/Desktop/Biplo/Roomba-Biplo-Studio/Content/NewAssetsCool/RoombaFinal/roomba_Low_lambert1_BaseColor.uasset" 732
"C:/Users/Amir sanni/Desktop/Biplo/Roomba-Biplo-Studio/Content/NewAssetsCool/RoombaFinal/roomba_Low_lambert1_BaseColor.uexp" 733
"C:/Users/Amir sanni/Desktop/Biplo/Roomba-Biplo-Studio/Content/NewAssetsCool/RoombaFinal/roomba_Low_lambert1_Normal.ubulk" 734
"C:/Users/Amir sanni/Desktop/Biplo/Roomba-Biplo-Studio/Content/NewAssetsCool/RoombaFinal/roomba_Low_lambert1_Normal.uasset" 735
"C:/Users/Amir sanni/Desktop/Biplo/Roomba-Biplo-Studio/Content/NewAssetsCool/RoombaFinal/roomba_Low_lambert1_Normal.uexp" 736
"C:/Users/Amir sanni/Desktop/Biplo/Roomba-Biplo-Studio/Content/NewAssetsCool/RoombaFinal/roomba_Low_lambert1_Emissive.ubulk" 737
"C:/Users/Amir sanni/Desktop/Biplo/Roomba-Biplo-Studio/Content/NewAssetsCool/RoombaFinal/roomba_Low_lambert1_Emissive.uasset" 738
"C:/Users/Amir sanni/Desktop/Biplo/Roomba-Biplo-Studio/Content/NewAssetsCool/RoombaFinal/roomba_Low_lambert1_Emissive.uexp" 739
"C:/Users/Amir sanni/Desktop/Biplo/Roomba-Biplo-Studio/Content/NewAssetsCool/RoombaFinal/roomba_Low_lambert1_OcclusionRoughnessMetallic.ubulk" 740
"C:/Users/Amir sanni/Desktop/Biplo/Roomba-Biplo-Studio/Content/NewAssetsCool/RoombaFinal/roomba_Low_lambert1_OcclusionRoughnessMetallic.uasset" 741
"C:/Users/Amir sanni/Desktop/Biplo/Roomba-Biplo-Studio/Content/NewAssetsCool/RoombaFinal/roomba_Low_lambert1_OcclusionRoughnessMetallic.uexp" 742
"C:/Users/Amir sanni/Desktop/Biplo/Roomba-Biplo-Studio/Content/NewAssetsCool/RoombaFinal/M_FinalRoomba.uasset" 743
"C:/Users/Amir sanni/Desktop/Biplo/Roomba-Biplo-Studio/Content/NewAssetsCool/RoombaFinal/M_FinalRoomba.uexp" 744
"C:/Users/Amir sanni/Desktop/Biplo/Roomba-Biplo-Studio/Content/NewAssetsCool/RoombaFinal/roomba_Skeleton.uasset" 745
"C:/Users/Amir sanni/Desktop/Biplo/Roomba-Biplo-Studio/Content/NewAssetsCool/RoombaFinal/roomba_Skeleton.uexp" 746
"C:/Users/Amir sanni/Desktop/Biplo/Roomba-Biplo-Studio/Content/NewAssetsCool/RoombaFinal/roomba.uasset" 747
"C:/Users/Amir sanni/Desktop/Biplo/Roomba-Biplo-Studio/Content/NewAssetsCool/RoombaFinal/roomba.uexp" 748
"C:/Users/Amir sanni/Desktop/Biplo/Roomba-Biplo-Studio/Content/ThirdPerson/Input/Actions/IA_DashSpeed.uasset" 749
"C:/Users/Amir sanni/Desktop/Biplo/Roomba-Biplo-Studio/Content/ThirdPerson/Input/Actions/IA_DashSpeed.uexp" 750
"C:/Users/Amir sanni/Desktop/Biplo/Roomba-Biplo-Studio/Content/ThirdPerson/Input/Actions/IA_Interact.uasset" 751
"C:/Users/Amir sanni/Desktop/Biplo/Roomba-Biplo-Studio/Content/ThirdPerson/Input/Actions/IA_Interact.uexp" 752
"C:/Users/Amir sanni/Desktop/Biplo/Roomba-Biplo-Studio/Content/Assets/2DImages/Facial/Improved/BiploFaces2_0_Sprite_19.uasset" 753
"C:/Users/Amir sanni/Desktop/Biplo/Roomba-Biplo-Studio/Content/Assets/2DImages/Facial/Improved/BiploFaces2_0_Sprite_19.uexp" 754
"C:/Users/Amir sanni/Desktop/Biplo/Roomba-Biplo-Studio/Content/Assets/2DImages/Facial/Improved/BiploFaces2_0_Sprite_20.uasset" 755
"C:/Users/Amir sanni/Desktop/Biplo/Roomba-Biplo-Studio/Content/Assets/2DImages/Facial/Improved/BiploFaces2_0_Sprite_20.uexp" 756
"C:/Users/Amir sanni/Desktop/Biplo/Roomba-Biplo-Studio/Content/Assets/2DImages/Facial/Improved/BiploFaces2_0_Sprite_21.uasset" 757
"C:/Users/Amir sanni/Desktop/Biplo/Roomba-Biplo-Studio/Content/Assets/2DImages/Facial/Improved/BiploFaces2_0_Sprite_21.uexp" 758
"C:/Users/Amir sanni/Desktop/Biplo/Roomba-Biplo-Studio/Content/Assets/2DImages/Facial/Improved/DeathFace.uasset" 759
"C:/Users/Amir sanni/Desktop/Biplo/Roomba-Biplo-Studio/Content/Assets/2DImages/Facial/Improved/DeathFace.uexp" 760
"C:/Users/Amir sanni/Desktop/Biplo/Roomba-Biplo-Studio/Content/ThirdPerson/Input/Actions/IA_SpeedBoost.uasset" 761
"C:/Users/Amir sanni/Desktop/Biplo/Roomba-Biplo-Studio/Content/ThirdPerson/Input/Actions/IA_SpeedBoost.uexp" 762
"C:/Users/Amir sanni/Desktop/Biplo/Roomba-Biplo-Studio/Content/ThirdPerson/Blueprints/Niagra/M_Particle.uasset" 763
"C:/Users/Amir sanni/Desktop/Biplo/Roomba-Biplo-Studio/Content/ThirdPerson/Blueprints/Niagra/M_Particle.uexp" 764
"C:/Users/Amir sanni/Desktop/Biplo/Roomba-Biplo-Studio/Content/ThirdPerson/Blueprints/Niagra/NS_TrailGreen.uasset" 765
"C:/Users/Amir sanni/Desktop/Biplo/Roomba-Biplo-Studio/Content/ThirdPerson/Blueprints/Niagra/NS_TrailGreen.uexp" 766
"C:/Users/Amir sanni/Desktop/Biplo/Roomba-Biplo-Studio/Content/ThirdPerson/Blueprints/Player_BP/BP_PlayerSpline.uasset" 767
"C:/Users/Amir sanni/Desktop/Biplo/Roomba-Biplo-Studio/Content/ThirdPerson/Blueprints/Player_BP/BP_PlayerSpline.uexp" 768
"C:/Users/Amir sanni/Desktop/Biplo/Roomba-Biplo-Studio/Content/Assets/2DImages/Facial/Improved/BiploFaces2_0_Sprite_0.uasset" 769
"C:/Users/Amir sanni/Desktop/Biplo/Roomba-Biplo-Studio/Content/Assets/2DImages/Facial/Improved/BiploFaces2_0_Sprite_0.uexp" 770
"C:/Users/Amir sanni/Desktop/Biplo/Roomba-Biplo-Studio/Content/Assets/2DImages/Facial/Improved/BiploFaces2_0_Sprite_1.uasset" 771
"C:/Users/Amir sanni/Desktop/Biplo/Roomba-Biplo-Studio/Content/Assets/2DImages/Facial/Improved/BiploFaces2_0_Sprite_1.uexp" 772
"C:/Users/Amir sanni/Desktop/Biplo/Roomba-Biplo-Studio/Content/Assets/2DImages/Facial/Improved/BiploFaces2_0_Sprite_2.uasset" 773
"C:/Users/Amir sanni/Desktop/Biplo/Roomba-Biplo-Studio/Content/Assets/2DImages/Facial/Improved/BiploFaces2_0_Sprite_2.uexp" 774
"C:/Users/Amir sanni/Desktop/Biplo/Roomba-Biplo-Studio/Content/Assets/2DImages/Facial/Improved/BiploFaces2_0_Sprite_3.uasset" 775
"C:/Users/Amir sanni/Desktop/Biplo/Roomba-Biplo-Studio/Content/Assets/2DImages/Facial/Improved/BiploFaces2_0_Sprite_3.uexp" 776
"C:/Users/Amir sanni/Desktop/Biplo/Roomba-Biplo-Studio/Content/Assets/2DImages/Facial/Improved/BiploFaces2_0_Sprite_4.uasset" 777
"C:/Users/Amir sanni/Desktop/Biplo/Roomba-Biplo-Studio/Content/Assets/2DImages/Facial/Improved/BiploFaces2_0_Sprite_4.uexp" 778
"C:/Users/Amir sanni/Desktop/Biplo/Roomba-Biplo-Studio/Content/Assets/2DImages/Facial/Improved/GreenFace.uasset" 779
"C:/Users/Amir sanni/Desktop/Biplo/Roomba-Biplo-Studio/Content/Assets/2DImages/Facial/Improved/GreenFace.uexp" 780
"C:/Users/Amir sanni/Desktop/Biplo/Roomba-Biplo-Studio/Content/Assets/2DImages/EnergyPopup.uasset" 781
"C:/Users/Amir sanni/Desktop/Biplo/Roomba-Biplo-Studio/Content/Assets/2DImages/EnergyPopup.uexp" 782
"C:/Users/Amir sanni/Desktop/Biplo/Roomba-Biplo-Studio/Content/ThirdPerson/Blueprints/Tutorial_BP/TutorialWidget_BP.uasset" 783
"C:/Users/Amir sanni/Desktop/Biplo/Roomba-Biplo-Studio/Content/ThirdPerson/Blueprints/Tutorial_BP/TutorialWidget_BP.uexp" 784
"C:/Users/Amir sanni/Desktop/Biplo/Roomba-Biplo-Studio/Content/ThirdPerson/Input/Actions/IA_Jump.uasset" 785
"C:/Users/Amir sanni/Desktop/Biplo/Roomba-Biplo-Studio/Content/ThirdPerson/Input/Actions/IA_Jump.uexp" 786
"C:/Users/Amir sanni/Desktop/Biplo/Roomba-Biplo-Studio/Content/ThirdPerson/Blueprints/Tutorial_BP/Tutorial_BP.uasset" 787
"C:/Users/Amir sanni/Desktop/Biplo/Roomba-Biplo-Studio/Content/ThirdPerson/Blueprints/Tutorial_BP/Tutorial_BP.uexp" 788
"C:/Users/Amir sanni/Desktop/Biplo/Roomba-Biplo-Studio/Content/ThirdPerson/Blueprints/Tutorial_BP/TutorialFunctionLibrary_BP.uasset" 789
"C:/Users/Amir sanni/Desktop/Biplo/Roomba-Biplo-Studio/Content/ThirdPerson/Blueprints/Tutorial_BP/TutorialFunctionLibrary_BP.uexp" 790
"C:/Users/Amir sanni/Desktop/Biplo/Roomba-Biplo-Studio/Content/ThirdPerson/Input/Actions/IA_Look.uasset" 791
"C:/Users/Amir sanni/Desktop/Biplo/Roomba-Biplo-Studio/Content/ThirdPerson/Input/Actions/IA_Look.uexp" 792
"C:/Users/Amir sanni/Desktop/Biplo/Roomba-Biplo-Studio/Content/ThirdPerson/Input/Actions/IA_Move.uasset" 793
"C:/Users/Amir sanni/Desktop/Biplo/Roomba-Biplo-Studio/Content/ThirdPerson/Input/Actions/IA_Move.uexp" 794
"C:/Users/Amir sanni/Desktop/Biplo/Roomba-Biplo-Studio/Content/ThirdPerson/Input/Actions/IA_Pause.uasset" 795
"C:/Users/Amir sanni/Desktop/Biplo/Roomba-Biplo-Studio/Content/ThirdPerson/Input/Actions/IA_Pause.uexp" 796
"C:/Users/Amir sanni/Desktop/Biplo/Roomba-Biplo-Studio/Content/ThirdPerson/Input/IMC_Default.uasset" 797
"C:/Users/Amir sanni/Desktop/Biplo/Roomba-Biplo-Studio/Content/ThirdPerson/Input/IMC_Default.uexp" 798
"../../../Engine/Content/Animation/DefaultVariableFrameStrippingSettings.uasset" 799
"../../../Engine/Content/Animation/DefaultVariableFrameStrippingSettings.uexp" 800
"../../../Engine/Content/Animation/DefaultRecorderBoneCompression.uasset" 801
"../../../Engine/Content/Animation/DefaultRecorderBoneCompression.uexp" 802
"../../../Engine/Plugins/Animation/ACLPlugin/Content/ACLAnimCurveCompressionSettings.uasset" 803
"../../../Engine/Plugins/Animation/ACLPlugin/Content/ACLAnimCurveCompressionSettings.uexp" 804
"C:/Users/Amir sanni/Desktop/Biplo/Roomba-Biplo-Studio/Content/NewAssetsCool/RoombaFinal/Animation/Idle.uasset" 805
"C:/Users/Amir sanni/Desktop/Biplo/Roomba-Biplo-Studio/Content/NewAssetsCool/RoombaFinal/Animation/Idle.uexp" 806
"C:/Users/Amir sanni/Desktop/Biplo/Roomba-Biplo-Studio/Content/NewAssetsCool/RoombaFinal/Animation/Moving.uasset" 807
"C:/Users/Amir sanni/Desktop/Biplo/Roomba-Biplo-Studio/Content/NewAssetsCool/RoombaFinal/Animation/Moving.uexp" 808
"C:/Users/Amir sanni/Desktop/Biplo/Roomba-Biplo-Studio/Content/NewAssetsCool/RoombaFinal/Animation/BS_Roomba.uasset" 809
"C:/Users/Amir sanni/Desktop/Biplo/Roomba-Biplo-Studio/Content/NewAssetsCool/RoombaFinal/Animation/BS_Roomba.uexp" 810
"C:/Users/Amir sanni/Desktop/Biplo/Roomba-Biplo-Studio/Content/NewAssetsCool/RoombaFinal/Animation/ABP_PlayerMovement.uasset" 811
"C:/Users/Amir sanni/Desktop/Biplo/Roomba-Biplo-Studio/Content/NewAssetsCool/RoombaFinal/Animation/ABP_PlayerMovement.uexp" 812
"C:/Users/Amir sanni/Desktop/Biplo/Roomba-Biplo-Studio/Content/LevelDesign/DavidsCooking/Lightning.uasset" 813
"C:/Users/Amir sanni/Desktop/Biplo/Roomba-Biplo-Studio/Content/LevelDesign/DavidsCooking/Lightning.uexp" 814
"C:/Users/Amir sanni/Desktop/Biplo/Roomba-Biplo-Studio/Content/ThirdPerson/Blueprints/Player_BP/WBP_STAMINAUI.uasset" 815
"C:/Users/Amir sanni/Desktop/Biplo/Roomba-Biplo-Studio/Content/ThirdPerson/Blueprints/Player_BP/WBP_STAMINAUI.uexp" 816
"../../../Engine/Content/BasicShapes/BasicShapeMaterial.uasset" 817
"../../../Engine/Content/BasicShapes/BasicShapeMaterial.uexp" 818
"C:/Users/Amir sanni/Desktop/Biplo/Roomba-Biplo-Studio/Content/Assets/Powerstation/Generator_Temp-20250326T122037Z-001/Generator_Temp/Plug.ubulk" 819
"C:/Users/Amir sanni/Desktop/Biplo/Roomba-Biplo-Studio/Content/Assets/Powerstation/Generator_Temp-20250326T122037Z-001/Generator_Temp/Plug.uasset" 820
"C:/Users/Amir sanni/Desktop/Biplo/Roomba-Biplo-Studio/Content/Assets/Powerstation/Generator_Temp-20250326T122037Z-001/Generator_Temp/Plug.uexp" 821
"C:/Users/Amir sanni/Desktop/Biplo/Roomba-Biplo-Studio/Content/Audio/Raw_Audio/Player_noises/Biplo_on2.ubulk" 822
"C:/Users/Amir sanni/Desktop/Biplo/Roomba-Biplo-Studio/Content/Audio/Raw_Audio/Player_noises/Biplo_on2.uasset" 823
"C:/Users/Amir sanni/Desktop/Biplo/Roomba-Biplo-Studio/Content/Audio/Raw_Audio/Player_noises/Biplo_on2.uexp" 824
"C:/Users/Amir sanni/Desktop/Biplo/Roomba-Biplo-Studio/Content/Audio/Raw_Audio/Player_noises/Biplo_on1.ubulk" 825
"C:/Users/Amir sanni/Desktop/Biplo/Roomba-Biplo-Studio/Content/Audio/Raw_Audio/Player_noises/Biplo_on1.uasset" 826
"C:/Users/Amir sanni/Desktop/Biplo/Roomba-Biplo-Studio/Content/Audio/Raw_Audio/Player_noises/Biplo_on1.uexp" 827
"C:/Users/Amir sanni/Desktop/Biplo/Roomba-Biplo-Studio/Content/Audio/Raw_Audio/Player_noises/Biplo_popup2.ubulk" 828
"C:/Users/Amir sanni/Desktop/Biplo/Roomba-Biplo-Studio/Content/Audio/Raw_Audio/Player_noises/Biplo_popup2.uasset" 829
"C:/Users/Amir sanni/Desktop/Biplo/Roomba-Biplo-Studio/Content/Audio/Raw_Audio/Player_noises/Biplo_popup2.uexp" 830
"C:/Users/Amir sanni/Desktop/Biplo/Roomba-Biplo-Studio/Content/Audio/Raw_Audio/Player_noises/Biplo_popup1.ubulk" 831
"C:/Users/Amir sanni/Desktop/Biplo/Roomba-Biplo-Studio/Content/Audio/Raw_Audio/Player_noises/Biplo_popup1.uasset" 832
"C:/Users/Amir sanni/Desktop/Biplo/Roomba-Biplo-Studio/Content/Audio/Raw_Audio/Player_noises/Biplo_popup1.uexp" 833
"C:/Users/Amir sanni/Desktop/Biplo/Roomba-Biplo-Studio/Content/Audio/Raw_Audio/Player_noises/Biplo_popup3.ubulk" 834
"C:/Users/Amir sanni/Desktop/Biplo/Roomba-Biplo-Studio/Content/Audio/Raw_Audio/Player_noises/Biplo_popup3.uasset" 835
"C:/Users/Amir sanni/Desktop/Biplo/Roomba-Biplo-Studio/Content/Audio/Raw_Audio/Player_noises/Biplo_popup3.uexp" 836
"C:/Users/Amir sanni/Desktop/Biplo/Roomba-Biplo-Studio/Content/Audio/MetaSounds/SQ_Spawn.uasset" 837
"C:/Users/Amir sanni/Desktop/Biplo/Roomba-Biplo-Studio/Content/Audio/MetaSounds/SQ_Spawn.uexp" 838
"C:/Users/Amir sanni/Desktop/Biplo/Roomba-Biplo-Studio/Content/Assets/2DImages/LIGHTVSDARK.uasset" 839
"C:/Users/Amir sanni/Desktop/Biplo/Roomba-Biplo-Studio/Content/Assets/2DImages/LIGHTVSDARK.uexp" 840
"C:/Users/Amir sanni/Desktop/Biplo/Roomba-Biplo-Studio/Content/Assets/2DImages/Facial/Biplo_faces_glow_scanlines-ezgif_com-webp-to-png-converter.uasset" 841
"C:/Users/Amir sanni/Desktop/Biplo/Roomba-Biplo-Studio/Content/Assets/2DImages/Facial/Biplo_faces_glow_scanlines-ezgif_com-webp-to-png-converter.uexp" 842
"C:/Users/Amir sanni/Desktop/Biplo/Roomba-Biplo-Studio/Content/Assets/2DImages/Facial/Biplo_faces_glow_scanlines-ezgif_com-webp-to-png-converter_Sprite_0.uasset" 843
"C:/Users/Amir sanni/Desktop/Biplo/Roomba-Biplo-Studio/Content/Assets/2DImages/Facial/Biplo_faces_glow_scanlines-ezgif_com-webp-to-png-converter_Sprite_0.uexp" 844
"C:/Users/Amir sanni/Desktop/Biplo/Roomba-Biplo-Studio/Content/Assets/2DImages/Facial/Biplo_faces_glow_scanlines-ezgif_com-webp-to-png-converter_Sprite_1.uasset" 845
"C:/Users/Amir sanni/Desktop/Biplo/Roomba-Biplo-Studio/Content/Assets/2DImages/Facial/Biplo_faces_glow_scanlines-ezgif_com-webp-to-png-converter_Sprite_1.uexp" 846
"C:/Users/Amir sanni/Desktop/Biplo/Roomba-Biplo-Studio/Content/Assets/2DImages/Facial/Biplo_faces_glow_scanlines-ezgif_com-webp-to-png-converter_Sprite_2.uasset" 847
"C:/Users/Amir sanni/Desktop/Biplo/Roomba-Biplo-Studio/Content/Assets/2DImages/Facial/Biplo_faces_glow_scanlines-ezgif_com-webp-to-png-converter_Sprite_2.uexp" 848
"C:/Users/Amir sanni/Desktop/Biplo/Roomba-Biplo-Studio/Content/Assets/2DImages/Facial/Biplo_faces_glow_scanlines-ezgif_com-webp-to-png-converter_Sprite_4.uasset" 849
"C:/Users/Amir sanni/Desktop/Biplo/Roomba-Biplo-Studio/Content/Assets/2DImages/Facial/Biplo_faces_glow_scanlines-ezgif_com-webp-to-png-converter_Sprite_4.uexp" 850
"C:/Users/Amir sanni/Desktop/Biplo/Roomba-Biplo-Studio/Content/Assets/2DImages/Facial/Biplo_faces_glow_scanlines-ezgif_com-webp-to-png-converter_Sprite_5.uasset" 851
"C:/Users/Amir sanni/Desktop/Biplo/Roomba-Biplo-Studio/Content/Assets/2DImages/Facial/Biplo_faces_glow_scanlines-ezgif_com-webp-to-png-converter_Sprite_5.uexp" 852
"C:/Users/Amir sanni/Desktop/Biplo/Roomba-Biplo-Studio/Content/Assets/2DImages/Facial/Face2.uasset" 853
"C:/Users/Amir sanni/Desktop/Biplo/Roomba-Biplo-Studio/Content/Assets/2DImages/Facial/Face2.uexp" 854
"C:/Users/Amir sanni/Desktop/Biplo/Roomba-Biplo-Studio/Content/ThirdPerson/Blueprints/Player_BP/Player_BP.uasset" 855
"C:/Users/Amir sanni/Desktop/Biplo/Roomba-Biplo-Studio/Content/ThirdPerson/Blueprints/Player_BP/Player_BP.uexp" 856
"C:/Users/Amir sanni/Desktop/Biplo/Roomba-Biplo-Studio/Content/ThirdPerson/Blueprints/CheckPoint_BP/CheckPoint_BP.uasset" 857
"C:/Users/Amir sanni/Desktop/Biplo/Roomba-Biplo-Studio/Content/ThirdPerson/Blueprints/CheckPoint_BP/CheckPoint_BP.uexp" 858
"C:/Users/Amir sanni/Desktop/Biplo/Roomba-Biplo-Studio/Content/ThirdPerson/Blueprints/SaveSystem_BP/SaveSystem_BP.uasset" 859
"C:/Users/Amir sanni/Desktop/Biplo/Roomba-Biplo-Studio/Content/ThirdPerson/Blueprints/SaveSystem_BP/SaveSystem_BP.uexp" 860
"C:/Users/Amir sanni/Desktop/Biplo/Roomba-Biplo-Studio/Content/ThirdPerson/Blueprints/SaveSystem_BP/SaveSystemFunctionLibrary_BP.uasset" 861
"C:/Users/Amir sanni/Desktop/Biplo/Roomba-Biplo-Studio/Content/ThirdPerson/Blueprints/SaveSystem_BP/SaveSystemFunctionLibrary_BP.uexp" 862
"C:/Users/Amir sanni/Desktop/Biplo/Roomba-Biplo-Studio/Content/Menu/SaveMenu.uasset" 863
"C:/Users/Amir sanni/Desktop/Biplo/Roomba-Biplo-Studio/Content/Menu/SaveMenu.uexp" 864
"C:/Users/Amir sanni/Desktop/Biplo/Roomba-Biplo-Studio/Content/Menu/OptionsMenu.uasset" 865
"C:/Users/Amir sanni/Desktop/Biplo/Roomba-Biplo-Studio/Content/Menu/OptionsMenu.uexp" 866
"C:/Users/Amir sanni/Desktop/Biplo/Roomba-Biplo-Studio/Content/Menu/MainMenu.uasset" 867
"C:/Users/Amir sanni/Desktop/Biplo/Roomba-Biplo-Studio/Content/Menu/MainMenu.uexp" 868
"C:/Users/Amir sanni/Desktop/Biplo/Roomba-Biplo-Studio/Content/Menu/OptionsMenu1.uasset" 869
"C:/Users/Amir sanni/Desktop/Biplo/Roomba-Biplo-Studio/Content/Menu/OptionsMenu1.uexp" 870
"C:/Users/Amir sanni/Desktop/Biplo/Roomba-Biplo-Studio/Content/Menu/PauseMenu.uasset" 871
"C:/Users/Amir sanni/Desktop/Biplo/Roomba-Biplo-Studio/Content/Menu/PauseMenu.uexp" 872
"C:/Users/Amir sanni/Desktop/Biplo/Roomba-Biplo-Studio/Content/Assets/2DImages/cursorsmall.ubulk" 873
"C:/Users/Amir sanni/Desktop/Biplo/Roomba-Biplo-Studio/Content/Assets/2DImages/cursorsmall.uasset" 874
"C:/Users/Amir sanni/Desktop/Biplo/Roomba-Biplo-Studio/Content/Assets/2DImages/cursorsmall.uexp" 875
"C:/Users/Amir sanni/Desktop/Biplo/Roomba-Biplo-Studio/Content/Menu/Mouse_Widget.uasset" 876
"C:/Users/Amir sanni/Desktop/Biplo/Roomba-Biplo-Studio/Content/Menu/Mouse_Widget.uexp" 877
"C:/Users/Amir sanni/Desktop/Biplo/Roomba-Biplo-Studio/Content/InteractPrototypeBP/InteractionWidget.uasset" 878
"C:/Users/Amir sanni/Desktop/Biplo/Roomba-Biplo-Studio/Content/InteractPrototypeBP/InteractionWidget.uexp" 879
"C:/Users/Amir sanni/Desktop/Biplo/Roomba-Biplo-Studio/Content/Menu/BRS_LOGO.uasset" 880
"C:/Users/Amir sanni/Desktop/Biplo/Roomba-Biplo-Studio/Content/Menu/BRS_LOGO.uexp" 881
"C:/Users/Amir sanni/Desktop/Biplo/Roomba-Biplo-Studio/Content/Menu/BRS_LOGO_Mat.uasset" 882
"C:/Users/Amir sanni/Desktop/Biplo/Roomba-Biplo-Studio/Content/Menu/BRS_LOGO_Mat.uexp" 883
"C:/Users/Amir sanni/Desktop/Biplo/Roomba-Biplo-Studio/Content/LevelDesign/EasterEggRoom/download.ubulk" 884
"C:/Users/Amir sanni/Desktop/Biplo/Roomba-Biplo-Studio/Content/LevelDesign/EasterEggRoom/download.uasset" 885
"C:/Users/Amir sanni/Desktop/Biplo/Roomba-Biplo-Studio/Content/LevelDesign/EasterEggRoom/download.uexp" 886
"C:/Users/Amir sanni/Desktop/Biplo/Roomba-Biplo-Studio/Content/LevelDesign/EasterEggRoom/M_Secret.uasset" 887
"C:/Users/Amir sanni/Desktop/Biplo/Roomba-Biplo-Studio/Content/LevelDesign/EasterEggRoom/M_Secret.uexp" 888
"C:/Users/Amir sanni/Desktop/Biplo/Roomba-Biplo-Studio/Content/LevelDesign/M_LightFlicker.uasset" 889
"C:/Users/Amir sanni/Desktop/Biplo/Roomba-Biplo-Studio/Content/LevelDesign/M_LightFlicker.uexp" 890
"C:/Users/Amir sanni/Desktop/Biplo/Roomba-Biplo-Studio/Content/LevelDesign/DavidsCooking/M_Invisible.uasset" 891
"C:/Users/Amir sanni/Desktop/Biplo/Roomba-Biplo-Studio/Content/LevelDesign/DavidsCooking/M_Invisible.uexp" 892
"C:/Users/Amir sanni/Desktop/Biplo/Roomba-Biplo-Studio/Content/LevelDesign/DavidsCooking/M_Black.uasset" 893
"C:/Users/Amir sanni/Desktop/Biplo/Roomba-Biplo-Studio/Content/LevelDesign/DavidsCooking/M_Black.uexp" 894
"C:/Users/Amir sanni/Desktop/Biplo/Roomba-Biplo-Studio/Content/LevelDesign/DavidsCooking/augustus-caesar-587488458-removebg-preview.uasset" 895
"C:/Users/Amir sanni/Desktop/Biplo/Roomba-Biplo-Studio/Content/LevelDesign/DavidsCooking/augustus-caesar-587488458-removebg-preview.uexp" 896
"C:/Users/Amir sanni/Desktop/Biplo/Roomba-Biplo-Studio/Content/LevelDesign/DavidsCooking/M_BakeryDecale.uasset" 897
"C:/Users/Amir sanni/Desktop/Biplo/Roomba-Biplo-Studio/Content/LevelDesign/DavidsCooking/M_BakeryDecale.uexp" 898
"C:/Users/Amir sanni/Desktop/Biplo/Roomba-Biplo-Studio/Content/Assets/Boxes/BoxTextures/NoStickers/CardboardBox_Material_BaseColor3.ubulk" 899
"C:/Users/Amir sanni/Desktop/Biplo/Roomba-Biplo-Studio/Content/Assets/Boxes/BoxTextures/NoStickers/CardboardBox_Material_BaseColor3.uasset" 900
"C:/Users/Amir sanni/Desktop/Biplo/Roomba-Biplo-Studio/Content/Assets/Boxes/BoxTextures/NoStickers/CardboardBox_Material_BaseColor3.uexp" 901
"C:/Users/Amir sanni/Desktop/Biplo/Roomba-Biplo-Studio/Content/Assets/Boxes/BoxTextures/NoStickers/CardboardBox_Material_Normal3.ubulk" 902
"C:/Users/Amir sanni/Desktop/Biplo/Roomba-Biplo-Studio/Content/Assets/Boxes/BoxTextures/NoStickers/CardboardBox_Material_Normal3.uasset" 903
"C:/Users/Amir sanni/Desktop/Biplo/Roomba-Biplo-Studio/Content/Assets/Boxes/BoxTextures/NoStickers/CardboardBox_Material_Normal3.uexp" 904
"C:/Users/Amir sanni/Desktop/Biplo/Roomba-Biplo-Studio/Content/Assets/Boxes/BoxTextures/NoStickers/CardboardBox_Material_OcclusionRoughnessMetallic3.ubulk" 905
"C:/Users/Amir sanni/Desktop/Biplo/Roomba-Biplo-Studio/Content/Assets/Boxes/BoxTextures/NoStickers/CardboardBox_Material_OcclusionRoughnessMetallic3.uasset" 906
"C:/Users/Amir sanni/Desktop/Biplo/Roomba-Biplo-Studio/Content/Assets/Boxes/BoxTextures/NoStickers/CardboardBox_Material_OcclusionRoughnessMetallic3.uexp" 907
"C:/Users/Amir sanni/Desktop/Biplo/Roomba-Biplo-Studio/Content/Assets/Boxes/BoxTextures/NoStickers/BoxNoStickesMaterial.uasset" 908
"C:/Users/Amir sanni/Desktop/Biplo/Roomba-Biplo-Studio/Content/Assets/Boxes/BoxTextures/NoStickers/BoxNoStickesMaterial.uexp" 909
"C:/Users/Amir sanni/Desktop/Biplo/Roomba-Biplo-Studio/Content/Audio/Raw_Audio/Player_noises/C_biplo5.ubulk" 910
"C:/Users/Amir sanni/Desktop/Biplo/Roomba-Biplo-Studio/Content/Audio/Raw_Audio/Player_noises/C_biplo5.uasset" 911
"C:/Users/Amir sanni/Desktop/Biplo/Roomba-Biplo-Studio/Content/Audio/Raw_Audio/Player_noises/C_biplo5.uexp" 912
"C:/Users/Amir sanni/Desktop/Biplo/Roomba-Biplo-Studio/Content/Audio/Raw_Audio/Player_noises/C_biplo3.ubulk" 913
"C:/Users/Amir sanni/Desktop/Biplo/Roomba-Biplo-Studio/Content/Audio/Raw_Audio/Player_noises/C_biplo3.uasset" 914
"C:/Users/Amir sanni/Desktop/Biplo/Roomba-Biplo-Studio/Content/Audio/Raw_Audio/Player_noises/C_biplo3.uexp" 915
"C:/Users/Amir sanni/Desktop/Biplo/Roomba-Biplo-Studio/Content/Audio/Raw_Audio/Player_noises/C_biplo2.ubulk" 916
"C:/Users/Amir sanni/Desktop/Biplo/Roomba-Biplo-Studio/Content/Audio/Raw_Audio/Player_noises/C_biplo2.uasset" 917
"C:/Users/Amir sanni/Desktop/Biplo/Roomba-Biplo-Studio/Content/Audio/Raw_Audio/Player_noises/C_biplo2.uexp" 918
"C:/Users/Amir sanni/Desktop/Biplo/Roomba-Biplo-Studio/Content/Audio/Raw_Audio/Player_noises/C_biplo1.ubulk" 919
"C:/Users/Amir sanni/Desktop/Biplo/Roomba-Biplo-Studio/Content/Audio/Raw_Audio/Player_noises/C_biplo1.uasset" 920
"C:/Users/Amir sanni/Desktop/Biplo/Roomba-Biplo-Studio/Content/Audio/Raw_Audio/Player_noises/C_biplo1.uexp" 921
"C:/Users/Amir sanni/Desktop/Biplo/Roomba-Biplo-Studio/Content/Audio/Raw_Audio/Player_noises/C_biplo4.ubulk" 922
"C:/Users/Amir sanni/Desktop/Biplo/Roomba-Biplo-Studio/Content/Audio/Raw_Audio/Player_noises/C_biplo4.uasset" 923
"C:/Users/Amir sanni/Desktop/Biplo/Roomba-Biplo-Studio/Content/Audio/Raw_Audio/Player_noises/C_biplo4.uexp" 924
"C:/Users/Amir sanni/Desktop/Biplo/Roomba-Biplo-Studio/Content/Audio/MetaSounds/MS_boxBreak.uasset" 925
"C:/Users/Amir sanni/Desktop/Biplo/Roomba-Biplo-Studio/Content/Audio/MetaSounds/MS_boxBreak.uexp" 926
"C:/Users/Amir sanni/Desktop/Biplo/Roomba-Biplo-Studio/Content/Assets/Boxes/BoxTextures/VeryFragile/CardboardBox_Material_OcclusionRoughnessMetallic.ubulk" 927
"C:/Users/Amir sanni/Desktop/Biplo/Roomba-Biplo-Studio/Content/Assets/Boxes/BoxTextures/VeryFragile/CardboardBox_Material_OcclusionRoughnessMetallic.uasset" 928
"C:/Users/Amir sanni/Desktop/Biplo/Roomba-Biplo-Studio/Content/Assets/Boxes/BoxTextures/VeryFragile/CardboardBox_Material_OcclusionRoughnessMetallic.uexp" 929
"C:/Users/Amir sanni/Desktop/Biplo/Roomba-Biplo-Studio/Content/Assets/Boxes/BoxTextures/VeryFragile/CardboardBox_Material_Normal.ubulk" 930
"C:/Users/Amir sanni/Desktop/Biplo/Roomba-Biplo-Studio/Content/Assets/Boxes/BoxTextures/VeryFragile/CardboardBox_Material_Normal.uasset" 931
"C:/Users/Amir sanni/Desktop/Biplo/Roomba-Biplo-Studio/Content/Assets/Boxes/BoxTextures/VeryFragile/CardboardBox_Material_Normal.uexp" 932
"C:/Users/Amir sanni/Desktop/Biplo/Roomba-Biplo-Studio/Content/Assets/Boxes/BoxTextures/VeryFragile/CardboardBox_Material_BaseColor.ubulk" 933
"C:/Users/Amir sanni/Desktop/Biplo/Roomba-Biplo-Studio/Content/Assets/Boxes/BoxTextures/VeryFragile/CardboardBox_Material_BaseColor.uasset" 934
"C:/Users/Amir sanni/Desktop/Biplo/Roomba-Biplo-Studio/Content/Assets/Boxes/BoxTextures/VeryFragile/CardboardBox_Material_BaseColor.uexp" 935
"C:/Users/Amir sanni/Desktop/Biplo/Roomba-Biplo-Studio/Content/Assets/Boxes/BoxTextures/VeryFragile/Material.uasset" 936
"C:/Users/Amir sanni/Desktop/Biplo/Roomba-Biplo-Studio/Content/Assets/Boxes/BoxTextures/VeryFragile/Material.uexp" 937
"C:/Users/Amir sanni/Desktop/Biplo/Roomba-Biplo-Studio/Content/LevelDesign/DavidsCooking/E_Breakable.uasset" 938
"C:/Users/Amir sanni/Desktop/Biplo/Roomba-Biplo-Studio/Content/LevelDesign/DavidsCooking/E_Breakable.uexp" 939
"C:/Users/Amir sanni/Desktop/Biplo/Roomba-Biplo-Studio/Content/ThirdPerson/Blueprints/Niagra/M_Smoke.uasset" 940
"C:/Users/Amir sanni/Desktop/Biplo/Roomba-Biplo-Studio/Content/ThirdPerson/Blueprints/Niagra/M_Smoke.uexp" 941
"C:/Users/Amir sanni/Desktop/Biplo/Roomba-Biplo-Studio/Content/ThirdPerson/Blueprints/Niagra/Smoke1.ubulk" 942
"C:/Users/Amir sanni/Desktop/Biplo/Roomba-Biplo-Studio/Content/ThirdPerson/Blueprints/Niagra/Smoke1.uasset" 943
"C:/Users/Amir sanni/Desktop/Biplo/Roomba-Biplo-Studio/Content/ThirdPerson/Blueprints/Niagra/Smoke1.uexp" 944
"C:/Users/Amir sanni/Desktop/Biplo/Roomba-Biplo-Studio/Content/ThirdPerson/Blueprints/Niagra/NS_Smoke2.uasset" 945
"C:/Users/Amir sanni/Desktop/Biplo/Roomba-Biplo-Studio/Content/ThirdPerson/Blueprints/Niagra/NS_Smoke2.uexp" 946
"C:/Users/Amir sanni/Desktop/Biplo/Roomba-Biplo-Studio/Content/Assets/Boxes/CardboardBox.ubulk" 947
"C:/Users/Amir sanni/Desktop/Biplo/Roomba-Biplo-Studio/Content/Assets/Boxes/CardboardBox.uasset" 948
"C:/Users/Amir sanni/Desktop/Biplo/Roomba-Biplo-Studio/Content/Assets/Boxes/CardboardBox.uexp" 949
"C:/Users/Amir sanni/Desktop/Biplo/Roomba-Biplo-Studio/Content/Assets/Boxes/BoxTextures/All_Stickers/CardboardBox_Material_OcclusionRoughnessMetallic2.ubulk" 950
"C:/Users/Amir sanni/Desktop/Biplo/Roomba-Biplo-Studio/Content/Assets/Boxes/BoxTextures/All_Stickers/CardboardBox_Material_OcclusionRoughnessMetallic2.uasset" 951
"C:/Users/Amir sanni/Desktop/Biplo/Roomba-Biplo-Studio/Content/Assets/Boxes/BoxTextures/All_Stickers/CardboardBox_Material_OcclusionRoughnessMetallic2.uexp" 952
"C:/Users/Amir sanni/Desktop/Biplo/Roomba-Biplo-Studio/Content/Assets/Boxes/BoxTextures/All_Stickers/CardboardBox_Material_Normal2.ubulk" 953
"C:/Users/Amir sanni/Desktop/Biplo/Roomba-Biplo-Studio/Content/Assets/Boxes/BoxTextures/All_Stickers/CardboardBox_Material_Normal2.uasset" 954
"C:/Users/Amir sanni/Desktop/Biplo/Roomba-Biplo-Studio/Content/Assets/Boxes/BoxTextures/All_Stickers/CardboardBox_Material_Normal2.uexp" 955
"C:/Users/Amir sanni/Desktop/Biplo/Roomba-Biplo-Studio/Content/Assets/Boxes/BoxTextures/All_Stickers/CardboardBox_Material_BaseColor2.ubulk" 956
"C:/Users/Amir sanni/Desktop/Biplo/Roomba-Biplo-Studio/Content/Assets/Boxes/BoxTextures/All_Stickers/CardboardBox_Material_BaseColor2.uasset" 957
"C:/Users/Amir sanni/Desktop/Biplo/Roomba-Biplo-Studio/Content/Assets/Boxes/BoxTextures/All_Stickers/CardboardBox_Material_BaseColor2.uexp" 958
"C:/Users/Amir sanni/Desktop/Biplo/Roomba-Biplo-Studio/Content/Assets/Boxes/BoxTextures/All_Stickers/CardboardAllStickersMaterial.uasset" 959
"C:/Users/Amir sanni/Desktop/Biplo/Roomba-Biplo-Studio/Content/Assets/Boxes/BoxTextures/All_Stickers/CardboardAllStickersMaterial.uexp" 960
"C:/Users/Amir sanni/Desktop/Biplo/Roomba-Biplo-Studio/Content/LevelDesign/DavidsCooking/BP_BreakableObject.uasset" 961
"C:/Users/Amir sanni/Desktop/Biplo/Roomba-Biplo-Studio/Content/LevelDesign/DavidsCooking/BP_BreakableObject.uexp" 962
"C:/Users/Amir sanni/Desktop/Biplo/Roomba-Biplo-Studio/Content/InteractPrototypeBP/TimerWidget_BP.uasset" 963
"C:/Users/Amir sanni/Desktop/Biplo/Roomba-Biplo-Studio/Content/InteractPrototypeBP/TimerWidget_BP.uexp" 964
"C:/Users/Amir sanni/Desktop/Biplo/Roomba-Biplo-Studio/Content/Audio/Attenuation/SA_Door.uasset" 965
"C:/Users/Amir sanni/Desktop/Biplo/Roomba-Biplo-Studio/Content/Audio/Attenuation/SA_Door.uexp" 966
"C:/Users/Amir sanni/Desktop/Biplo/Roomba-Biplo-Studio/Content/Audio/Raw_Audio/LevelSounds/DoorUnlock.ubulk" 967
"C:/Users/Amir sanni/Desktop/Biplo/Roomba-Biplo-Studio/Content/Audio/Raw_Audio/LevelSounds/DoorUnlock.uasset" 968
"C:/Users/Amir sanni/Desktop/Biplo/Roomba-Biplo-Studio/Content/Audio/Raw_Audio/LevelSounds/DoorUnlock.uexp" 969
"C:/Users/Amir sanni/Desktop/Biplo/Roomba-Biplo-Studio/Content/Audio/Raw_Audio/LevelSounds/DoorUnlock2.ubulk" 970
"C:/Users/Amir sanni/Desktop/Biplo/Roomba-Biplo-Studio/Content/Audio/Raw_Audio/LevelSounds/DoorUnlock2.uasset" 971
"C:/Users/Amir sanni/Desktop/Biplo/Roomba-Biplo-Studio/Content/Audio/Raw_Audio/LevelSounds/DoorUnlock2.uexp" 972
"C:/Users/Amir sanni/Desktop/Biplo/Roomba-Biplo-Studio/Content/Audio/MetaSounds/SQ_Door.uasset" 973
"C:/Users/Amir sanni/Desktop/Biplo/Roomba-Biplo-Studio/Content/Audio/MetaSounds/SQ_Door.uexp" 974
"C:/Users/Amir sanni/Desktop/Biplo/Roomba-Biplo-Studio/Content/Assets/Door/DoorLockedTextures/door_Low_lambert1_BaseColor.ubulk" 975
"C:/Users/Amir sanni/Desktop/Biplo/Roomba-Biplo-Studio/Content/Assets/Door/DoorLockedTextures/door_Low_lambert1_BaseColor.uasset" 976
"C:/Users/Amir sanni/Desktop/Biplo/Roomba-Biplo-Studio/Content/Assets/Door/DoorLockedTextures/door_Low_lambert1_BaseColor.uexp" 977
"C:/Users/Amir sanni/Desktop/Biplo/Roomba-Biplo-Studio/Content/Assets/Door/DoorLockedTextures/door_Low_lambert1_Normal.ubulk" 978
"C:/Users/Amir sanni/Desktop/Biplo/Roomba-Biplo-Studio/Content/Assets/Door/DoorLockedTextures/door_Low_lambert1_Normal.uasset" 979
"C:/Users/Amir sanni/Desktop/Biplo/Roomba-Biplo-Studio/Content/Assets/Door/DoorLockedTextures/door_Low_lambert1_Normal.uexp" 980
"C:/Users/Amir sanni/Desktop/Biplo/Roomba-Biplo-Studio/Content/Assets/Door/DoorLockedTextures/door_Low_lambert1_Emissive.ubulk" 981
"C:/Users/Amir sanni/Desktop/Biplo/Roomba-Biplo-Studio/Content/Assets/Door/DoorLockedTextures/door_Low_lambert1_Emissive.uasset" 982
"C:/Users/Amir sanni/Desktop/Biplo/Roomba-Biplo-Studio/Content/Assets/Door/DoorLockedTextures/door_Low_lambert1_Emissive.uexp" 983
"C:/Users/Amir sanni/Desktop/Biplo/Roomba-Biplo-Studio/Content/Assets/Door/DoorLockedTextures/door_Low_lambert1_OcclusionRoughnessMetallic.ubulk" 984
"C:/Users/Amir sanni/Desktop/Biplo/Roomba-Biplo-Studio/Content/Assets/Door/DoorLockedTextures/door_Low_lambert1_OcclusionRoughnessMetallic.uasset" 985
"C:/Users/Amir sanni/Desktop/Biplo/Roomba-Biplo-Studio/Content/Assets/Door/DoorLockedTextures/door_Low_lambert1_OcclusionRoughnessMetallic.uexp" 986
"C:/Users/Amir sanni/Desktop/Biplo/Roomba-Biplo-Studio/Content/Assets/Door/DoorLockedTextures/M_DoorLocked.uasset" 987
"C:/Users/Amir sanni/Desktop/Biplo/Roomba-Biplo-Studio/Content/Assets/Door/DoorLockedTextures/M_DoorLocked.uexp" 988
"C:/Users/Amir sanni/Desktop/Biplo/Roomba-Biplo-Studio/Content/Assets/Door/DoorUnlockedTextures/door_Low_lambert1_Emissive.ubulk" 989
"C:/Users/Amir sanni/Desktop/Biplo/Roomba-Biplo-Studio/Content/Assets/Door/DoorUnlockedTextures/door_Low_lambert1_Emissive.uasset" 990
"C:/Users/Amir sanni/Desktop/Biplo/Roomba-Biplo-Studio/Content/Assets/Door/DoorUnlockedTextures/door_Low_lambert1_Emissive.uexp" 991
"C:/Users/Amir sanni/Desktop/Biplo/Roomba-Biplo-Studio/Content/Assets/Door/DoorUnlockedTextures/door_Low_lambert1_Normal.ubulk" 992
"C:/Users/Amir sanni/Desktop/Biplo/Roomba-Biplo-Studio/Content/Assets/Door/DoorUnlockedTextures/door_Low_lambert1_Normal.uasset" 993
"C:/Users/Amir sanni/Desktop/Biplo/Roomba-Biplo-Studio/Content/Assets/Door/DoorUnlockedTextures/door_Low_lambert1_Normal.uexp" 994
"C:/Users/Amir sanni/Desktop/Biplo/Roomba-Biplo-Studio/Content/Assets/Door/DoorUnlockedTextures/door_Low_lambert1_BaseColor.ubulk" 995
"C:/Users/Amir sanni/Desktop/Biplo/Roomba-Biplo-Studio/Content/Assets/Door/DoorUnlockedTextures/door_Low_lambert1_BaseColor.uasset" 996
"C:/Users/Amir sanni/Desktop/Biplo/Roomba-Biplo-Studio/Content/Assets/Door/DoorUnlockedTextures/door_Low_lambert1_BaseColor.uexp" 997
"C:/Users/Amir sanni/Desktop/Biplo/Roomba-Biplo-Studio/Content/Assets/Door/DoorUnlockedTextures/door_Low_lambert1_OcclusionRoughnessMetallic.ubulk" 998
"C:/Users/Amir sanni/Desktop/Biplo/Roomba-Biplo-Studio/Content/Assets/Door/DoorUnlockedTextures/door_Low_lambert1_OcclusionRoughnessMetallic.uasset" 999
"C:/Users/Amir sanni/Desktop/Biplo/Roomba-Biplo-Studio/Content/Assets/Door/DoorUnlockedTextures/door_Low_lambert1_OcclusionRoughnessMetallic.uexp" 1000
"C:/Users/Amir sanni/Desktop/Biplo/Roomba-Biplo-Studio/Content/Assets/Door/DoorUnlockedTextures/M_DoorUnlocked.uasset" 1001
"C:/Users/Amir sanni/Desktop/Biplo/Roomba-Biplo-Studio/Content/Assets/Door/DoorUnlockedTextures/M_DoorUnlocked.uexp" 1002
"C:/Users/Amir sanni/Desktop/Biplo/Roomba-Biplo-Studio/Content/Assets/BakeryDoor.ubulk" 1003
"C:/Users/Amir sanni/Desktop/Biplo/Roomba-Biplo-Studio/Content/Assets/BakeryDoor.uasset" 1004
"C:/Users/Amir sanni/Desktop/Biplo/Roomba-Biplo-Studio/Content/Assets/BakeryDoor.uexp" 1005
"C:/Users/Amir sanni/Desktop/Biplo/Roomba-Biplo-Studio/Content/InteractPrototypeBP/Triggers/DoorTrigger/DoorInteractable_BP.uasset" 1006
"C:/Users/Amir sanni/Desktop/Biplo/Roomba-Biplo-Studio/Content/InteractPrototypeBP/Triggers/DoorTrigger/DoorInteractable_BP.uexp" 1007
"C:/Users/Amir sanni/Desktop/Biplo/Roomba-Biplo-Studio/Content/LevelDesign/DavidsCooking/M_RedWire.uasset" 1008
"C:/Users/Amir sanni/Desktop/Biplo/Roomba-Biplo-Studio/Content/LevelDesign/DavidsCooking/M_RedWire.uexp" 1009
"C:/Users/Amir sanni/Desktop/Biplo/Roomba-Biplo-Studio/Content/NewAssetsCool/TimedPowerboxes/timedFuseBox_standardSurface1_BaseColor.ubulk" 1010
"C:/Users/Amir sanni/Desktop/Biplo/Roomba-Biplo-Studio/Content/NewAssetsCool/TimedPowerboxes/timedFuseBox_standardSurface1_BaseColor.uasset" 1011
"C:/Users/Amir sanni/Desktop/Biplo/Roomba-Biplo-Studio/Content/NewAssetsCool/TimedPowerboxes/timedFuseBox_standardSurface1_BaseColor.uexp" 1012
"C:/Users/Amir sanni/Desktop/Biplo/Roomba-Biplo-Studio/Content/NewAssetsCool/TimedPowerboxes/timedFuseBox_standardSurface1_Normal.ubulk" 1013
"C:/Users/Amir sanni/Desktop/Biplo/Roomba-Biplo-Studio/Content/NewAssetsCool/TimedPowerboxes/timedFuseBox_standardSurface1_Normal.uasset" 1014
"C:/Users/Amir sanni/Desktop/Biplo/Roomba-Biplo-Studio/Content/NewAssetsCool/TimedPowerboxes/timedFuseBox_standardSurface1_Normal.uexp" 1015
"C:/Users/Amir sanni/Desktop/Biplo/Roomba-Biplo-Studio/Content/NewAssetsCool/TimedPowerboxes/timedFuseBox_standardSurface1_OcclusionRoughnessMetallic.ubulk" 1016
"C:/Users/Amir sanni/Desktop/Biplo/Roomba-Biplo-Studio/Content/NewAssetsCool/TimedPowerboxes/timedFuseBox_standardSurface1_OcclusionRoughnessMetallic.uasset" 1017
"C:/Users/Amir sanni/Desktop/Biplo/Roomba-Biplo-Studio/Content/NewAssetsCool/TimedPowerboxes/timedFuseBox_standardSurface1_OcclusionRoughnessMetallic.uexp" 1018
"C:/Users/Amir sanni/Desktop/Biplo/Roomba-Biplo-Studio/Content/NewAssetsCool/TimedPowerboxes/timedFuseBox_standardSurface1_Emissive.ubulk" 1019
"C:/Users/Amir sanni/Desktop/Biplo/Roomba-Biplo-Studio/Content/NewAssetsCool/TimedPowerboxes/timedFuseBox_standardSurface1_Emissive.uasset" 1020
"C:/Users/Amir sanni/Desktop/Biplo/Roomba-Biplo-Studio/Content/NewAssetsCool/TimedPowerboxes/timedFuseBox_standardSurface1_Emissive.uexp" 1021
"C:/Users/Amir sanni/Desktop/Biplo/Roomba-Biplo-Studio/Content/NewAssetsCool/TimedPowerboxes/M_TimedFuseBox.uasset" 1022
"C:/Users/Amir sanni/Desktop/Biplo/Roomba-Biplo-Studio/Content/NewAssetsCool/TimedPowerboxes/M_TimedFuseBox.uexp" 1023
"C:/Users/Amir sanni/Desktop/Biplo/Roomba-Biplo-Studio/Content/LevelDesign/DavidsCooking/M_GreenWire.uasset" 1024
"C:/Users/Amir sanni/Desktop/Biplo/Roomba-Biplo-Studio/Content/LevelDesign/DavidsCooking/M_GreenWire.uexp" 1025
"C:/Users/Amir sanni/Desktop/Biplo/Roomba-Biplo-Studio/Content/Assets/Fusebox/fuseBox2_standardSurface1_OcclusionRoughnessMetallic.ubulk" 1026
"C:/Users/Amir sanni/Desktop/Biplo/Roomba-Biplo-Studio/Content/Assets/Fusebox/fuseBox2_standardSurface1_OcclusionRoughnessMetallic.uasset" 1027
"C:/Users/Amir sanni/Desktop/Biplo/Roomba-Biplo-Studio/Content/Assets/Fusebox/fuseBox2_standardSurface1_OcclusionRoughnessMetallic.uexp" 1028
"C:/Users/Amir sanni/Desktop/Biplo/Roomba-Biplo-Studio/Content/Assets/Fusebox/fuseBox2_standardSurface1_BaseColor.ubulk" 1029
"C:/Users/Amir sanni/Desktop/Biplo/Roomba-Biplo-Studio/Content/Assets/Fusebox/fuseBox2_standardSurface1_BaseColor.uasset" 1030
"C:/Users/Amir sanni/Desktop/Biplo/Roomba-Biplo-Studio/Content/Assets/Fusebox/fuseBox2_standardSurface1_BaseColor.uexp" 1031
"C:/Users/Amir sanni/Desktop/Biplo/Roomba-Biplo-Studio/Content/Assets/Fusebox/fuseBox2_standardSurface1_Normal.ubulk" 1032
"C:/Users/Amir sanni/Desktop/Biplo/Roomba-Biplo-Studio/Content/Assets/Fusebox/fuseBox2_standardSurface1_Normal.uasset" 1033
"C:/Users/Amir sanni/Desktop/Biplo/Roomba-Biplo-Studio/Content/Assets/Fusebox/fuseBox2_standardSurface1_Normal.uexp" 1034
"C:/Users/Amir sanni/Desktop/Biplo/Roomba-Biplo-Studio/Content/Assets/Fusebox/FuseMat.uasset" 1035
"C:/Users/Amir sanni/Desktop/Biplo/Roomba-Biplo-Studio/Content/Assets/Fusebox/FuseMat.uexp" 1036
"C:/Users/Amir sanni/Desktop/Biplo/Roomba-Biplo-Studio/Content/Assets/fuseBox2.ubulk" 1037
"C:/Users/Amir sanni/Desktop/Biplo/Roomba-Biplo-Studio/Content/Assets/fuseBox2.uasset" 1038
"C:/Users/Amir sanni/Desktop/Biplo/Roomba-Biplo-Studio/Content/Assets/fuseBox2.uexp" 1039
"C:/Users/Amir sanni/Desktop/Biplo/Roomba-Biplo-Studio/Content/InteractPrototypeBP/ProximityPromptComponent_BP.uasset" 1040
"C:/Users/Amir sanni/Desktop/Biplo/Roomba-Biplo-Studio/Content/InteractPrototypeBP/ProximityPromptComponent_BP.uexp" 1041
"C:/Users/Amir sanni/Desktop/Biplo/Roomba-Biplo-Studio/Content/Audio/Raw_Audio/Player_noises/Zap_noise_alt.ubulk" 1042
"C:/Users/Amir sanni/Desktop/Biplo/Roomba-Biplo-Studio/Content/Audio/Raw_Audio/Player_noises/Zap_noise_alt.uasset" 1043
"C:/Users/Amir sanni/Desktop/Biplo/Roomba-Biplo-Studio/Content/Audio/Raw_Audio/Player_noises/Zap_noise_alt.uexp" 1044
"C:/Users/Amir sanni/Desktop/Biplo/Roomba-Biplo-Studio/Content/StarterContent/Textures/T_Wood_Floor_Walnut_M.ubulk" 1045
"C:/Users/Amir sanni/Desktop/Biplo/Roomba-Biplo-Studio/Content/StarterContent/Textures/T_Wood_Floor_Walnut_M.uasset" 1046
"C:/Users/Amir sanni/Desktop/Biplo/Roomba-Biplo-Studio/Content/StarterContent/Textures/T_Wood_Floor_Walnut_M.uexp" 1047
"C:/Users/Amir sanni/Desktop/Biplo/Roomba-Biplo-Studio/Content/StarterContent/Textures/T_Wood_Floor_Walnut_D.ubulk" 1048
"C:/Users/Amir sanni/Desktop/Biplo/Roomba-Biplo-Studio/Content/StarterContent/Textures/T_Wood_Floor_Walnut_D.uasset" 1049
"C:/Users/Amir sanni/Desktop/Biplo/Roomba-Biplo-Studio/Content/StarterContent/Textures/T_Wood_Floor_Walnut_D.uexp" 1050
"C:/Users/Amir sanni/Desktop/Biplo/Roomba-Biplo-Studio/Content/StarterContent/Textures/T_Perlin_Noise_M.ubulk" 1051
"C:/Users/Amir sanni/Desktop/Biplo/Roomba-Biplo-Studio/Content/StarterContent/Textures/T_Perlin_Noise_M.uasset" 1052
"C:/Users/Amir sanni/Desktop/Biplo/Roomba-Biplo-Studio/Content/StarterContent/Textures/T_Perlin_Noise_M.uexp" 1053
"C:/Users/Amir sanni/Desktop/Biplo/Roomba-Biplo-Studio/Content/StarterContent/Textures/T_Wood_Floor_Walnut_N.ubulk" 1054
"C:/Users/Amir sanni/Desktop/Biplo/Roomba-Biplo-Studio/Content/StarterContent/Textures/T_Wood_Floor_Walnut_N.uasset" 1055
"C:/Users/Amir sanni/Desktop/Biplo/Roomba-Biplo-Studio/Content/StarterContent/Textures/T_Wood_Floor_Walnut_N.uexp" 1056
"C:/Users/Amir sanni/Desktop/Biplo/Roomba-Biplo-Studio/Content/StarterContent/Materials/M_Wood_Floor_Walnut_Polished.uasset" 1057
"C:/Users/Amir sanni/Desktop/Biplo/Roomba-Biplo-Studio/Content/StarterContent/Materials/M_Wood_Floor_Walnut_Polished.uexp" 1058
"C:/Users/Amir sanni/Desktop/Biplo/Roomba-Biplo-Studio/Content/InteractPrototypeBP/Triggers/DoorTrigger/PowerBox_BP.uasset" 1059
"C:/Users/Amir sanni/Desktop/Biplo/Roomba-Biplo-Studio/Content/InteractPrototypeBP/Triggers/DoorTrigger/PowerBox_BP.uexp" 1060
"C:/Users/Amir sanni/Desktop/Biplo/Roomba-Biplo-Studio/Content/InteractPrototypeBP/OpenDoorMat.uasset" 1061
"C:/Users/Amir sanni/Desktop/Biplo/Roomba-Biplo-Studio/Content/InteractPrototypeBP/OpenDoorMat.uexp" 1062
"C:/Users/Amir sanni/Desktop/Biplo/Roomba-Biplo-Studio/Content/InteractPrototypeBP/NewInteractionWidget_BP.uasset" 1063
"C:/Users/Amir sanni/Desktop/Biplo/Roomba-Biplo-Studio/Content/InteractPrototypeBP/NewInteractionWidget_BP.uexp" 1064
"C:/Users/Amir sanni/Desktop/Biplo/Roomba-Biplo-Studio/Content/InteractPrototypeBP/OldInteractionWidget_BP.uasset" 1065
"C:/Users/Amir sanni/Desktop/Biplo/Roomba-Biplo-Studio/Content/InteractPrototypeBP/OldInteractionWidget_BP.uexp" 1066
"../../../Engine/Content/BasicShapes/Plane.ubulk" 1067
"../../../Engine/Content/BasicShapes/Plane.uasset" 1068
"../../../Engine/Content/BasicShapes/Plane.uexp" 1069
"C:/Users/Amir sanni/Desktop/Biplo/Roomba-Biplo-Studio/Content/InteractPrototypeBP/Triggers/Gate/Gate_BP.uasset" 1070
"C:/Users/Amir sanni/Desktop/Biplo/Roomba-Biplo-Studio/Content/InteractPrototypeBP/Triggers/Gate/Gate_BP.uexp" 1071
"C:/Users/Amir sanni/Desktop/Biplo/Roomba-Biplo-Studio/Content/InteractPrototypeBP/Triggers/Gate/GatePowerBox_BP.uasset" 1072
"C:/Users/Amir sanni/Desktop/Biplo/Roomba-Biplo-Studio/Content/InteractPrototypeBP/Triggers/Gate/GatePowerBox_BP.uexp" 1073
"C:/Users/Amir sanni/Desktop/Biplo/Roomba-Biplo-Studio/Content/InteractPrototypeBP/ClosedDoorMat.uasset" 1074
"C:/Users/Amir sanni/Desktop/Biplo/Roomba-Biplo-Studio/Content/InteractPrototypeBP/ClosedDoorMat.uexp" 1075
"C:/Users/Amir sanni/Desktop/Biplo/Roomba-Biplo-Studio/Content/Assets/StreetLights/Streetlight_Low_lambert1_BaseColor.ubulk" 1076
"C:/Users/Amir sanni/Desktop/Biplo/Roomba-Biplo-Studio/Content/Assets/StreetLights/Streetlight_Low_lambert1_BaseColor.uasset" 1077
"C:/Users/Amir sanni/Desktop/Biplo/Roomba-Biplo-Studio/Content/Assets/StreetLights/Streetlight_Low_lambert1_BaseColor.uexp" 1078
"C:/Users/Amir sanni/Desktop/Biplo/Roomba-Biplo-Studio/Content/Assets/StreetLights/Streetlight_Low_lambert1_Normal.ubulk" 1079
"C:/Users/Amir sanni/Desktop/Biplo/Roomba-Biplo-Studio/Content/Assets/StreetLights/Streetlight_Low_lambert1_Normal.uasset" 1080
"C:/Users/Amir sanni/Desktop/Biplo/Roomba-Biplo-Studio/Content/Assets/StreetLights/Streetlight_Low_lambert1_Normal.uexp" 1081
"C:/Users/Amir sanni/Desktop/Biplo/Roomba-Biplo-Studio/Content/Assets/StreetLights/Streetlight_Low_lambert1_OcclusionRoughnessMetallic.ubulk" 1082
"C:/Users/Amir sanni/Desktop/Biplo/Roomba-Biplo-Studio/Content/Assets/StreetLights/Streetlight_Low_lambert1_OcclusionRoughnessMetallic.uasset" 1083
"C:/Users/Amir sanni/Desktop/Biplo/Roomba-Biplo-Studio/Content/Assets/StreetLights/Streetlight_Low_lambert1_OcclusionRoughnessMetallic.uexp" 1084
"C:/Users/Amir sanni/Desktop/Biplo/Roomba-Biplo-Studio/Content/Assets/StreetLights/M_StreetLightOff.uasset" 1085
"C:/Users/Amir sanni/Desktop/Biplo/Roomba-Biplo-Studio/Content/Assets/StreetLights/M_StreetLightOff.uexp" 1086
"C:/Users/Amir sanni/Desktop/Biplo/Roomba-Biplo-Studio/Content/Assets/StreetLights/Streetlight_Low_lambert1_Emissive.ubulk" 1087
"C:/Users/Amir sanni/Desktop/Biplo/Roomba-Biplo-Studio/Content/Assets/StreetLights/Streetlight_Low_lambert1_Emissive.uasset" 1088
"C:/Users/Amir sanni/Desktop/Biplo/Roomba-Biplo-Studio/Content/Assets/StreetLights/Streetlight_Low_lambert1_Emissive.uexp" 1089
"C:/Users/Amir sanni/Desktop/Biplo/Roomba-Biplo-Studio/Content/Assets/StreetLights/M_StreetLightOn.uasset" 1090
"C:/Users/Amir sanni/Desktop/Biplo/Roomba-Biplo-Studio/Content/Assets/StreetLights/M_StreetLightOn.uexp" 1091
"C:/Users/Amir sanni/Desktop/Biplo/Roomba-Biplo-Studio/Content/InteractPrototypeBP/Triggers/LightTrigger/SpotLightInteract_BP.uasset" 1092
"C:/Users/Amir sanni/Desktop/Biplo/Roomba-Biplo-Studio/Content/InteractPrototypeBP/Triggers/LightTrigger/SpotLightInteract_BP.uexp" 1093
"C:/Users/Amir sanni/Desktop/Biplo/Roomba-Biplo-Studio/Content/Audio/Attenuation/SA_Elevator.uasset" 1094
"C:/Users/Amir sanni/Desktop/Biplo/Roomba-Biplo-Studio/Content/Audio/Attenuation/SA_Elevator.uexp" 1095
"C:/Users/Amir sanni/Desktop/Biplo/Roomba-Biplo-Studio/Content/Audio/Raw_Audio/Ambient/PowerOn.ubulk" 1096
"C:/Users/Amir sanni/Desktop/Biplo/Roomba-Biplo-Studio/Content/Audio/Raw_Audio/Ambient/PowerOn.uasset" 1097
"C:/Users/Amir sanni/Desktop/Biplo/Roomba-Biplo-Studio/Content/Audio/Raw_Audio/Ambient/PowerOn.uexp" 1098
"C:/Users/Amir sanni/Desktop/Biplo/Roomba-Biplo-Studio/Content/Audio/Raw_Audio/LevelSounds/Elevator_Lift.ubulk" 1099
"C:/Users/Amir sanni/Desktop/Biplo/Roomba-Biplo-Studio/Content/Audio/Raw_Audio/LevelSounds/Elevator_Lift.uasset" 1100
"C:/Users/Amir sanni/Desktop/Biplo/Roomba-Biplo-Studio/Content/Audio/Raw_Audio/LevelSounds/Elevator_Lift.uexp" 1101
"C:/Users/Amir sanni/Desktop/Biplo/Roomba-Biplo-Studio/Content/Assets/Lift/M_LampOn.uasset" 1102
"C:/Users/Amir sanni/Desktop/Biplo/Roomba-Biplo-Studio/Content/Assets/Lift/M_LampOn.uexp" 1103
"C:/Users/Amir sanni/Desktop/Biplo/Roomba-Biplo-Studio/Content/Assets/Lift/Base/Lift_standardSurface1_OcclusionRoughnessMetallic.ubulk" 1104
"C:/Users/Amir sanni/Desktop/Biplo/Roomba-Biplo-Studio/Content/Assets/Lift/Base/Lift_standardSurface1_OcclusionRoughnessMetallic.uasset" 1105
"C:/Users/Amir sanni/Desktop/Biplo/Roomba-Biplo-Studio/Content/Assets/Lift/Base/Lift_standardSurface1_OcclusionRoughnessMetallic.uexp" 1106
"C:/Users/Amir sanni/Desktop/Biplo/Roomba-Biplo-Studio/Content/Assets/Lift/Base/Lift_standardSurface1_BaseColor.ubulk" 1107
"C:/Users/Amir sanni/Desktop/Biplo/Roomba-Biplo-Studio/Content/Assets/Lift/Base/Lift_standardSurface1_BaseColor.uasset" 1108
"C:/Users/Amir sanni/Desktop/Biplo/Roomba-Biplo-Studio/Content/Assets/Lift/Base/Lift_standardSurface1_BaseColor.uexp" 1109
"C:/Users/Amir sanni/Desktop/Biplo/Roomba-Biplo-Studio/Content/Assets/Lift/Base/Lift_standardSurface1_Normal.ubulk" 1110
"C:/Users/Amir sanni/Desktop/Biplo/Roomba-Biplo-Studio/Content/Assets/Lift/Base/Lift_standardSurface1_Normal.uasset" 1111
"C:/Users/Amir sanni/Desktop/Biplo/Roomba-Biplo-Studio/Content/Assets/Lift/Base/Lift_standardSurface1_Normal.uexp" 1112
"C:/Users/Amir sanni/Desktop/Biplo/Roomba-Biplo-Studio/Content/Assets/Lift/Base/M_LiftBase.uasset" 1113
"C:/Users/Amir sanni/Desktop/Biplo/Roomba-Biplo-Studio/Content/Assets/Lift/Base/M_LiftBase.uexp" 1114
"C:/Users/Amir sanni/Desktop/Biplo/Roomba-Biplo-Studio/Content/Assets/Lift/Lift_Fix.ubulk" 1115
"C:/Users/Amir sanni/Desktop/Biplo/Roomba-Biplo-Studio/Content/Assets/Lift/Lift_Fix.uasset" 1116
"C:/Users/Amir sanni/Desktop/Biplo/Roomba-Biplo-Studio/Content/Assets/Lift/Lift_Fix.uexp" 1117
"C:/Users/Amir sanni/Desktop/Biplo/Roomba-Biplo-Studio/Content/Assets/Lift/M_Gray.uasset" 1118
"C:/Users/Amir sanni/Desktop/Biplo/Roomba-Biplo-Studio/Content/Assets/Lift/M_Gray.uexp" 1119
"C:/Users/Amir sanni/Desktop/Biplo/Roomba-Biplo-Studio/Content/Assets/Lift/Gate.ubulk" 1120
"C:/Users/Amir sanni/Desktop/Biplo/Roomba-Biplo-Studio/Content/Assets/Lift/Gate.uasset" 1121
"C:/Users/Amir sanni/Desktop/Biplo/Roomba-Biplo-Studio/Content/Assets/Lift/Gate.uexp" 1122
"C:/Users/Amir sanni/Desktop/Biplo/Roomba-Biplo-Studio/Content/Assets/Lift/M_LampOff.uasset" 1123
"C:/Users/Amir sanni/Desktop/Biplo/Roomba-Biplo-Studio/Content/Assets/Lift/M_LampOff.uexp" 1124
"C:/Users/Amir sanni/Desktop/Biplo/Roomba-Biplo-Studio/Content/Assets/Lift/Lamp.ubulk" 1125
"C:/Users/Amir sanni/Desktop/Biplo/Roomba-Biplo-Studio/Content/Assets/Lift/Lamp.uasset" 1126
"C:/Users/Amir sanni/Desktop/Biplo/Roomba-Biplo-Studio/Content/Assets/Lift/Lamp.uexp" 1127
"C:/Users/Amir sanni/Desktop/Biplo/Roomba-Biplo-Studio/Content/Assets/Lift/Fence.ubulk" 1128
"C:/Users/Amir sanni/Desktop/Biplo/Roomba-Biplo-Studio/Content/Assets/Lift/Fence.uasset" 1129
"C:/Users/Amir sanni/Desktop/Biplo/Roomba-Biplo-Studio/Content/Assets/Lift/Fence.uexp" 1130
"C:/Users/Amir sanni/Desktop/Biplo/Roomba-Biplo-Studio/Content/InteractPrototypeBP/Triggers/Elevator/ElevatorInteract_BP.uasset" 1131
"C:/Users/Amir sanni/Desktop/Biplo/Roomba-Biplo-Studio/Content/InteractPrototypeBP/Triggers/Elevator/ElevatorInteract_BP.uexp" 1132
"C:/Users/Amir sanni/Desktop/Biplo/Roomba-Biplo-Studio/Content/LevelDesign/DavidsCooking/Wire_SM.ubulk" 1133
"C:/Users/Amir sanni/Desktop/Biplo/Roomba-Biplo-Studio/Content/LevelDesign/DavidsCooking/Wire_SM.uasset" 1134
"C:/Users/Amir sanni/Desktop/Biplo/Roomba-Biplo-Studio/Content/LevelDesign/DavidsCooking/Wire_SM.uexp" 1135
"C:/Users/Amir sanni/Desktop/Biplo/Roomba-Biplo-Studio/Content/InteractPrototypeBP/Triggers/Elevator/ElevatorPowerBox_BP.uasset" 1136
"C:/Users/Amir sanni/Desktop/Biplo/Roomba-Biplo-Studio/Content/InteractPrototypeBP/Triggers/Elevator/ElevatorPowerBox_BP.uexp" 1137
"C:/Users/Amir sanni/Desktop/Biplo/Roomba-Biplo-Studio/Content/BP_InteractableFurniture.uasset" 1138
"C:/Users/Amir sanni/Desktop/Biplo/Roomba-Biplo-Studio/Content/BP_InteractableFurniture.uexp" 1139
"C:/Users/Amir sanni/Desktop/Biplo/Roomba-Biplo-Studio/Content/InteractPrototypeBP/Triggers/Shutter/Shutter_BP.uasset" 1140
"C:/Users/Amir sanni/Desktop/Biplo/Roomba-Biplo-Studio/Content/InteractPrototypeBP/Triggers/Shutter/Shutter_BP.uexp" 1141
"C:/Users/Amir sanni/Desktop/Biplo/Roomba-Biplo-Studio/Content/Assets/Roomba/roomba1_Low_lambert1_BaseColor.ubulk" 1142
"C:/Users/Amir sanni/Desktop/Biplo/Roomba-Biplo-Studio/Content/Assets/Roomba/roomba1_Low_lambert1_BaseColor.uasset" 1143
"C:/Users/Amir sanni/Desktop/Biplo/Roomba-Biplo-Studio/Content/Assets/Roomba/roomba1_Low_lambert1_BaseColor.uexp" 1144
"C:/Users/Amir sanni/Desktop/Biplo/Roomba-Biplo-Studio/Content/PointLightInteract_BP.uasset" 1145
"C:/Users/Amir sanni/Desktop/Biplo/Roomba-Biplo-Studio/Content/PointLightInteract_BP.uexp" 1146
"C:/Users/Amir sanni/Desktop/Biplo/Roomba-Biplo-Studio/Content/Audio/Raw_Audio/LevelSounds/WarehouseAlt.ubulk" 1147
"C:/Users/Amir sanni/Desktop/Biplo/Roomba-Biplo-Studio/Content/Audio/Raw_Audio/LevelSounds/WarehouseAlt.uasset" 1148
"C:/Users/Amir sanni/Desktop/Biplo/Roomba-Biplo-Studio/Content/Audio/Raw_Audio/LevelSounds/WarehouseAlt.uexp" 1149
"C:/Users/Amir sanni/Desktop/Biplo/Roomba-Biplo-Studio/Content/InteractPrototypeBP/Triggers/Shutter/ShutterInteract_BP.uasset" 1150
"C:/Users/Amir sanni/Desktop/Biplo/Roomba-Biplo-Studio/Content/InteractPrototypeBP/Triggers/Shutter/ShutterInteract_BP.uexp" 1151
"C:/Users/Amir sanni/Desktop/Biplo/Roomba-Biplo-Studio/Content/StarterContent/Textures/T_Spark_Core.ubulk" 1152
"C:/Users/Amir sanni/Desktop/Biplo/Roomba-Biplo-Studio/Content/StarterContent/Textures/T_Spark_Core.uasset" 1153
"C:/Users/Amir sanni/Desktop/Biplo/Roomba-Biplo-Studio/Content/StarterContent/Textures/T_Spark_Core.uexp" 1154
"C:/Users/Amir sanni/Desktop/Biplo/Roomba-Biplo-Studio/Content/StarterContent/Particles/Materials/M_Spark.uasset" 1155
"C:/Users/Amir sanni/Desktop/Biplo/Roomba-Biplo-Studio/Content/StarterContent/Particles/Materials/M_Spark.uexp" 1156
"C:/Users/Amir sanni/Desktop/Biplo/Roomba-Biplo-Studio/Content/StarterContent/Particles/Materials/M_Radial_Gradient.uasset" 1157
"C:/Users/Amir sanni/Desktop/Biplo/Roomba-Biplo-Studio/Content/StarterContent/Particles/Materials/M_Radial_Gradient.uexp" 1158
"C:/Users/Amir sanni/Desktop/Biplo/Roomba-Biplo-Studio/Content/StarterContent/Particles/P_Sparks2.uasset" 1159
"C:/Users/Amir sanni/Desktop/Biplo/Roomba-Biplo-Studio/Content/StarterContent/Particles/P_Sparks2.uexp" 1160
"C:/Users/Amir sanni/Desktop/Biplo/Roomba-Biplo-Studio/Content/Assets/2DImages/ENERGYBOX.uasset" 1161
"C:/Users/Amir sanni/Desktop/Biplo/Roomba-Biplo-Studio/Content/Assets/2DImages/ENERGYBOX.uexp" 1162
"C:/Users/Amir sanni/Desktop/Biplo/Roomba-Biplo-Studio/Content/InteractPrototypeBP/Triggers/LightTrigger/ButtonInteract_BP.uasset" 1163
"C:/Users/Amir sanni/Desktop/Biplo/Roomba-Biplo-Studio/Content/InteractPrototypeBP/Triggers/LightTrigger/ButtonInteract_BP.uexp" 1164
"C:/Users/Amir sanni/Desktop/Biplo/Roomba-Biplo-Studio/Content/InteractPrototypeBP/Triggers/MovingLight/BP_MovingLight.uasset" 1165
"C:/Users/Amir sanni/Desktop/Biplo/Roomba-Biplo-Studio/Content/InteractPrototypeBP/Triggers/MovingLight/BP_MovingLight.uexp" 1166
"C:/Users/Amir sanni/Desktop/Biplo/Roomba-Biplo-Studio/Content/Assets/Vignette.uasset" 1167
"C:/Users/Amir sanni/Desktop/Biplo/Roomba-Biplo-Studio/Content/Assets/Vignette.uexp" 1168
"C:/Users/Amir sanni/Desktop/Biplo/Roomba-Biplo-Studio/Content/Assets/Roomba/roomba__1__Roomba.ubulk" 1169
"C:/Users/Amir sanni/Desktop/Biplo/Roomba-Biplo-Studio/Content/Assets/Roomba/roomba__1__Roomba.uasset" 1170
"C:/Users/Amir sanni/Desktop/Biplo/Roomba-Biplo-Studio/Content/Assets/Roomba/roomba__1__Roomba.uexp" 1171
"C:/Users/Amir sanni/Desktop/Biplo/Roomba-Biplo-Studio/Content/Assets/roomba1_Low_lambert1_Emissive.ubulk" 1172
"C:/Users/Amir sanni/Desktop/Biplo/Roomba-Biplo-Studio/Content/Assets/roomba1_Low_lambert1_Emissive.uasset" 1173
"C:/Users/Amir sanni/Desktop/Biplo/Roomba-Biplo-Studio/Content/Assets/roomba1_Low_lambert1_Emissive.uexp" 1174
"C:/Users/Amir sanni/Desktop/Biplo/Roomba-Biplo-Studio/Content/Assets/roomba1_Low_lambert1_Normal.ubulk" 1175
"C:/Users/Amir sanni/Desktop/Biplo/Roomba-Biplo-Studio/Content/Assets/roomba1_Low_lambert1_Normal.uasset" 1176
"C:/Users/Amir sanni/Desktop/Biplo/Roomba-Biplo-Studio/Content/Assets/roomba1_Low_lambert1_Normal.uexp" 1177
"C:/Users/Amir sanni/Desktop/Biplo/Roomba-Biplo-Studio/Content/Assets/roomba1_Low_lambert1_OcclusionRoughnessMetallic.ubulk" 1178
"C:/Users/Amir sanni/Desktop/Biplo/Roomba-Biplo-Studio/Content/Assets/roomba1_Low_lambert1_OcclusionRoughnessMetallic.uasset" 1179
"C:/Users/Amir sanni/Desktop/Biplo/Roomba-Biplo-Studio/Content/Assets/roomba1_Low_lambert1_OcclusionRoughnessMetallic.uexp" 1180
"C:/Users/Amir sanni/Desktop/Biplo/Roomba-Biplo-Studio/Content/Assets/Roomba/M_Roomba.uasset" 1181
"C:/Users/Amir sanni/Desktop/Biplo/Roomba-Biplo-Studio/Content/Assets/Roomba/M_Roomba.uexp" 1182
"C:/Users/Amir sanni/Desktop/Biplo/Roomba-Biplo-Studio/Content/Assets/Roomba/roomba__1__Skeleton.uasset" 1183
"C:/Users/Amir sanni/Desktop/Biplo/Roomba-Biplo-Studio/Content/Assets/Roomba/roomba__1__Skeleton.uexp" 1184
"C:/Users/Amir sanni/Desktop/Biplo/Roomba-Biplo-Studio/Content/Assets/Roomba/roomba__1__PhysicsAsset.uasset" 1185
"C:/Users/Amir sanni/Desktop/Biplo/Roomba-Biplo-Studio/Content/Assets/Roomba/roomba__1__PhysicsAsset.uexp" 1186
"C:/Users/Amir sanni/Desktop/Biplo/Roomba-Biplo-Studio/Content/Assets/Roomba/roomba__1_.uasset" 1187
"C:/Users/Amir sanni/Desktop/Biplo/Roomba-Biplo-Studio/Content/Assets/Roomba/roomba__1_.uexp" 1188
"../../../Engine/Content/EngineMaterials/BlendFunc_DefBlend.uasset" 1189
"../../../Engine/Content/EngineMaterials/BlendFunc_DefBlend.uexp" 1190
"../../../Engine/Content/EngineMaterials/BlendFunc_DefBase.uasset" 1191
"../../../Engine/Content/EngineMaterials/BlendFunc_DefBase.uexp" 1192
"../../../Engine/Content/Functions/Engine_MaterialFunctions03/Blends/Blend_Overlay.uasset" 1193
"../../../Engine/Content/Functions/Engine_MaterialFunctions03/Blends/Blend_Overlay.uexp" 1194
"C:/Users/Amir sanni/Desktop/Biplo/Roomba-Biplo-Studio/Content/Assets/2DImages/road.uasset" 1195
"C:/Users/Amir sanni/Desktop/Biplo/Roomba-Biplo-Studio/Content/Assets/2DImages/road.uexp" 1196
"C:/Users/Amir sanni/Desktop/Biplo/Roomba-Biplo-Studio/Content/Assets/Road/M_Road.uasset" 1197
"C:/Users/Amir sanni/Desktop/Biplo/Roomba-Biplo-Studio/Content/Assets/Road/M_Road.uexp" 1198
"C:/Users/Amir sanni/Desktop/Biplo/Roomba-Biplo-Studio/Content/Assets/2DImages/pavementSlab.uasset" 1199
"C:/Users/Amir sanni/Desktop/Biplo/Roomba-Biplo-Studio/Content/Assets/2DImages/pavementSlab.uexp" 1200
"C:/Users/Amir sanni/Desktop/Biplo/Roomba-Biplo-Studio/Content/Assets/Pavements/M_Pavement2.uasset" 1201
"C:/Users/Amir sanni/Desktop/Biplo/Roomba-Biplo-Studio/Content/Assets/Pavements/M_Pavement2.uexp" 1202
"C:/Users/Amir sanni/Desktop/Biplo/Roomba-Biplo-Studio/Content/Assets/Pavements/M_Pavement1.uasset" 1203
"C:/Users/Amir sanni/Desktop/Biplo/Roomba-Biplo-Studio/Content/Assets/Pavements/M_Pavement1.uexp" 1204
"C:/Users/Amir sanni/Desktop/Biplo/Roomba-Biplo-Studio/Content/Assets/HighRiseGlass0016_1_350.uasset" 1205
"C:/Users/Amir sanni/Desktop/Biplo/Roomba-Biplo-Studio/Content/Assets/HighRiseGlass0016_1_350.uexp" 1206
"C:/Users/Amir sanni/Desktop/Biplo/Roomba-Biplo-Studio/Content/Assets/M_background.uasset" 1207
"C:/Users/Amir sanni/Desktop/Biplo/Roomba-Biplo-Studio/Content/Assets/M_background.uexp" 1208
"C:/Users/Amir sanni/Desktop/Biplo/Roomba-Biplo-Studio/Content/Assets/GRUNGE_YARARR.ubulk" 1209
"C:/Users/Amir sanni/Desktop/Biplo/Roomba-Biplo-Studio/Content/Assets/GRUNGE_YARARR.uasset" 1210
"C:/Users/Amir sanni/Desktop/Biplo/Roomba-Biplo-Studio/Content/Assets/GRUNGE_YARARR.uexp" 1211
"C:/Users/Amir sanni/Desktop/Biplo/Roomba-Biplo-Studio/Content/Assets/M_InteriorGlass.uasset" 1212
"C:/Users/Amir sanni/Desktop/Biplo/Roomba-Biplo-Studio/Content/Assets/M_InteriorGlass.uexp" 1213
"C:/Users/Amir sanni/Desktop/Biplo/Roomba-Biplo-Studio/Content/Assets/MI_GLass.uasset" 1214
"C:/Users/Amir sanni/Desktop/Biplo/Roomba-Biplo-Studio/Content/Assets/MI_GLass.uexp" 1215
"C:/Users/Amir sanni/Desktop/Biplo/Roomba-Biplo-Studio/Content/Assets/Cignette2.uasset" 1216
"C:/Users/Amir sanni/Desktop/Biplo/Roomba-Biplo-Studio/Content/Assets/Cignette2.uexp" 1217
"../../../Engine/Plugins/Interchange/Runtime/Content/gltf/MaterialFunctions/MF_RotateV2.uasset" 1218
"../../../Engine/Plugins/Interchange/Runtime/Content/gltf/MaterialFunctions/MF_RotateV2.uexp" 1219
"../../../Engine/Plugins/Interchange/Runtime/Content/gltf/MaterialFunctions/MF_TransformUVs.uasset" 1220
"../../../Engine/Plugins/Interchange/Runtime/Content/gltf/MaterialFunctions/MF_TransformUVs.uexp" 1221
"../../../Engine/Plugins/Interchange/Runtime/Content/gltf/Textures/T_White_srgb.uasset" 1222
"../../../Engine/Plugins/Interchange/Runtime/Content/gltf/Textures/T_White_srgb.uexp" 1223
"../../../Engine/Plugins/Interchange/Runtime/Content/gltf/MaterialFunctions/MF_BaseColor.uasset" 1224
"../../../Engine/Plugins/Interchange/Runtime/Content/gltf/MaterialFunctions/MF_BaseColor.uexp" 1225
"../../../Engine/Plugins/Interchange/Runtime/Content/gltf/MaterialBodies/MF_Unlit_Body.uasset" 1226
"../../../Engine/Plugins/Interchange/Runtime/Content/gltf/MaterialBodies/MF_Unlit_Body.uexp" 1227
"../../../Engine/Plugins/Interchange/Runtime/Content/gltf/M_Unlit.uasset" 1228
"../../../Engine/Plugins/Interchange/Runtime/Content/gltf/M_Unlit.uexp" 1229
"../../../Engine/Plugins/Interchange/Runtime/Content/gltf/MaterialInstances/MI_Unlit_Opaque_DS.uasset" 1230
"../../../Engine/Plugins/Interchange/Runtime/Content/gltf/MaterialInstances/MI_Unlit_Opaque_DS.uexp" 1231
"../../../Engine/Plugins/Interchange/Runtime/Content/gltf/MaterialInstances/MI_Unlit_Opaque.uasset" 1232
"../../../Engine/Plugins/Interchange/Runtime/Content/gltf/MaterialInstances/MI_Unlit_Opaque.uexp" 1233
"../../../Engine/Plugins/Interchange/Runtime/Content/gltf/MaterialInstances/MI_Unlit_Mask_DS.uasset" 1234
"../../../Engine/Plugins/Interchange/Runtime/Content/gltf/MaterialInstances/MI_Unlit_Mask_DS.uexp" 1235
"../../../Engine/Plugins/Interchange/Runtime/Content/gltf/MaterialInstances/MI_Unlit_Mask.uasset" 1236
"../../../Engine/Plugins/Interchange/Runtime/Content/gltf/MaterialInstances/MI_Unlit_Mask.uexp" 1237
"../../../Engine/Plugins/Interchange/Runtime/Content/gltf/MaterialInstances/MI_Unlit_Blend_DS.uasset" 1238
"../../../Engine/Plugins/Interchange/Runtime/Content/gltf/MaterialInstances/MI_Unlit_Blend_DS.uexp" 1239
"../../../Engine/Plugins/Interchange/Runtime/Content/gltf/MaterialInstances/MI_Unlit_Blend.uasset" 1240
"../../../Engine/Plugins/Interchange/Runtime/Content/gltf/MaterialInstances/MI_Unlit_Blend.uexp" 1241
"../../../Engine/Plugins/Interchange/Runtime/Content/gltf/MaterialFunctions/MF_Iridescence.uasset" 1242
"../../../Engine/Plugins/Interchange/Runtime/Content/gltf/MaterialFunctions/MF_Iridescence.uexp" 1243
"../../../Engine/Plugins/Interchange/Runtime/Content/gltf/Textures/T_White_Linear.uasset" 1244
"../../../Engine/Plugins/Interchange/Runtime/Content/gltf/Textures/T_White_Linear.uexp" 1245
"../../../Engine/Plugins/Interchange/Runtime/Content/gltf/MaterialFunctions/MF_MetallicRoughness.uasset" 1246
"../../../Engine/Plugins/Interchange/Runtime/Content/gltf/MaterialFunctions/MF_MetallicRoughness.uexp" 1247
"../../../Engine/Plugins/Interchange/Runtime/Content/gltf/MaterialFunctions/MF_Transmission.uasset" 1248
"../../../Engine/Plugins/Interchange/Runtime/Content/gltf/MaterialFunctions/MF_Transmission.uexp" 1249
"../../../Engine/Plugins/Interchange/Runtime/Content/gltf/MaterialFunctions/MF_Occlusion.uasset" 1250
"../../../Engine/Plugins/Interchange/Runtime/Content/gltf/MaterialFunctions/MF_Occlusion.uexp" 1251
"../../../Engine/Plugins/Interchange/Runtime/Content/gltf/MaterialFunctions/MF_Specular.uasset" 1252
"../../../Engine/Plugins/Interchange/Runtime/Content/gltf/MaterialFunctions/MF_Specular.uexp" 1253
"../../../Engine/Plugins/Interchange/Runtime/Content/gltf/MaterialFunctions/MF_IOR.uasset" 1254
"../../../Engine/Plugins/Interchange/Runtime/Content/gltf/MaterialFunctions/MF_IOR.uexp" 1255
"../../../Engine/Plugins/Interchange/Runtime/Content/gltf/MaterialFunctions/MF_RotateNormals_TS.uasset" 1256
"../../../Engine/Plugins/Interchange/Runtime/Content/gltf/MaterialFunctions/MF_RotateNormals_TS.uexp" 1257
"../../../Engine/Plugins/Interchange/Runtime/Content/gltf/Textures/T_Generic_N.uasset" 1258
"../../../Engine/Plugins/Interchange/Runtime/Content/gltf/Textures/T_Generic_N.uexp" 1259
"../../../Engine/Plugins/Interchange/Runtime/Content/gltf/MaterialFunctions/MF_Normals.uasset" 1260
"../../../Engine/Plugins/Interchange/Runtime/Content/gltf/MaterialFunctions/MF_Normals.uexp" 1261
"../../../Engine/Plugins/Interchange/Runtime/Content/gltf/MaterialBodies/MF_Transmission_Body.uasset" 1262
"../../../Engine/Plugins/Interchange/Runtime/Content/gltf/MaterialBodies/MF_Transmission_Body.uexp" 1263
"../../../Engine/Plugins/Interchange/Runtime/Content/gltf/M_Transmission.uasset" 1264
"../../../Engine/Plugins/Interchange/Runtime/Content/gltf/M_Transmission.uexp" 1265
"../../../Engine/Plugins/Interchange/Runtime/Content/gltf/MaterialInstances/MI_Transmission_DS.uasset" 1266
"../../../Engine/Plugins/Interchange/Runtime/Content/gltf/MaterialInstances/MI_Transmission_DS.uexp" 1267
"../../../Engine/Plugins/Interchange/Runtime/Content/gltf/MaterialInstances/MI_Transmission.uasset" 1268
"../../../Engine/Plugins/Interchange/Runtime/Content/gltf/MaterialInstances/MI_Transmission.uexp" 1269
"../../../Engine/Plugins/Interchange/Runtime/Content/gltf/MaterialFunctions/MF_DiffuseSpecGloss.uasset" 1270
"../../../Engine/Plugins/Interchange/Runtime/Content/gltf/MaterialFunctions/MF_DiffuseSpecGloss.uexp" 1271
"../../../Engine/Content/Functions/Engine_MaterialFunctions02/Math/AddComponents.uasset" 1272
"../../../Engine/Content/Functions/Engine_MaterialFunctions02/Math/AddComponents.uexp" 1273
"../../../Engine/Plugins/Interchange/Runtime/Content/gltf/MaterialFunctions/MF_PerceivedBrightness.uasset" 1274
"../../../Engine/Plugins/Interchange/Runtime/Content/gltf/MaterialFunctions/MF_PerceivedBrightness.uexp" 1275
"../../../Engine/Plugins/Interchange/Runtime/Content/gltf/MaterialFunctions/MF_Emissive.uasset" 1276
"../../../Engine/Plugins/Interchange/Runtime/Content/gltf/MaterialFunctions/MF_Emissive.uexp" 1277
"../../../Engine/Plugins/Interchange/Runtime/Content/gltf/MaterialFunctions/MF_SpecGlossToMetalRoughness.uasset" 1278
"../../../Engine/Plugins/Interchange/Runtime/Content/gltf/MaterialFunctions/MF_SpecGlossToMetalRoughness.uexp" 1279
"../../../Engine/Plugins/Interchange/Runtime/Content/gltf/MaterialBodies/MF_SpecularGlossiness_Body.uasset" 1280
"../../../Engine/Plugins/Interchange/Runtime/Content/gltf/MaterialBodies/MF_SpecularGlossiness_Body.uexp" 1281
"../../../Engine/Plugins/Interchange/Runtime/Content/gltf/M_SpecularGlossiness.uasset" 1282
"../../../Engine/Plugins/Interchange/Runtime/Content/gltf/M_SpecularGlossiness.uexp" 1283
"../../../Engine/Plugins/Interchange/Runtime/Content/gltf/MaterialInstances/MI_SpecularGlossiness_Opaque_DS.uasset" 1284
"../../../Engine/Plugins/Interchange/Runtime/Content/gltf/MaterialInstances/MI_SpecularGlossiness_Opaque_DS.uexp" 1285
"../../../Engine/Plugins/Interchange/Runtime/Content/gltf/MaterialInstances/MI_SpecularGlossiness_Opaque.uasset" 1286
"../../../Engine/Plugins/Interchange/Runtime/Content/gltf/MaterialInstances/MI_SpecularGlossiness_Opaque.uexp" 1287
"../../../Engine/Plugins/Interchange/Runtime/Content/gltf/MaterialInstances/MI_SpecularGlossiness_Mask_DS.uasset" 1288
"../../../Engine/Plugins/Interchange/Runtime/Content/gltf/MaterialInstances/MI_SpecularGlossiness_Mask_DS.uexp" 1289
"../../../Engine/Plugins/Interchange/Runtime/Content/gltf/MaterialInstances/MI_SpecularGlossiness_Mask.uasset" 1290
"../../../Engine/Plugins/Interchange/Runtime/Content/gltf/MaterialInstances/MI_SpecularGlossiness_Mask.uexp" 1291
"../../../Engine/Plugins/Interchange/Runtime/Content/gltf/MaterialInstances/MI_SpecularGlossiness_Blend_DS.uasset" 1292
"../../../Engine/Plugins/Interchange/Runtime/Content/gltf/MaterialInstances/MI_SpecularGlossiness_Blend_DS.uexp" 1293
"../../../Engine/Plugins/Interchange/Runtime/Content/gltf/MaterialInstances/MI_SpecularGlossiness_Blend.uasset" 1294
"../../../Engine/Plugins/Interchange/Runtime/Content/gltf/MaterialInstances/MI_SpecularGlossiness_Blend.uexp" 1295
"../../../Engine/Plugins/Interchange/Runtime/Content/gltf/MaterialFunctions/MF_Sheen.uasset" 1296
"../../../Engine/Plugins/Interchange/Runtime/Content/gltf/MaterialFunctions/MF_Sheen.uexp" 1297
"../../../Engine/Plugins/Interchange/Runtime/Content/gltf/MaterialBodies/MF_Sheen_Body.uasset" 1298
"../../../Engine/Plugins/Interchange/Runtime/Content/gltf/MaterialBodies/MF_Sheen_Body.uexp" 1299
"../../../Engine/Plugins/Interchange/Runtime/Content/gltf/M_Sheen.uasset" 1300
"../../../Engine/Plugins/Interchange/Runtime/Content/gltf/M_Sheen.uexp" 1301
"../../../Engine/Plugins/Interchange/Runtime/Content/gltf/MaterialInstances/MI_Sheen_Opaque_DS.uasset" 1302
"../../../Engine/Plugins/Interchange/Runtime/Content/gltf/MaterialInstances/MI_Sheen_Opaque_DS.uexp" 1303
"../../../Engine/Plugins/Interchange/Runtime/Content/gltf/MaterialInstances/MI_Sheen_Opaque.uasset" 1304
"../../../Engine/Plugins/Interchange/Runtime/Content/gltf/MaterialInstances/MI_Sheen_Opaque.uexp" 1305
"../../../Engine/Plugins/Interchange/Runtime/Content/gltf/MaterialInstances/MI_Sheen_Mask_DS.uasset" 1306
"../../../Engine/Plugins/Interchange/Runtime/Content/gltf/MaterialInstances/MI_Sheen_Mask_DS.uexp" 1307
"../../../Engine/Plugins/Interchange/Runtime/Content/gltf/MaterialInstances/MI_Sheen_Mask.uasset" 1308
"../../../Engine/Plugins/Interchange/Runtime/Content/gltf/MaterialInstances/MI_Sheen_Mask.uexp" 1309
"../../../Engine/Plugins/Interchange/Runtime/Content/gltf/MaterialInstances/MI_Sheen_Blend_DS.uasset" 1310
"../../../Engine/Plugins/Interchange/Runtime/Content/gltf/MaterialInstances/MI_Sheen_Blend_DS.uexp" 1311
"../../../Engine/Plugins/Interchange/Runtime/Content/gltf/MaterialInstances/MI_Sheen_Blend.uasset" 1312
"../../../Engine/Plugins/Interchange/Runtime/Content/gltf/MaterialInstances/MI_Sheen_Blend.uexp" 1313
"../../../Engine/Plugins/Interchange/Runtime/Content/gltf/MaterialBodies/MF_Default_Body.uasset" 1314
"../../../Engine/Plugins/Interchange/Runtime/Content/gltf/MaterialBodies/MF_Default_Body.uexp" 1315
"../../../Engine/Plugins/Interchange/Runtime/Content/gltf/M_Default.uasset" 1316
"../../../Engine/Plugins/Interchange/Runtime/Content/gltf/M_Default.uexp" 1317
"../../../Engine/Plugins/Interchange/Runtime/Content/gltf/MaterialInstances/MI_Default_Opaque_DS.uasset" 1318
"../../../Engine/Plugins/Interchange/Runtime/Content/gltf/MaterialInstances/MI_Default_Opaque_DS.uexp" 1319
"../../../Engine/Plugins/Interchange/Runtime/Content/gltf/MaterialInstances/MI_Default_Opaque.uasset" 1320
"../../../Engine/Plugins/Interchange/Runtime/Content/gltf/MaterialInstances/MI_Default_Opaque.uexp" 1321
"../../../Engine/Plugins/Interchange/Runtime/Content/gltf/MaterialInstances/MI_Default_Mask_DS.uasset" 1322
"../../../Engine/Plugins/Interchange/Runtime/Content/gltf/MaterialInstances/MI_Default_Mask_DS.uexp" 1323
"../../../Engine/Plugins/Interchange/Runtime/Content/gltf/MaterialInstances/MI_Default_Mask.uasset" 1324
"../../../Engine/Plugins/Interchange/Runtime/Content/gltf/MaterialInstances/MI_Default_Mask.uexp" 1325
"../../../Engine/Plugins/Interchange/Runtime/Content/gltf/MaterialInstances/MI_Default_Blend_DS.uasset" 1326
"../../../Engine/Plugins/Interchange/Runtime/Content/gltf/MaterialInstances/MI_Default_Blend_DS.uexp" 1327
"../../../Engine/Plugins/Interchange/Runtime/Content/gltf/MaterialInstances/MI_Default_Blend.uasset" 1328
"../../../Engine/Plugins/Interchange/Runtime/Content/gltf/MaterialInstances/MI_Default_Blend.uexp" 1329
"../../../Engine/Content/Functions/Engine_MaterialFunctions01/Texturing/FlattenNormal.uasset" 1330
"../../../Engine/Content/Functions/Engine_MaterialFunctions01/Texturing/FlattenNormal.uexp" 1331
"../../../Engine/Plugins/Interchange/Runtime/Content/gltf/MaterialFunctions/MF_Clearcoat.uasset" 1332
"../../../Engine/Plugins/Interchange/Runtime/Content/gltf/MaterialFunctions/MF_Clearcoat.uexp" 1333
"../../../Engine/Plugins/Interchange/Runtime/Content/gltf/MaterialBodies/MF_ClearCoat_Body.uasset" 1334
"../../../Engine/Plugins/Interchange/Runtime/Content/gltf/MaterialBodies/MF_ClearCoat_Body.uexp" 1335
"../../../Engine/Plugins/Interchange/Runtime/Content/gltf/M_ClearCoat.uasset" 1336
"../../../Engine/Plugins/Interchange/Runtime/Content/gltf/M_ClearCoat.uexp" 1337
"../../../Engine/Plugins/Interchange/Runtime/Content/gltf/MaterialInstances/MI_ClearCoat_Opaque_DS.uasset" 1338
"../../../Engine/Plugins/Interchange/Runtime/Content/gltf/MaterialInstances/MI_ClearCoat_Opaque_DS.uexp" 1339
"../../../Engine/Plugins/Interchange/Runtime/Content/gltf/MaterialInstances/MI_ClearCoat_Opaque.uasset" 1340
"../../../Engine/Plugins/Interchange/Runtime/Content/gltf/MaterialInstances/MI_ClearCoat_Opaque.uexp" 1341
"../../../Engine/Plugins/Interchange/Runtime/Content/gltf/MaterialInstances/MI_ClearCoat_Mask_DS.uasset" 1342
"../../../Engine/Plugins/Interchange/Runtime/Content/gltf/MaterialInstances/MI_ClearCoat_Mask_DS.uexp" 1343
"../../../Engine/Plugins/Interchange/Runtime/Content/gltf/MaterialInstances/MI_ClearCoat_Mask.uasset" 1344
"../../../Engine/Plugins/Interchange/Runtime/Content/gltf/MaterialInstances/MI_ClearCoat_Mask.uexp" 1345
"../../../Engine/Plugins/Interchange/Runtime/Content/gltf/MaterialInstances/MI_ClearCoat_Blend_DS.uasset" 1346
"../../../Engine/Plugins/Interchange/Runtime/Content/gltf/MaterialInstances/MI_ClearCoat_Blend_DS.uexp" 1347
"../../../Engine/Plugins/Interchange/Runtime/Content/gltf/MaterialInstances/MI_ClearCoat_Blend.uasset" 1348
"../../../Engine/Plugins/Interchange/Runtime/Content/gltf/MaterialInstances/MI_ClearCoat_Blend.uexp" 1349
"../../../Engine/Content/MobileResources/HUD/VirtualJoystick_Background.uasset" 1350
"../../../Engine/Content/MobileResources/HUD/VirtualJoystick_Background.uexp" 1351
"../../../Engine/Content/MobileResources/HUD/VirtualJoystick_Thumb.uasset" 1352
"../../../Engine/Content/MobileResources/HUD/VirtualJoystick_Thumb.uexp" 1353
"../../../Engine/Content/MobileResources/HUD/DefaultVirtualJoysticks.uasset" 1354
"../../../Engine/Content/MobileResources/HUD/DefaultVirtualJoysticks.uexp" 1355
"../../../Engine/Content/EngineSky/VolumetricClouds/CloudWeatherTexture.uasset" 1356
"../../../Engine/Content/EngineSky/VolumetricClouds/CloudWeatherTexture.uexp" 1357
"../../../Engine/Content/Functions/Engine_MaterialFunctions02/Utility/MakeFloat2.uasset" 1358
"../../../Engine/Content/Functions/Engine_MaterialFunctions02/Utility/MakeFloat2.uexp" 1359
"../../../Engine/Content/EngineSky/VolumetricClouds/CloudGradientTexture.uasset" 1360
"../../../Engine/Content/EngineSky/VolumetricClouds/CloudGradientTexture.uexp" 1361
"../../../Engine/Content/EngineSky/VolumetricClouds/T_NoiseShape64.ubulk" 1362
"../../../Engine/Content/EngineSky/VolumetricClouds/T_NoiseShape64.uasset" 1363
"../../../Engine/Content/EngineSky/VolumetricClouds/T_NoiseShape64.uexp" 1364
"../../../Engine/Content/EngineSky/VolumetricClouds/T_VolumeNoiseShape64.uasset" 1365
"../../../Engine/Content/EngineSky/VolumetricClouds/T_VolumeNoiseShape64.uexp" 1366
"../../../Engine/Content/EngineSky/VolumetricClouds/T_NoiseErosion.ubulk" 1367
"../../../Engine/Content/EngineSky/VolumetricClouds/T_NoiseErosion.uasset" 1368
"../../../Engine/Content/EngineSky/VolumetricClouds/T_NoiseErosion.uexp" 1369
"../../../Engine/Content/EngineSky/VolumetricClouds/T_VolumeNoiseErosion32.uasset" 1370
"../../../Engine/Content/EngineSky/VolumetricClouds/T_VolumeNoiseErosion32.uexp" 1371
"../../../Engine/Content/EngineSky/VolumetricClouds/m_SimpleVolumetricCloud.uasset" 1372
"../../../Engine/Content/EngineSky/VolumetricClouds/m_SimpleVolumetricCloud.uexp" 1373
"../../../Engine/Content/EngineSky/VolumetricClouds/m_SimpleVolumetricCloud_Inst.uasset" 1374
"../../../Engine/Content/EngineSky/VolumetricClouds/m_SimpleVolumetricCloud_Inst.uexp" 1375
"../../../Engine/Content/EngineResources/FilmGrains/Marcie_Grain_v3_128_M2_000.uasset" 1376
"../../../Engine/Content/EngineResources/FilmGrains/Marcie_Grain_v3_128_M2_000.uexp" 1377
"../../../Engine/Content/EditorResources/SequenceRecorder/RecordingIndicator.uasset" 1378
"../../../Engine/Content/EditorResources/SequenceRecorder/RecordingIndicator.uexp" 1379
"../../../Engine/Content/EditorResources/SequenceRecorder/Countdown.uasset" 1380
"../../../Engine/Content/EditorResources/SequenceRecorder/Countdown.uexp" 1381
"../../../Engine/Content/EditorMaterials/Dataflow/DataflowVertexMaterial.uasset" 1382
"../../../Engine/Content/EditorMaterials/Dataflow/DataflowVertexMaterial.uexp" 1383
"C:/Users/Amir sanni/Desktop/Biplo/Roomba-Biplo-Studio/Content/ThirdPerson/Maps/ThirdPersonMap_BuiltData.ubulk" 1384
"C:/Users/Amir sanni/Desktop/Biplo/Roomba-Biplo-Studio/Content/ThirdPerson/Maps/ThirdPersonMap_BuiltData.uasset" 1385
"C:/Users/Amir sanni/Desktop/Biplo/Roomba-Biplo-Studio/Content/ThirdPerson/Maps/ThirdPersonMap_BuiltData.uexp" 1386
"C:/Users/Amir sanni/Desktop/Biplo/Roomba-Biplo-Studio/Content/StarterContent/Materials/M_Basic_Wall.uasset" 1387
"C:/Users/Amir sanni/Desktop/Biplo/Roomba-Biplo-Studio/Content/StarterContent/Materials/M_Basic_Wall.uexp" 1388
"C:/Users/Amir sanni/Desktop/Biplo/Roomba-Biplo-Studio/Content/StarterContent/Shapes/Shape_WideCapsule.ubulk" 1389
"C:/Users/Amir sanni/Desktop/Biplo/Roomba-Biplo-Studio/Content/StarterContent/Shapes/Shape_WideCapsule.uasset" 1390
"C:/Users/Amir sanni/Desktop/Biplo/Roomba-Biplo-Studio/Content/StarterContent/Shapes/Shape_WideCapsule.uexp" 1391
"C:/Users/Amir sanni/Desktop/Biplo/Roomba-Biplo-Studio/Content/StarterContent/Shapes/Shape_Wedge_B.ubulk" 1392
"C:/Users/Amir sanni/Desktop/Biplo/Roomba-Biplo-Studio/Content/StarterContent/Shapes/Shape_Wedge_B.uasset" 1393
"C:/Users/Amir sanni/Desktop/Biplo/Roomba-Biplo-Studio/Content/StarterContent/Shapes/Shape_Wedge_B.uexp" 1394
"C:/Users/Amir sanni/Desktop/Biplo/Roomba-Biplo-Studio/Content/StarterContent/Shapes/Shape_Wedge_A.ubulk" 1395
"C:/Users/Amir sanni/Desktop/Biplo/Roomba-Biplo-Studio/Content/StarterContent/Shapes/Shape_Wedge_A.uasset" 1396
"C:/Users/Amir sanni/Desktop/Biplo/Roomba-Biplo-Studio/Content/StarterContent/Shapes/Shape_Wedge_A.uexp" 1397
"C:/Users/Amir sanni/Desktop/Biplo/Roomba-Biplo-Studio/Content/StarterContent/Shapes/Shape_Tube.ubulk" 1398
"C:/Users/Amir sanni/Desktop/Biplo/Roomba-Biplo-Studio/Content/StarterContent/Shapes/Shape_Tube.uasset" 1399
"C:/Users/Amir sanni/Desktop/Biplo/Roomba-Biplo-Studio/Content/StarterContent/Shapes/Shape_Tube.uexp" 1400
"C:/Users/Amir sanni/Desktop/Biplo/Roomba-Biplo-Studio/Content/StarterContent/Shapes/Shape_TriPyramid.ubulk" 1401
"C:/Users/Amir sanni/Desktop/Biplo/Roomba-Biplo-Studio/Content/StarterContent/Shapes/Shape_TriPyramid.uasset" 1402
"C:/Users/Amir sanni/Desktop/Biplo/Roomba-Biplo-Studio/Content/StarterContent/Shapes/Shape_TriPyramid.uexp" 1403
"C:/Users/Amir sanni/Desktop/Biplo/Roomba-Biplo-Studio/Content/StarterContent/Shapes/Shape_Trim_90_Out.ubulk" 1404
"C:/Users/Amir sanni/Desktop/Biplo/Roomba-Biplo-Studio/Content/StarterContent/Shapes/Shape_Trim_90_Out.uasset" 1405
"C:/Users/Amir sanni/Desktop/Biplo/Roomba-Biplo-Studio/Content/StarterContent/Shapes/Shape_Trim_90_Out.uexp" 1406
"C:/Users/Amir sanni/Desktop/Biplo/Roomba-Biplo-Studio/Content/StarterContent/Shapes/Shape_Trim_90_In.ubulk" 1407
"C:/Users/Amir sanni/Desktop/Biplo/Roomba-Biplo-Studio/Content/StarterContent/Shapes/Shape_Trim_90_In.uasset" 1408
"C:/Users/Amir sanni/Desktop/Biplo/Roomba-Biplo-Studio/Content/StarterContent/Shapes/Shape_Trim_90_In.uexp" 1409
"C:/Users/Amir sanni/Desktop/Biplo/Roomba-Biplo-Studio/Content/StarterContent/Shapes/Shape_Trim.ubulk" 1410
"C:/Users/Amir sanni/Desktop/Biplo/Roomba-Biplo-Studio/Content/StarterContent/Shapes/Shape_Trim.uasset" 1411
"C:/Users/Amir sanni/Desktop/Biplo/Roomba-Biplo-Studio/Content/StarterContent/Shapes/Shape_Trim.uexp" 1412
"C:/Users/Amir sanni/Desktop/Biplo/Roomba-Biplo-Studio/Content/StarterContent/Shapes/Shape_Torus.ubulk" 1413
"C:/Users/Amir sanni/Desktop/Biplo/Roomba-Biplo-Studio/Content/StarterContent/Shapes/Shape_Torus.uasset" 1414
"C:/Users/Amir sanni/Desktop/Biplo/Roomba-Biplo-Studio/Content/StarterContent/Shapes/Shape_Torus.uexp" 1415
"C:/Users/Amir sanni/Desktop/Biplo/Roomba-Biplo-Studio/Content/StarterContent/Shapes/Shape_Plane.ubulk" 1416
"C:/Users/Amir sanni/Desktop/Biplo/Roomba-Biplo-Studio/Content/StarterContent/Shapes/Shape_Plane.uasset" 1417
"C:/Users/Amir sanni/Desktop/Biplo/Roomba-Biplo-Studio/Content/StarterContent/Shapes/Shape_Plane.uexp" 1418
"C:/Users/Amir sanni/Desktop/Biplo/Roomba-Biplo-Studio/Content/StarterContent/Shapes/Shape_Pipe_90.ubulk" 1419
"C:/Users/Amir sanni/Desktop/Biplo/Roomba-Biplo-Studio/Content/StarterContent/Shapes/Shape_Pipe_90.uasset" 1420
"C:/Users/Amir sanni/Desktop/Biplo/Roomba-Biplo-Studio/Content/StarterContent/Shapes/Shape_Pipe_90.uexp" 1421
"C:/Users/Amir sanni/Desktop/Biplo/Roomba-Biplo-Studio/Content/StarterContent/Shapes/Shape_Pipe_180.ubulk" 1422
"C:/Users/Amir sanni/Desktop/Biplo/Roomba-Biplo-Studio/Content/StarterContent/Shapes/Shape_Pipe_180.uasset" 1423
"C:/Users/Amir sanni/Desktop/Biplo/Roomba-Biplo-Studio/Content/StarterContent/Shapes/Shape_Pipe_180.uexp" 1424
"C:/Users/Amir sanni/Desktop/Biplo/Roomba-Biplo-Studio/Content/StarterContent/Shapes/Shape_Pipe.ubulk" 1425
"C:/Users/Amir sanni/Desktop/Biplo/Roomba-Biplo-Studio/Content/StarterContent/Shapes/Shape_Pipe.uasset" 1426
"C:/Users/Amir sanni/Desktop/Biplo/Roomba-Biplo-Studio/Content/StarterContent/Shapes/Shape_Pipe.uexp" 1427
"C:/Users/Amir sanni/Desktop/Biplo/Roomba-Biplo-Studio/Content/StarterContent/Shapes/Shape_NarrowCapsule.ubulk" 1428
"C:/Users/Amir sanni/Desktop/Biplo/Roomba-Biplo-Studio/Content/StarterContent/Shapes/Shape_NarrowCapsule.uasset" 1429
"C:/Users/Amir sanni/Desktop/Biplo/Roomba-Biplo-Studio/Content/StarterContent/Shapes/Shape_NarrowCapsule.uexp" 1430
"C:/Users/Amir sanni/Desktop/Biplo/Roomba-Biplo-Studio/Content/StarterContent/Shapes/Shape_Cylinder.ubulk" 1431
"C:/Users/Amir sanni/Desktop/Biplo/Roomba-Biplo-Studio/Content/StarterContent/Shapes/Shape_Cylinder.uasset" 1432
"C:/Users/Amir sanni/Desktop/Biplo/Roomba-Biplo-Studio/Content/StarterContent/Shapes/Shape_Cylinder.uexp" 1433
"C:/Users/Amir sanni/Desktop/Biplo/Roomba-Biplo-Studio/Content/StarterContent/Shapes/Shape_Cone.ubulk" 1434
"C:/Users/Amir sanni/Desktop/Biplo/Roomba-Biplo-Studio/Content/StarterContent/Shapes/Shape_Cone.uasset" 1435
"C:/Users/Amir sanni/Desktop/Biplo/Roomba-Biplo-Studio/Content/StarterContent/Shapes/Shape_Cone.uexp" 1436
"C:/Users/Amir sanni/Desktop/Biplo/Roomba-Biplo-Studio/Content/StarterContent/Materials/M_Basic_Floor.uasset" 1437
"C:/Users/Amir sanni/Desktop/Biplo/Roomba-Biplo-Studio/Content/StarterContent/Materials/M_Basic_Floor.uexp" 1438
"C:/Users/Amir sanni/Desktop/Biplo/Roomba-Biplo-Studio/Content/StarterContent/Props/SM_Stairs.ubulk" 1439
"C:/Users/Amir sanni/Desktop/Biplo/Roomba-Biplo-Studio/Content/StarterContent/Props/SM_Stairs.uasset" 1440
"C:/Users/Amir sanni/Desktop/Biplo/Roomba-Biplo-Studio/Content/StarterContent/Props/SM_Stairs.uexp" 1441
"C:/Users/Amir sanni/Desktop/Biplo/Roomba-Biplo-Studio/Content/StarterContent/Textures/T_Shelf_N.ubulk" 1442
"C:/Users/Amir sanni/Desktop/Biplo/Roomba-Biplo-Studio/Content/StarterContent/Textures/T_Shelf_N.uasset" 1443
"C:/Users/Amir sanni/Desktop/Biplo/Roomba-Biplo-Studio/Content/StarterContent/Textures/T_Shelf_N.uexp" 1444
"C:/Users/Amir sanni/Desktop/Biplo/Roomba-Biplo-Studio/Content/StarterContent/Textures/T_Shelf_M.ubulk" 1445
"C:/Users/Amir sanni/Desktop/Biplo/Roomba-Biplo-Studio/Content/StarterContent/Textures/T_Shelf_M.uasset" 1446
"C:/Users/Amir sanni/Desktop/Biplo/Roomba-Biplo-Studio/Content/StarterContent/Textures/T_Shelf_M.uexp" 1447
"C:/Users/Amir sanni/Desktop/Biplo/Roomba-Biplo-Studio/Content/StarterContent/Props/Materials/M_Shelf.uasset" 1448
"C:/Users/Amir sanni/Desktop/Biplo/Roomba-Biplo-Studio/Content/StarterContent/Props/Materials/M_Shelf.uexp" 1449
"C:/Users/Amir sanni/Desktop/Biplo/Roomba-Biplo-Studio/Content/StarterContent/Props/SM_Shelf.ubulk" 1450
"C:/Users/Amir sanni/Desktop/Biplo/Roomba-Biplo-Studio/Content/StarterContent/Props/SM_Shelf.uasset" 1451
"C:/Users/Amir sanni/Desktop/Biplo/Roomba-Biplo-Studio/Content/StarterContent/Props/SM_Shelf.uexp" 1452
"../../../Engine/Content/Functions/Engine_MaterialFunctions02/Utility/BlendAngleCorrectedNormals.uasset" 1453
"../../../Engine/Content/Functions/Engine_MaterialFunctions02/Utility/BlendAngleCorrectedNormals.uexp" 1454
"C:/Users/Amir sanni/Desktop/Biplo/Roomba-Biplo-Studio/Content/StarterContent/Textures/T_Detail_Rocky_N.ubulk" 1455
"C:/Users/Amir sanni/Desktop/Biplo/Roomba-Biplo-Studio/Content/StarterContent/Textures/T_Detail_Rocky_N.uasset" 1456
"C:/Users/Amir sanni/Desktop/Biplo/Roomba-Biplo-Studio/Content/StarterContent/Textures/T_Detail_Rocky_N.uexp" 1457
"C:/Users/Amir sanni/Desktop/Biplo/Roomba-Biplo-Studio/Content/StarterContent/Textures/T_Rock_Basalt_D.ubulk" 1458
"C:/Users/Amir sanni/Desktop/Biplo/Roomba-Biplo-Studio/Content/StarterContent/Textures/T_Rock_Basalt_D.uasset" 1459
"C:/Users/Amir sanni/Desktop/Biplo/Roomba-Biplo-Studio/Content/StarterContent/Textures/T_Rock_Basalt_D.uexp" 1460
"C:/Users/Amir sanni/Desktop/Biplo/Roomba-Biplo-Studio/Content/StarterContent/Textures/T_RockMesh_N.ubulk" 1461
"C:/Users/Amir sanni/Desktop/Biplo/Roomba-Biplo-Studio/Content/StarterContent/Textures/T_RockMesh_N.uasset" 1462
"C:/Users/Amir sanni/Desktop/Biplo/Roomba-Biplo-Studio/Content/StarterContent/Textures/T_RockMesh_N.uexp" 1463
"C:/Users/Amir sanni/Desktop/Biplo/Roomba-Biplo-Studio/Content/StarterContent/Textures/T_RockMesh_M.ubulk" 1464
"C:/Users/Amir sanni/Desktop/Biplo/Roomba-Biplo-Studio/Content/StarterContent/Textures/T_RockMesh_M.uasset" 1465
"C:/Users/Amir sanni/Desktop/Biplo/Roomba-Biplo-Studio/Content/StarterContent/Textures/T_RockMesh_M.uexp" 1466
"C:/Users/Amir sanni/Desktop/Biplo/Roomba-Biplo-Studio/Content/StarterContent/Props/Materials/M_Rock.uasset" 1467
"C:/Users/Amir sanni/Desktop/Biplo/Roomba-Biplo-Studio/Content/StarterContent/Props/Materials/M_Rock.uexp" 1468
"C:/Users/Amir sanni/Desktop/Biplo/Roomba-Biplo-Studio/Content/StarterContent/Props/SM_Rock.ubulk" 1469
"C:/Users/Amir sanni/Desktop/Biplo/Roomba-Biplo-Studio/Content/StarterContent/Props/SM_Rock.uasset" 1470
"C:/Users/Amir sanni/Desktop/Biplo/Roomba-Biplo-Studio/Content/StarterContent/Props/SM_Rock.uexp" 1471
"C:/Users/Amir sanni/Desktop/Biplo/Roomba-Biplo-Studio/Content/StarterContent/Textures/T_Chair_N.ubulk" 1472
"C:/Users/Amir sanni/Desktop/Biplo/Roomba-Biplo-Studio/Content/StarterContent/Textures/T_Chair_N.uasset" 1473
"C:/Users/Amir sanni/Desktop/Biplo/Roomba-Biplo-Studio/Content/StarterContent/Textures/T_Chair_N.uexp" 1474
"C:/Users/Amir sanni/Desktop/Biplo/Roomba-Biplo-Studio/Content/StarterContent/Textures/T_Chair_M.ubulk" 1475
"C:/Users/Amir sanni/Desktop/Biplo/Roomba-Biplo-Studio/Content/StarterContent/Textures/T_Chair_M.uasset" 1476
"C:/Users/Amir sanni/Desktop/Biplo/Roomba-Biplo-Studio/Content/StarterContent/Textures/T_Chair_M.uexp" 1477
"C:/Users/Amir sanni/Desktop/Biplo/Roomba-Biplo-Studio/Content/StarterContent/Props/Materials/M_Chair.uasset" 1478
"C:/Users/Amir sanni/Desktop/Biplo/Roomba-Biplo-Studio/Content/StarterContent/Props/Materials/M_Chair.uexp" 1479
"C:/Users/Amir sanni/Desktop/Biplo/Roomba-Biplo-Studio/Content/StarterContent/Props/SM_Couch.ubulk" 1480
"C:/Users/Amir sanni/Desktop/Biplo/Roomba-Biplo-Studio/Content/StarterContent/Props/SM_Couch.uasset" 1481
"C:/Users/Amir sanni/Desktop/Biplo/Roomba-Biplo-Studio/Content/StarterContent/Props/SM_Couch.uexp" 1482
"C:/Users/Amir sanni/Desktop/Biplo/Roomba-Biplo-Studio/Content/StarterContent/Textures/T_Bush_N.ubulk" 1483
"C:/Users/Amir sanni/Desktop/Biplo/Roomba-Biplo-Studio/Content/StarterContent/Textures/T_Bush_N.uasset" 1484
"C:/Users/Amir sanni/Desktop/Biplo/Roomba-Biplo-Studio/Content/StarterContent/Textures/T_Bush_N.uexp" 1485
"C:/Users/Amir sanni/Desktop/Biplo/Roomba-Biplo-Studio/Content/StarterContent/Textures/T_Bush_D.ubulk" 1486
"C:/Users/Amir sanni/Desktop/Biplo/Roomba-Biplo-Studio/Content/StarterContent/Textures/T_Bush_D.uasset" 1487
"C:/Users/Amir sanni/Desktop/Biplo/Roomba-Biplo-Studio/Content/StarterContent/Textures/T_Bush_D.uexp" 1488
"C:/Users/Amir sanni/Desktop/Biplo/Roomba-Biplo-Studio/Content/StarterContent/Props/Materials/M_Bush.uasset" 1489
"C:/Users/Amir sanni/Desktop/Biplo/Roomba-Biplo-Studio/Content/StarterContent/Props/Materials/M_Bush.uexp" 1490
"C:/Users/Amir sanni/Desktop/Biplo/Roomba-Biplo-Studio/Content/StarterContent/Props/SM_Bush.ubulk" 1491
"C:/Users/Amir sanni/Desktop/Biplo/Roomba-Biplo-Studio/Content/StarterContent/Props/SM_Bush.uasset" 1492
"C:/Users/Amir sanni/Desktop/Biplo/Roomba-Biplo-Studio/Content/StarterContent/Props/SM_Bush.uexp" 1493
"C:/Users/Amir sanni/Desktop/Biplo/Roomba-Biplo-Studio/Content/StarterContent/Particles/P_Sparks1.uasset" 1494
"C:/Users/Amir sanni/Desktop/Biplo/Roomba-Biplo-Studio/Content/StarterContent/Particles/P_Sparks1.uexp" 1495
"C:/Users/Amir sanni/Desktop/Biplo/Roomba-Biplo-Studio/Content/StarterContent/Particles/P_Sparks.uasset" 1496
"C:/Users/Amir sanni/Desktop/Biplo/Roomba-Biplo-Studio/Content/StarterContent/Particles/P_Sparks.uexp" 1497
"C:/Users/Amir sanni/Desktop/Biplo/Roomba-Biplo-Studio/Content/StarterContent/Particles/Player_BP_redundant.uasset" 1498
"C:/Users/Amir sanni/Desktop/Biplo/Roomba-Biplo-Studio/Content/StarterContent/Particles/Player_BP_redundant.uexp" 1499
"../../../Engine/Content/EditorMeshes/ColorCalibrator/T_ColorGrid.ubulk" 1500
"../../../Engine/Content/EditorMeshes/ColorCalibrator/T_ColorGrid.uasset" 1501
"../../../Engine/Content/EditorMeshes/ColorCalibrator/T_ColorGrid.uexp" 1502
"C:/Users/Amir sanni/Desktop/Biplo/Roomba-Biplo-Studio/Content/StarterContent/Materials/M_ColorGrid_LowSpec.uasset" 1503
"C:/Users/Amir sanni/Desktop/Biplo/Roomba-Biplo-Studio/Content/StarterContent/Materials/M_ColorGrid_LowSpec.uexp" 1504
"C:/Users/Amir sanni/Desktop/Biplo/Roomba-Biplo-Studio/Content/StarterContent/Particles/P_Explosion.uasset" 1505
"C:/Users/Amir sanni/Desktop/Biplo/Roomba-Biplo-Studio/Content/StarterContent/Particles/P_Explosion.uexp" 1506
"C:/Users/Amir sanni/Desktop/Biplo/Roomba-Biplo-Studio/Content/StarterContent/Audio/Explosion_Cue.uasset" 1507
"C:/Users/Amir sanni/Desktop/Biplo/Roomba-Biplo-Studio/Content/StarterContent/Audio/Explosion_Cue.uexp" 1508
"C:/Users/Amir sanni/Desktop/Biplo/Roomba-Biplo-Studio/Content/StarterContent/Blueprints/Blueprint_Effect_Explosion.uasset" 1509
"C:/Users/Amir sanni/Desktop/Biplo/Roomba-Biplo-Studio/Content/StarterContent/Blueprints/Blueprint_Effect_Explosion.uexp" 1510
"C:/Users/Amir sanni/Desktop/Biplo/Roomba-Biplo-Studio/Content/StarterContent/Audio/Steam01.ubulk" 1511
"C:/Users/Amir sanni/Desktop/Biplo/Roomba-Biplo-Studio/Content/StarterContent/Audio/Steam01.uasset" 1512
"C:/Users/Amir sanni/Desktop/Biplo/Roomba-Biplo-Studio/Content/StarterContent/Audio/Steam01.uexp" 1513
"C:/Users/Amir sanni/Desktop/Biplo/Roomba-Biplo-Studio/Content/StarterContent/Audio/Starter_Wind06.ubulk" 1514
"C:/Users/Amir sanni/Desktop/Biplo/Roomba-Biplo-Studio/Content/StarterContent/Audio/Starter_Wind06.uasset" 1515
"C:/Users/Amir sanni/Desktop/Biplo/Roomba-Biplo-Studio/Content/StarterContent/Audio/Starter_Wind06.uexp" 1516
"C:/Users/Amir sanni/Desktop/Biplo/Roomba-Biplo-Studio/Content/StarterContent/Audio/Starter_Wind05.ubulk" 1517
"C:/Users/Amir sanni/Desktop/Biplo/Roomba-Biplo-Studio/Content/StarterContent/Audio/Starter_Wind05.uasset" 1518
"C:/Users/Amir sanni/Desktop/Biplo/Roomba-Biplo-Studio/Content/StarterContent/Audio/Starter_Wind05.uexp" 1519
"C:/Users/Amir sanni/Desktop/Biplo/Roomba-Biplo-Studio/Content/StarterContent/Audio/Starter_Music01.ubulk" 1520
"C:/Users/Amir sanni/Desktop/Biplo/Roomba-Biplo-Studio/Content/StarterContent/Audio/Starter_Music01.uasset" 1521
"C:/Users/Amir sanni/Desktop/Biplo/Roomba-Biplo-Studio/Content/StarterContent/Audio/Starter_Music01.uexp" 1522
"C:/Users/Amir sanni/Desktop/Biplo/Roomba-Biplo-Studio/Content/StarterContent/Audio/Starter_Birds01.ubulk" 1523
"C:/Users/Amir sanni/Desktop/Biplo/Roomba-Biplo-Studio/Content/StarterContent/Audio/Starter_Birds01.uasset" 1524
"C:/Users/Amir sanni/Desktop/Biplo/Roomba-Biplo-Studio/Content/StarterContent/Audio/Starter_Birds01.uexp" 1525
"C:/Users/Amir sanni/Desktop/Biplo/Roomba-Biplo-Studio/Content/StarterContent/Audio/Smoke01.ubulk" 1526
"C:/Users/Amir sanni/Desktop/Biplo/Roomba-Biplo-Studio/Content/StarterContent/Audio/Smoke01.uasset" 1527
"C:/Users/Amir sanni/Desktop/Biplo/Roomba-Biplo-Studio/Content/StarterContent/Audio/Smoke01.uexp" 1528
"C:/Users/Amir sanni/Desktop/Biplo/Roomba-Biplo-Studio/Content/StarterContent/Audio/Light02_Cue.uasset" 1529
"C:/Users/Amir sanni/Desktop/Biplo/Roomba-Biplo-Studio/Content/StarterContent/Audio/Light02_Cue.uexp" 1530
"C:/Users/Amir sanni/Desktop/Biplo/Roomba-Biplo-Studio/Content/StarterContent/Audio/Light02.ubulk" 1531
"C:/Users/Amir sanni/Desktop/Biplo/Roomba-Biplo-Studio/Content/StarterContent/Audio/Light02.uasset" 1532
"C:/Users/Amir sanni/Desktop/Biplo/Roomba-Biplo-Studio/Content/StarterContent/Audio/Light02.uexp" 1533
"C:/Users/Amir sanni/Desktop/Biplo/Roomba-Biplo-Studio/Content/StarterContent/Audio/Light01_Cue.uasset" 1534
"C:/Users/Amir sanni/Desktop/Biplo/Roomba-Biplo-Studio/Content/StarterContent/Audio/Light01_Cue.uexp" 1535
"C:/Users/Amir sanni/Desktop/Biplo/Roomba-Biplo-Studio/Content/StarterContent/Audio/Light01.ubulk" 1536
"C:/Users/Amir sanni/Desktop/Biplo/Roomba-Biplo-Studio/Content/StarterContent/Audio/Light01.uasset" 1537
"C:/Users/Amir sanni/Desktop/Biplo/Roomba-Biplo-Studio/Content/StarterContent/Audio/Light01.uexp" 1538
"C:/Users/Amir sanni/Desktop/Biplo/Roomba-Biplo-Studio/Content/StarterContent/Audio/Fire_Sparks01.ubulk" 1539
"C:/Users/Amir sanni/Desktop/Biplo/Roomba-Biplo-Studio/Content/StarterContent/Audio/Fire_Sparks01.uasset" 1540
"C:/Users/Amir sanni/Desktop/Biplo/Roomba-Biplo-Studio/Content/StarterContent/Audio/Fire_Sparks01.uexp" 1541
"C:/Users/Amir sanni/Desktop/Biplo/Roomba-Biplo-Studio/Content/StarterContent/Audio/Fire01.ubulk" 1542
"C:/Users/Amir sanni/Desktop/Biplo/Roomba-Biplo-Studio/Content/StarterContent/Audio/Fire01.uasset" 1543
"C:/Users/Amir sanni/Desktop/Biplo/Roomba-Biplo-Studio/Content/StarterContent/Audio/Fire01.uexp" 1544
"C:/Users/Amir sanni/Desktop/Biplo/Roomba-Biplo-Studio/Content/StarterContent/Audio/Explosion02.ubulk" 1545
"C:/Users/Amir sanni/Desktop/Biplo/Roomba-Biplo-Studio/Content/StarterContent/Audio/Explosion02.uasset" 1546
"C:/Users/Amir sanni/Desktop/Biplo/Roomba-Biplo-Studio/Content/StarterContent/Audio/Explosion02.uexp" 1547
"C:/Users/Amir sanni/Desktop/Biplo/Roomba-Biplo-Studio/Content/StarterContent/Audio/Explosion01.ubulk" 1548
"C:/Users/Amir sanni/Desktop/Biplo/Roomba-Biplo-Studio/Content/StarterContent/Audio/Explosion01.uasset" 1549
"C:/Users/Amir sanni/Desktop/Biplo/Roomba-Biplo-Studio/Content/StarterContent/Audio/Explosion01.uexp" 1550
"C:/Users/Amir sanni/Desktop/Biplo/Roomba-Biplo-Studio/Content/StarterContent/Audio/Collapse02.ubulk" 1551
"C:/Users/Amir sanni/Desktop/Biplo/Roomba-Biplo-Studio/Content/StarterContent/Audio/Collapse02.uasset" 1552
"C:/Users/Amir sanni/Desktop/Biplo/Roomba-Biplo-Studio/Content/StarterContent/Audio/Collapse02.uexp" 1553
"C:/Users/Amir sanni/Desktop/Biplo/Roomba-Biplo-Studio/Content/StarterContent/Audio/Collapse01.ubulk" 1554
"C:/Users/Amir sanni/Desktop/Biplo/Roomba-Biplo-Studio/Content/StarterContent/Audio/Collapse01.uasset" 1555
"C:/Users/Amir sanni/Desktop/Biplo/Roomba-Biplo-Studio/Content/StarterContent/Audio/Collapse01.uexp" 1556
"C:/Users/Amir sanni/Desktop/Biplo/Roomba-Biplo-Studio/Content/StarterContent/Architecture/Wall_Window_400x400.ubulk" 1557
"C:/Users/Amir sanni/Desktop/Biplo/Roomba-Biplo-Studio/Content/StarterContent/Architecture/Wall_Window_400x400.uasset" 1558
"C:/Users/Amir sanni/Desktop/Biplo/Roomba-Biplo-Studio/Content/StarterContent/Architecture/Wall_Window_400x400.uexp" 1559
"C:/Users/Amir sanni/Desktop/Biplo/Roomba-Biplo-Studio/Content/StarterContent/Architecture/Wall_Door_400x400.ubulk" 1560
"C:/Users/Amir sanni/Desktop/Biplo/Roomba-Biplo-Studio/Content/StarterContent/Architecture/Wall_Door_400x400.uasset" 1561
"C:/Users/Amir sanni/Desktop/Biplo/Roomba-Biplo-Studio/Content/StarterContent/Architecture/Wall_Door_400x400.uexp" 1562
"C:/Users/Amir sanni/Desktop/Biplo/Roomba-Biplo-Studio/Content/StarterContent/Architecture/Wall_500x500.ubulk" 1563
"C:/Users/Amir sanni/Desktop/Biplo/Roomba-Biplo-Studio/Content/StarterContent/Architecture/Wall_500x500.uasset" 1564
"C:/Users/Amir sanni/Desktop/Biplo/Roomba-Biplo-Studio/Content/StarterContent/Architecture/Wall_500x500.uexp" 1565
"C:/Users/Amir sanni/Desktop/Biplo/Roomba-Biplo-Studio/Content/StarterContent/Architecture/Wall_400x400.ubulk" 1566
"C:/Users/Amir sanni/Desktop/Biplo/Roomba-Biplo-Studio/Content/StarterContent/Architecture/Wall_400x400.uasset" 1567
"C:/Users/Amir sanni/Desktop/Biplo/Roomba-Biplo-Studio/Content/StarterContent/Architecture/Wall_400x400.uexp" 1568
"C:/Users/Amir sanni/Desktop/Biplo/Roomba-Biplo-Studio/Content/StarterContent/Architecture/Wall_400x300.ubulk" 1569
"C:/Users/Amir sanni/Desktop/Biplo/Roomba-Biplo-Studio/Content/StarterContent/Architecture/Wall_400x300.uasset" 1570
"C:/Users/Amir sanni/Desktop/Biplo/Roomba-Biplo-Studio/Content/StarterContent/Architecture/Wall_400x300.uexp" 1571
"C:/Users/Amir sanni/Desktop/Biplo/Roomba-Biplo-Studio/Content/NewAssetsCool/RoombaFinal/M_RadialGradient.uasset" 1572
"C:/Users/Amir sanni/Desktop/Biplo/Roomba-Biplo-Studio/Content/NewAssetsCool/RoombaFinal/M_RadialGradient.uexp" 1573
"C:/Users/Amir sanni/Desktop/Biplo/Roomba-Biplo-Studio/Content/NewAssetsCool/RooftopVents/Material_001.uasset" 1574
"C:/Users/Amir sanni/Desktop/Biplo/Roomba-Biplo-Studio/Content/NewAssetsCool/RooftopVents/Material_001.uexp" 1575
"C:/Users/Amir sanni/Desktop/Biplo/Roomba-Biplo-Studio/Content/NewAssetsCool/RooftopVents/VentilationRamp.ubulk" 1576
"C:/Users/Amir sanni/Desktop/Biplo/Roomba-Biplo-Studio/Content/NewAssetsCool/RooftopVents/VentilationRamp.uasset" 1577
"C:/Users/Amir sanni/Desktop/Biplo/Roomba-Biplo-Studio/Content/NewAssetsCool/RooftopVents/VentilationRamp.uexp" 1578
"C:/Users/Amir sanni/Desktop/Biplo/Roomba-Biplo-Studio/Content/NewAssetsCool/RooftopVents/VentilationLong.ubulk" 1579
"C:/Users/Amir sanni/Desktop/Biplo/Roomba-Biplo-Studio/Content/NewAssetsCool/RooftopVents/VentilationLong.uasset" 1580
"C:/Users/Amir sanni/Desktop/Biplo/Roomba-Biplo-Studio/Content/NewAssetsCool/RooftopVents/VentilationLong.uexp" 1581
"C:/Users/Amir sanni/Desktop/Biplo/Roomba-Biplo-Studio/Content/NewAssetsCool/RooftopVents/Material.uasset" 1582
"C:/Users/Amir sanni/Desktop/Biplo/Roomba-Biplo-Studio/Content/NewAssetsCool/RooftopVents/Material.uexp" 1583
"C:/Users/Amir sanni/Desktop/Biplo/Roomba-Biplo-Studio/Content/NewAssetsCool/RooftopVents/Material_004.uasset" 1584
"C:/Users/Amir sanni/Desktop/Biplo/Roomba-Biplo-Studio/Content/NewAssetsCool/RooftopVents/Material_004.uexp" 1585
"C:/Users/Amir sanni/Desktop/Biplo/Roomba-Biplo-Studio/Content/NewAssetsCool/RooftopVents/VentilationBlock.ubulk" 1586
"C:/Users/Amir sanni/Desktop/Biplo/Roomba-Biplo-Studio/Content/NewAssetsCool/RooftopVents/VentilationBlock.uasset" 1587
"C:/Users/Amir sanni/Desktop/Biplo/Roomba-Biplo-Studio/Content/NewAssetsCool/RooftopVents/VentilationBlock.uexp" 1588
"C:/Users/Amir sanni/Desktop/Biplo/Roomba-Biplo-Studio/Content/NewAssetsCool/Roof/Ramp/VentilationLong_DefaultMaterial_BaseColor.ubulk" 1589
"C:/Users/Amir sanni/Desktop/Biplo/Roomba-Biplo-Studio/Content/NewAssetsCool/Roof/Ramp/VentilationLong_DefaultMaterial_BaseColor.uasset" 1590
"C:/Users/Amir sanni/Desktop/Biplo/Roomba-Biplo-Studio/Content/NewAssetsCool/Roof/Ramp/VentilationLong_DefaultMaterial_BaseColor.uexp" 1591
"C:/Users/Amir sanni/Desktop/Biplo/Roomba-Biplo-Studio/Content/NewAssetsCool/Roof/Ramp/VentilationLong_DefaultMaterial_Normal.ubulk" 1592
"C:/Users/Amir sanni/Desktop/Biplo/Roomba-Biplo-Studio/Content/NewAssetsCool/Roof/Ramp/VentilationLong_DefaultMaterial_Normal.uasset" 1593
"C:/Users/Amir sanni/Desktop/Biplo/Roomba-Biplo-Studio/Content/NewAssetsCool/Roof/Ramp/VentilationLong_DefaultMaterial_Normal.uexp" 1594
"C:/Users/Amir sanni/Desktop/Biplo/Roomba-Biplo-Studio/Content/NewAssetsCool/Roof/Ramp/VentilationLong_DefaultMaterial_OcclusionRoughnessMetallic.ubulk" 1595
"C:/Users/Amir sanni/Desktop/Biplo/Roomba-Biplo-Studio/Content/NewAssetsCool/Roof/Ramp/VentilationLong_DefaultMaterial_OcclusionRoughnessMetallic.uasset" 1596
"C:/Users/Amir sanni/Desktop/Biplo/Roomba-Biplo-Studio/Content/NewAssetsCool/Roof/Ramp/VentilationLong_DefaultMaterial_OcclusionRoughnessMetallic.uexp" 1597
"C:/Users/Amir sanni/Desktop/Biplo/Roomba-Biplo-Studio/Content/NewAssetsCool/Roof/Material_004.uasset" 1598
"C:/Users/Amir sanni/Desktop/Biplo/Roomba-Biplo-Studio/Content/NewAssetsCool/Roof/Material_004.uexp" 1599
"C:/Users/Amir sanni/Desktop/Biplo/Roomba-Biplo-Studio/Content/NewAssetsCool/Roof/VentilationLong.ubulk" 1600
"C:/Users/Amir sanni/Desktop/Biplo/Roomba-Biplo-Studio/Content/NewAssetsCool/Roof/VentilationLong.uasset" 1601
"C:/Users/Amir sanni/Desktop/Biplo/Roomba-Biplo-Studio/Content/NewAssetsCool/Roof/VentilationLong.uexp" 1602
"C:/Users/Amir sanni/Desktop/Biplo/Roomba-Biplo-Studio/Content/NewAssetsCool/Roof/Material.uasset" 1603
"C:/Users/Amir sanni/Desktop/Biplo/Roomba-Biplo-Studio/Content/NewAssetsCool/Roof/Material.uexp" 1604
"C:/Users/Amir sanni/Desktop/Biplo/Roomba-Biplo-Studio/Content/NewAssetsCool/Roof/VentilationBlock.ubulk" 1605
"C:/Users/Amir sanni/Desktop/Biplo/Roomba-Biplo-Studio/Content/NewAssetsCool/Roof/VentilationBlock.uasset" 1606
"C:/Users/Amir sanni/Desktop/Biplo/Roomba-Biplo-Studio/Content/NewAssetsCool/Roof/VentilationBlock.uexp" 1607
"C:/Users/Amir sanni/Desktop/Biplo/Roomba-Biplo-Studio/Content/NewAssetsCool/Dirt/dirt_standardSurface1_BaseColor.ubulk" 1608
"C:/Users/Amir sanni/Desktop/Biplo/Roomba-Biplo-Studio/Content/NewAssetsCool/Dirt/dirt_standardSurface1_BaseColor.uasset" 1609
"C:/Users/Amir sanni/Desktop/Biplo/Roomba-Biplo-Studio/Content/NewAssetsCool/Dirt/dirt_standardSurface1_BaseColor.uexp" 1610
"C:/Users/Amir sanni/Desktop/Biplo/Roomba-Biplo-Studio/Content/NewAssetsCool/Dirt/dirt_standardSurface1_OcclusionRoughnessMetallic.ubulk" 1611
"C:/Users/Amir sanni/Desktop/Biplo/Roomba-Biplo-Studio/Content/NewAssetsCool/Dirt/dirt_standardSurface1_OcclusionRoughnessMetallic.uasset" 1612
"C:/Users/Amir sanni/Desktop/Biplo/Roomba-Biplo-Studio/Content/NewAssetsCool/Dirt/dirt_standardSurface1_OcclusionRoughnessMetallic.uexp" 1613
"C:/Users/Amir sanni/Desktop/Biplo/Roomba-Biplo-Studio/Content/NewAssetsCool/Dirt/dirt_standardSurface1_Normal.ubulk" 1614
"C:/Users/Amir sanni/Desktop/Biplo/Roomba-Biplo-Studio/Content/NewAssetsCool/Dirt/dirt_standardSurface1_Normal.uasset" 1615
"C:/Users/Amir sanni/Desktop/Biplo/Roomba-Biplo-Studio/Content/NewAssetsCool/Dirt/dirt_standardSurface1_Normal.uexp" 1616
"C:/Users/Amir sanni/Desktop/Biplo/Roomba-Biplo-Studio/Content/NewAssetsCool/Dirt/dirt_mat.uasset" 1617
"C:/Users/Amir sanni/Desktop/Biplo/Roomba-Biplo-Studio/Content/NewAssetsCool/Dirt/dirt_mat.uexp" 1618
"C:/Users/Amir sanni/Desktop/Biplo/Roomba-Biplo-Studio/Content/NewAssetsCool/Dirt/dirt.ubulk" 1619
"C:/Users/Amir sanni/Desktop/Biplo/Roomba-Biplo-Studio/Content/NewAssetsCool/Dirt/dirt.uasset" 1620
"C:/Users/Amir sanni/Desktop/Biplo/Roomba-Biplo-Studio/Content/NewAssetsCool/Dirt/dirt.uexp" 1621
"C:/Users/Amir sanni/Desktop/Biplo/Roomba-Biplo-Studio/Content/Menu/Console/Screen.uasset" 1622
"C:/Users/Amir sanni/Desktop/Biplo/Roomba-Biplo-Studio/Content/Menu/Console/Screen.uexp" 1623
"C:/Users/Amir sanni/Desktop/Biplo/Roomba-Biplo-Studio/Content/Menu/Console/Carpet.uasset" 1624
"C:/Users/Amir sanni/Desktop/Biplo/Roomba-Biplo-Studio/Content/Menu/Console/Carpet.uexp" 1625
"C:/Users/Amir sanni/Desktop/Biplo/Roomba-Biplo-Studio/Content/Menu/2dAssets/uistemflip.uasset" 1626
"C:/Users/Amir sanni/Desktop/Biplo/Roomba-Biplo-Studio/Content/Menu/2dAssets/uistemflip.uexp" 1627
"C:/Users/Amir sanni/Desktop/Biplo/Roomba-Biplo-Studio/Content/Menu/2dAssets/uimenubox.uasset" 1628
"C:/Users/Amir sanni/Desktop/Biplo/Roomba-Biplo-Studio/Content/Menu/2dAssets/uimenubox.uexp" 1629
"C:/Users/Amir sanni/Desktop/Biplo/Roomba-Biplo-Studio/Content/Menu/2dAssets/uibranchflip.uasset" 1630
"C:/Users/Amir sanni/Desktop/Biplo/Roomba-Biplo-Studio/Content/Menu/2dAssets/uibranchflip.uexp" 1631
"C:/Users/Amir sanni/Desktop/Biplo/Roomba-Biplo-Studio/Content/Menu/2dAssets/uibranch.uasset" 1632
"C:/Users/Amir sanni/Desktop/Biplo/Roomba-Biplo-Studio/Content/Menu/2dAssets/uibranch.uexp" 1633
"C:/Users/Amir sanni/Desktop/Biplo/Roomba-Biplo-Studio/Content/Menu/2dAssets/IMG_0832.uasset" 1634
"C:/Users/Amir sanni/Desktop/Biplo/Roomba-Biplo-Studio/Content/Menu/2dAssets/IMG_0832.uexp" 1635
"C:/Users/Amir sanni/Desktop/Biplo/Roomba-Biplo-Studio/Content/Menu/2dAssets/IMG_0797.uasset" 1636
"C:/Users/Amir sanni/Desktop/Biplo/Roomba-Biplo-Studio/Content/Menu/2dAssets/IMG_0797.uexp" 1637
"C:/Users/Amir sanni/Desktop/Biplo/Roomba-Biplo-Studio/Content/Menu/2dAssets/IMG_0795.uasset" 1638
"C:/Users/Amir sanni/Desktop/Biplo/Roomba-Biplo-Studio/Content/Menu/2dAssets/IMG_0795.uexp" 1639
"C:/Users/Amir sanni/Desktop/Biplo/Roomba-Biplo-Studio/Content/Menu/2dAssets/IMG_0794.uasset" 1640
"C:/Users/Amir sanni/Desktop/Biplo/Roomba-Biplo-Studio/Content/Menu/2dAssets/IMG_0794.uexp" 1641
"C:/Users/Amir sanni/Desktop/Biplo/Roomba-Biplo-Studio/Content/Menu/2dAssets/IMG_0793.uasset" 1642
"C:/Users/Amir sanni/Desktop/Biplo/Roomba-Biplo-Studio/Content/Menu/2dAssets/IMG_0793.uexp" 1643
"C:/Users/Amir sanni/Desktop/Biplo/Roomba-Biplo-Studio/Content/Menu/2dAssets/IMG_0792.uasset" 1644
"C:/Users/Amir sanni/Desktop/Biplo/Roomba-Biplo-Studio/Content/Menu/2dAssets/IMG_0792.uexp" 1645
"C:/Users/Amir sanni/Desktop/Biplo/Roomba-Biplo-Studio/Content/Menu/2dAssets/96D755A4-C4B2-4653-9655-B154DF6AB7B5.uasset" 1646
"C:/Users/Amir sanni/Desktop/Biplo/Roomba-Biplo-Studio/Content/Menu/2dAssets/96D755A4-C4B2-4653-9655-B154DF6AB7B5.uexp" 1647
"C:/Users/Amir sanni/Desktop/Biplo/Roomba-Biplo-Studio/Content/LevelPrototyping/Textures/T_GridChecker_A.ubulk" 1648
"C:/Users/Amir sanni/Desktop/Biplo/Roomba-Biplo-Studio/Content/LevelPrototyping/Textures/T_GridChecker_A.uasset" 1649
"C:/Users/Amir sanni/Desktop/Biplo/Roomba-Biplo-Studio/Content/LevelPrototyping/Textures/T_GridChecker_A.uexp" 1650
"../../../Engine/Content/Functions/Engine_MaterialFunctions01/Gradient/LinearGradient.uasset" 1651
"../../../Engine/Content/Functions/Engine_MaterialFunctions01/Gradient/LinearGradient.uexp" 1652
"../../../Engine/Content/Functions/Engine_MaterialFunctions01/ImageAdjustment/CheapContrast.uasset" 1653
"../../../Engine/Content/Functions/Engine_MaterialFunctions01/ImageAdjustment/CheapContrast.uexp" 1654
"C:/Users/Amir sanni/Desktop/Biplo/Roomba-Biplo-Studio/Content/LevelPrototyping/Materials/MF_ProcGrid.uasset" 1655
"C:/Users/Amir sanni/Desktop/Biplo/Roomba-Biplo-Studio/Content/LevelPrototyping/Materials/MF_ProcGrid.uexp" 1656
"C:/Users/Amir sanni/Desktop/Biplo/Roomba-Biplo-Studio/Content/LevelPrototyping/Materials/M_PrototypeGrid.uasset" 1657
"C:/Users/Amir sanni/Desktop/Biplo/Roomba-Biplo-Studio/Content/LevelPrototyping/Materials/M_PrototypeGrid.uexp" 1658
"C:/Users/Amir sanni/Desktop/Biplo/Roomba-Biplo-Studio/Content/LevelPrototyping/Materials/MI_PrototypeGrid_Gray.uasset" 1659
"C:/Users/Amir sanni/Desktop/Biplo/Roomba-Biplo-Studio/Content/LevelPrototyping/Materials/MI_PrototypeGrid_Gray.uexp" 1660
"C:/Users/Amir sanni/Desktop/Biplo/Roomba-Biplo-Studio/Content/LevelPrototyping/Meshes/SM_Cylinder.ubulk" 1661
"C:/Users/Amir sanni/Desktop/Biplo/Roomba-Biplo-Studio/Content/LevelPrototyping/Meshes/SM_Cylinder.uasset" 1662
"C:/Users/Amir sanni/Desktop/Biplo/Roomba-Biplo-Studio/Content/LevelPrototyping/Meshes/SM_Cylinder.uexp" 1663
"C:/Users/Amir sanni/Desktop/Biplo/Roomba-Biplo-Studio/Content/LevelPrototyping/Materials/MI_PrototypeGrid_Gray_02.uasset" 1664
"C:/Users/Amir sanni/Desktop/Biplo/Roomba-Biplo-Studio/Content/LevelPrototyping/Materials/MI_PrototypeGrid_Gray_02.uexp" 1665
"C:/Users/Amir sanni/Desktop/Biplo/Roomba-Biplo-Studio/Content/LevelDesign/ForOllie/BP_Cable1.uasset" 1666
"C:/Users/Amir sanni/Desktop/Biplo/Roomba-Biplo-Studio/Content/LevelDesign/ForOllie/BP_Cable1.uexp" 1667
"C:/Users/Amir sanni/Desktop/Biplo/Roomba-Biplo-Studio/Content/LevelDesign/EasterEggRoom/Tomfoolery.uasset" 1668
"C:/Users/Amir sanni/Desktop/Biplo/Roomba-Biplo-Studio/Content/LevelDesign/EasterEggRoom/Tomfoolery.uexp" 1669
"C:/Users/Amir sanni/Desktop/Biplo/Roomba-Biplo-Studio/Content/LevelDesign/EasterEggRoom/Tomfoolery_Mat.uasset" 1670
"C:/Users/Amir sanni/Desktop/Biplo/Roomba-Biplo-Studio/Content/LevelDesign/EasterEggRoom/Tomfoolery_Mat.uexp" 1671
"C:/Users/Amir sanni/Desktop/Biplo/Roomba-Biplo-Studio/Content/LevelDesign/EasterEggRoom/PropaSecret.ubulk" 1672
"C:/Users/Amir sanni/Desktop/Biplo/Roomba-Biplo-Studio/Content/LevelDesign/EasterEggRoom/PropaSecret.uasset" 1673
"C:/Users/Amir sanni/Desktop/Biplo/Roomba-Biplo-Studio/Content/LevelDesign/EasterEggRoom/PropaSecret.uexp" 1674
"C:/Users/Amir sanni/Desktop/Biplo/Roomba-Biplo-Studio/Content/LevelDesign/EasterEggRoom/OhGreatHeavensEXCLAMATIONMARK.uasset" 1675
"C:/Users/Amir sanni/Desktop/Biplo/Roomba-Biplo-Studio/Content/LevelDesign/EasterEggRoom/OhGreatHeavensEXCLAMATIONMARK.uexp" 1676
"C:/Users/Amir sanni/Desktop/Biplo/Roomba-Biplo-Studio/Content/LevelDesign/DavidsCooking/WarehouseWire.ubulk" 1677
"C:/Users/Amir sanni/Desktop/Biplo/Roomba-Biplo-Studio/Content/LevelDesign/DavidsCooking/WarehouseWire.uasset" 1678
"C:/Users/Amir sanni/Desktop/Biplo/Roomba-Biplo-Studio/Content/LevelDesign/DavidsCooking/WarehouseWire.uexp" 1679
"C:/Users/Amir sanni/Desktop/Biplo/Roomba-Biplo-Studio/Content/LevelDesign/DavidsCooking/VentsGatesWire4.ubulk" 1680
"C:/Users/Amir sanni/Desktop/Biplo/Roomba-Biplo-Studio/Content/LevelDesign/DavidsCooking/VentsGatesWire4.uasset" 1681
"C:/Users/Amir sanni/Desktop/Biplo/Roomba-Biplo-Studio/Content/LevelDesign/DavidsCooking/VentsGatesWire4.uexp" 1682
"C:/Users/Amir sanni/Desktop/Biplo/Roomba-Biplo-Studio/Content/LevelDesign/DavidsCooking/M_Translucent.uasset" 1683
"C:/Users/Amir sanni/Desktop/Biplo/Roomba-Biplo-Studio/Content/LevelDesign/DavidsCooking/M_Translucent.uexp" 1684
"C:/Users/Amir sanni/Desktop/Biplo/Roomba-Biplo-Studio/Content/LevelDesign/DavidsCooking/M_TestOnehundred.uasset" 1685
"C:/Users/Amir sanni/Desktop/Biplo/Roomba-Biplo-Studio/Content/LevelDesign/DavidsCooking/M_TestOnehundred.uexp" 1686
"C:/Users/Amir sanni/Desktop/Biplo/Roomba-Biplo-Studio/Content/LevelDesign/DavidsCooking/M_Brown.uasset" 1687
"C:/Users/Amir sanni/Desktop/Biplo/Roomba-Biplo-Studio/Content/LevelDesign/DavidsCooking/M_Brown.uexp" 1688
"C:/Users/Amir sanni/Desktop/Biplo/Roomba-Biplo-Studio/Content/LevelDesign/DavidsCooking/T_Gradient.uasset" 1689
"C:/Users/Amir sanni/Desktop/Biplo/Roomba-Biplo-Studio/Content/LevelDesign/DavidsCooking/T_Gradient.uexp" 1690
"C:/Users/Amir sanni/Desktop/Biplo/Roomba-Biplo-Studio/Content/LevelDesign/DavidsCooking/M_BlackFade.uasset" 1691
"C:/Users/Amir sanni/Desktop/Biplo/Roomba-Biplo-Studio/Content/LevelDesign/DavidsCooking/M_BlackFade.uexp" 1692
"C:/Users/Amir sanni/Desktop/Biplo/Roomba-Biplo-Studio/Content/LevelDesign/DavidsCooking/ApartmentLightLeakFix.ubulk" 1693
"C:/Users/Amir sanni/Desktop/Biplo/Roomba-Biplo-Studio/Content/LevelDesign/DavidsCooking/ApartmentLightLeakFix.uasset" 1694
"C:/Users/Amir sanni/Desktop/Biplo/Roomba-Biplo-Studio/Content/LevelDesign/DavidsCooking/ApartmentLightLeakFix.uexp" 1695
"C:/Users/Amir sanni/Desktop/Biplo/Roomba-Biplo-Studio/Content/Audio/Raw_Audio/Player_noises/powerdown.ubulk" 1696
"C:/Users/Amir sanni/Desktop/Biplo/Roomba-Biplo-Studio/Content/Audio/Raw_Audio/Player_noises/powerdown.uasset" 1697
"C:/Users/Amir sanni/Desktop/Biplo/Roomba-Biplo-Studio/Content/Audio/Raw_Audio/Player_noises/powerdown.uexp" 1698
"C:/Users/Amir sanni/Desktop/Biplo/Roomba-Biplo-Studio/Content/Audio/Raw_Audio/Player_noises/powerdown_2.ubulk" 1699
"C:/Users/Amir sanni/Desktop/Biplo/Roomba-Biplo-Studio/Content/Audio/Raw_Audio/Player_noises/powerdown_2.uasset" 1700
"C:/Users/Amir sanni/Desktop/Biplo/Roomba-Biplo-Studio/Content/Audio/Raw_Audio/Player_noises/powerdown_2.uexp" 1701
"C:/Users/Amir sanni/Desktop/Biplo/Roomba-Biplo-Studio/Content/Audio/MetaSounds/SQ_Powerdown.uasset" 1702
"C:/Users/Amir sanni/Desktop/Biplo/Roomba-Biplo-Studio/Content/Audio/MetaSounds/SQ_Powerdown.uexp" 1703
"C:/Users/Amir sanni/Desktop/Biplo/Roomba-Biplo-Studio/Content/Audio/Raw_Audio/Ambient/Biplos_glorious_purpose.ubulk" 1704
"C:/Users/Amir sanni/Desktop/Biplo/Roomba-Biplo-Studio/Content/Audio/Raw_Audio/Ambient/Biplos_glorious_purpose.uasset" 1705
"C:/Users/Amir sanni/Desktop/Biplo/Roomba-Biplo-Studio/Content/Audio/Raw_Audio/Ambient/Biplos_glorious_purpose.uexp" 1706
"C:/Users/Amir sanni/Desktop/Biplo/Roomba-Biplo-Studio/Content/Audio/MetaSounds/MS_ThemeSong.uasset" 1707
"C:/Users/Amir sanni/Desktop/Biplo/Roomba-Biplo-Studio/Content/Audio/MetaSounds/MS_ThemeSong.uexp" 1708
"C:/Users/Amir sanni/Desktop/Biplo/Roomba-Biplo-Studio/Content/Audio/MetaSounds/MS_DoorUnlock.uasset" 1709
"C:/Users/Amir sanni/Desktop/Biplo/Roomba-Biplo-Studio/Content/Audio/MetaSounds/MS_DoorUnlock.uexp" 1710
"C:/Users/Amir sanni/Desktop/Biplo/Roomba-Biplo-Studio/Content/Audio/Attenuation/SA_Curtains.uasset" 1711
"C:/Users/Amir sanni/Desktop/Biplo/Roomba-Biplo-Studio/Content/Audio/Attenuation/SA_Curtains.uexp" 1712
"C:/Users/Amir sanni/Desktop/Biplo/Roomba-Biplo-Studio/Content/Assets/Warehouse/Mats/DriveBox_DefaultMaterial_BaseColor__1_.ubulk" 1713
"C:/Users/Amir sanni/Desktop/Biplo/Roomba-Biplo-Studio/Content/Assets/Warehouse/Mats/DriveBox_DefaultMaterial_BaseColor__1_.uasset" 1714
"C:/Users/Amir sanni/Desktop/Biplo/Roomba-Biplo-Studio/Content/Assets/Warehouse/Mats/DriveBox_DefaultMaterial_BaseColor__1_.uexp" 1715
"C:/Users/Amir sanni/Desktop/Biplo/Roomba-Biplo-Studio/Content/Assets/Warehouse/Mats/DriveBox_DefaultMaterial_Normal__1_.ubulk" 1716
"C:/Users/Amir sanni/Desktop/Biplo/Roomba-Biplo-Studio/Content/Assets/Warehouse/Mats/DriveBox_DefaultMaterial_Normal__1_.uasset" 1717
"C:/Users/Amir sanni/Desktop/Biplo/Roomba-Biplo-Studio/Content/Assets/Warehouse/Mats/DriveBox_DefaultMaterial_Normal__1_.uexp" 1718
"C:/Users/Amir sanni/Desktop/Biplo/Roomba-Biplo-Studio/Content/Assets/Warehouse/Mats/DriveBox_DefaultMaterial_OcclusionRoughnessMetallic__1_.ubulk" 1719
"C:/Users/Amir sanni/Desktop/Biplo/Roomba-Biplo-Studio/Content/Assets/Warehouse/Mats/DriveBox_DefaultMaterial_OcclusionRoughnessMetallic__1_.uasset" 1720
"C:/Users/Amir sanni/Desktop/Biplo/Roomba-Biplo-Studio/Content/Assets/Warehouse/Mats/DriveBox_DefaultMaterial_OcclusionRoughnessMetallic__1_.uexp" 1721
"C:/Users/Amir sanni/Desktop/Biplo/Roomba-Biplo-Studio/Content/Assets/Warehouse/M_ShoeBox.uasset" 1722
"C:/Users/Amir sanni/Desktop/Biplo/Roomba-Biplo-Studio/Content/Assets/Warehouse/M_ShoeBox.uexp" 1723
"C:/Users/Amir sanni/Desktop/Biplo/Roomba-Biplo-Studio/Content/Assets/Warehouse/Mats/CardboardBox_Material_Normal__1_.ubulk" 1724
"C:/Users/Amir sanni/Desktop/Biplo/Roomba-Biplo-Studio/Content/Assets/Warehouse/Mats/CardboardBox_Material_Normal__1_.uasset" 1725
"C:/Users/Amir sanni/Desktop/Biplo/Roomba-Biplo-Studio/Content/Assets/Warehouse/Mats/CardboardBox_Material_Normal__1_.uexp" 1726
"C:/Users/Amir sanni/Desktop/Biplo/Roomba-Biplo-Studio/Content/Assets/Warehouse/Mats/CardboardBox_Material_BaseColor__1_.ubulk" 1727
"C:/Users/Amir sanni/Desktop/Biplo/Roomba-Biplo-Studio/Content/Assets/Warehouse/Mats/CardboardBox_Material_BaseColor__1_.uasset" 1728
"C:/Users/Amir sanni/Desktop/Biplo/Roomba-Biplo-Studio/Content/Assets/Warehouse/Mats/CardboardBox_Material_BaseColor__1_.uexp" 1729
"C:/Users/Amir sanni/Desktop/Biplo/Roomba-Biplo-Studio/Content/Assets/Warehouse/Mats/CardboardBox_Material_OcclusionRoughnessMetallic__1_.ubulk" 1730
"C:/Users/Amir sanni/Desktop/Biplo/Roomba-Biplo-Studio/Content/Assets/Warehouse/Mats/CardboardBox_Material_OcclusionRoughnessMetallic__1_.uasset" 1731
"C:/Users/Amir sanni/Desktop/Biplo/Roomba-Biplo-Studio/Content/Assets/Warehouse/Mats/CardboardBox_Material_OcclusionRoughnessMetallic__1_.uexp" 1732
"C:/Users/Amir sanni/Desktop/Biplo/Roomba-Biplo-Studio/Content/Assets/Warehouse/M_Cardboard2.uasset" 1733
"C:/Users/Amir sanni/Desktop/Biplo/Roomba-Biplo-Studio/Content/Assets/Warehouse/M_Cardboard2.uexp" 1734
"C:/Users/Amir sanni/Desktop/Biplo/Roomba-Biplo-Studio/Content/Assets/Warehouse/Mats/CardboardBox_Material_BaseColor.ubulk" 1735
"C:/Users/Amir sanni/Desktop/Biplo/Roomba-Biplo-Studio/Content/Assets/Warehouse/Mats/CardboardBox_Material_BaseColor.uasset" 1736
"C:/Users/Amir sanni/Desktop/Biplo/Roomba-Biplo-Studio/Content/Assets/Warehouse/Mats/CardboardBox_Material_BaseColor.uexp" 1737
"C:/Users/Amir sanni/Desktop/Biplo/Roomba-Biplo-Studio/Content/Assets/Warehouse/Mats/CardboardBox_Material_OcclusionRoughnessMetallic.ubulk" 1738
"C:/Users/Amir sanni/Desktop/Biplo/Roomba-Biplo-Studio/Content/Assets/Warehouse/Mats/CardboardBox_Material_OcclusionRoughnessMetallic.uasset" 1739
"C:/Users/Amir sanni/Desktop/Biplo/Roomba-Biplo-Studio/Content/Assets/Warehouse/Mats/CardboardBox_Material_OcclusionRoughnessMetallic.uexp" 1740
"C:/Users/Amir sanni/Desktop/Biplo/Roomba-Biplo-Studio/Content/Assets/Warehouse/Mats/CardboardBox_Material_Normal.ubulk" 1741
"C:/Users/Amir sanni/Desktop/Biplo/Roomba-Biplo-Studio/Content/Assets/Warehouse/Mats/CardboardBox_Material_Normal.uasset" 1742
"C:/Users/Amir sanni/Desktop/Biplo/Roomba-Biplo-Studio/Content/Assets/Warehouse/Mats/CardboardBox_Material_Normal.uexp" 1743
"C:/Users/Amir sanni/Desktop/Biplo/Roomba-Biplo-Studio/Content/Assets/Warehouse/Mats/M_Cardboard1.uasset" 1744
"C:/Users/Amir sanni/Desktop/Biplo/Roomba-Biplo-Studio/Content/Assets/Warehouse/Mats/M_Cardboard1.uexp" 1745
"C:/Users/Amir sanni/Desktop/Biplo/Roomba-Biplo-Studio/Content/Assets/Warehouse/CardboardBox.ubulk" 1746
"C:/Users/Amir sanni/Desktop/Biplo/Roomba-Biplo-Studio/Content/Assets/Warehouse/CardboardBox.uasset" 1747
"C:/Users/Amir sanni/Desktop/Biplo/Roomba-Biplo-Studio/Content/Assets/Warehouse/CardboardBox.uexp" 1748
"C:/Users/Amir sanni/Desktop/Biplo/Roomba-Biplo-Studio/Content/Assets/TEXT/gloridot.uexp" 1749
"C:/Users/Amir sanni/Desktop/Biplo/Roomba-Biplo-Studio/Content/Assets/TEXT/gloridot.uasset" 1750
"C:/Users/Amir sanni/Desktop/Biplo/Roomba-Biplo-Studio/Content/Assets/TEXT/gloridot.ufont" 1751
"C:/Users/Amir sanni/Desktop/Biplo/Roomba-Biplo-Studio/Content/Assets/TEXT/gloridot_Font.uasset" 1752
"C:/Users/Amir sanni/Desktop/Biplo/Roomba-Biplo-Studio/Content/Assets/TEXT/gloridot_Font.uexp" 1753
"C:/Users/Amir sanni/Desktop/Biplo/Roomba-Biplo-Studio/Content/Assets/Roomba/roomba__1__meter.ubulk" 1754
"C:/Users/Amir sanni/Desktop/Biplo/Roomba-Biplo-Studio/Content/Assets/Roomba/roomba__1__meter.uasset" 1755
"C:/Users/Amir sanni/Desktop/Biplo/Roomba-Biplo-Studio/Content/Assets/Roomba/roomba__1__meter.uexp" 1756
"C:/Users/Amir sanni/Desktop/Biplo/Roomba-Biplo-Studio/Content/Assets/Roomba/Ring.ubulk" 1757
"C:/Users/Amir sanni/Desktop/Biplo/Roomba-Biplo-Studio/Content/Assets/Roomba/Ring.uasset" 1758
"C:/Users/Amir sanni/Desktop/Biplo/Roomba-Biplo-Studio/Content/Assets/Roomba/Ring.uexp" 1759
"C:/Users/Amir sanni/Desktop/Biplo/Roomba-Biplo-Studio/Content/Assets/Rooftop/Railing2.ubulk" 1760
"C:/Users/Amir sanni/Desktop/Biplo/Roomba-Biplo-Studio/Content/Assets/Rooftop/Railing2.uasset" 1761
"C:/Users/Amir sanni/Desktop/Biplo/Roomba-Biplo-Studio/Content/Assets/Rooftop/Railing2.uexp" 1762
"C:/Users/Amir sanni/Desktop/Biplo/Roomba-Biplo-Studio/Content/Assets/Rooftop/Railing1.ubulk" 1763
"C:/Users/Amir sanni/Desktop/Biplo/Roomba-Biplo-Studio/Content/Assets/Rooftop/Railing1.uasset" 1764
"C:/Users/Amir sanni/Desktop/Biplo/Roomba-Biplo-Studio/Content/Assets/Rooftop/Railing1.uexp" 1765
"C:/Users/Amir sanni/Desktop/Biplo/Roomba-Biplo-Studio/Content/Assets/Rooftop/Material.uasset" 1766
"C:/Users/Amir sanni/Desktop/Biplo/Roomba-Biplo-Studio/Content/Assets/Rooftop/Material.uexp" 1767
"C:/Users/Amir sanni/Desktop/Biplo/Roomba-Biplo-Studio/Content/Assets/Rooftop/BuildingFloor.ubulk" 1768
"C:/Users/Amir sanni/Desktop/Biplo/Roomba-Biplo-Studio/Content/Assets/Rooftop/BuildingFloor.uasset" 1769
"C:/Users/Amir sanni/Desktop/Biplo/Roomba-Biplo-Studio/Content/Assets/Rooftop/BuildingFloor.uexp" 1770
"C:/Users/Amir sanni/Desktop/Biplo/Roomba-Biplo-Studio/Content/Assets/Buildings/Material.uasset" 1771
"C:/Users/Amir sanni/Desktop/Biplo/Roomba-Biplo-Studio/Content/Assets/Buildings/Material.uexp" 1772
"C:/Users/Amir sanni/Desktop/Biplo/Roomba-Biplo-Studio/Content/Assets/Rooftop/bUILDING1.ubulk" 1773
"C:/Users/Amir sanni/Desktop/Biplo/Roomba-Biplo-Studio/Content/Assets/Rooftop/bUILDING1.uasset" 1774
"C:/Users/Amir sanni/Desktop/Biplo/Roomba-Biplo-Studio/Content/Assets/Rooftop/bUILDING1.uexp" 1775
"C:/Users/Amir sanni/Desktop/Biplo/Roomba-Biplo-Studio/Content/Assets/PLACEHOLDERS/M_TestFog.uasset" 1776
"C:/Users/Amir sanni/Desktop/Biplo/Roomba-Biplo-Studio/Content/Assets/PLACEHOLDERS/M_TestFog.uexp" 1777
"C:/Users/Amir sanni/Desktop/Biplo/Roomba-Biplo-Studio/Content/Assets/PLACEHOLDERS/MI_Fog.uasset" 1778
"C:/Users/Amir sanni/Desktop/Biplo/Roomba-Biplo-Studio/Content/Assets/PLACEHOLDERS/MI_Fog.uexp" 1779
"C:/Users/Amir sanni/Desktop/Biplo/Roomba-Biplo-Studio/Content/Assets/PLACEHOLDERS/Crane.ubulk" 1780
"C:/Users/Amir sanni/Desktop/Biplo/Roomba-Biplo-Studio/Content/Assets/PLACEHOLDERS/Crane.uasset" 1781
"C:/Users/Amir sanni/Desktop/Biplo/Roomba-Biplo-Studio/Content/Assets/PLACEHOLDERS/Crane.uexp" 1782
"C:/Users/Amir sanni/Desktop/Biplo/Roomba-Biplo-Studio/Content/Assets/Fence/fence_Low_lambert1_OcclusionRoughnessMetallic.ubulk" 1783
"C:/Users/Amir sanni/Desktop/Biplo/Roomba-Biplo-Studio/Content/Assets/Fence/fence_Low_lambert1_OcclusionRoughnessMetallic.uasset" 1784
"C:/Users/Amir sanni/Desktop/Biplo/Roomba-Biplo-Studio/Content/Assets/Fence/fence_Low_lambert1_OcclusionRoughnessMetallic.uexp" 1785
"C:/Users/Amir sanni/Desktop/Biplo/Roomba-Biplo-Studio/Content/Assets/Fence/fence_Low_lambert1_Normal.ubulk" 1786
"C:/Users/Amir sanni/Desktop/Biplo/Roomba-Biplo-Studio/Content/Assets/Fence/fence_Low_lambert1_Normal.uasset" 1787
"C:/Users/Amir sanni/Desktop/Biplo/Roomba-Biplo-Studio/Content/Assets/Fence/fence_Low_lambert1_Normal.uexp" 1788
"C:/Users/Amir sanni/Desktop/Biplo/Roomba-Biplo-Studio/Content/Assets/Fence/fence_Low_lambert1_BaseColor.ubulk" 1789
"C:/Users/Amir sanni/Desktop/Biplo/Roomba-Biplo-Studio/Content/Assets/Fence/fence_Low_lambert1_BaseColor.uasset" 1790
"C:/Users/Amir sanni/Desktop/Biplo/Roomba-Biplo-Studio/Content/Assets/Fence/fence_Low_lambert1_BaseColor.uexp" 1791
"C:/Users/Amir sanni/Desktop/Biplo/Roomba-Biplo-Studio/Content/Assets/Fence/M_Fence.uasset" 1792
"C:/Users/Amir sanni/Desktop/Biplo/Roomba-Biplo-Studio/Content/Assets/Fence/M_Fence.uexp" 1793
"C:/Users/Amir sanni/Desktop/Biplo/Roomba-Biplo-Studio/Content/Assets/fence.ubulk" 1794
"C:/Users/Amir sanni/Desktop/Biplo/Roomba-Biplo-Studio/Content/Assets/fence.uasset" 1795
"C:/Users/Amir sanni/Desktop/Biplo/Roomba-Biplo-Studio/Content/Assets/fence.uexp" 1796
"C:/Users/Amir sanni/Desktop/Biplo/Roomba-Biplo-Studio/Content/Assets/Dirt/damage-and-dirt-on-the-wall-and-surface-usable-for-mask-horizontal-seamless-png-ezgif_com-webp-to-png-converter.uasset" 1797
"C:/Users/Amir sanni/Desktop/Biplo/Roomba-Biplo-Studio/Content/Assets/Dirt/damage-and-dirt-on-the-wall-and-surface-usable-for-mask-horizontal-seamless-png-ezgif_com-webp-to-png-converter.uexp" 1798
"C:/Users/Amir sanni/Desktop/Biplo/Roomba-Biplo-Studio/Content/Assets/Dirt/D_Dirt5.uasset" 1799
"C:/Users/Amir sanni/Desktop/Biplo/Roomba-Biplo-Studio/Content/Assets/Dirt/D_Dirt5.uexp" 1800
"C:/Users/Amir sanni/Desktop/Biplo/Roomba-Biplo-Studio/Content/Assets/Dirt/Dirt3.uasset" 1801
"C:/Users/Amir sanni/Desktop/Biplo/Roomba-Biplo-Studio/Content/Assets/Dirt/Dirt3.uexp" 1802
"C:/Users/Amir sanni/Desktop/Biplo/Roomba-Biplo-Studio/Content/Assets/Dirt/D_Dirt3.uasset" 1803
"C:/Users/Amir sanni/Desktop/Biplo/Roomba-Biplo-Studio/Content/Assets/Dirt/D_Dirt3.uexp" 1804
"C:/Users/Amir sanni/Desktop/Biplo/Roomba-Biplo-Studio/Content/Assets/Dirt/Dirt2.uasset" 1805
"C:/Users/Amir sanni/Desktop/Biplo/Roomba-Biplo-Studio/Content/Assets/Dirt/Dirt2.uexp" 1806
"C:/Users/Amir sanni/Desktop/Biplo/Roomba-Biplo-Studio/Content/Assets/Dirt/D_Dirt2.uasset" 1807
"C:/Users/Amir sanni/Desktop/Biplo/Roomba-Biplo-Studio/Content/Assets/Dirt/D_Dirt2.uexp" 1808
"C:/Users/Amir sanni/Desktop/Biplo/Roomba-Biplo-Studio/Content/Assets/Dirt/Dirt1.uasset" 1809
"C:/Users/Amir sanni/Desktop/Biplo/Roomba-Biplo-Studio/Content/Assets/Dirt/Dirt1.uexp" 1810
"C:/Users/Amir sanni/Desktop/Biplo/Roomba-Biplo-Studio/Content/Assets/Dirt/D_Dirt1.uasset" 1811
"C:/Users/Amir sanni/Desktop/Biplo/Roomba-Biplo-Studio/Content/Assets/Dirt/D_Dirt1.uexp" 1812
"C:/Users/Amir sanni/Desktop/Biplo/Roomba-Biplo-Studio/Content/Assets/Dirt/DirtyWall.uasset" 1813
"C:/Users/Amir sanni/Desktop/Biplo/Roomba-Biplo-Studio/Content/Assets/Dirt/DirtyWall.uexp" 1814
"C:/Users/Amir sanni/Desktop/Biplo/Roomba-Biplo-Studio/Content/Assets/Dirt/DirtyWall_Mat.uasset" 1815
"C:/Users/Amir sanni/Desktop/Biplo/Roomba-Biplo-Studio/Content/Assets/Dirt/DirtyWall_Mat.uexp" 1816
"C:/Users/Amir sanni/Desktop/Biplo/Roomba-Biplo-Studio/Content/Assets/ConstructionSite/Rebar3/Rebar3_DefaultMaterial_Normal.ubulk" 1817
"C:/Users/Amir sanni/Desktop/Biplo/Roomba-Biplo-Studio/Content/Assets/ConstructionSite/Rebar3/Rebar3_DefaultMaterial_Normal.uasset" 1818
"C:/Users/Amir sanni/Desktop/Biplo/Roomba-Biplo-Studio/Content/Assets/ConstructionSite/Rebar3/Rebar3_DefaultMaterial_Normal.uexp" 1819
"C:/Users/Amir sanni/Desktop/Biplo/Roomba-Biplo-Studio/Content/Assets/ConstructionSite/Rebar3/Rebar3_DefaultMaterial_BaseColor.ubulk" 1820
"C:/Users/Amir sanni/Desktop/Biplo/Roomba-Biplo-Studio/Content/Assets/ConstructionSite/Rebar3/Rebar3_DefaultMaterial_BaseColor.uasset" 1821
"C:/Users/Amir sanni/Desktop/Biplo/Roomba-Biplo-Studio/Content/Assets/ConstructionSite/Rebar3/Rebar3_DefaultMaterial_BaseColor.uexp" 1822
"C:/Users/Amir sanni/Desktop/Biplo/Roomba-Biplo-Studio/Content/Assets/ConstructionSite/Rebar3/Rebar3_DefaultMaterial_OcclusionRoughnessMetallic.ubulk" 1823
"C:/Users/Amir sanni/Desktop/Biplo/Roomba-Biplo-Studio/Content/Assets/ConstructionSite/Rebar3/Rebar3_DefaultMaterial_OcclusionRoughnessMetallic.uasset" 1824
"C:/Users/Amir sanni/Desktop/Biplo/Roomba-Biplo-Studio/Content/Assets/ConstructionSite/Rebar3/Rebar3_DefaultMaterial_OcclusionRoughnessMetallic.uexp" 1825
"C:/Users/Amir sanni/Desktop/Biplo/Roomba-Biplo-Studio/Content/Assets/ConstructionSite/Rebar3/M_Rebar3.uasset" 1826
"C:/Users/Amir sanni/Desktop/Biplo/Roomba-Biplo-Studio/Content/Assets/ConstructionSite/Rebar3/M_Rebar3.uexp" 1827
"C:/Users/Amir sanni/Desktop/Biplo/Roomba-Biplo-Studio/Content/Assets/ConstructionSite/Rebar3.ubulk" 1828
"C:/Users/Amir sanni/Desktop/Biplo/Roomba-Biplo-Studio/Content/Assets/ConstructionSite/Rebar3.uasset" 1829
"C:/Users/Amir sanni/Desktop/Biplo/Roomba-Biplo-Studio/Content/Assets/ConstructionSite/Rebar3.uexp" 1830
"C:/Users/Amir sanni/Desktop/Biplo/Roomba-Biplo-Studio/Content/Assets/ConstructionSite/Floor/Floor_DefaultMaterial_BaseColor.ubulk" 1831
"C:/Users/Amir sanni/Desktop/Biplo/Roomba-Biplo-Studio/Content/Assets/ConstructionSite/Floor/Floor_DefaultMaterial_BaseColor.uasset" 1832
"C:/Users/Amir sanni/Desktop/Biplo/Roomba-Biplo-Studio/Content/Assets/ConstructionSite/Floor/Floor_DefaultMaterial_BaseColor.uexp" 1833
"C:/Users/Amir sanni/Desktop/Biplo/Roomba-Biplo-Studio/Content/Assets/ConstructionSite/Floor/Floor_DefaultMaterial_OcclusionRoughnessMetallic.ubulk" 1834
"C:/Users/Amir sanni/Desktop/Biplo/Roomba-Biplo-Studio/Content/Assets/ConstructionSite/Floor/Floor_DefaultMaterial_OcclusionRoughnessMetallic.uasset" 1835
"C:/Users/Amir sanni/Desktop/Biplo/Roomba-Biplo-Studio/Content/Assets/ConstructionSite/Floor/Floor_DefaultMaterial_OcclusionRoughnessMetallic.uexp" 1836
"C:/Users/Amir sanni/Desktop/Biplo/Roomba-Biplo-Studio/Content/Assets/ConstructionSite/Floor/Floor_DefaultMaterial_Normal.ubulk" 1837
"C:/Users/Amir sanni/Desktop/Biplo/Roomba-Biplo-Studio/Content/Assets/ConstructionSite/Floor/Floor_DefaultMaterial_Normal.uasset" 1838
"C:/Users/Amir sanni/Desktop/Biplo/Roomba-Biplo-Studio/Content/Assets/ConstructionSite/Floor/Floor_DefaultMaterial_Normal.uexp" 1839
"C:/Users/Amir sanni/Desktop/Biplo/Roomba-Biplo-Studio/Content/Assets/ConstructionSite/Floor/M_ConcreteFloor.uasset" 1840
"C:/Users/Amir sanni/Desktop/Biplo/Roomba-Biplo-Studio/Content/Assets/ConstructionSite/Floor/M_ConcreteFloor.uexp" 1841
"C:/Users/Amir sanni/Desktop/Biplo/Roomba-Biplo-Studio/Content/Assets/ConstructionSite/Floor.ubulk" 1842
"C:/Users/Amir sanni/Desktop/Biplo/Roomba-Biplo-Studio/Content/Assets/ConstructionSite/Floor.uasset" 1843
"C:/Users/Amir sanni/Desktop/Biplo/Roomba-Biplo-Studio/Content/Assets/ConstructionSite/Floor.uexp" 1844
"C:/Users/Amir sanni/Desktop/Biplo/Roomba-Biplo-Studio/Content/Assets/ConstructionSite/Fence/Fence_DefaultMaterial_BaseColor.ubulk" 1845
"C:/Users/Amir sanni/Desktop/Biplo/Roomba-Biplo-Studio/Content/Assets/ConstructionSite/Fence/Fence_DefaultMaterial_BaseColor.uasset" 1846
"C:/Users/Amir sanni/Desktop/Biplo/Roomba-Biplo-Studio/Content/Assets/ConstructionSite/Fence/Fence_DefaultMaterial_BaseColor.uexp" 1847
"C:/Users/Amir sanni/Desktop/Biplo/Roomba-Biplo-Studio/Content/Assets/ConstructionSite/Fence/Fence_DefaultMaterial_OcclusionRoughnessMetallic.ubulk" 1848
"C:/Users/Amir sanni/Desktop/Biplo/Roomba-Biplo-Studio/Content/Assets/ConstructionSite/Fence/Fence_DefaultMaterial_OcclusionRoughnessMetallic.uasset" 1849
"C:/Users/Amir sanni/Desktop/Biplo/Roomba-Biplo-Studio/Content/Assets/ConstructionSite/Fence/Fence_DefaultMaterial_OcclusionRoughnessMetallic.uexp" 1850
"C:/Users/Amir sanni/Desktop/Biplo/Roomba-Biplo-Studio/Content/Assets/ConstructionSite/Fence/Fence_DefaultMaterial_Normal.ubulk" 1851
"C:/Users/Amir sanni/Desktop/Biplo/Roomba-Biplo-Studio/Content/Assets/ConstructionSite/Fence/Fence_DefaultMaterial_Normal.uasset" 1852
"C:/Users/Amir sanni/Desktop/Biplo/Roomba-Biplo-Studio/Content/Assets/ConstructionSite/Fence/Fence_DefaultMaterial_Normal.uexp" 1853
"C:/Users/Amir sanni/Desktop/Biplo/Roomba-Biplo-Studio/Content/Assets/ConstructionSite/Fence/M_Fence.uasset" 1854
"C:/Users/Amir sanni/Desktop/Biplo/Roomba-Biplo-Studio/Content/Assets/ConstructionSite/Fence/M_Fence.uexp" 1855
"C:/Users/Amir sanni/Desktop/Biplo/Roomba-Biplo-Studio/Content/Assets/ConstructionSite/Fence.ubulk" 1856
"C:/Users/Amir sanni/Desktop/Biplo/Roomba-Biplo-Studio/Content/Assets/ConstructionSite/Fence.uasset" 1857
"C:/Users/Amir sanni/Desktop/Biplo/Roomba-Biplo-Studio/Content/Assets/ConstructionSite/Fence.uexp" 1858
"C:/Users/Amir sanni/Desktop/Biplo/Roomba-Biplo-Studio/Content/Assets/Buildings/Textures/rooftop1_lambert1_BaseColor.ubulk" 1859
"C:/Users/Amir sanni/Desktop/Biplo/Roomba-Biplo-Studio/Content/Assets/Buildings/Textures/rooftop1_lambert1_BaseColor.uasset" 1860
"C:/Users/Amir sanni/Desktop/Biplo/Roomba-Biplo-Studio/Content/Assets/Buildings/Textures/rooftop1_lambert1_BaseColor.uexp" 1861
"C:/Users/Amir sanni/Desktop/Biplo/Roomba-Biplo-Studio/Content/Assets/Buildings/Textures/rooftop1_lambert1_Normal.ubulk" 1862
"C:/Users/Amir sanni/Desktop/Biplo/Roomba-Biplo-Studio/Content/Assets/Buildings/Textures/rooftop1_lambert1_Normal.uasset" 1863
"C:/Users/Amir sanni/Desktop/Biplo/Roomba-Biplo-Studio/Content/Assets/Buildings/Textures/rooftop1_lambert1_Normal.uexp" 1864
"C:/Users/Amir sanni/Desktop/Biplo/Roomba-Biplo-Studio/Content/Assets/Buildings/Textures/rooftop1_lambert1_OcclusionRoughnessMetallic.ubulk" 1865
"C:/Users/Amir sanni/Desktop/Biplo/Roomba-Biplo-Studio/Content/Assets/Buildings/Textures/rooftop1_lambert1_OcclusionRoughnessMetallic.uasset" 1866
"C:/Users/Amir sanni/Desktop/Biplo/Roomba-Biplo-Studio/Content/Assets/Buildings/Textures/rooftop1_lambert1_OcclusionRoughnessMetallic.uexp" 1867
"C:/Users/Amir sanni/Desktop/Biplo/Roomba-Biplo-Studio/Content/Assets/Buildings/Normal_Mats/M_Roof.uasset" 1868
"C:/Users/Amir sanni/Desktop/Biplo/Roomba-Biplo-Studio/Content/Assets/Buildings/Normal_Mats/M_Roof.uexp" 1869
"C:/Users/Amir sanni/Desktop/Biplo/Roomba-Biplo-Studio/Content/Assets/Buildings/Roof.ubulk" 1870
"C:/Users/Amir sanni/Desktop/Biplo/Roomba-Biplo-Studio/Content/Assets/Buildings/Roof.uasset" 1871
"C:/Users/Amir sanni/Desktop/Biplo/Roomba-Biplo-Studio/Content/Assets/Buildings/Roof.uexp" 1872
"C:/Users/Amir sanni/Desktop/Biplo/Roomba-Biplo-Studio/Content/Assets/Buildings/Textures/plainWall_lambert1_BaseColor.ubulk" 1873
"C:/Users/Amir sanni/Desktop/Biplo/Roomba-Biplo-Studio/Content/Assets/Buildings/Textures/plainWall_lambert1_BaseColor.uasset" 1874
"C:/Users/Amir sanni/Desktop/Biplo/Roomba-Biplo-Studio/Content/Assets/Buildings/Textures/plainWall_lambert1_BaseColor.uexp" 1875
"C:/Users/Amir sanni/Desktop/Biplo/Roomba-Biplo-Studio/Content/Assets/Buildings/Textures/plainWall_lambert1_OcclusionRoughnessMetallic.ubulk" 1876
"C:/Users/Amir sanni/Desktop/Biplo/Roomba-Biplo-Studio/Content/Assets/Buildings/Textures/plainWall_lambert1_OcclusionRoughnessMetallic.uasset" 1877
"C:/Users/Amir sanni/Desktop/Biplo/Roomba-Biplo-Studio/Content/Assets/Buildings/Textures/plainWall_lambert1_OcclusionRoughnessMetallic.uexp" 1878
"C:/Users/Amir sanni/Desktop/Biplo/Roomba-Biplo-Studio/Content/Assets/Buildings/Textures/plainWall_lambert1_Normal.ubulk" 1879
"C:/Users/Amir sanni/Desktop/Biplo/Roomba-Biplo-Studio/Content/Assets/Buildings/Textures/plainWall_lambert1_Normal.uasset" 1880
"C:/Users/Amir sanni/Desktop/Biplo/Roomba-Biplo-Studio/Content/Assets/Buildings/Textures/plainWall_lambert1_Normal.uexp" 1881
"C:/Users/Amir sanni/Desktop/Biplo/Roomba-Biplo-Studio/Content/Assets/Buildings/Gradient_Mats/M_GradientWallOrange.uasset" 1882
"C:/Users/Amir sanni/Desktop/Biplo/Roomba-Biplo-Studio/Content/Assets/Buildings/Gradient_Mats/M_GradientWallOrange.uexp" 1883
"C:/Users/Amir sanni/Desktop/Biplo/Roomba-Biplo-Studio/Content/Assets/Buildings/Textures/Edge_lambert1_OcclusionRoughnessMetallic.ubulk" 1884
"C:/Users/Amir sanni/Desktop/Biplo/Roomba-Biplo-Studio/Content/Assets/Buildings/Textures/Edge_lambert1_OcclusionRoughnessMetallic.uasset" 1885
"C:/Users/Amir sanni/Desktop/Biplo/Roomba-Biplo-Studio/Content/Assets/Buildings/Textures/Edge_lambert1_OcclusionRoughnessMetallic.uexp" 1886
"C:/Users/Amir sanni/Desktop/Biplo/Roomba-Biplo-Studio/Content/Assets/Buildings/Textures/Edge_lambert1_Normal.ubulk" 1887
"C:/Users/Amir sanni/Desktop/Biplo/Roomba-Biplo-Studio/Content/Assets/Buildings/Textures/Edge_lambert1_Normal.uasset" 1888
"C:/Users/Amir sanni/Desktop/Biplo/Roomba-Biplo-Studio/Content/Assets/Buildings/Textures/Edge_lambert1_Normal.uexp" 1889
"C:/Users/Amir sanni/Desktop/Biplo/Roomba-Biplo-Studio/Content/Assets/Buildings/Textures/Edge_lambert1_BaseColor__1_.ubulk" 1890
"C:/Users/Amir sanni/Desktop/Biplo/Roomba-Biplo-Studio/Content/Assets/Buildings/Textures/Edge_lambert1_BaseColor__1_.uasset" 1891
"C:/Users/Amir sanni/Desktop/Biplo/Roomba-Biplo-Studio/Content/Assets/Buildings/Textures/Edge_lambert1_BaseColor__1_.uexp" 1892
"C:/Users/Amir sanni/Desktop/Biplo/Roomba-Biplo-Studio/Content/Assets/Buildings/Normal_Mats/M_EdgeOrange.uasset" 1893
"C:/Users/Amir sanni/Desktop/Biplo/Roomba-Biplo-Studio/Content/Assets/Buildings/Normal_Mats/M_EdgeOrange.uexp" 1894
"C:/Users/Amir sanni/Desktop/Biplo/Roomba-Biplo-Studio/Content/Assets/Buildings/Edge2.ubulk" 1895
"C:/Users/Amir sanni/Desktop/Biplo/Roomba-Biplo-Studio/Content/Assets/Buildings/Edge2.uasset" 1896
"C:/Users/Amir sanni/Desktop/Biplo/Roomba-Biplo-Studio/Content/Assets/Buildings/Edge2.uexp" 1897
"C:/Users/Amir sanni/Desktop/Biplo/Roomba-Biplo-Studio/Content/Assets/Buildings/Edge.ubulk" 1898
"C:/Users/Amir sanni/Desktop/Biplo/Roomba-Biplo-Studio/Content/Assets/Buildings/Edge.uasset" 1899
"C:/Users/Amir sanni/Desktop/Biplo/Roomba-Biplo-Studio/Content/Assets/Buildings/Edge.uexp" 1900
"C:/Users/Amir sanni/Desktop/Biplo/Roomba-Biplo-Studio/Content/Assets/Bike/bike_Low_lambert1_Normal.ubulk" 1901
"C:/Users/Amir sanni/Desktop/Biplo/Roomba-Biplo-Studio/Content/Assets/Bike/bike_Low_lambert1_Normal.uasset" 1902
"C:/Users/Amir sanni/Desktop/Biplo/Roomba-Biplo-Studio/Content/Assets/Bike/bike_Low_lambert1_Normal.uexp" 1903
"C:/Users/Amir sanni/Desktop/Biplo/Roomba-Biplo-Studio/Content/Assets/Bike/bike_Low_lambert1_BaseColor.ubulk" 1904
"C:/Users/Amir sanni/Desktop/Biplo/Roomba-Biplo-Studio/Content/Assets/Bike/bike_Low_lambert1_BaseColor.uasset" 1905
"C:/Users/Amir sanni/Desktop/Biplo/Roomba-Biplo-Studio/Content/Assets/Bike/bike_Low_lambert1_BaseColor.uexp" 1906
"C:/Users/Amir sanni/Desktop/Biplo/Roomba-Biplo-Studio/Content/Assets/Bike/bike_Low_lambert1_OcclusionRoughnessMetallic.ubulk" 1907
"C:/Users/Amir sanni/Desktop/Biplo/Roomba-Biplo-Studio/Content/Assets/Bike/bike_Low_lambert1_OcclusionRoughnessMetallic.uasset" 1908
"C:/Users/Amir sanni/Desktop/Biplo/Roomba-Biplo-Studio/Content/Assets/Bike/bike_Low_lambert1_OcclusionRoughnessMetallic.uexp" 1909
"C:/Users/Amir sanni/Desktop/Biplo/Roomba-Biplo-Studio/Content/Assets/Bike/M_Bike.uasset" 1910
"C:/Users/Amir sanni/Desktop/Biplo/Roomba-Biplo-Studio/Content/Assets/Bike/M_Bike.uexp" 1911
"C:/Users/Amir sanni/Desktop/Biplo/Roomba-Biplo-Studio/Content/Assets/Bike/Bike.ubulk" 1912
"C:/Users/Amir sanni/Desktop/Biplo/Roomba-Biplo-Studio/Content/Assets/Bike/Bike.uasset" 1913
"C:/Users/Amir sanni/Desktop/Biplo/Roomba-Biplo-Studio/Content/Assets/Bike/Bike.uexp" 1914
"C:/Users/Amir sanni/Desktop/Biplo/Roomba-Biplo-Studio/Content/Assets/Bakery/Material.uasset" 1915
"C:/Users/Amir sanni/Desktop/Biplo/Roomba-Biplo-Studio/Content/Assets/Bakery/Material.uexp" 1916
"../../../Engine/Content/Functions/Engine_MaterialFunctions01/ImageAdjustment/3ColorBlend.uasset" 1917
"../../../Engine/Content/Functions/Engine_MaterialFunctions01/ImageAdjustment/3ColorBlend.uexp" 1918
"C:/Users/Amir sanni/Desktop/Biplo/Roomba-Biplo-Studio/Content/Assets/Apartment/Textures/M_Wall6.uasset" 1919
"C:/Users/Amir sanni/Desktop/Biplo/Roomba-Biplo-Studio/Content/Assets/Apartment/Textures/M_Wall6.uexp" 1920
"C:/Users/Amir sanni/Desktop/Biplo/Roomba-Biplo-Studio/Content/Assets/Apartment/Textures/14693-normal.ubulk" 1921
"C:/Users/Amir sanni/Desktop/Biplo/Roomba-Biplo-Studio/Content/Assets/Apartment/Textures/14693-normal.uasset" 1922
"C:/Users/Amir sanni/Desktop/Biplo/Roomba-Biplo-Studio/Content/Assets/Apartment/Textures/14693-normal.uexp" 1923
"C:/Users/Amir sanni/Desktop/Biplo/Roomba-Biplo-Studio/Content/Assets/Apartment/Textures/M_Trim.uasset" 1924
"C:/Users/Amir sanni/Desktop/Biplo/Roomba-Biplo-Studio/Content/Assets/Apartment/Textures/M_Trim.uexp" 1925
"C:/Users/Amir sanni/Desktop/Biplo/Roomba-Biplo-Studio/Content/Assets/Apartment/Modular/WindowTrim.ubulk" 1926
"C:/Users/Amir sanni/Desktop/Biplo/Roomba-Biplo-Studio/Content/Assets/Apartment/Modular/WindowTrim.uasset" 1927
"C:/Users/Amir sanni/Desktop/Biplo/Roomba-Biplo-Studio/Content/Assets/Apartment/Modular/WindowTrim.uexp" 1928
"C:/Users/Amir sanni/Desktop/Biplo/Roomba-Biplo-Studio/Content/Assets/Apartment/Textures/M_Wall1.uasset" 1929
"C:/Users/Amir sanni/Desktop/Biplo/Roomba-Biplo-Studio/Content/Assets/Apartment/Textures/M_Wall1.uexp" 1930
"C:/Users/Amir sanni/Desktop/Biplo/Roomba-Biplo-Studio/Content/Assets/Apartment/Modular/WindowFrame3.ubulk" 1931
"C:/Users/Amir sanni/Desktop/Biplo/Roomba-Biplo-Studio/Content/Assets/Apartment/Modular/WindowFrame3.uasset" 1932
"C:/Users/Amir sanni/Desktop/Biplo/Roomba-Biplo-Studio/Content/Assets/Apartment/Modular/WindowFrame3.uexp" 1933
"C:/Users/Amir sanni/Desktop/Biplo/Roomba-Biplo-Studio/Content/Assets/Apartment/Modular/WindowFrame2.ubulk" 1934
"C:/Users/Amir sanni/Desktop/Biplo/Roomba-Biplo-Studio/Content/Assets/Apartment/Modular/WindowFrame2.uasset" 1935
"C:/Users/Amir sanni/Desktop/Biplo/Roomba-Biplo-Studio/Content/Assets/Apartment/Modular/WindowFrame2.uexp" 1936
"C:/Users/Amir sanni/Desktop/Biplo/Roomba-Biplo-Studio/Content/Assets/Apartment/Modular/WindowFrame1.ubulk" 1937
"C:/Users/Amir sanni/Desktop/Biplo/Roomba-Biplo-Studio/Content/Assets/Apartment/Modular/WindowFrame1.uasset" 1938
"C:/Users/Amir sanni/Desktop/Biplo/Roomba-Biplo-Studio/Content/Assets/Apartment/Modular/WindowFrame1.uexp" 1939
"C:/Users/Amir sanni/Desktop/Biplo/Roomba-Biplo-Studio/Content/Assets/Apartment/Modular/WallWithHole.ubulk" 1940
"C:/Users/Amir sanni/Desktop/Biplo/Roomba-Biplo-Studio/Content/Assets/Apartment/Modular/WallWithHole.uasset" 1941
"C:/Users/Amir sanni/Desktop/Biplo/Roomba-Biplo-Studio/Content/Assets/Apartment/Modular/WallWithHole.uexp" 1942
"C:/Users/Amir sanni/Desktop/Biplo/Roomba-Biplo-Studio/Content/Assets/Apartment/Modular/WallTrim.ubulk" 1943
"C:/Users/Amir sanni/Desktop/Biplo/Roomba-Biplo-Studio/Content/Assets/Apartment/Modular/WallTrim.uasset" 1944
"C:/Users/Amir sanni/Desktop/Biplo/Roomba-Biplo-Studio/Content/Assets/Apartment/Modular/WallTrim.uexp" 1945
"C:/Users/Amir sanni/Desktop/Biplo/Roomba-Biplo-Studio/Content/Assets/Apartment/Modular/WallShortWidth.ubulk" 1946
"C:/Users/Amir sanni/Desktop/Biplo/Roomba-Biplo-Studio/Content/Assets/Apartment/Modular/WallShortWidth.uasset" 1947
"C:/Users/Amir sanni/Desktop/Biplo/Roomba-Biplo-Studio/Content/Assets/Apartment/Modular/WallShortWidth.uexp" 1948
"C:/Users/Amir sanni/Desktop/Biplo/Roomba-Biplo-Studio/Content/Assets/Apartment/Modular/WallShortHeight.ubulk" 1949
"C:/Users/Amir sanni/Desktop/Biplo/Roomba-Biplo-Studio/Content/Assets/Apartment/Modular/WallShortHeight.uasset" 1950
"C:/Users/Amir sanni/Desktop/Biplo/Roomba-Biplo-Studio/Content/Assets/Apartment/Modular/WallShortHeight.uexp" 1951
"C:/Users/Amir sanni/Desktop/Biplo/Roomba-Biplo-Studio/Content/Assets/Apartment/Modular/Wall.ubulk" 1952
"C:/Users/Amir sanni/Desktop/Biplo/Roomba-Biplo-Studio/Content/Assets/Apartment/Modular/Wall.uasset" 1953
"C:/Users/Amir sanni/Desktop/Biplo/Roomba-Biplo-Studio/Content/Assets/Apartment/Modular/Wall.uexp" 1954
"C:/Users/Amir sanni/Desktop/Biplo/Roomba-Biplo-Studio/Content/Assets/Apartment/Textures/Floor_DefaultMaterial_Normal.ubulk" 1955
"C:/Users/Amir sanni/Desktop/Biplo/Roomba-Biplo-Studio/Content/Assets/Apartment/Textures/Floor_DefaultMaterial_Normal.uasset" 1956
"C:/Users/Amir sanni/Desktop/Biplo/Roomba-Biplo-Studio/Content/Assets/Apartment/Textures/Floor_DefaultMaterial_Normal.uexp" 1957
"C:/Users/Amir sanni/Desktop/Biplo/Roomba-Biplo-Studio/Content/Assets/Apartment/Textures/Floor_DefaultMaterial_OcclusionRoughnessMetallic.ubulk" 1958
"C:/Users/Amir sanni/Desktop/Biplo/Roomba-Biplo-Studio/Content/Assets/Apartment/Textures/Floor_DefaultMaterial_OcclusionRoughnessMetallic.uasset" 1959
"C:/Users/Amir sanni/Desktop/Biplo/Roomba-Biplo-Studio/Content/Assets/Apartment/Textures/Floor_DefaultMaterial_OcclusionRoughnessMetallic.uexp" 1960
"C:/Users/Amir sanni/Desktop/Biplo/Roomba-Biplo-Studio/Content/Assets/Apartment/Textures/Floor_DefaultMaterial_BaseColor.ubulk" 1961
"C:/Users/Amir sanni/Desktop/Biplo/Roomba-Biplo-Studio/Content/Assets/Apartment/Textures/Floor_DefaultMaterial_BaseColor.uasset" 1962
"C:/Users/Amir sanni/Desktop/Biplo/Roomba-Biplo-Studio/Content/Assets/Apartment/Textures/Floor_DefaultMaterial_BaseColor.uexp" 1963
"C:/Users/Amir sanni/Desktop/Biplo/Roomba-Biplo-Studio/Content/Assets/Apartment/Textures/M_Stairs.uasset" 1964
"C:/Users/Amir sanni/Desktop/Biplo/Roomba-Biplo-Studio/Content/Assets/Apartment/Textures/M_Stairs.uexp" 1965
"C:/Users/Amir sanni/Desktop/Biplo/Roomba-Biplo-Studio/Content/Assets/Apartment/Modular/Stair.ubulk" 1966
"C:/Users/Amir sanni/Desktop/Biplo/Roomba-Biplo-Studio/Content/Assets/Apartment/Modular/Stair.uasset" 1967
"C:/Users/Amir sanni/Desktop/Biplo/Roomba-Biplo-Studio/Content/Assets/Apartment/Modular/Stair.uexp" 1968
"C:/Users/Amir sanni/Desktop/Biplo/Roomba-Biplo-Studio/Content/Assets/Apartment/Modular/ShortWallTrim.ubulk" 1969
"C:/Users/Amir sanni/Desktop/Biplo/Roomba-Biplo-Studio/Content/Assets/Apartment/Modular/ShortWallTrim.uasset" 1970
"C:/Users/Amir sanni/Desktop/Biplo/Roomba-Biplo-Studio/Content/Assets/Apartment/Modular/ShortWallTrim.uexp" 1971
"C:/Users/Amir sanni/Desktop/Biplo/Roomba-Biplo-Studio/Content/Assets/Apartment/Rug5.uasset" 1972
"C:/Users/Amir sanni/Desktop/Biplo/Roomba-Biplo-Studio/Content/Assets/Apartment/Rug5.uexp" 1973
"C:/Users/Amir sanni/Desktop/Biplo/Roomba-Biplo-Studio/Content/StarterContent/Textures/T_Wood_Oak_N.ubulk" 1974
"C:/Users/Amir sanni/Desktop/Biplo/Roomba-Biplo-Studio/Content/StarterContent/Textures/T_Wood_Oak_N.uasset" 1975
"C:/Users/Amir sanni/Desktop/Biplo/Roomba-Biplo-Studio/Content/StarterContent/Textures/T_Wood_Oak_N.uexp" 1976
"C:/Users/Amir sanni/Desktop/Biplo/Roomba-Biplo-Studio/Content/StarterContent/Textures/T_Wood_Oak_D.ubulk" 1977
"C:/Users/Amir sanni/Desktop/Biplo/Roomba-Biplo-Studio/Content/StarterContent/Textures/T_Wood_Oak_D.uasset" 1978
"C:/Users/Amir sanni/Desktop/Biplo/Roomba-Biplo-Studio/Content/StarterContent/Textures/T_Wood_Oak_D.uexp" 1979
"C:/Users/Amir sanni/Desktop/Biplo/Roomba-Biplo-Studio/Content/StarterContent/Textures/T_MacroVariation.uasset" 1980
"C:/Users/Amir sanni/Desktop/Biplo/Roomba-Biplo-Studio/Content/StarterContent/Textures/T_MacroVariation.uexp" 1981
"C:/Users/Amir sanni/Desktop/Biplo/Roomba-Biplo-Studio/Content/StarterContent/Materials/M_Wood_Oak.uasset" 1982
"C:/Users/Amir sanni/Desktop/Biplo/Roomba-Biplo-Studio/Content/StarterContent/Materials/M_Wood_Oak.uexp" 1983
"C:/Users/Amir sanni/Desktop/Biplo/Roomba-Biplo-Studio/Content/Assets/Apartment/Furniture/PictureFrame2.ubulk" 1984
"C:/Users/Amir sanni/Desktop/Biplo/Roomba-Biplo-Studio/Content/Assets/Apartment/Furniture/PictureFrame2.uasset" 1985
"C:/Users/Amir sanni/Desktop/Biplo/Roomba-Biplo-Studio/Content/Assets/Apartment/Furniture/PictureFrame2.uexp" 1986
"C:/Users/Amir sanni/Desktop/Biplo/Roomba-Biplo-Studio/Content/Assets/Apartment/Textures/M_Wall4.uasset" 1987
"C:/Users/Amir sanni/Desktop/Biplo/Roomba-Biplo-Studio/Content/Assets/Apartment/Textures/M_Wall4.uexp" 1988
"C:/Users/Amir sanni/Desktop/Biplo/Roomba-Biplo-Studio/Content/Assets/Apartment/Textures/SUMMERPHOTO.uasset" 1989
"C:/Users/Amir sanni/Desktop/Biplo/Roomba-Biplo-Studio/Content/Assets/Apartment/Textures/SUMMERPHOTO.uexp" 1990
"C:/Users/Amir sanni/Desktop/Biplo/Roomba-Biplo-Studio/Content/Assets/Apartment/Textures/M_Test.uasset" 1991
"C:/Users/Amir sanni/Desktop/Biplo/Roomba-Biplo-Studio/Content/Assets/Apartment/Textures/M_Test.uexp" 1992
"C:/Users/Amir sanni/Desktop/Biplo/Roomba-Biplo-Studio/Content/Assets/Apartment/Textures/Plank_M_Plank_OcclusionRoughnessMetallic.ubulk" 1993
"C:/Users/Amir sanni/Desktop/Biplo/Roomba-Biplo-Studio/Content/Assets/Apartment/Textures/Plank_M_Plank_OcclusionRoughnessMetallic.uasset" 1994
"C:/Users/Amir sanni/Desktop/Biplo/Roomba-Biplo-Studio/Content/Assets/Apartment/Textures/Plank_M_Plank_OcclusionRoughnessMetallic.uexp" 1995
"C:/Users/Amir sanni/Desktop/Biplo/Roomba-Biplo-Studio/Content/Assets/Apartment/Textures/Plank_M_Plank_Normal.ubulk" 1996
"C:/Users/Amir sanni/Desktop/Biplo/Roomba-Biplo-Studio/Content/Assets/Apartment/Textures/Plank_M_Plank_Normal.uasset" 1997
"C:/Users/Amir sanni/Desktop/Biplo/Roomba-Biplo-Studio/Content/Assets/Apartment/Textures/Plank_M_Plank_Normal.uexp" 1998
"C:/Users/Amir sanni/Desktop/Biplo/Roomba-Biplo-Studio/Content/Assets/Apartment/Textures/Plank_M_Plank_BaseColor.ubulk" 1999
"C:/Users/Amir sanni/Desktop/Biplo/Roomba-Biplo-Studio/Content/Assets/Apartment/Textures/Plank_M_Plank_BaseColor.uasset" 2000
"C:/Users/Amir sanni/Desktop/Biplo/Roomba-Biplo-Studio/Content/Assets/Apartment/Textures/Plank_M_Plank_BaseColor.uexp" 2001
"C:/Users/Amir sanni/Desktop/Biplo/Roomba-Biplo-Studio/Content/Assets/Apartment/Textures/M_Plank2.uasset" 2002
"C:/Users/Amir sanni/Desktop/Biplo/Roomba-Biplo-Studio/Content/Assets/Apartment/Textures/M_Plank2.uexp" 2003
"C:/Users/Amir sanni/Desktop/Biplo/Roomba-Biplo-Studio/Content/Assets/Apartment/Textures/M_FlorenscentLightHolder.uasset" 2004
"C:/Users/Amir sanni/Desktop/Biplo/Roomba-Biplo-Studio/Content/Assets/Apartment/Textures/M_FlorenscentLightHolder.uexp" 2005
"C:/Users/Amir sanni/Desktop/Biplo/Roomba-Biplo-Studio/Content/StarterContent/Textures/T_Tech_Hex_Tile_M.ubulk" 2006
"C:/Users/Amir sanni/Desktop/Biplo/Roomba-Biplo-Studio/Content/StarterContent/Textures/T_Tech_Hex_Tile_M.uasset" 2007
"C:/Users/Amir sanni/Desktop/Biplo/Roomba-Biplo-Studio/Content/StarterContent/Textures/T_Tech_Hex_Tile_M.uexp" 2008
"C:/Users/Amir sanni/Desktop/Biplo/Roomba-Biplo-Studio/Content/StarterContent/Textures/T_Tech_Hex_Tile_N.ubulk" 2009
"C:/Users/Amir sanni/Desktop/Biplo/Roomba-Biplo-Studio/Content/StarterContent/Textures/T_Tech_Hex_Tile_N.uasset" 2010
"C:/Users/Amir sanni/Desktop/Biplo/Roomba-Biplo-Studio/Content/StarterContent/Textures/T_Tech_Hex_Tile_N.uexp" 2011
"C:/Users/Amir sanni/Desktop/Biplo/Roomba-Biplo-Studio/Content/Assets/Apartment/Textures/M_FlorenscentLightBulb.uasset" 2012
"C:/Users/Amir sanni/Desktop/Biplo/Roomba-Biplo-Studio/Content/Assets/Apartment/Textures/M_FlorenscentLightBulb.uexp" 2013
"C:/Users/Amir sanni/Desktop/Biplo/Roomba-Biplo-Studio/Content/Assets/Apartment/M_Floor.uasset" 2014
"C:/Users/Amir sanni/Desktop/Biplo/Roomba-Biplo-Studio/Content/Assets/Apartment/M_Floor.uexp" 2015
"C:/Users/Amir sanni/Desktop/Biplo/Roomba-Biplo-Studio/Content/Assets/Apartment/M_Stairs.uasset" 2016
"C:/Users/Amir sanni/Desktop/Biplo/Roomba-Biplo-Studio/Content/Assets/Apartment/M_Stairs.uexp" 2017
"C:/Users/Amir sanni/Desktop/Biplo/Roomba-Biplo-Studio/Content/Assets/Apartment/Modular/Hole.ubulk" 2018
"C:/Users/Amir sanni/Desktop/Biplo/Roomba-Biplo-Studio/Content/Assets/Apartment/Modular/Hole.uasset" 2019
"C:/Users/Amir sanni/Desktop/Biplo/Roomba-Biplo-Studio/Content/Assets/Apartment/Modular/Hole.uexp" 2020
"C:/Users/Amir sanni/Desktop/Biplo/Roomba-Biplo-Studio/Content/StarterContent/Materials/M_Metal_Chrome.uasset" 2021
"C:/Users/Amir sanni/Desktop/Biplo/Roomba-Biplo-Studio/Content/StarterContent/Materials/M_Metal_Chrome.uexp" 2022
"C:/Users/Amir sanni/Desktop/Biplo/Roomba-Biplo-Studio/Content/Assets/Apartment/Furniture/FlorenscentLightBulb.ubulk" 2023
"C:/Users/Amir sanni/Desktop/Biplo/Roomba-Biplo-Studio/Content/Assets/Apartment/Furniture/FlorenscentLightBulb.uasset" 2024
"C:/Users/Amir sanni/Desktop/Biplo/Roomba-Biplo-Studio/Content/Assets/Apartment/Furniture/FlorenscentLightBulb.uexp" 2025
"C:/Users/Amir sanni/Desktop/Biplo/Roomba-Biplo-Studio/Content/Assets/Apartment/Furniture/FlorenscentLight.ubulk" 2026
"C:/Users/Amir sanni/Desktop/Biplo/Roomba-Biplo-Studio/Content/Assets/Apartment/Furniture/FlorenscentLight.uasset" 2027
"C:/Users/Amir sanni/Desktop/Biplo/Roomba-Biplo-Studio/Content/Assets/Apartment/Furniture/FlorenscentLight.uexp" 2028
"C:/Users/Amir sanni/Desktop/Biplo/Roomba-Biplo-Studio/Content/Assets/Apartment/Textures/Rug.uasset" 2029
"C:/Users/Amir sanni/Desktop/Biplo/Roomba-Biplo-Studio/Content/Assets/Apartment/Textures/Rug.uexp" 2030
"C:/Users/Amir sanni/Desktop/Biplo/Roomba-Biplo-Studio/Content/Assets/Apartment/Textures/M_Rug.uasset" 2031
"C:/Users/Amir sanni/Desktop/Biplo/Roomba-Biplo-Studio/Content/Assets/Apartment/Textures/M_Rug.uexp" 2032
"C:/Users/Amir sanni/Desktop/Biplo/Roomba-Biplo-Studio/Content/Assets/Apartment/Modular/FloorWithHole.ubulk" 2033
"C:/Users/Amir sanni/Desktop/Biplo/Roomba-Biplo-Studio/Content/Assets/Apartment/Modular/FloorWithHole.uasset" 2034
"C:/Users/Amir sanni/Desktop/Biplo/Roomba-Biplo-Studio/Content/Assets/Apartment/Modular/FloorWithHole.uexp" 2035
"C:/Users/Amir sanni/Desktop/Biplo/Roomba-Biplo-Studio/Content/Assets/Apartment/Modular/FloorSmall1.ubulk" 2036
"C:/Users/Amir sanni/Desktop/Biplo/Roomba-Biplo-Studio/Content/Assets/Apartment/Modular/FloorSmall1.uasset" 2037
"C:/Users/Amir sanni/Desktop/Biplo/Roomba-Biplo-Studio/Content/Assets/Apartment/Modular/FloorSmall1.uexp" 2038
"C:/Users/Amir sanni/Desktop/Biplo/Roomba-Biplo-Studio/Content/Assets/Apartment/Modular/Floor.ubulk" 2039
"C:/Users/Amir sanni/Desktop/Biplo/Roomba-Biplo-Studio/Content/Assets/Apartment/Modular/Floor.uasset" 2040
"C:/Users/Amir sanni/Desktop/Biplo/Roomba-Biplo-Studio/Content/Assets/Apartment/Modular/Floor.uexp" 2041
"C:/Users/Amir sanni/Desktop/Biplo/Roomba-Biplo-Studio/Content/Assets/Apartment/Textures/M_TVScreen.uasset" 2042
"C:/Users/Amir sanni/Desktop/Biplo/Roomba-Biplo-Studio/Content/Assets/Apartment/Textures/M_TVScreen.uexp" 2043
"C:/Users/Amir sanni/Desktop/Biplo/Roomba-Biplo-Studio/Content/Assets/Apartment/Textures/M_TVBase.uasset" 2044
"C:/Users/Amir sanni/Desktop/Biplo/Roomba-Biplo-Studio/Content/Assets/Apartment/Textures/M_TVBase.uexp" 2045
"C:/Users/Amir sanni/Desktop/Biplo/Roomba-Biplo-Studio/Content/Assets/Apartment/Furniture/FLATSCREEN.ubulk" 2046
"C:/Users/Amir sanni/Desktop/Biplo/Roomba-Biplo-Studio/Content/Assets/Apartment/Furniture/FLATSCREEN.uasset" 2047
"C:/Users/Amir sanni/Desktop/Biplo/Roomba-Biplo-Studio/Content/Assets/Apartment/Furniture/FLATSCREEN.uexp" 2048
"C:/Users/Amir sanni/Desktop/Biplo/Roomba-Biplo-Studio/Content/Assets/Apartment/Modular/DoorWayTrim.ubulk" 2049
"C:/Users/Amir sanni/Desktop/Biplo/Roomba-Biplo-Studio/Content/Assets/Apartment/Modular/DoorWayTrim.uasset" 2050
"C:/Users/Amir sanni/Desktop/Biplo/Roomba-Biplo-Studio/Content/Assets/Apartment/Modular/DoorWayTrim.uexp" 2051
"C:/Users/Amir sanni/Desktop/Biplo/Roomba-Biplo-Studio/Content/Assets/Apartment/Modular/Doorway.ubulk" 2052
"C:/Users/Amir sanni/Desktop/Biplo/Roomba-Biplo-Studio/Content/Assets/Apartment/Modular/Doorway.uasset" 2053
"C:/Users/Amir sanni/Desktop/Biplo/Roomba-Biplo-Studio/Content/Assets/Apartment/Modular/Doorway.uexp" 2054
"C:/Users/Amir sanni/Desktop/Biplo/Roomba-Biplo-Studio/Content/Assets/Apartment/Textures/M_Ceiling.uasset" 2055
"C:/Users/Amir sanni/Desktop/Biplo/Roomba-Biplo-Studio/Content/Assets/Apartment/Textures/M_Ceiling.uexp" 2056
"C:/Users/Amir sanni/Desktop/Biplo/Roomba-Biplo-Studio/Content/Assets/Apartment/Modular/Ceiling.ubulk" 2057
"C:/Users/Amir sanni/Desktop/Biplo/Roomba-Biplo-Studio/Content/Assets/Apartment/Modular/Ceiling.uasset" 2058
"C:/Users/Amir sanni/Desktop/Biplo/Roomba-Biplo-Studio/Content/Assets/Apartment/Modular/Ceiling.uexp" 2059
"C:/Users/Amir sanni/Desktop/Biplo/Roomba-Biplo-Studio/Content/Assets/Apartment/Modular/Barrier.ubulk" 2060
"C:/Users/Amir sanni/Desktop/Biplo/Roomba-Biplo-Studio/Content/Assets/Apartment/Modular/Barrier.uasset" 2061
"C:/Users/Amir sanni/Desktop/Biplo/Roomba-Biplo-Studio/Content/Assets/Apartment/Modular/Barrier.uexp" 2062
"C:/Users/Amir sanni/Desktop/Biplo/Roomba-Biplo-Studio/Content/Assets/2DImages/test2.uasset" 2063
"C:/Users/Amir sanni/Desktop/Biplo/Roomba-Biplo-Studio/Content/Assets/2DImages/test2.uexp" 2064
"C:/Users/Amir sanni/Desktop/Biplo/Roomba-Biplo-Studio/Content/Assets/2DImages/Hole2.uasset" 2065
"C:/Users/Amir sanni/Desktop/Biplo/Roomba-Biplo-Studio/Content/Assets/2DImages/Hole2.uexp" 2066
"C:/Users/Amir sanni/Desktop/Biplo/Roomba-Biplo-Studio/Content/Assets/2DImages/Vines.uasset" 2067
"C:/Users/Amir sanni/Desktop/Biplo/Roomba-Biplo-Studio/Content/Assets/2DImages/Vines.uexp" 2068
"C:/Users/Amir sanni/Desktop/Biplo/Roomba-Biplo-Studio/Content/Assets/2DImages/D_Vines1.uasset" 2069
"C:/Users/Amir sanni/Desktop/Biplo/Roomba-Biplo-Studio/Content/Assets/2DImages/D_Vines1.uexp" 2070
"C:/Users/Amir sanni/Desktop/Biplo/Roomba-Biplo-Studio/Content/Assets/2DImages/VinesSmall.uasset" 2071
"C:/Users/Amir sanni/Desktop/Biplo/Roomba-Biplo-Studio/Content/Assets/2DImages/VinesSmall.uexp" 2072
"C:/Users/Amir sanni/Desktop/Biplo/Roomba-Biplo-Studio/Content/Assets/2DImages/D_Vine3.uasset" 2073
"C:/Users/Amir sanni/Desktop/Biplo/Roomba-Biplo-Studio/Content/Assets/2DImages/D_Vine3.uexp" 2074
"C:/Users/Amir sanni/Desktop/Biplo/Roomba-Biplo-Studio/Content/Assets/2DImages/VinesSingle.uasset" 2075
"C:/Users/Amir sanni/Desktop/Biplo/Roomba-Biplo-Studio/Content/Assets/2DImages/VinesSingle.uexp" 2076
"C:/Users/Amir sanni/Desktop/Biplo/Roomba-Biplo-Studio/Content/Assets/2DImages/D_Vine2.uasset" 2077
"C:/Users/Amir sanni/Desktop/Biplo/Roomba-Biplo-Studio/Content/Assets/2DImages/D_Vine2.uexp" 2078
"C:/Users/Amir sanni/Desktop/Biplo/Roomba-Biplo-Studio/Content/Assets/2DImages/Crack.uasset" 2079
"C:/Users/Amir sanni/Desktop/Biplo/Roomba-Biplo-Studio/Content/Assets/2DImages/Crack.uexp" 2080
"C:/Users/Amir sanni/Desktop/Biplo/Roomba-Biplo-Studio/Content/Assets/2DImages/D_Crack2.uasset" 2081
"C:/Users/Amir sanni/Desktop/Biplo/Roomba-Biplo-Studio/Content/Assets/2DImages/D_Crack2.uexp" 2082
"C:/Users/Amir sanni/Desktop/Biplo/Roomba-Biplo-Studio/Content/Assets/2DImages/D_Crack1.uasset" 2083
"C:/Users/Amir sanni/Desktop/Biplo/Roomba-Biplo-Studio/Content/Assets/2DImages/D_Crack1.uexp" 2084
"C:/Users/Amir sanni/Desktop/Biplo/Roomba-Biplo-Studio/Content/Assets/2DImages/cursor.uasset" 2085
"C:/Users/Amir sanni/Desktop/Biplo/Roomba-Biplo-Studio/Content/Assets/2DImages/cursor.uexp" 2086
"../../../Engine/Content/Functions/Engine_MaterialFunctions01/Shading/PowerToRoughness.uasset" 2087
"../../../Engine/Content/Functions/Engine_MaterialFunctions01/Shading/PowerToRoughness.uexp" 2088
"../../../Engine/Content/Functions/Engine_MaterialFunctions01/Shading/ConvertFromDiffSpec.uasset" 2089
"../../../Engine/Content/Functions/Engine_MaterialFunctions01/Shading/ConvertFromDiffSpec.uexp" 2090
"../../../Engine/Content/EngineMaterials/Substrate/Volume/SubstrateSimpleVolumeLUT3D.uasset" 2091
"../../../Engine/Content/EngineMaterials/Substrate/Volume/SubstrateSimpleVolumeLUT3D.uexp" 2092
"../../../Engine/Content/EngineMaterials/Substrate/Volume/SubstrateSimpleVolumeEnvLUT3D.uasset" 2093
"../../../Engine/Content/EngineMaterials/Substrate/Volume/SubstrateSimpleVolumeEnvLUT3D.uexp" 2094
"../../../Engine/Content/EngineMaterials/Substrate/GLints2/AGlintTex2dArray2.uasset" 2095
"../../../Engine/Content/EngineMaterials/Substrate/GLints2/AGlintTex2dArray2.uexp" 2096
"../../../Engine/Content/EngineMaterials/Substrate/GLints/AGlintTex2dArray.uasset" 2097
"../../../Engine/Content/EngineMaterials/Substrate/GLints/AGlintTex2dArray.uexp" 2098
"C:/Users/Amir sanni/Desktop/Biplo/Roomba-Biplo-Studio/Content/ThirdPerson/Blueprints/SaveSystem_BP/RoombSaveGame_BP.uasset" 2099
"C:/Users/Amir sanni/Desktop/Biplo/Roomba-Biplo-Studio/Content/ThirdPerson/Blueprints/SaveSystem_BP/RoombSaveGame_BP.uexp" 2100
"C:/Users/Amir sanni/Desktop/Biplo/Roomba-Biplo-Studio/Content/ThirdPerson/Blueprints/Player_BP/WBP_SPEEDUI.uasset" 2101
"C:/Users/Amir sanni/Desktop/Biplo/Roomba-Biplo-Studio/Content/ThirdPerson/Blueprints/Player_BP/WBP_SPEEDUI.uexp" 2102
"../../../Engine/Content/Functions/Engine_MaterialFunctions01/Texturing/BitMask.uasset" 2103
"../../../Engine/Content/Functions/Engine_MaterialFunctions01/Texturing/BitMask.uexp" 2104
"C:/Users/Amir sanni/Desktop/Biplo/Roomba-Biplo-Studio/Content/ThirdPerson/Blueprints/Player_BP/NewMaterial.uasset" 2105
"C:/Users/Amir sanni/Desktop/Biplo/Roomba-Biplo-Studio/Content/ThirdPerson/Blueprints/Player_BP/NewMaterial.uexp" 2106
"C:/Users/Amir sanni/Desktop/Biplo/Roomba-Biplo-Studio/Content/ThirdPerson/Blueprints/Player_BP/ForceSwitchCameraMode.uasset" 2107
"C:/Users/Amir sanni/Desktop/Biplo/Roomba-Biplo-Studio/Content/ThirdPerson/Blueprints/Player_BP/ForceSwitchCameraMode.uexp" 2108
"C:/Users/Amir sanni/Desktop/Biplo/Roomba-Biplo-Studio/Content/ThirdPerson/Blueprints/Niagra/NS_TrailRed.uasset" 2109
"C:/Users/Amir sanni/Desktop/Biplo/Roomba-Biplo-Studio/Content/ThirdPerson/Blueprints/Niagra/NS_TrailRed.uexp" 2110
"C:/Users/Amir sanni/Desktop/Biplo/Roomba-Biplo-Studio/Content/ThirdPerson/Blueprints/Niagra/NS_TrailOrange.uasset" 2111
"C:/Users/Amir sanni/Desktop/Biplo/Roomba-Biplo-Studio/Content/ThirdPerson/Blueprints/Niagra/NS_TrailOrange.uexp" 2112
"C:/Users/Amir sanni/Desktop/Biplo/Roomba-Biplo-Studio/Content/ThirdPerson/Blueprints/Niagra/NS_Smoke3.uasset" 2113
"C:/Users/Amir sanni/Desktop/Biplo/Roomba-Biplo-Studio/Content/ThirdPerson/Blueprints/Niagra/NS_Smoke3.uexp" 2114
"C:/Users/Amir sanni/Desktop/Biplo/Roomba-Biplo-Studio/Content/ThirdPerson/Blueprints/Niagra/T_Smoke.ubulk" 2115
"C:/Users/Amir sanni/Desktop/Biplo/Roomba-Biplo-Studio/Content/ThirdPerson/Blueprints/Niagra/T_Smoke.uasset" 2116
"C:/Users/Amir sanni/Desktop/Biplo/Roomba-Biplo-Studio/Content/ThirdPerson/Blueprints/Niagra/T_Smoke.uexp" 2117
"C:/Users/Amir sanni/Desktop/Biplo/Roomba-Biplo-Studio/Content/ThirdPerson/Blueprints/Niagra/M_Smoke1.uasset" 2118
"C:/Users/Amir sanni/Desktop/Biplo/Roomba-Biplo-Studio/Content/ThirdPerson/Blueprints/Niagra/M_Smoke1.uexp" 2119
"C:/Users/Amir sanni/Desktop/Biplo/Roomba-Biplo-Studio/Content/ThirdPerson/Blueprints/Niagra/NS_Smoke1.uasset" 2120
"C:/Users/Amir sanni/Desktop/Biplo/Roomba-Biplo-Studio/Content/ThirdPerson/Blueprints/Niagra/NS_Smoke1.uexp" 2121
"../../../Engine/Plugins/FX/NiagaraFluids/Content/Enums/ENiagaraFluidAttributeListReduced.uasset" 2122
"../../../Engine/Plugins/FX/NiagaraFluids/Content/Enums/ENiagaraFluidAttributeListReduced.uexp" 2123
"../../../Engine/Plugins/FX/NiagaraFluids/Content/Enums/ENiagaraCompositingMethod.uasset" 2124
"../../../Engine/Plugins/FX/NiagaraFluids/Content/Enums/ENiagaraCompositingMethod.uexp" 2125
"../../../Engine/Content/EngineMeshes/s_cube_1cm_flippednormals.ubulk" 2126
"../../../Engine/Content/EngineMeshes/s_cube_1cm_flippednormals.uasset" 2127
"../../../Engine/Content/EngineMeshes/s_cube_1cm_flippednormals.uexp" 2128
"../../../Engine/Plugins/FX/NiagaraFluids/Content/Materials/Utility/M_SolidParticle.uasset" 2129
"../../../Engine/Plugins/FX/NiagaraFluids/Content/Materials/Utility/M_SolidParticle.uexp" 2130
"../../../Engine/Plugins/FX/Niagara/Content/VectorFields/Assets/TilingCurl32.uasset" 2131
"../../../Engine/Plugins/FX/Niagara/Content/VectorFields/Assets/TilingCurl32.uexp" 2132
"../../../Engine/Plugins/FX/NiagaraFluids/Content/Enums/ENiagaraDebugVectorAttributeList.uasset" 2133
"../../../Engine/Plugins/FX/NiagaraFluids/Content/Enums/ENiagaraDebugVectorAttributeList.uexp" 2134
"../../../Engine/Plugins/FX/NiagaraFluids/Content/Enums/ENiagaraInterpolationMethod.uasset" 2135
"../../../Engine/Plugins/FX/NiagaraFluids/Content/Enums/ENiagaraInterpolationMethod.uexp" 2136
"../../../Engine/Plugins/FX/NiagaraFluids/Content/Materials/Grid3D/M_DebugVolumeSlice.uasset" 2137
"../../../Engine/Plugins/FX/NiagaraFluids/Content/Materials/Grid3D/M_DebugVolumeSlice.uexp" 2138
"../../../Engine/Plugins/FX/NiagaraFluids/Content/Materials/Grid3D/Instances/MI_DebugVolumeSlice.uasset" 2139
"../../../Engine/Plugins/FX/NiagaraFluids/Content/Materials/Grid3D/Instances/MI_DebugVolumeSlice.uexp" 2140
"../../../Engine/Plugins/FX/NiagaraFluids/Content/Enums/ENiagaraGasDensityRenderTypes.uasset" 2141
"../../../Engine/Plugins/FX/NiagaraFluids/Content/Enums/ENiagaraGasDensityRenderTypes.uexp" 2142
"../../../Engine/Plugins/FX/NiagaraFluids/Content/NDC_Grid3D_Gas.uasset" 2143
"../../../Engine/Plugins/FX/NiagaraFluids/Content/NDC_Grid3D_Gas.uexp" 2144
"../../../Engine/Plugins/FX/NiagaraFluids/Content/Enums/ENiagaraDebugSliceAttributeList.uasset" 2145
"../../../Engine/Plugins/FX/NiagaraFluids/Content/Enums/ENiagaraDebugSliceAttributeList.uexp" 2146
"../../../Engine/Plugins/FX/NiagaraFluids/Content/Enums/ENiagaraScalabilityQualityLevels.uasset" 2147
"../../../Engine/Plugins/FX/NiagaraFluids/Content/Enums/ENiagaraScalabilityQualityLevels.uexp" 2148
"../../../Engine/Plugins/FX/NiagaraFluids/Content/Enums/ENiagaraGasTemperatureOpacityRenderTypes.uasset" 2149
"../../../Engine/Plugins/FX/NiagaraFluids/Content/Enums/ENiagaraGasTemperatureOpacityRenderTypes.uexp" 2150
"../../../Engine/Plugins/FX/NiagaraFluids/Content/Enums/ENiagaraParticleSourceAttributeList.uasset" 2151
"../../../Engine/Plugins/FX/NiagaraFluids/Content/Enums/ENiagaraParticleSourceAttributeList.uexp" 2152
"../../../Engine/Plugins/FX/NiagaraFluids/Content/Enums/ENiagaraGasTemperatureRenderTypes.uasset" 2153
"../../../Engine/Plugins/FX/NiagaraFluids/Content/Enums/ENiagaraGasTemperatureRenderTypes.uexp" 2154
"../../../Engine/Content/EngineResources/DefaultVolumeTexture2D.uasset" 2155
"../../../Engine/Content/EngineResources/DefaultVolumeTexture2D.uexp" 2156
"../../../Engine/Content/EngineResources/DefaultVolumeTexture.uasset" 2157
"../../../Engine/Content/EngineResources/DefaultVolumeTexture.uexp" 2158
"../../../Engine/Content/ArtTools/RenderToTexture/Textures/127grey.uasset" 2159
"../../../Engine/Content/ArtTools/RenderToTexture/Textures/127grey.uexp" 2160
"../../../Engine/Plugins/FX/NiagaraFluids/Content/Materials/Grid3D/M_3DGas_Base.uasset" 2161
"../../../Engine/Plugins/FX/NiagaraFluids/Content/Materials/Grid3D/M_3DGas_Base.uexp" 2162
"../../../Engine/Plugins/FX/NiagaraFluids/Content/Materials/Grid3D/Instances/MI_3DGas_Base.uasset" 2163
"../../../Engine/Plugins/FX/NiagaraFluids/Content/Materials/Grid3D/Instances/MI_3DGas_Base.uexp" 2164
"C:/Users/Amir sanni/Desktop/Biplo/Roomba-Biplo-Studio/Content/ThirdPerson/Blueprints/Niagra/NS_CardboardSmoke.uasset" 2165
"C:/Users/Amir sanni/Desktop/Biplo/Roomba-Biplo-Studio/Content/ThirdPerson/Blueprints/Niagra/NS_CardboardSmoke.uexp" 2166
"C:/Users/Amir sanni/Desktop/Biplo/Roomba-Biplo-Studio/Content/ThirdPerson/Blueprints/Niagra/Material_001.uasset" 2167
"C:/Users/Amir sanni/Desktop/Biplo/Roomba-Biplo-Studio/Content/ThirdPerson/Blueprints/Niagra/Material_001.uexp" 2168
"C:/Users/Amir sanni/Desktop/Biplo/Roomba-Biplo-Studio/Content/ThirdPerson/Blueprints/Generator/Blue.uasset" 2169
"C:/Users/Amir sanni/Desktop/Biplo/Roomba-Biplo-Studio/Content/ThirdPerson/Blueprints/Generator/Blue.uexp" 2170
"C:/Users/Amir sanni/Desktop/Biplo/Roomba-Biplo-Studio/Content/StarterContent/Shapes/Shape_Cube.ubulk" 2171
"C:/Users/Amir sanni/Desktop/Biplo/Roomba-Biplo-Studio/Content/StarterContent/Shapes/Shape_Cube.uasset" 2172
"C:/Users/Amir sanni/Desktop/Biplo/Roomba-Biplo-Studio/Content/StarterContent/Shapes/Shape_Cube.uexp" 2173
"C:/Users/Amir sanni/Desktop/Biplo/Roomba-Biplo-Studio/Content/ThirdPerson/Blueprints/Generator/Red.uasset" 2174
"C:/Users/Amir sanni/Desktop/Biplo/Roomba-Biplo-Studio/Content/ThirdPerson/Blueprints/Generator/Red.uexp" 2175
"C:/Users/Amir sanni/Desktop/Biplo/Roomba-Biplo-Studio/Content/ThirdPerson/Blueprints/Generator/Green.uasset" 2176
"C:/Users/Amir sanni/Desktop/Biplo/Roomba-Biplo-Studio/Content/ThirdPerson/Blueprints/Generator/Green.uexp" 2177
"C:/Users/Amir sanni/Desktop/Biplo/Roomba-Biplo-Studio/Content/ThirdPerson/Blueprints/Generator/TerminalSwitch_BP.uasset" 2178
"C:/Users/Amir sanni/Desktop/Biplo/Roomba-Biplo-Studio/Content/ThirdPerson/Blueprints/Generator/TerminalSwitch_BP.uexp" 2179
"C:/Users/Amir sanni/Desktop/Biplo/Roomba-Biplo-Studio/Content/ThirdPerson/Blueprints/Generator/Terminal_BP.uasset" 2180
"C:/Users/Amir sanni/Desktop/Biplo/Roomba-Biplo-Studio/Content/ThirdPerson/Blueprints/Generator/Terminal_BP.uexp" 2181
"C:/Users/Amir sanni/Desktop/Biplo/Roomba-Biplo-Studio/Content/Assets/Powerstation/Generator_Temp-20250326T122037Z-001/Generator_Temp/Generator/Generator_Material_Normal.ubulk" 2182
"C:/Users/Amir sanni/Desktop/Biplo/Roomba-Biplo-Studio/Content/Assets/Powerstation/Generator_Temp-20250326T122037Z-001/Generator_Temp/Generator/Generator_Material_Normal.uasset" 2183
"C:/Users/Amir sanni/Desktop/Biplo/Roomba-Biplo-Studio/Content/Assets/Powerstation/Generator_Temp-20250326T122037Z-001/Generator_Temp/Generator/Generator_Material_Normal.uexp" 2184
"C:/Users/Amir sanni/Desktop/Biplo/Roomba-Biplo-Studio/Content/Assets/Powerstation/Generator_Temp-20250326T122037Z-001/Generator_Temp/Generator/Generator_Material_OcclusionRoughnessMetallic.ubulk" 2185
"C:/Users/Amir sanni/Desktop/Biplo/Roomba-Biplo-Studio/Content/Assets/Powerstation/Generator_Temp-20250326T122037Z-001/Generator_Temp/Generator/Generator_Material_OcclusionRoughnessMetallic.uasset" 2186
"C:/Users/Amir sanni/Desktop/Biplo/Roomba-Biplo-Studio/Content/Assets/Powerstation/Generator_Temp-20250326T122037Z-001/Generator_Temp/Generator/Generator_Material_OcclusionRoughnessMetallic.uexp" 2187
"C:/Users/Amir sanni/Desktop/Biplo/Roomba-Biplo-Studio/Content/Assets/Powerstation/Generator_Temp-20250326T122037Z-001/Generator_Temp/Generator/Generator_Material_BaseColor.ubulk" 2188
"C:/Users/Amir sanni/Desktop/Biplo/Roomba-Biplo-Studio/Content/Assets/Powerstation/Generator_Temp-20250326T122037Z-001/Generator_Temp/Generator/Generator_Material_BaseColor.uasset" 2189
"C:/Users/Amir sanni/Desktop/Biplo/Roomba-Biplo-Studio/Content/Assets/Powerstation/Generator_Temp-20250326T122037Z-001/Generator_Temp/Generator/Generator_Material_BaseColor.uexp" 2190
"C:/Users/Amir sanni/Desktop/Biplo/Roomba-Biplo-Studio/Content/Assets/Powerstation/Generator_Temp-20250326T122037Z-001/Generator_Temp/Generator/Temp_generator.uasset" 2191
"C:/Users/Amir sanni/Desktop/Biplo/Roomba-Biplo-Studio/Content/Assets/Powerstation/Generator_Temp-20250326T122037Z-001/Generator_Temp/Generator/Temp_generator.uexp" 2192
"C:/Users/Amir sanni/Desktop/Biplo/Roomba-Biplo-Studio/Content/Assets/Powerstation/Generator_Temp-20250326T122037Z-001/Generator_Temp/Generator/Generator.ubulk" 2193
"C:/Users/Amir sanni/Desktop/Biplo/Roomba-Biplo-Studio/Content/Assets/Powerstation/Generator_Temp-20250326T122037Z-001/Generator_Temp/Generator/Generator.uasset" 2194
"C:/Users/Amir sanni/Desktop/Biplo/Roomba-Biplo-Studio/Content/Assets/Powerstation/Generator_Temp-20250326T122037Z-001/Generator_Temp/Generator/Generator.uexp" 2195
"C:/Users/Amir sanni/Desktop/Biplo/Roomba-Biplo-Studio/Content/Assets/Powerstation/Generator_Temp-20250326T122037Z-001/Generator_Temp/Generator/Copper.uasset" 2196
"C:/Users/Amir sanni/Desktop/Biplo/Roomba-Biplo-Studio/Content/Assets/Powerstation/Generator_Temp-20250326T122037Z-001/Generator_Temp/Generator/Copper.uexp" 2197
"C:/Users/Amir sanni/Desktop/Biplo/Roomba-Biplo-Studio/Content/Assets/Powerstation/Generator_Temp-20250326T122037Z-001/Generator_Temp/Generator/Charged_Copper.uasset" 2198
"C:/Users/Amir sanni/Desktop/Biplo/Roomba-Biplo-Studio/Content/Assets/Powerstation/Generator_Temp-20250326T122037Z-001/Generator_Temp/Generator/Charged_Copper.uexp" 2199
"C:/Users/Amir sanni/Desktop/Biplo/Roomba-Biplo-Studio/Content/Assets/Powerstation/Generator_Temp-20250326T122037Z-001/Generator_Temp/Generator/Coils.ubulk" 2200
"C:/Users/Amir sanni/Desktop/Biplo/Roomba-Biplo-Studio/Content/Assets/Powerstation/Generator_Temp-20250326T122037Z-001/Generator_Temp/Generator/Coils.uasset" 2201
"C:/Users/Amir sanni/Desktop/Biplo/Roomba-Biplo-Studio/Content/Assets/Powerstation/Generator_Temp-20250326T122037Z-001/Generator_Temp/Generator/Coils.uexp" 2202
"C:/Users/Amir sanni/Desktop/Biplo/Roomba-Biplo-Studio/Content/ThirdPerson/Blueprints/Generator/Generator_BP.uasset" 2203
"C:/Users/Amir sanni/Desktop/Biplo/Roomba-Biplo-Studio/Content/ThirdPerson/Blueprints/Generator/Generator_BP.uexp" 2204
"C:/Users/Amir sanni/Desktop/Biplo/Roomba-Biplo-Studio/Content/NewAssetsCool/Streetlight/LightOff/Streetlight_Low_lambert1_Emissive.ubulk" 2205
"C:/Users/Amir sanni/Desktop/Biplo/Roomba-Biplo-Studio/Content/NewAssetsCool/Streetlight/LightOff/Streetlight_Low_lambert1_Emissive.uasset" 2206
"C:/Users/Amir sanni/Desktop/Biplo/Roomba-Biplo-Studio/Content/NewAssetsCool/Streetlight/LightOff/Streetlight_Low_lambert1_Emissive.uexp" 2207
"C:/Users/Amir sanni/Desktop/Biplo/Roomba-Biplo-Studio/Content/NewAssetsCool/Roof/New/VentilationRamp_Material_001_Normal.ubulk" 2208
"C:/Users/Amir sanni/Desktop/Biplo/Roomba-Biplo-Studio/Content/NewAssetsCool/Roof/New/VentilationRamp_Material_001_Normal.uasset" 2209
"C:/Users/Amir sanni/Desktop/Biplo/Roomba-Biplo-Studio/Content/NewAssetsCool/Roof/New/VentilationRamp_Material_001_Normal.uexp" 2210
"C:/Users/Amir sanni/Desktop/Biplo/Roomba-Biplo-Studio/Content/NewAssetsCool/Roof/New/VentilationRamp_Material_001_BaseColor.ubulk" 2211
"C:/Users/Amir sanni/Desktop/Biplo/Roomba-Biplo-Studio/Content/NewAssetsCool/Roof/New/VentilationRamp_Material_001_BaseColor.uasset" 2212
"C:/Users/Amir sanni/Desktop/Biplo/Roomba-Biplo-Studio/Content/NewAssetsCool/Roof/New/VentilationRamp_Material_001_BaseColor.uexp" 2213
"C:/Users/Amir sanni/Desktop/Biplo/Roomba-Biplo-Studio/Content/NewAssetsCool/Roof/New/VentilationRamp_Material_001_OcclusionRoughnessMetallic.ubulk" 2214
"C:/Users/Amir sanni/Desktop/Biplo/Roomba-Biplo-Studio/Content/NewAssetsCool/Roof/New/VentilationRamp_Material_001_OcclusionRoughnessMetallic.uasset" 2215
"C:/Users/Amir sanni/Desktop/Biplo/Roomba-Biplo-Studio/Content/NewAssetsCool/Roof/New/VentilationRamp_Material_001_OcclusionRoughnessMetallic.uexp" 2216
"C:/Users/Amir sanni/Desktop/Biplo/Roomba-Biplo-Studio/Content/NewAssetsCool/Roof/New/M_VentRamp.uasset" 2217
"C:/Users/Amir sanni/Desktop/Biplo/Roomba-Biplo-Studio/Content/NewAssetsCool/Roof/New/M_VentRamp.uexp" 2218
"C:/Users/Amir sanni/Desktop/Biplo/Roomba-Biplo-Studio/Content/NewAssetsCool/Roof/VentilationRamp.ubulk" 2219
"C:/Users/Amir sanni/Desktop/Biplo/Roomba-Biplo-Studio/Content/NewAssetsCool/Roof/VentilationRamp.uasset" 2220
"C:/Users/Amir sanni/Desktop/Biplo/Roomba-Biplo-Studio/Content/NewAssetsCool/Roof/VentilationRamp.uexp" 2221
"C:/Users/Amir sanni/Desktop/Biplo/Roomba-Biplo-Studio/Content/NewAssetsCool/Buildings/Building6/building6.ubulk" 2222
"C:/Users/Amir sanni/Desktop/Biplo/Roomba-Biplo-Studio/Content/NewAssetsCool/Buildings/Building6/building6.uasset" 2223
"C:/Users/Amir sanni/Desktop/Biplo/Roomba-Biplo-Studio/Content/NewAssetsCool/Buildings/Building6/building6.uexp" 2224
"C:/Users/Amir sanni/Desktop/Biplo/Roomba-Biplo-Studio/Content/NewAssetsCool/BackgroundBuildings/BgBuilding2/BgBuilding2.ubulk" 2225
"C:/Users/Amir sanni/Desktop/Biplo/Roomba-Biplo-Studio/Content/NewAssetsCool/BackgroundBuildings/BgBuilding2/BgBuilding2.uasset" 2226
"C:/Users/Amir sanni/Desktop/Biplo/Roomba-Biplo-Studio/Content/NewAssetsCool/BackgroundBuildings/BgBuilding2/BgBuilding2.uexp" 2227
"C:/Users/Amir sanni/Desktop/Biplo/Roomba-Biplo-Studio/Content/NewAssetsCool/BackgroundBuildings/BgBuilding1/bgBuilding1_lambert1_BaseColor.ubulk" 2228
"C:/Users/Amir sanni/Desktop/Biplo/Roomba-Biplo-Studio/Content/NewAssetsCool/BackgroundBuildings/BgBuilding1/bgBuilding1_lambert1_BaseColor.uasset" 2229
"C:/Users/Amir sanni/Desktop/Biplo/Roomba-Biplo-Studio/Content/NewAssetsCool/BackgroundBuildings/BgBuilding1/bgBuilding1_lambert1_BaseColor.uexp" 2230
"C:/Users/Amir sanni/Desktop/Biplo/Roomba-Biplo-Studio/Content/NewAssetsCool/BackgroundBuildings/BgBuilding1/bgBuilding1_lambert1_BaseColor_Mat.uasset" 2231
"C:/Users/Amir sanni/Desktop/Biplo/Roomba-Biplo-Studio/Content/NewAssetsCool/BackgroundBuildings/BgBuilding1/bgBuilding1_lambert1_BaseColor_Mat.uexp" 2232
"C:/Users/Amir sanni/Desktop/Biplo/Roomba-Biplo-Studio/Content/NewAssetsCool/BackgroundBuildings/BgBuilding1/bgBuilding1.ubulk" 2233
"C:/Users/Amir sanni/Desktop/Biplo/Roomba-Biplo-Studio/Content/NewAssetsCool/BackgroundBuildings/BgBuilding1/bgBuilding1.uasset" 2234
"C:/Users/Amir sanni/Desktop/Biplo/Roomba-Biplo-Studio/Content/NewAssetsCool/BackgroundBuildings/BgBuilding1/bgBuilding1.uexp" 2235
"C:/Users/Amir sanni/Desktop/Biplo/Roomba-Biplo-Studio/Content/NewAssetsCool/2D/vents/seamless_metal_texture_smooth_by_hhh316_d2pqmow-pre.uasset" 2236
"C:/Users/Amir sanni/Desktop/Biplo/Roomba-Biplo-Studio/Content/NewAssetsCool/2D/vents/seamless_metal_texture_smooth_by_hhh316_d2pqmow-pre.uexp" 2237
"C:/Users/Amir sanni/Desktop/Biplo/Roomba-Biplo-Studio/Content/NewAssetsCool/2D/poster/Biplo_poster__1_.uasset" 2238
"C:/Users/Amir sanni/Desktop/Biplo/Roomba-Biplo-Studio/Content/NewAssetsCool/2D/poster/Biplo_poster__1_.uexp" 2239
"C:/Users/Amir sanni/Desktop/Biplo/Roomba-Biplo-Studio/Content/NewAssetsCool/2D/poster/Biplo_poster__1__Mat.uasset" 2240
"C:/Users/Amir sanni/Desktop/Biplo/Roomba-Biplo-Studio/Content/NewAssetsCool/2D/poster/Biplo_poster__1__Mat.uexp" 2241
"C:/Users/Amir sanni/Desktop/Biplo/Roomba-Biplo-Studio/Content/NewAssetsCool/2D/leaf/leaf.uasset" 2242
"C:/Users/Amir sanni/Desktop/Biplo/Roomba-Biplo-Studio/Content/NewAssetsCool/2D/leaf/leaf.uexp" 2243
"C:/Users/Amir sanni/Desktop/Biplo/Roomba-Biplo-Studio/Content/NewAssetsCool/2D/arrow/arrowGraffiti.uasset" 2244
"C:/Users/Amir sanni/Desktop/Biplo/Roomba-Biplo-Studio/Content/NewAssetsCool/2D/arrow/arrowGraffiti.uexp" 2245
"C:/Users/Amir sanni/Desktop/Biplo/Roomba-Biplo-Studio/Content/NewAssetsCool/2D/arrow/arrowGraffiti_MatDecal.uasset" 2246
"C:/Users/Amir sanni/Desktop/Biplo/Roomba-Biplo-Studio/Content/NewAssetsCool/2D/arrow/arrowGraffiti_MatDecal.uexp" 2247
"C:/Users/Amir sanni/Desktop/Biplo/Roomba-Biplo-Studio/Content/Menu/2dAssets/Fonts/REDFIVE_.uexp" 2248
"C:/Users/Amir sanni/Desktop/Biplo/Roomba-Biplo-Studio/Content/Menu/2dAssets/Fonts/REDFIVE_.uasset" 2249
"C:/Users/Amir sanni/Desktop/Biplo/Roomba-Biplo-Studio/Content/Menu/2dAssets/Fonts/REDFIVE_.ufont" 2250
"C:/Users/Amir sanni/Desktop/Biplo/Roomba-Biplo-Studio/Content/Menu/2dAssets/Fonts/REDFIVE__Font.uasset" 2251
"C:/Users/Amir sanni/Desktop/Biplo/Roomba-Biplo-Studio/Content/Menu/2dAssets/Fonts/REDFIVE__Font.uexp" 2252
"C:/Users/Amir sanni/Desktop/Biplo/Roomba-Biplo-Studio/Content/Menu/2dAssets/Fonts/OvercameDemoRegular.uexp" 2253
"C:/Users/Amir sanni/Desktop/Biplo/Roomba-Biplo-Studio/Content/Menu/2dAssets/Fonts/OvercameDemoRegular.uasset" 2254
"C:/Users/Amir sanni/Desktop/Biplo/Roomba-Biplo-Studio/Content/Menu/2dAssets/Fonts/OvercameDemoRegular.ufont" 2255
"C:/Users/Amir sanni/Desktop/Biplo/Roomba-Biplo-Studio/Content/Menu/2dAssets/Fonts/OvercameDemoRegular_Font.uasset" 2256
"C:/Users/Amir sanni/Desktop/Biplo/Roomba-Biplo-Studio/Content/Menu/2dAssets/Fonts/OvercameDemoRegular_Font.uexp" 2257
"C:/Users/Amir sanni/Desktop/Biplo/Roomba-Biplo-Studio/Content/Menu/2dAssets/Fonts/OvercameDemoOutline.uexp" 2258
"C:/Users/Amir sanni/Desktop/Biplo/Roomba-Biplo-Studio/Content/Menu/2dAssets/Fonts/OvercameDemoOutline.uasset" 2259
"C:/Users/Amir sanni/Desktop/Biplo/Roomba-Biplo-Studio/Content/Menu/2dAssets/Fonts/OvercameDemoOutline.ufont" 2260
"C:/Users/Amir sanni/Desktop/Biplo/Roomba-Biplo-Studio/Content/Menu/2dAssets/Fonts/OvercameDemoOutline_Font.uasset" 2261
"C:/Users/Amir sanni/Desktop/Biplo/Roomba-Biplo-Studio/Content/Menu/2dAssets/Fonts/OvercameDemoOutline_Font.uexp" 2262
"C:/Users/Amir sanni/Desktop/Biplo/Roomba-Biplo-Studio/Content/Menu/2dAssets/Fonts/OvercameDemoItalic.uexp" 2263
"C:/Users/Amir sanni/Desktop/Biplo/Roomba-Biplo-Studio/Content/Menu/2dAssets/Fonts/OvercameDemoItalic.uasset" 2264
"C:/Users/Amir sanni/Desktop/Biplo/Roomba-Biplo-Studio/Content/Menu/2dAssets/Fonts/OvercameDemoItalic.ufont" 2265
"C:/Users/Amir sanni/Desktop/Biplo/Roomba-Biplo-Studio/Content/Menu/2dAssets/Fonts/OvercameDemoItalic_Font.uasset" 2266
"C:/Users/Amir sanni/Desktop/Biplo/Roomba-Biplo-Studio/Content/Menu/2dAssets/Fonts/OvercameDemoItalic_Font.uexp" 2267
"C:/Users/Amir sanni/Desktop/Biplo/Roomba-Biplo-Studio/Content/Menu/2dAssets/Fonts/OvercameDemoBold.uexp" 2268
"C:/Users/Amir sanni/Desktop/Biplo/Roomba-Biplo-Studio/Content/Menu/2dAssets/Fonts/OvercameDemoBold.uasset" 2269
"C:/Users/Amir sanni/Desktop/Biplo/Roomba-Biplo-Studio/Content/Menu/2dAssets/Fonts/OvercameDemoBold.ufont" 2270
"C:/Users/Amir sanni/Desktop/Biplo/Roomba-Biplo-Studio/Content/Menu/2dAssets/Fonts/OvercameDemoBold_Font.uasset" 2271
"C:/Users/Amir sanni/Desktop/Biplo/Roomba-Biplo-Studio/Content/Menu/2dAssets/Fonts/OvercameDemoBold_Font.uexp" 2272
"C:/Users/Amir sanni/Desktop/Biplo/Roomba-Biplo-Studio/Content/Menu/2dAssets/Fonts/OvercameDemoBoldItalic.uexp" 2273
"C:/Users/Amir sanni/Desktop/Biplo/Roomba-Biplo-Studio/Content/Menu/2dAssets/Fonts/OvercameDemoBoldItalic.uasset" 2274
"C:/Users/Amir sanni/Desktop/Biplo/Roomba-Biplo-Studio/Content/Menu/2dAssets/Fonts/OvercameDemoBoldItalic.ufont" 2275
"C:/Users/Amir sanni/Desktop/Biplo/Roomba-Biplo-Studio/Content/Menu/2dAssets/Fonts/OvercameDemoBoldItalic_Font.uasset" 2276
"C:/Users/Amir sanni/Desktop/Biplo/Roomba-Biplo-Studio/Content/Menu/2dAssets/Fonts/OvercameDemoBoldItalic_Font.uexp" 2277
"C:/Users/Amir sanni/Desktop/Biplo/Roomba-Biplo-Studio/Content/Assets/Fusebox/FuseMatTimedPowerbox.uasset" 2278
"C:/Users/Amir sanni/Desktop/Biplo/Roomba-Biplo-Studio/Content/Assets/Fusebox/FuseMatTimedPowerbox.uexp" 2279
"C:/Users/Amir sanni/Desktop/Biplo/Roomba-Biplo-Studio/Content/InteractPrototypeBP/Triggers/DoorTrigger/PowerBox_BP1.uasset" 2280
"C:/Users/Amir sanni/Desktop/Biplo/Roomba-Biplo-Studio/Content/InteractPrototypeBP/Triggers/DoorTrigger/PowerBox_BP1.uexp" 2281
"C:/Users/Amir sanni/Desktop/Biplo/Roomba-Biplo-Studio/Content/Characters/Mannequin_UE4/Rigs/RTG_UE5Manny_UE4Manny.uasset" 2282
"C:/Users/Amir sanni/Desktop/Biplo/Roomba-Biplo-Studio/Content/Characters/Mannequin_UE4/Rigs/RTG_UE5Manny_UE4Manny.uexp" 2283
"C:/Users/Amir sanni/Desktop/Biplo/Roomba-Biplo-Studio/Content/Characters/Mannequin_UE4/Rigs/RTG_UE4Manny_UE5Manny.uasset" 2284
"C:/Users/Amir sanni/Desktop/Biplo/Roomba-Biplo-Studio/Content/Characters/Mannequin_UE4/Rigs/RTG_UE4Manny_UE5Manny.uexp" 2285
"C:/Users/Amir sanni/Desktop/Biplo/Roomba-Biplo-Studio/Content/Characters/Mannequin_UE4/Rigs/IK_UE4_Mannequin.uasset" 2286
"C:/Users/Amir sanni/Desktop/Biplo/Roomba-Biplo-Studio/Content/Characters/Mannequin_UE4/Rigs/IK_UE4_Mannequin.uexp" 2287
"C:/Users/Amir sanni/Desktop/Biplo/Roomba-Biplo-Studio/Content/Characters/Mannequin_UE4/Textures/T_UELogo_N_TGA.ubulk" 2288
"C:/Users/Amir sanni/Desktop/Biplo/Roomba-Biplo-Studio/Content/Characters/Mannequin_UE4/Textures/T_UELogo_N_TGA.uasset" 2289
"C:/Users/Amir sanni/Desktop/Biplo/Roomba-Biplo-Studio/Content/Characters/Mannequin_UE4/Textures/T_UELogo_N_TGA.uexp" 2290
"C:/Users/Amir sanni/Desktop/Biplo/Roomba-Biplo-Studio/Content/Characters/Mannequin_UE4/Textures/T_UE4_Mannequin__normals.ubulk" 2291
"C:/Users/Amir sanni/Desktop/Biplo/Roomba-Biplo-Studio/Content/Characters/Mannequin_UE4/Textures/T_UE4_Mannequin__normals.uasset" 2292
"C:/Users/Amir sanni/Desktop/Biplo/Roomba-Biplo-Studio/Content/Characters/Mannequin_UE4/Textures/T_UE4_Mannequin__normals.uexp" 2293
"C:/Users/Amir sanni/Desktop/Biplo/Roomba-Biplo-Studio/Content/Characters/Mannequin_UE4/Materials/Layers/ML_ShinyPlastic_Beige.uasset" 2294
"C:/Users/Amir sanni/Desktop/Biplo/Roomba-Biplo-Studio/Content/Characters/Mannequin_UE4/Materials/Layers/ML_ShinyPlastic_Beige.uexp" 2295
"../../../Engine/Content/Functions/MaterialLayerFunctions/MatLayerBlend_NormalBlend.uasset" 2296
"../../../Engine/Content/Functions/MaterialLayerFunctions/MatLayerBlend_NormalBlend.uexp" 2297
"C:/Users/Amir sanni/Desktop/Biplo/Roomba-Biplo-Studio/Content/Characters/Mannequin_UE4/Textures/T_UELogo_Mask.ubulk" 2298
"C:/Users/Amir sanni/Desktop/Biplo/Roomba-Biplo-Studio/Content/Characters/Mannequin_UE4/Textures/T_UELogo_Mask.uasset" 2299
"C:/Users/Amir sanni/Desktop/Biplo/Roomba-Biplo-Studio/Content/Characters/Mannequin_UE4/Textures/T_UELogo_Mask.uexp" 2300
"C:/Users/Amir sanni/Desktop/Biplo/Roomba-Biplo-Studio/Content/Characters/Mannequin_UE4/Materials/Layers/ML_ShinyPlastic_Beige_Logo.uasset" 2301
"C:/Users/Amir sanni/Desktop/Biplo/Roomba-Biplo-Studio/Content/Characters/Mannequin_UE4/Materials/Layers/ML_ShinyPlastic_Beige_Logo.uexp" 2302
"C:/Users/Amir sanni/Desktop/Biplo/Roomba-Biplo-Studio/Content/Characters/Mannequin_UE4/Textures/T_UE4_Mannequin_MAT_MASKA.ubulk" 2303
"C:/Users/Amir sanni/Desktop/Biplo/Roomba-Biplo-Studio/Content/Characters/Mannequin_UE4/Textures/T_UE4_Mannequin_MAT_MASKA.uasset" 2304
"C:/Users/Amir sanni/Desktop/Biplo/Roomba-Biplo-Studio/Content/Characters/Mannequin_UE4/Textures/T_UE4_Mannequin_MAT_MASKA.uexp" 2305
"C:/Users/Amir sanni/Desktop/Biplo/Roomba-Biplo-Studio/Content/Characters/Mannequin_UE4/Textures/T_ML_Aluminum01_N.ubulk" 2306
"C:/Users/Amir sanni/Desktop/Biplo/Roomba-Biplo-Studio/Content/Characters/Mannequin_UE4/Textures/T_ML_Aluminum01_N.uasset" 2307
"C:/Users/Amir sanni/Desktop/Biplo/Roomba-Biplo-Studio/Content/Characters/Mannequin_UE4/Textures/T_ML_Aluminum01_N.uexp" 2308
"C:/Users/Amir sanni/Desktop/Biplo/Roomba-Biplo-Studio/Content/Characters/Mannequin_UE4/Textures/T_ML_Aluminum01.ubulk" 2309
"C:/Users/Amir sanni/Desktop/Biplo/Roomba-Biplo-Studio/Content/Characters/Mannequin_UE4/Textures/T_ML_Aluminum01.uasset" 2310
"C:/Users/Amir sanni/Desktop/Biplo/Roomba-Biplo-Studio/Content/Characters/Mannequin_UE4/Textures/T_ML_Aluminum01.uexp" 2311
"C:/Users/Amir sanni/Desktop/Biplo/Roomba-Biplo-Studio/Content/Characters/Mannequin_UE4/Materials/Layers/ML_SoftMetal.uasset" 2312
"C:/Users/Amir sanni/Desktop/Biplo/Roomba-Biplo-Studio/Content/Characters/Mannequin_UE4/Materials/Layers/ML_SoftMetal.uexp" 2313
"../../../Engine/Content/Functions/MaterialLayerFunctions/MatLayerBlend_Simple.uasset" 2314
"../../../Engine/Content/Functions/MaterialLayerFunctions/MatLayerBlend_Simple.uexp" 2315
"C:/Users/Amir sanni/Desktop/Biplo/Roomba-Biplo-Studio/Content/Characters/Mannequin_UE4/Textures/T_ML_Rubber_Blue_01_N.ubulk" 2316
"C:/Users/Amir sanni/Desktop/Biplo/Roomba-Biplo-Studio/Content/Characters/Mannequin_UE4/Textures/T_ML_Rubber_Blue_01_N.uasset" 2317
"C:/Users/Amir sanni/Desktop/Biplo/Roomba-Biplo-Studio/Content/Characters/Mannequin_UE4/Textures/T_ML_Rubber_Blue_01_N.uexp" 2318
"C:/Users/Amir sanni/Desktop/Biplo/Roomba-Biplo-Studio/Content/Characters/Mannequin_UE4/Textures/T_ML_Rubber_Blue_01_D.ubulk" 2319
"C:/Users/Amir sanni/Desktop/Biplo/Roomba-Biplo-Studio/Content/Characters/Mannequin_UE4/Textures/T_ML_Rubber_Blue_01_D.uasset" 2320
"C:/Users/Amir sanni/Desktop/Biplo/Roomba-Biplo-Studio/Content/Characters/Mannequin_UE4/Textures/T_ML_Rubber_Blue_01_D.uexp" 2321
"C:/Users/Amir sanni/Desktop/Biplo/Roomba-Biplo-Studio/Content/Characters/Mannequin_UE4/Materials/Layers/ML_Latex_Black.uasset" 2322
"C:/Users/Amir sanni/Desktop/Biplo/Roomba-Biplo-Studio/Content/Characters/Mannequin_UE4/Materials/Layers/ML_Latex_Black.uexp" 2323
"C:/Users/Amir sanni/Desktop/Biplo/Roomba-Biplo-Studio/Content/Characters/Mannequin_UE4/Materials/M_MannequinUE4_Body.uasset" 2324
"C:/Users/Amir sanni/Desktop/Biplo/Roomba-Biplo-Studio/Content/Characters/Mannequin_UE4/Materials/M_MannequinUE4_Body.uexp" 2325
"C:/Users/Amir sanni/Desktop/Biplo/Roomba-Biplo-Studio/Content/Characters/Mannequin_UE4/Materials/M_MannequinUE4_ChestLogo.uasset" 2326
"C:/Users/Amir sanni/Desktop/Biplo/Roomba-Biplo-Studio/Content/Characters/Mannequin_UE4/Materials/M_MannequinUE4_ChestLogo.uexp" 2327
"C:/Users/Amir sanni/Desktop/Biplo/Roomba-Biplo-Studio/Content/Characters/Mannequin_UE4/Meshes/SK_Mannequin_PhysicsAsset.uasset" 2328
"C:/Users/Amir sanni/Desktop/Biplo/Roomba-Biplo-Studio/Content/Characters/Mannequin_UE4/Meshes/SK_Mannequin_PhysicsAsset.uexp" 2329
"C:/Users/Amir sanni/Desktop/Biplo/Roomba-Biplo-Studio/Content/Characters/Mannequin_UE4/Meshes/SK_Mannequin_Skeleton.uasset" 2330
"C:/Users/Amir sanni/Desktop/Biplo/Roomba-Biplo-Studio/Content/Characters/Mannequin_UE4/Meshes/SK_Mannequin_Skeleton.uexp" 2331
"C:/Users/Amir sanni/Desktop/Biplo/Roomba-Biplo-Studio/Content/Characters/Mannequin_UE4/Meshes/SK_Mannequin.uasset" 2332
"C:/Users/Amir sanni/Desktop/Biplo/Roomba-Biplo-Studio/Content/Characters/Mannequin_UE4/Meshes/SK_Mannequin.uexp" 2333
"../../../Engine/Content/Animation/DefaultAnimCurveCompressionSettings.uasset" 2334
"../../../Engine/Content/Animation/DefaultAnimCurveCompressionSettings.uexp" 2335
"../../../Engine/Content/Animation/DefaultAnimBoneCompressionSettings.uasset" 2336
"../../../Engine/Content/Animation/DefaultAnimBoneCompressionSettings.uexp" 2337
"C:/Users/Amir sanni/Desktop/Biplo/Roomba-Biplo-Studio/Content/Characters/Mannequin_UE4/Animations/Jog_Fwd.uasset" 2338
"C:/Users/Amir sanni/Desktop/Biplo/Roomba-Biplo-Studio/Content/Characters/Mannequin_UE4/Animations/Jog_Fwd.uexp" 2339
"C:/Users/Amir sanni/Desktop/Biplo/Roomba-Biplo-Studio/Content/Characters/Mannequins/Rigs/RTG_Mannequin.uasset" 2340
"C:/Users/Amir sanni/Desktop/Biplo/Roomba-Biplo-Studio/Content/Characters/Mannequins/Rigs/RTG_Mannequin.uexp" 2341
"C:/Users/Amir sanni/Desktop/Biplo/Roomba-Biplo-Studio/Content/Characters/Mannequins/Rigs/IK_Mannequin.uasset" 2342
"C:/Users/Amir sanni/Desktop/Biplo/Roomba-Biplo-Studio/Content/Characters/Mannequins/Rigs/IK_Mannequin.uexp" 2343
"../../../Engine/Plugins/Animation/ControlRig/Content/Controls/DefaultGizmoLibraryNormalized.uasset" 2344
"../../../Engine/Plugins/Animation/ControlRig/Content/Controls/DefaultGizmoLibraryNormalized.uexp" 2345
"C:/Users/Amir sanni/Desktop/Biplo/Roomba-Biplo-Studio/Content/Characters/Mannequins/Rigs/CR_Mannequin_Body.uasset" 2346
"C:/Users/Amir sanni/Desktop/Biplo/Roomba-Biplo-Studio/Content/Characters/Mannequins/Rigs/CR_Mannequin_Body.uexp" 2347
"C:/Users/Amir sanni/Desktop/Biplo/Roomba-Biplo-Studio/Content/Characters/Mannequins/Meshes/SK_Mannequin.uasset" 2348
"C:/Users/Amir sanni/Desktop/Biplo/Roomba-Biplo-Studio/Content/Characters/Mannequins/Meshes/SK_Mannequin.uexp" 2349
"C:/Users/Amir sanni/Desktop/Biplo/Roomba-Biplo-Studio/Content/Characters/Mannequins/Textures/Quinn/T_Quinn_02ID_MSR_MSK.ubulk" 2350
"C:/Users/Amir sanni/Desktop/Biplo/Roomba-Biplo-Studio/Content/Characters/Mannequins/Textures/Quinn/T_Quinn_02ID_MSR_MSK.uasset" 2351
"C:/Users/Amir sanni/Desktop/Biplo/Roomba-Biplo-Studio/Content/Characters/Mannequins/Textures/Quinn/T_Quinn_02ID_MSR_MSK.uexp" 2352
"C:/Users/Amir sanni/Desktop/Biplo/Roomba-Biplo-Studio/Content/Characters/Mannequins/Textures/Quinn/T_Quinn_02ID_BN.ubulk" 2353
"C:/Users/Amir sanni/Desktop/Biplo/Roomba-Biplo-Studio/Content/Characters/Mannequins/Textures/Quinn/T_Quinn_02ID_BN.uasset" 2354
"C:/Users/Amir sanni/Desktop/Biplo/Roomba-Biplo-Studio/Content/Characters/Mannequins/Textures/Quinn/T_Quinn_02ID_BN.uexp" 2355
"C:/Users/Amir sanni/Desktop/Biplo/Roomba-Biplo-Studio/Content/Characters/Mannequins/Textures/Quinn/T_Quinn_02_ASAOMASK_MSK.ubulk" 2356
"C:/Users/Amir sanni/Desktop/Biplo/Roomba-Biplo-Studio/Content/Characters/Mannequins/Textures/Quinn/T_Quinn_02_ASAOMASK_MSK.uasset" 2357
"C:/Users/Amir sanni/Desktop/Biplo/Roomba-Biplo-Studio/Content/Characters/Mannequins/Textures/Quinn/T_Quinn_02_ASAOMASK_MSK.uexp" 2358
"C:/Users/Amir sanni/Desktop/Biplo/Roomba-Biplo-Studio/Content/Characters/Mannequins/Textures/Quinn/T_Quinn_02_CCRCCPlastic_MSK.ubulk" 2359
"C:/Users/Amir sanni/Desktop/Biplo/Roomba-Biplo-Studio/Content/Characters/Mannequins/Textures/Quinn/T_Quinn_02_CCRCCPlastic_MSK.uasset" 2360
"C:/Users/Amir sanni/Desktop/Biplo/Roomba-Biplo-Studio/Content/Characters/Mannequins/Textures/Quinn/T_Quinn_02_CCRCCPlastic_MSK.uexp" 2361
"C:/Users/Amir sanni/Desktop/Biplo/Roomba-Biplo-Studio/Content/Characters/Mannequins/Textures/Quinn/T_Quinn_02ID_Tan.ubulk" 2362
"C:/Users/Amir sanni/Desktop/Biplo/Roomba-Biplo-Studio/Content/Characters/Mannequins/Textures/Quinn/T_Quinn_02ID_Tan.uasset" 2363
"C:/Users/Amir sanni/Desktop/Biplo/Roomba-Biplo-Studio/Content/Characters/Mannequins/Textures/Quinn/T_Quinn_02ID_Tan.uexp" 2364
"C:/Users/Amir sanni/Desktop/Biplo/Roomba-Biplo-Studio/Content/Characters/Mannequins/Textures/Quinn/T_Quinn_02ID_D.ubulk" 2365
"C:/Users/Amir sanni/Desktop/Biplo/Roomba-Biplo-Studio/Content/Characters/Mannequins/Textures/Quinn/T_Quinn_02ID_D.uasset" 2366
"C:/Users/Amir sanni/Desktop/Biplo/Roomba-Biplo-Studio/Content/Characters/Mannequins/Textures/Quinn/T_Quinn_02ID_D.uexp" 2367
"C:/Users/Amir sanni/Desktop/Biplo/Roomba-Biplo-Studio/Content/Characters/Mannequins/Textures/Quinn/T_Quinn_01ID_MSR_MSK.ubulk" 2368
"C:/Users/Amir sanni/Desktop/Biplo/Roomba-Biplo-Studio/Content/Characters/Mannequins/Textures/Quinn/T_Quinn_01ID_MSR_MSK.uasset" 2369
"C:/Users/Amir sanni/Desktop/Biplo/Roomba-Biplo-Studio/Content/Characters/Mannequins/Textures/Quinn/T_Quinn_01ID_MSR_MSK.uexp" 2370
"C:/Users/Amir sanni/Desktop/Biplo/Roomba-Biplo-Studio/Content/Characters/Mannequins/Materials/Functions/ChromaticCurve.uasset" 2371
"C:/Users/Amir sanni/Desktop/Biplo/Roomba-Biplo-Studio/Content/Characters/Mannequins/Materials/Functions/ChromaticCurve.uexp" 2372
"C:/Users/Amir sanni/Desktop/Biplo/Roomba-Biplo-Studio/Content/Characters/Mannequins/Materials/Functions/CA_Mannequin.uasset" 2373
"C:/Users/Amir sanni/Desktop/Biplo/Roomba-Biplo-Studio/Content/Characters/Mannequins/Materials/Functions/CA_Mannequin.uexp" 2374
"C:/Users/Amir sanni/Desktop/Biplo/Roomba-Biplo-Studio/Content/Characters/Mannequins/Materials/Functions/MF_Diffraction.uasset" 2375
"C:/Users/Amir sanni/Desktop/Biplo/Roomba-Biplo-Studio/Content/Characters/Mannequins/Materials/Functions/MF_Diffraction.uexp" 2376
"C:/Users/Amir sanni/Desktop/Biplo/Roomba-Biplo-Studio/Content/Characters/Mannequins/Textures/Manny/T_Manny_01_N.ubulk" 2377
"C:/Users/Amir sanni/Desktop/Biplo/Roomba-Biplo-Studio/Content/Characters/Mannequins/Textures/Manny/T_Manny_01_N.uasset" 2378
"C:/Users/Amir sanni/Desktop/Biplo/Roomba-Biplo-Studio/Content/Characters/Mannequins/Textures/Manny/T_Manny_01_N.uexp" 2379
"C:/Users/Amir sanni/Desktop/Biplo/Roomba-Biplo-Studio/Content/Characters/Mannequins/Materials/Functions/ML_BaseColorFallOff.uasset" 2380
"C:/Users/Amir sanni/Desktop/Biplo/Roomba-Biplo-Studio/Content/Characters/Mannequins/Materials/Functions/ML_BaseColorFallOff.uexp" 2381
"../../../Engine/Content/Functions/Engine_MaterialFunctions01/Texturing/ScaleUVsByCenter.uasset" 2382
"../../../Engine/Content/Functions/Engine_MaterialFunctions01/Texturing/ScaleUVsByCenter.uexp" 2383
"C:/Users/Amir sanni/Desktop/Biplo/Roomba-Biplo-Studio/Content/Characters/Mannequins/Textures/Shared/T_UE_Logo_M.uasset" 2384
"C:/Users/Amir sanni/Desktop/Biplo/Roomba-Biplo-Studio/Content/Characters/Mannequins/Textures/Shared/T_UE_Logo_M.uexp" 2385
"C:/Users/Amir sanni/Desktop/Biplo/Roomba-Biplo-Studio/Content/Characters/Mannequins/Materials/Functions/MF_logo3layers.uasset" 2386
"C:/Users/Amir sanni/Desktop/Biplo/Roomba-Biplo-Studio/Content/Characters/Mannequins/Materials/Functions/MF_logo3layers.uexp" 2387
"C:/Users/Amir sanni/Desktop/Biplo/Roomba-Biplo-Studio/Content/Characters/Mannequins/Textures/Manny/T_Manny_01_CCRCCPlastic_MSK.ubulk" 2388
"C:/Users/Amir sanni/Desktop/Biplo/Roomba-Biplo-Studio/Content/Characters/Mannequins/Textures/Manny/T_Manny_01_CCRCCPlastic_MSK.uasset" 2389
"C:/Users/Amir sanni/Desktop/Biplo/Roomba-Biplo-Studio/Content/Characters/Mannequins/Textures/Manny/T_Manny_01_CCRCCPlastic_MSK.uexp" 2390
"C:/Users/Amir sanni/Desktop/Biplo/Roomba-Biplo-Studio/Content/Characters/Mannequins/Textures/Manny/T_Manny_01_ASAOPMASK_MSK.ubulk" 2391
"C:/Users/Amir sanni/Desktop/Biplo/Roomba-Biplo-Studio/Content/Characters/Mannequins/Textures/Manny/T_Manny_01_ASAOPMASK_MSK.uasset" 2392
"C:/Users/Amir sanni/Desktop/Biplo/Roomba-Biplo-Studio/Content/Characters/Mannequins/Textures/Manny/T_Manny_01_ASAOPMASK_MSK.uexp" 2393
"C:/Users/Amir sanni/Desktop/Biplo/Roomba-Biplo-Studio/Content/Characters/Mannequins/Textures/Manny/T_Manny_01_MSR_MSK.ubulk" 2394
"C:/Users/Amir sanni/Desktop/Biplo/Roomba-Biplo-Studio/Content/Characters/Mannequins/Textures/Manny/T_Manny_01_MSR_MSK.uasset" 2395
"C:/Users/Amir sanni/Desktop/Biplo/Roomba-Biplo-Studio/Content/Characters/Mannequins/Textures/Manny/T_Manny_01_MSR_MSK.uexp" 2396
"C:/Users/Amir sanni/Desktop/Biplo/Roomba-Biplo-Studio/Content/Characters/Mannequins/Textures/Manny/T_Manny_01_BN.ubulk" 2397
"C:/Users/Amir sanni/Desktop/Biplo/Roomba-Biplo-Studio/Content/Characters/Mannequins/Textures/Manny/T_Manny_01_BN.uasset" 2398
"C:/Users/Amir sanni/Desktop/Biplo/Roomba-Biplo-Studio/Content/Characters/Mannequins/Textures/Manny/T_Manny_01_BN.uexp" 2399
"C:/Users/Amir sanni/Desktop/Biplo/Roomba-Biplo-Studio/Content/Characters/Mannequins/Textures/Manny/T_Manny_01_D.ubulk" 2400
"C:/Users/Amir sanni/Desktop/Biplo/Roomba-Biplo-Studio/Content/Characters/Mannequins/Textures/Manny/T_Manny_01_D.uasset" 2401
"C:/Users/Amir sanni/Desktop/Biplo/Roomba-Biplo-Studio/Content/Characters/Mannequins/Textures/Manny/T_Manny_01_D.uexp" 2402
"C:/Users/Amir sanni/Desktop/Biplo/Roomba-Biplo-Studio/Content/Characters/Mannequins/Textures/Manny/T_Manny_01_Tan.ubulk" 2403
"C:/Users/Amir sanni/Desktop/Biplo/Roomba-Biplo-Studio/Content/Characters/Mannequins/Textures/Manny/T_Manny_01_Tan.uasset" 2404
"C:/Users/Amir sanni/Desktop/Biplo/Roomba-Biplo-Studio/Content/Characters/Mannequins/Textures/Manny/T_Manny_01_Tan.uexp" 2405
"C:/Users/Amir sanni/Desktop/Biplo/Roomba-Biplo-Studio/Content/Characters/Mannequins/Materials/M_Mannequin.uasset" 2406
"C:/Users/Amir sanni/Desktop/Biplo/Roomba-Biplo-Studio/Content/Characters/Mannequins/Materials/M_Mannequin.uexp" 2407
"C:/Users/Amir sanni/Desktop/Biplo/Roomba-Biplo-Studio/Content/Characters/Mannequins/Textures/Quinn/T_Quinn_01_ASAOMASK_MSK.ubulk" 2408
"C:/Users/Amir sanni/Desktop/Biplo/Roomba-Biplo-Studio/Content/Characters/Mannequins/Textures/Quinn/T_Quinn_01_ASAOMASK_MSK.uasset" 2409
"C:/Users/Amir sanni/Desktop/Biplo/Roomba-Biplo-Studio/Content/Characters/Mannequins/Textures/Quinn/T_Quinn_01_ASAOMASK_MSK.uexp" 2410
"C:/Users/Amir sanni/Desktop/Biplo/Roomba-Biplo-Studio/Content/Characters/Mannequins/Textures/Quinn/T_Quinn_01ID_N.ubulk" 2411
"C:/Users/Amir sanni/Desktop/Biplo/Roomba-Biplo-Studio/Content/Characters/Mannequins/Textures/Quinn/T_Quinn_01ID_N.uasset" 2412
"C:/Users/Amir sanni/Desktop/Biplo/Roomba-Biplo-Studio/Content/Characters/Mannequins/Textures/Quinn/T_Quinn_01ID_N.uexp" 2413
"C:/Users/Amir sanni/Desktop/Biplo/Roomba-Biplo-Studio/Content/Characters/Mannequins/Textures/Quinn/T_Quinn_01ID_BN.ubulk" 2414
"C:/Users/Amir sanni/Desktop/Biplo/Roomba-Biplo-Studio/Content/Characters/Mannequins/Textures/Quinn/T_Quinn_01ID_BN.uasset" 2415
"C:/Users/Amir sanni/Desktop/Biplo/Roomba-Biplo-Studio/Content/Characters/Mannequins/Textures/Quinn/T_Quinn_01ID_BN.uexp" 2416
"C:/Users/Amir sanni/Desktop/Biplo/Roomba-Biplo-Studio/Content/Characters/Mannequins/Textures/Quinn/T_Quinn_01ID_D.ubulk" 2417
"C:/Users/Amir sanni/Desktop/Biplo/Roomba-Biplo-Studio/Content/Characters/Mannequins/Textures/Quinn/T_Quinn_01ID_D.uasset" 2418
"C:/Users/Amir sanni/Desktop/Biplo/Roomba-Biplo-Studio/Content/Characters/Mannequins/Textures/Quinn/T_Quinn_01ID_D.uexp" 2419
"C:/Users/Amir sanni/Desktop/Biplo/Roomba-Biplo-Studio/Content/Characters/Mannequins/Textures/Quinn/T_Quinn_01ID_Tan.ubulk" 2420
"C:/Users/Amir sanni/Desktop/Biplo/Roomba-Biplo-Studio/Content/Characters/Mannequins/Textures/Quinn/T_Quinn_01ID_Tan.uasset" 2421
"C:/Users/Amir sanni/Desktop/Biplo/Roomba-Biplo-Studio/Content/Characters/Mannequins/Textures/Quinn/T_Quinn_01ID_Tan.uexp" 2422
"C:/Users/Amir sanni/Desktop/Biplo/Roomba-Biplo-Studio/Content/Characters/Mannequins/Textures/Quinn/T_Quinn_01_CCRCCPlastic_MSK.ubulk" 2423
"C:/Users/Amir sanni/Desktop/Biplo/Roomba-Biplo-Studio/Content/Characters/Mannequins/Textures/Quinn/T_Quinn_01_CCRCCPlastic_MSK.uasset" 2424
"C:/Users/Amir sanni/Desktop/Biplo/Roomba-Biplo-Studio/Content/Characters/Mannequins/Textures/Quinn/T_Quinn_01_CCRCCPlastic_MSK.uexp" 2425
"C:/Users/Amir sanni/Desktop/Biplo/Roomba-Biplo-Studio/Content/Characters/Mannequins/Materials/Instances/Quinn/MI_Quinn_01.uasset" 2426
"C:/Users/Amir sanni/Desktop/Biplo/Roomba-Biplo-Studio/Content/Characters/Mannequins/Materials/Instances/Quinn/MI_Quinn_01.uexp" 2427
"C:/Users/Amir sanni/Desktop/Biplo/Roomba-Biplo-Studio/Content/Characters/Mannequins/Textures/Quinn/T_Quinn_02ID_N.ubulk" 2428
"C:/Users/Amir sanni/Desktop/Biplo/Roomba-Biplo-Studio/Content/Characters/Mannequins/Textures/Quinn/T_Quinn_02ID_N.uasset" 2429
"C:/Users/Amir sanni/Desktop/Biplo/Roomba-Biplo-Studio/Content/Characters/Mannequins/Textures/Quinn/T_Quinn_02ID_N.uexp" 2430
"C:/Users/Amir sanni/Desktop/Biplo/Roomba-Biplo-Studio/Content/Characters/Mannequins/Materials/Instances/Quinn/MI_Quinn_02.uasset" 2431
"C:/Users/Amir sanni/Desktop/Biplo/Roomba-Biplo-Studio/Content/Characters/Mannequins/Materials/Instances/Quinn/MI_Quinn_02.uexp" 2432
"C:/Users/Amir sanni/Desktop/Biplo/Roomba-Biplo-Studio/Content/Characters/Mannequins/Rigs/PA_Mannequin.uasset" 2433
"C:/Users/Amir sanni/Desktop/Biplo/Roomba-Biplo-Studio/Content/Characters/Mannequins/Rigs/PA_Mannequin.uexp" 2434
"C:/Users/Amir sanni/Desktop/Biplo/Roomba-Biplo-Studio/Content/Characters/Mannequins/Meshes/SKM_Quinn_Simple.uasset" 2435
"C:/Users/Amir sanni/Desktop/Biplo/Roomba-Biplo-Studio/Content/Characters/Mannequins/Meshes/SKM_Quinn_Simple.uexp" 2436
"C:/Users/Amir sanni/Desktop/Biplo/Roomba-Biplo-Studio/Content/Characters/Mannequins/Rigs/Poses/Quinn/Quinn_foot_l_anim.uasset" 2437
"C:/Users/Amir sanni/Desktop/Biplo/Roomba-Biplo-Studio/Content/Characters/Mannequins/Rigs/Poses/Quinn/Quinn_foot_l_anim.uexp" 2438
"C:/Users/Amir sanni/Desktop/Biplo/Roomba-Biplo-Studio/Content/Characters/Mannequins/Rigs/Poses/Quinn/Quinn_foot_l_pose.uasset" 2439
"C:/Users/Amir sanni/Desktop/Biplo/Roomba-Biplo-Studio/Content/Characters/Mannequins/Rigs/Poses/Quinn/Quinn_foot_l_pose.uexp" 2440
"C:/Users/Amir sanni/Desktop/Biplo/Roomba-Biplo-Studio/Content/Characters/Mannequins/Rigs/Poses/Quinn/Quinn_clavicle_l_anim.uasset" 2441
"C:/Users/Amir sanni/Desktop/Biplo/Roomba-Biplo-Studio/Content/Characters/Mannequins/Rigs/Poses/Quinn/Quinn_clavicle_l_anim.uexp" 2442
"C:/Users/Amir sanni/Desktop/Biplo/Roomba-Biplo-Studio/Content/Characters/Mannequins/Rigs/Poses/Quinn/Quinn_clavicle_l_pose.uasset" 2443
"C:/Users/Amir sanni/Desktop/Biplo/Roomba-Biplo-Studio/Content/Characters/Mannequins/Rigs/Poses/Quinn/Quinn_clavicle_l_pose.uexp" 2444
"C:/Users/Amir sanni/Desktop/Biplo/Roomba-Biplo-Studio/Content/Characters/Mannequins/Rigs/Poses/Quinn/Quinn_clavicle_r_anim.uasset" 2445
"C:/Users/Amir sanni/Desktop/Biplo/Roomba-Biplo-Studio/Content/Characters/Mannequins/Rigs/Poses/Quinn/Quinn_clavicle_r_anim.uexp" 2446
"C:/Users/Amir sanni/Desktop/Biplo/Roomba-Biplo-Studio/Content/Characters/Mannequins/Rigs/Poses/Quinn/Quinn_clavicle_r_pose.uasset" 2447
"C:/Users/Amir sanni/Desktop/Biplo/Roomba-Biplo-Studio/Content/Characters/Mannequins/Rigs/Poses/Quinn/Quinn_clavicle_r_pose.uexp" 2448
"C:/Users/Amir sanni/Desktop/Biplo/Roomba-Biplo-Studio/Content/Characters/Mannequins/Rigs/Poses/Quinn/Quinn_upperarm_l_anim.uasset" 2449
"C:/Users/Amir sanni/Desktop/Biplo/Roomba-Biplo-Studio/Content/Characters/Mannequins/Rigs/Poses/Quinn/Quinn_upperarm_l_anim.uexp" 2450
"C:/Users/Amir sanni/Desktop/Biplo/Roomba-Biplo-Studio/Content/Characters/Mannequins/Rigs/Poses/Quinn/Quinn_upperarm_l_pose.uasset" 2451
"C:/Users/Amir sanni/Desktop/Biplo/Roomba-Biplo-Studio/Content/Characters/Mannequins/Rigs/Poses/Quinn/Quinn_upperarm_l_pose.uexp" 2452
"C:/Users/Amir sanni/Desktop/Biplo/Roomba-Biplo-Studio/Content/Characters/Mannequins/Rigs/Poses/Quinn/Quinn_lowerarm_l_anim.uasset" 2453
"C:/Users/Amir sanni/Desktop/Biplo/Roomba-Biplo-Studio/Content/Characters/Mannequins/Rigs/Poses/Quinn/Quinn_lowerarm_l_anim.uexp" 2454
"C:/Users/Amir sanni/Desktop/Biplo/Roomba-Biplo-Studio/Content/Characters/Mannequins/Rigs/Poses/Quinn/Quinn_lowerarm_l_pose.uasset" 2455
"C:/Users/Amir sanni/Desktop/Biplo/Roomba-Biplo-Studio/Content/Characters/Mannequins/Rigs/Poses/Quinn/Quinn_lowerarm_l_pose.uexp" 2456
"C:/Users/Amir sanni/Desktop/Biplo/Roomba-Biplo-Studio/Content/Characters/Mannequins/Rigs/Poses/Quinn/Quinn_calf_l_anim.uasset" 2457
"C:/Users/Amir sanni/Desktop/Biplo/Roomba-Biplo-Studio/Content/Characters/Mannequins/Rigs/Poses/Quinn/Quinn_calf_l_anim.uexp" 2458
"C:/Users/Amir sanni/Desktop/Biplo/Roomba-Biplo-Studio/Content/Characters/Mannequins/Rigs/Poses/Quinn/Quinn_calf_l_pose.uasset" 2459
"C:/Users/Amir sanni/Desktop/Biplo/Roomba-Biplo-Studio/Content/Characters/Mannequins/Rigs/Poses/Quinn/Quinn_calf_l_pose.uexp" 2460
"../../../Engine/Plugins/Animation/ControlRig/Content/Controls/DefaultGizmoLibrary.uasset" 2461
"../../../Engine/Plugins/Animation/ControlRig/Content/Controls/DefaultGizmoLibrary.uexp" 2462
"C:/Users/Amir sanni/Desktop/Biplo/Roomba-Biplo-Studio/Content/Characters/Mannequins/Rigs/CR_Mannequin_Procedural.uasset" 2463
"C:/Users/Amir sanni/Desktop/Biplo/Roomba-Biplo-Studio/Content/Characters/Mannequins/Rigs/CR_Mannequin_Procedural.uexp" 2464
"C:/Users/Amir sanni/Desktop/Biplo/Roomba-Biplo-Studio/Content/Characters/Mannequins/Rigs/Poses/Quinn/Quinn_upperarm_r_anim.uasset" 2465
"C:/Users/Amir sanni/Desktop/Biplo/Roomba-Biplo-Studio/Content/Characters/Mannequins/Rigs/Poses/Quinn/Quinn_upperarm_r_anim.uexp" 2466
"C:/Users/Amir sanni/Desktop/Biplo/Roomba-Biplo-Studio/Content/Characters/Mannequins/Rigs/Poses/Quinn/Quinn_upperarm_r_pose.uasset" 2467
"C:/Users/Amir sanni/Desktop/Biplo/Roomba-Biplo-Studio/Content/Characters/Mannequins/Rigs/Poses/Quinn/Quinn_upperarm_r_pose.uexp" 2468
"C:/Users/Amir sanni/Desktop/Biplo/Roomba-Biplo-Studio/Content/Characters/Mannequins/Rigs/Poses/Quinn/Quinn_calf_r_anim.uasset" 2469
"C:/Users/Amir sanni/Desktop/Biplo/Roomba-Biplo-Studio/Content/Characters/Mannequins/Rigs/Poses/Quinn/Quinn_calf_r_anim.uexp" 2470
"C:/Users/Amir sanni/Desktop/Biplo/Roomba-Biplo-Studio/Content/Characters/Mannequins/Rigs/Poses/Quinn/Quinn_calf_r_pose.uasset" 2471
"C:/Users/Amir sanni/Desktop/Biplo/Roomba-Biplo-Studio/Content/Characters/Mannequins/Rigs/Poses/Quinn/Quinn_calf_r_pose.uexp" 2472
"C:/Users/Amir sanni/Desktop/Biplo/Roomba-Biplo-Studio/Content/Characters/Mannequins/Rigs/Poses/Quinn/Quinn_foot_r_anim.uasset" 2473
"C:/Users/Amir sanni/Desktop/Biplo/Roomba-Biplo-Studio/Content/Characters/Mannequins/Rigs/Poses/Quinn/Quinn_foot_r_anim.uexp" 2474
"C:/Users/Amir sanni/Desktop/Biplo/Roomba-Biplo-Studio/Content/Characters/Mannequins/Rigs/Poses/Quinn/Quinn_foot_r_pose.uasset" 2475
"C:/Users/Amir sanni/Desktop/Biplo/Roomba-Biplo-Studio/Content/Characters/Mannequins/Rigs/Poses/Quinn/Quinn_foot_r_pose.uexp" 2476
"C:/Users/Amir sanni/Desktop/Biplo/Roomba-Biplo-Studio/Content/Characters/Mannequins/Rigs/Poses/Quinn/Quinn_lowerarm_r_anim.uasset" 2477
"C:/Users/Amir sanni/Desktop/Biplo/Roomba-Biplo-Studio/Content/Characters/Mannequins/Rigs/Poses/Quinn/Quinn_lowerarm_r_anim.uexp" 2478
"C:/Users/Amir sanni/Desktop/Biplo/Roomba-Biplo-Studio/Content/Characters/Mannequins/Rigs/Poses/Quinn/Quinn_lowerarm_r_pose.uasset" 2479
"C:/Users/Amir sanni/Desktop/Biplo/Roomba-Biplo-Studio/Content/Characters/Mannequins/Rigs/Poses/Quinn/Quinn_lowerarm_r_pose.uexp" 2480
"C:/Users/Amir sanni/Desktop/Biplo/Roomba-Biplo-Studio/Content/Characters/Mannequins/Rigs/Poses/Quinn/Quinn_thigh_l_anim.uasset" 2481
"C:/Users/Amir sanni/Desktop/Biplo/Roomba-Biplo-Studio/Content/Characters/Mannequins/Rigs/Poses/Quinn/Quinn_thigh_l_anim.uexp" 2482
"C:/Users/Amir sanni/Desktop/Biplo/Roomba-Biplo-Studio/Content/Characters/Mannequins/Rigs/Poses/Quinn/Quinn_thigh_l_pose.uasset" 2483
"C:/Users/Amir sanni/Desktop/Biplo/Roomba-Biplo-Studio/Content/Characters/Mannequins/Rigs/Poses/Quinn/Quinn_thigh_l_pose.uexp" 2484
"C:/Users/Amir sanni/Desktop/Biplo/Roomba-Biplo-Studio/Content/Characters/Mannequins/Rigs/Poses/Quinn/Quinn_thigh_r_anim.uasset" 2485
"C:/Users/Amir sanni/Desktop/Biplo/Roomba-Biplo-Studio/Content/Characters/Mannequins/Rigs/Poses/Quinn/Quinn_thigh_r_anim.uexp" 2486
"C:/Users/Amir sanni/Desktop/Biplo/Roomba-Biplo-Studio/Content/Characters/Mannequins/Rigs/Poses/Quinn/Quinn_thigh_r_pose.uasset" 2487
"C:/Users/Amir sanni/Desktop/Biplo/Roomba-Biplo-Studio/Content/Characters/Mannequins/Rigs/Poses/Quinn/Quinn_thigh_r_pose.uexp" 2488
"C:/Users/Amir sanni/Desktop/Biplo/Roomba-Biplo-Studio/Content/Characters/Mannequins/Rigs/Poses/Quinn/Quinn_hand_l_anim.uasset" 2489
"C:/Users/Amir sanni/Desktop/Biplo/Roomba-Biplo-Studio/Content/Characters/Mannequins/Rigs/Poses/Quinn/Quinn_hand_l_anim.uexp" 2490
"C:/Users/Amir sanni/Desktop/Biplo/Roomba-Biplo-Studio/Content/Characters/Mannequins/Rigs/Poses/Quinn/Quinn_hand_l_pose.uasset" 2491
"C:/Users/Amir sanni/Desktop/Biplo/Roomba-Biplo-Studio/Content/Characters/Mannequins/Rigs/Poses/Quinn/Quinn_hand_l_pose.uexp" 2492
"C:/Users/Amir sanni/Desktop/Biplo/Roomba-Biplo-Studio/Content/Characters/Mannequins/Rigs/Poses/Quinn/Quinn_hand_r_anim.uasset" 2493
"C:/Users/Amir sanni/Desktop/Biplo/Roomba-Biplo-Studio/Content/Characters/Mannequins/Rigs/Poses/Quinn/Quinn_hand_r_anim.uexp" 2494
"C:/Users/Amir sanni/Desktop/Biplo/Roomba-Biplo-Studio/Content/Characters/Mannequins/Rigs/Poses/Quinn/Quinn_hand_r_pose.uasset" 2495
"C:/Users/Amir sanni/Desktop/Biplo/Roomba-Biplo-Studio/Content/Characters/Mannequins/Rigs/Poses/Quinn/Quinn_hand_r_pose.uexp" 2496
"C:/Users/Amir sanni/Desktop/Biplo/Roomba-Biplo-Studio/Content/Characters/Mannequins/Rigs/ABP_Quinn_PostProcess.uasset" 2497
"C:/Users/Amir sanni/Desktop/Biplo/Roomba-Biplo-Studio/Content/Characters/Mannequins/Rigs/ABP_Quinn_PostProcess.uexp" 2498
"C:/Users/Amir sanni/Desktop/Biplo/Roomba-Biplo-Studio/Content/Characters/Mannequins/Meshes/SKM_Quinn.uasset" 2499
"C:/Users/Amir sanni/Desktop/Biplo/Roomba-Biplo-Studio/Content/Characters/Mannequins/Meshes/SKM_Quinn.uexp" 2500
"C:/Users/Amir sanni/Desktop/Biplo/Roomba-Biplo-Studio/Content/Characters/Mannequins/Textures/Manny/T_Manny_02_MSR_MSK.ubulk" 2501
"C:/Users/Amir sanni/Desktop/Biplo/Roomba-Biplo-Studio/Content/Characters/Mannequins/Textures/Manny/T_Manny_02_MSR_MSK.uasset" 2502
"C:/Users/Amir sanni/Desktop/Biplo/Roomba-Biplo-Studio/Content/Characters/Mannequins/Textures/Manny/T_Manny_02_MSR_MSK.uexp" 2503
"C:/Users/Amir sanni/Desktop/Biplo/Roomba-Biplo-Studio/Content/Characters/Mannequins/Textures/Manny/T_Manny_02_CCRCCPlastic_MSK.ubulk" 2504
"C:/Users/Amir sanni/Desktop/Biplo/Roomba-Biplo-Studio/Content/Characters/Mannequins/Textures/Manny/T_Manny_02_CCRCCPlastic_MSK.uasset" 2505
"C:/Users/Amir sanni/Desktop/Biplo/Roomba-Biplo-Studio/Content/Characters/Mannequins/Textures/Manny/T_Manny_02_CCRCCPlastic_MSK.uexp" 2506
"C:/Users/Amir sanni/Desktop/Biplo/Roomba-Biplo-Studio/Content/Characters/Mannequins/Textures/Manny/T_Manny_02_Tan.ubulk" 2507
"C:/Users/Amir sanni/Desktop/Biplo/Roomba-Biplo-Studio/Content/Characters/Mannequins/Textures/Manny/T_Manny_02_Tan.uasset" 2508
"C:/Users/Amir sanni/Desktop/Biplo/Roomba-Biplo-Studio/Content/Characters/Mannequins/Textures/Manny/T_Manny_02_Tan.uexp" 2509
"C:/Users/Amir sanni/Desktop/Biplo/Roomba-Biplo-Studio/Content/Characters/Mannequins/Textures/Manny/T_Manny_02_N.ubulk" 2510
"C:/Users/Amir sanni/Desktop/Biplo/Roomba-Biplo-Studio/Content/Characters/Mannequins/Textures/Manny/T_Manny_02_N.uasset" 2511
"C:/Users/Amir sanni/Desktop/Biplo/Roomba-Biplo-Studio/Content/Characters/Mannequins/Textures/Manny/T_Manny_02_N.uexp" 2512
"C:/Users/Amir sanni/Desktop/Biplo/Roomba-Biplo-Studio/Content/Characters/Mannequins/Materials/Instances/Manny/MI_Manny_01.uasset" 2513
"C:/Users/Amir sanni/Desktop/Biplo/Roomba-Biplo-Studio/Content/Characters/Mannequins/Materials/Instances/Manny/MI_Manny_01.uexp" 2514
"C:/Users/Amir sanni/Desktop/Biplo/Roomba-Biplo-Studio/Content/Characters/Mannequins/Textures/Manny/T_Manny_02_BN.ubulk" 2515
"C:/Users/Amir sanni/Desktop/Biplo/Roomba-Biplo-Studio/Content/Characters/Mannequins/Textures/Manny/T_Manny_02_BN.uasset" 2516
"C:/Users/Amir sanni/Desktop/Biplo/Roomba-Biplo-Studio/Content/Characters/Mannequins/Textures/Manny/T_Manny_02_BN.uexp" 2517
"C:/Users/Amir sanni/Desktop/Biplo/Roomba-Biplo-Studio/Content/Characters/Mannequins/Textures/Manny/T_Manny_02_ASAOPMASK_MSK.ubulk" 2518
"C:/Users/Amir sanni/Desktop/Biplo/Roomba-Biplo-Studio/Content/Characters/Mannequins/Textures/Manny/T_Manny_02_ASAOPMASK_MSK.uasset" 2519
"C:/Users/Amir sanni/Desktop/Biplo/Roomba-Biplo-Studio/Content/Characters/Mannequins/Textures/Manny/T_Manny_02_ASAOPMASK_MSK.uexp" 2520
"C:/Users/Amir sanni/Desktop/Biplo/Roomba-Biplo-Studio/Content/Characters/Mannequins/Textures/Manny/T_Manny_02_D.ubulk" 2521
"C:/Users/Amir sanni/Desktop/Biplo/Roomba-Biplo-Studio/Content/Characters/Mannequins/Textures/Manny/T_Manny_02_D.uasset" 2522
"C:/Users/Amir sanni/Desktop/Biplo/Roomba-Biplo-Studio/Content/Characters/Mannequins/Textures/Manny/T_Manny_02_D.uexp" 2523
"C:/Users/Amir sanni/Desktop/Biplo/Roomba-Biplo-Studio/Content/Characters/Mannequins/Materials/Instances/Manny/MI_Manny_02.uasset" 2524
"C:/Users/Amir sanni/Desktop/Biplo/Roomba-Biplo-Studio/Content/Characters/Mannequins/Materials/Instances/Manny/MI_Manny_02.uexp" 2525
"C:/Users/Amir sanni/Desktop/Biplo/Roomba-Biplo-Studio/Content/Characters/Mannequins/Meshes/SKM_Manny_Simple.uasset" 2526
"C:/Users/Amir sanni/Desktop/Biplo/Roomba-Biplo-Studio/Content/Characters/Mannequins/Meshes/SKM_Manny_Simple.uexp" 2527
"C:/Users/Amir sanni/Desktop/Biplo/Roomba-Biplo-Studio/Content/Characters/Mannequins/Rigs/Poses/Manny/Manny_foot_l_anim.uasset" 2528
"C:/Users/Amir sanni/Desktop/Biplo/Roomba-Biplo-Studio/Content/Characters/Mannequins/Rigs/Poses/Manny/Manny_foot_l_anim.uexp" 2529
"C:/Users/Amir sanni/Desktop/Biplo/Roomba-Biplo-Studio/Content/Characters/Mannequins/Rigs/Poses/Manny/Manny_foot_l_pose.uasset" 2530
"C:/Users/Amir sanni/Desktop/Biplo/Roomba-Biplo-Studio/Content/Characters/Mannequins/Rigs/Poses/Manny/Manny_foot_l_pose.uexp" 2531
"C:/Users/Amir sanni/Desktop/Biplo/Roomba-Biplo-Studio/Content/Characters/Mannequins/Rigs/Poses/Manny/Manny_thigh_r_anim.uasset" 2532
"C:/Users/Amir sanni/Desktop/Biplo/Roomba-Biplo-Studio/Content/Characters/Mannequins/Rigs/Poses/Manny/Manny_thigh_r_anim.uexp" 2533
"C:/Users/Amir sanni/Desktop/Biplo/Roomba-Biplo-Studio/Content/Characters/Mannequins/Rigs/Poses/Manny/Manny_thigh_r_pose.uasset" 2534
"C:/Users/Amir sanni/Desktop/Biplo/Roomba-Biplo-Studio/Content/Characters/Mannequins/Rigs/Poses/Manny/Manny_thigh_r_pose.uexp" 2535
"C:/Users/Amir sanni/Desktop/Biplo/Roomba-Biplo-Studio/Content/Characters/Mannequins/Rigs/Poses/Manny/Manny_hand_r_anim.uasset" 2536
"C:/Users/Amir sanni/Desktop/Biplo/Roomba-Biplo-Studio/Content/Characters/Mannequins/Rigs/Poses/Manny/Manny_hand_r_anim.uexp" 2537
"C:/Users/Amir sanni/Desktop/Biplo/Roomba-Biplo-Studio/Content/Characters/Mannequins/Rigs/Poses/Manny/Manny_hand_r_pose.uasset" 2538
"C:/Users/Amir sanni/Desktop/Biplo/Roomba-Biplo-Studio/Content/Characters/Mannequins/Rigs/Poses/Manny/Manny_hand_r_pose.uexp" 2539
"C:/Users/Amir sanni/Desktop/Biplo/Roomba-Biplo-Studio/Content/Characters/Mannequins/Rigs/Poses/Manny/Manny_clavicle_l_anim.uasset" 2540
"C:/Users/Amir sanni/Desktop/Biplo/Roomba-Biplo-Studio/Content/Characters/Mannequins/Rigs/Poses/Manny/Manny_clavicle_l_anim.uexp" 2541
"C:/Users/Amir sanni/Desktop/Biplo/Roomba-Biplo-Studio/Content/Characters/Mannequins/Rigs/Poses/Manny/Manny_clavicle_l_pose.uasset" 2542
"C:/Users/Amir sanni/Desktop/Biplo/Roomba-Biplo-Studio/Content/Characters/Mannequins/Rigs/Poses/Manny/Manny_clavicle_l_pose.uexp" 2543
"C:/Users/Amir sanni/Desktop/Biplo/Roomba-Biplo-Studio/Content/Characters/Mannequins/Rigs/Poses/Manny/Manny_calf_l_anim.uasset" 2544
"C:/Users/Amir sanni/Desktop/Biplo/Roomba-Biplo-Studio/Content/Characters/Mannequins/Rigs/Poses/Manny/Manny_calf_l_anim.uexp" 2545
"C:/Users/Amir sanni/Desktop/Biplo/Roomba-Biplo-Studio/Content/Characters/Mannequins/Rigs/Poses/Manny/Manny_calf_l_pose.uasset" 2546
"C:/Users/Amir sanni/Desktop/Biplo/Roomba-Biplo-Studio/Content/Characters/Mannequins/Rigs/Poses/Manny/Manny_calf_l_pose.uexp" 2547
"C:/Users/Amir sanni/Desktop/Biplo/Roomba-Biplo-Studio/Content/Characters/Mannequins/Rigs/Poses/Manny/Manny_hand_l_anim.uasset" 2548
"C:/Users/Amir sanni/Desktop/Biplo/Roomba-Biplo-Studio/Content/Characters/Mannequins/Rigs/Poses/Manny/Manny_hand_l_anim.uexp" 2549
"C:/Users/Amir sanni/Desktop/Biplo/Roomba-Biplo-Studio/Content/Characters/Mannequins/Rigs/Poses/Manny/Manny_hand_l_pose.uasset" 2550
"C:/Users/Amir sanni/Desktop/Biplo/Roomba-Biplo-Studio/Content/Characters/Mannequins/Rigs/Poses/Manny/Manny_hand_l_pose.uexp" 2551
"C:/Users/Amir sanni/Desktop/Biplo/Roomba-Biplo-Studio/Content/Characters/Mannequins/Rigs/Poses/Manny/Manny_upperarm_r_anim.uasset" 2552
"C:/Users/Amir sanni/Desktop/Biplo/Roomba-Biplo-Studio/Content/Characters/Mannequins/Rigs/Poses/Manny/Manny_upperarm_r_anim.uexp" 2553
"C:/Users/Amir sanni/Desktop/Biplo/Roomba-Biplo-Studio/Content/Characters/Mannequins/Rigs/Poses/Manny/Manny_upperarm_r_pose.uasset" 2554
"C:/Users/Amir sanni/Desktop/Biplo/Roomba-Biplo-Studio/Content/Characters/Mannequins/Rigs/Poses/Manny/Manny_upperarm_r_pose.uexp" 2555
"C:/Users/Amir sanni/Desktop/Biplo/Roomba-Biplo-Studio/Content/Characters/Mannequins/Rigs/Poses/Manny/Manny_lowerarm_r_anim.uasset" 2556
"C:/Users/Amir sanni/Desktop/Biplo/Roomba-Biplo-Studio/Content/Characters/Mannequins/Rigs/Poses/Manny/Manny_lowerarm_r_anim.uexp" 2557
"C:/Users/Amir sanni/Desktop/Biplo/Roomba-Biplo-Studio/Content/Characters/Mannequins/Rigs/Poses/Manny/Manny_lowerarm_r_pose.uasset" 2558
"C:/Users/Amir sanni/Desktop/Biplo/Roomba-Biplo-Studio/Content/Characters/Mannequins/Rigs/Poses/Manny/Manny_lowerarm_r_pose.uexp" 2559
"C:/Users/Amir sanni/Desktop/Biplo/Roomba-Biplo-Studio/Content/Characters/Mannequins/Rigs/Poses/Manny/Manny_calf_r_anim.uasset" 2560
"C:/Users/Amir sanni/Desktop/Biplo/Roomba-Biplo-Studio/Content/Characters/Mannequins/Rigs/Poses/Manny/Manny_calf_r_anim.uexp" 2561
"C:/Users/Amir sanni/Desktop/Biplo/Roomba-Biplo-Studio/Content/Characters/Mannequins/Rigs/Poses/Manny/Manny_calf_r_pose.uasset" 2562
"C:/Users/Amir sanni/Desktop/Biplo/Roomba-Biplo-Studio/Content/Characters/Mannequins/Rigs/Poses/Manny/Manny_calf_r_pose.uexp" 2563
"C:/Users/Amir sanni/Desktop/Biplo/Roomba-Biplo-Studio/Content/Characters/Mannequins/Rigs/Poses/Manny/Manny_foot_r_anim.uasset" 2564
"C:/Users/Amir sanni/Desktop/Biplo/Roomba-Biplo-Studio/Content/Characters/Mannequins/Rigs/Poses/Manny/Manny_foot_r_anim.uexp" 2565
"C:/Users/Amir sanni/Desktop/Biplo/Roomba-Biplo-Studio/Content/Characters/Mannequins/Rigs/Poses/Manny/Manny_foot_r_pose.uasset" 2566
"C:/Users/Amir sanni/Desktop/Biplo/Roomba-Biplo-Studio/Content/Characters/Mannequins/Rigs/Poses/Manny/Manny_foot_r_pose.uexp" 2567
"C:/Users/Amir sanni/Desktop/Biplo/Roomba-Biplo-Studio/Content/Characters/Mannequins/Rigs/Poses/Manny/Manny_lowerarm_l_anim.uasset" 2568
"C:/Users/Amir sanni/Desktop/Biplo/Roomba-Biplo-Studio/Content/Characters/Mannequins/Rigs/Poses/Manny/Manny_lowerarm_l_anim.uexp" 2569
"C:/Users/Amir sanni/Desktop/Biplo/Roomba-Biplo-Studio/Content/Characters/Mannequins/Rigs/Poses/Manny/Manny_lowerarm_l_pose.uasset" 2570
"C:/Users/Amir sanni/Desktop/Biplo/Roomba-Biplo-Studio/Content/Characters/Mannequins/Rigs/Poses/Manny/Manny_lowerarm_l_pose.uexp" 2571
"C:/Users/Amir sanni/Desktop/Biplo/Roomba-Biplo-Studio/Content/Characters/Mannequins/Rigs/Poses/Manny/Manny_clavicle_r_anim.uasset" 2572
"C:/Users/Amir sanni/Desktop/Biplo/Roomba-Biplo-Studio/Content/Characters/Mannequins/Rigs/Poses/Manny/Manny_clavicle_r_anim.uexp" 2573
"C:/Users/Amir sanni/Desktop/Biplo/Roomba-Biplo-Studio/Content/Characters/Mannequins/Rigs/Poses/Manny/Manny_clavicle_r_pose.uasset" 2574
"C:/Users/Amir sanni/Desktop/Biplo/Roomba-Biplo-Studio/Content/Characters/Mannequins/Rigs/Poses/Manny/Manny_clavicle_r_pose.uexp" 2575
"C:/Users/Amir sanni/Desktop/Biplo/Roomba-Biplo-Studio/Content/Characters/Mannequins/Rigs/Poses/Manny/Manny_thigh_l_anim.uasset" 2576
"C:/Users/Amir sanni/Desktop/Biplo/Roomba-Biplo-Studio/Content/Characters/Mannequins/Rigs/Poses/Manny/Manny_thigh_l_anim.uexp" 2577
"C:/Users/Amir sanni/Desktop/Biplo/Roomba-Biplo-Studio/Content/Characters/Mannequins/Rigs/Poses/Manny/Manny_thigh_l_pose.uasset" 2578
"C:/Users/Amir sanni/Desktop/Biplo/Roomba-Biplo-Studio/Content/Characters/Mannequins/Rigs/Poses/Manny/Manny_thigh_l_pose.uexp" 2579
"C:/Users/Amir sanni/Desktop/Biplo/Roomba-Biplo-Studio/Content/Characters/Mannequins/Rigs/Poses/Manny/Manny_upperarm_l_anim.uasset" 2580
"C:/Users/Amir sanni/Desktop/Biplo/Roomba-Biplo-Studio/Content/Characters/Mannequins/Rigs/Poses/Manny/Manny_upperarm_l_anim.uexp" 2581
"C:/Users/Amir sanni/Desktop/Biplo/Roomba-Biplo-Studio/Content/Characters/Mannequins/Rigs/Poses/Manny/Manny_upperarm_l_pose.uasset" 2582
"C:/Users/Amir sanni/Desktop/Biplo/Roomba-Biplo-Studio/Content/Characters/Mannequins/Rigs/Poses/Manny/Manny_upperarm_l_pose.uexp" 2583
"C:/Users/Amir sanni/Desktop/Biplo/Roomba-Biplo-Studio/Content/Characters/Mannequins/Rigs/ABP_Manny_PostProcess.uasset" 2584
"C:/Users/Amir sanni/Desktop/Biplo/Roomba-Biplo-Studio/Content/Characters/Mannequins/Rigs/ABP_Manny_PostProcess.uexp" 2585
"C:/Users/Amir sanni/Desktop/Biplo/Roomba-Biplo-Studio/Content/Characters/Mannequins/Meshes/SKM_Manny.uasset" 2586
"C:/Users/Amir sanni/Desktop/Biplo/Roomba-Biplo-Studio/Content/Characters/Mannequins/Meshes/SKM_Manny.uexp" 2587
"C:/Users/Amir sanni/Desktop/Biplo/Roomba-Biplo-Studio/Content/Characters/Mannequins/Meshes/Mannequin_LODSettings.uasset" 2588
"C:/Users/Amir sanni/Desktop/Biplo/Roomba-Biplo-Studio/Content/Characters/Mannequins/Meshes/Mannequin_LODSettings.uexp" 2589
"C:/Users/Amir sanni/Desktop/Biplo/Roomba-Biplo-Studio/Content/Characters/Mannequins/Animations/Quinn/MF_Run_Fwd.uasset" 2590
"C:/Users/Amir sanni/Desktop/Biplo/Roomba-Biplo-Studio/Content/Characters/Mannequins/Animations/Quinn/MF_Run_Fwd.uexp" 2591
"C:/Users/Amir sanni/Desktop/Biplo/Roomba-Biplo-Studio/Content/Characters/Mannequins/Animations/Quinn/MF_Walk_Fwd.uasset" 2592
"C:/Users/Amir sanni/Desktop/Biplo/Roomba-Biplo-Studio/Content/Characters/Mannequins/Animations/Quinn/MF_Walk_Fwd.uexp" 2593
"C:/Users/Amir sanni/Desktop/Biplo/Roomba-Biplo-Studio/Content/Characters/Mannequins/Animations/Manny/MM_Walk_InPlace.uasset" 2594
"C:/Users/Amir sanni/Desktop/Biplo/Roomba-Biplo-Studio/Content/Characters/Mannequins/Animations/Manny/MM_Walk_InPlace.uexp" 2595
"C:/Users/Amir sanni/Desktop/Biplo/Roomba-Biplo-Studio/Content/Characters/Mannequins/Animations/Quinn/BS_MF_Unarmed_WalkRun.uasset" 2596
"C:/Users/Amir sanni/Desktop/Biplo/Roomba-Biplo-Studio/Content/Characters/Mannequins/Animations/Quinn/BS_MF_Unarmed_WalkRun.uexp" 2597
"C:/Users/Amir sanni/Desktop/Biplo/Roomba-Biplo-Studio/Content/Characters/Mannequins/Animations/Quinn/MF_Idle.uasset" 2598
"C:/Users/Amir sanni/Desktop/Biplo/Roomba-Biplo-Studio/Content/Characters/Mannequins/Animations/Quinn/MF_Idle.uexp" 2599
"C:/Users/Amir sanni/Desktop/Biplo/Roomba-Biplo-Studio/Content/Characters/Mannequins/Animations/Manny/MM_Fall_Loop.uasset" 2600
"C:/Users/Amir sanni/Desktop/Biplo/Roomba-Biplo-Studio/Content/Characters/Mannequins/Animations/Manny/MM_Fall_Loop.uexp" 2601
"C:/Users/Amir sanni/Desktop/Biplo/Roomba-Biplo-Studio/Content/Characters/Mannequins/Animations/Manny/MM_Jump.uasset" 2602
"C:/Users/Amir sanni/Desktop/Biplo/Roomba-Biplo-Studio/Content/Characters/Mannequins/Animations/Manny/MM_Jump.uexp" 2603
"C:/Users/Amir sanni/Desktop/Biplo/Roomba-Biplo-Studio/Content/Characters/Mannequins/Rigs/CR_Mannequin_BasicFootIK.uasset" 2604
"C:/Users/Amir sanni/Desktop/Biplo/Roomba-Biplo-Studio/Content/Characters/Mannequins/Rigs/CR_Mannequin_BasicFootIK.uexp" 2605
"C:/Users/Amir sanni/Desktop/Biplo/Roomba-Biplo-Studio/Content/Characters/Mannequins/Animations/Manny/MM_Run_Fwd.uasset" 2606
"C:/Users/Amir sanni/Desktop/Biplo/Roomba-Biplo-Studio/Content/Characters/Mannequins/Animations/Manny/MM_Run_Fwd.uexp" 2607
"C:/Users/Amir sanni/Desktop/Biplo/Roomba-Biplo-Studio/Content/Characters/Mannequins/Animations/Manny/MM_Walk_Fwd.uasset" 2608
"C:/Users/Amir sanni/Desktop/Biplo/Roomba-Biplo-Studio/Content/Characters/Mannequins/Animations/Manny/MM_Walk_Fwd.uexp" 2609
"C:/Users/Amir sanni/Desktop/Biplo/Roomba-Biplo-Studio/Content/Characters/Mannequins/Animations/Manny/BS_MM_WalkRun.uasset" 2610
"C:/Users/Amir sanni/Desktop/Biplo/Roomba-Biplo-Studio/Content/Characters/Mannequins/Animations/Manny/BS_MM_WalkRun.uexp" 2611
"C:/Users/Amir sanni/Desktop/Biplo/Roomba-Biplo-Studio/Content/Characters/Mannequins/Animations/Manny/MM_Land.uasset" 2612
"C:/Users/Amir sanni/Desktop/Biplo/Roomba-Biplo-Studio/Content/Characters/Mannequins/Animations/Manny/MM_Land.uexp" 2613
"C:/Users/Amir sanni/Desktop/Biplo/Roomba-Biplo-Studio/Content/Characters/Mannequins/Animations/Manny/MM_Idle.uasset" 2614
"C:/Users/Amir sanni/Desktop/Biplo/Roomba-Biplo-Studio/Content/Characters/Mannequins/Animations/Manny/MM_Idle.uexp" 2615
"C:/Users/Amir sanni/Desktop/Biplo/Roomba-Biplo-Studio/Content/Characters/Mannequins/Animations/ABP_Manny.uasset" 2616
"C:/Users/Amir sanni/Desktop/Biplo/Roomba-Biplo-Studio/Content/Characters/Mannequins/Animations/ABP_Manny.uexp" 2617
"C:/Users/Amir sanni/Desktop/Biplo/Roomba-Biplo-Studio/Content/Characters/Mannequins/Animations/ABP_Quinn.uasset" 2618
"C:/Users/Amir sanni/Desktop/Biplo/Roomba-Biplo-Studio/Content/Characters/Mannequins/Animations/ABP_Quinn.uexp" 2619
"C:/Users/Amir sanni/Desktop/Biplo/Roomba-Biplo-Studio/Content/Audio/Raw_Audio/Player_noises/Zap_noise_2.ubulk" 2620
"C:/Users/Amir sanni/Desktop/Biplo/Roomba-Biplo-Studio/Content/Audio/Raw_Audio/Player_noises/Zap_noise_2.uasset" 2621
"C:/Users/Amir sanni/Desktop/Biplo/Roomba-Biplo-Studio/Content/Audio/Raw_Audio/Player_noises/Zap_noise_2.uexp" 2622
"C:/Users/Amir sanni/Desktop/Biplo/Roomba-Biplo-Studio/Content/Audio/Raw_Audio/Player_noises/Hover_fast.ubulk" 2623
"C:/Users/Amir sanni/Desktop/Biplo/Roomba-Biplo-Studio/Content/Audio/Raw_Audio/Player_noises/Hover_fast.uasset" 2624
"C:/Users/Amir sanni/Desktop/Biplo/Roomba-Biplo-Studio/Content/Audio/Raw_Audio/Player_noises/Hover_fast.uexp" 2625
"C:/Users/Amir sanni/Desktop/Biplo/Roomba-Biplo-Studio/Content/Audio/Raw_Audio/Player_noises/Crash_Jingle_2.ubulk" 2626
"C:/Users/Amir sanni/Desktop/Biplo/Roomba-Biplo-Studio/Content/Audio/Raw_Audio/Player_noises/Crash_Jingle_2.uasset" 2627
"C:/Users/Amir sanni/Desktop/Biplo/Roomba-Biplo-Studio/Content/Audio/Raw_Audio/Player_noises/Crash_Jingle_2.uexp" 2628
"C:/Users/Amir sanni/Desktop/Biplo/Roomba-Biplo-Studio/Content/Audio/Raw_Audio/Player_noises/Crash_Jingle_1.ubulk" 2629
"C:/Users/Amir sanni/Desktop/Biplo/Roomba-Biplo-Studio/Content/Audio/Raw_Audio/Player_noises/Crash_Jingle_1.uasset" 2630
"C:/Users/Amir sanni/Desktop/Biplo/Roomba-Biplo-Studio/Content/Audio/Raw_Audio/Player_noises/Crash_Jingle_1.uexp" 2631
"C:/Users/Amir sanni/Desktop/Biplo/Roomba-Biplo-Studio/Content/Audio/Raw_Audio/Player_noises/Biplo_popup.uasset" 2632
"C:/Users/Amir sanni/Desktop/Biplo/Roomba-Biplo-Studio/Content/Audio/Raw_Audio/Player_noises/Biplo_popup.uexp" 2633
"C:/Users/Amir sanni/Desktop/Biplo/Roomba-Biplo-Studio/Content/Audio/Raw_Audio/Player_noises/Biplo_On.uasset" 2634
"C:/Users/Amir sanni/Desktop/Biplo/Roomba-Biplo-Studio/Content/Audio/Raw_Audio/Player_noises/Biplo_On.uexp" 2635
"C:/Users/Amir sanni/Desktop/Biplo/Roomba-Biplo-Studio/Content/Audio/Raw_Audio/Player_noises/Biplo_err.ubulk" 2636
"C:/Users/Amir sanni/Desktop/Biplo/Roomba-Biplo-Studio/Content/Audio/Raw_Audio/Player_noises/Biplo_err.uasset" 2637
"C:/Users/Amir sanni/Desktop/Biplo/Roomba-Biplo-Studio/Content/Audio/Raw_Audio/Player_noises/Biplo_err.uexp" 2638
"C:/Users/Amir sanni/Desktop/Biplo/Roomba-Biplo-Studio/Content/Audio/Raw_Audio/Player_noises/Biplo_Crash.uasset" 2639
"C:/Users/Amir sanni/Desktop/Biplo/Roomba-Biplo-Studio/Content/Audio/Raw_Audio/Player_noises/Biplo_Crash.uexp" 2640
"C:/Users/Amir sanni/Desktop/Biplo/Roomba-Biplo-Studio/Content/Audio/Raw_Audio/Ambient/LeavesRustle.ubulk" 2641
"C:/Users/Amir sanni/Desktop/Biplo/Roomba-Biplo-Studio/Content/Audio/Raw_Audio/Ambient/LeavesRustle.uasset" 2642
"C:/Users/Amir sanni/Desktop/Biplo/Roomba-Biplo-Studio/Content/Audio/Raw_Audio/Ambient/LeavesRustle.uexp" 2643
"C:/Users/Amir sanni/Desktop/Biplo/Roomba-Biplo-Studio/Content/Assets/Warehouse/Mats/Material.uasset" 2644
"C:/Users/Amir sanni/Desktop/Biplo/Roomba-Biplo-Studio/Content/Assets/Warehouse/Mats/Material.uexp" 2645
"C:/Users/Amir sanni/Desktop/Biplo/Roomba-Biplo-Studio/Content/Assets/Warehouse/Mats/DriveBox_DefaultMaterial_OcclusionRoughnessMetallic__1__Mat.uasset" 2646
"C:/Users/Amir sanni/Desktop/Biplo/Roomba-Biplo-Studio/Content/Assets/Warehouse/Mats/DriveBox_DefaultMaterial_OcclusionRoughnessMetallic__1__Mat.uexp" 2647
"C:/Users/Amir sanni/Desktop/Biplo/Roomba-Biplo-Studio/Content/Assets/Warehouse/Mats/DriveBox_DefaultMaterial_Normal__1__Mat.uasset" 2648
"C:/Users/Amir sanni/Desktop/Biplo/Roomba-Biplo-Studio/Content/Assets/Warehouse/Mats/DriveBox_DefaultMaterial_Normal__1__Mat.uexp" 2649
"C:/Users/Amir sanni/Desktop/Biplo/Roomba-Biplo-Studio/Content/Assets/Warehouse/Mats/DriveBox_DefaultMaterial_BaseColor__1__Mat.uasset" 2650
"C:/Users/Amir sanni/Desktop/Biplo/Roomba-Biplo-Studio/Content/Assets/Warehouse/Mats/DriveBox_DefaultMaterial_BaseColor__1__Mat.uexp" 2651
"C:/Users/Amir sanni/Desktop/Biplo/Roomba-Biplo-Studio/Content/Assets/Pavements/Straight/PavementStraight_lambert1_BaseColor.ubulk" 2652
"C:/Users/Amir sanni/Desktop/Biplo/Roomba-Biplo-Studio/Content/Assets/Pavements/Straight/PavementStraight_lambert1_BaseColor.uasset" 2653
"C:/Users/Amir sanni/Desktop/Biplo/Roomba-Biplo-Studio/Content/Assets/Pavements/Straight/PavementStraight_lambert1_BaseColor.uexp" 2654
"C:/Users/Amir sanni/Desktop/Biplo/Roomba-Biplo-Studio/Content/Assets/Pavements/Straight/PavementStraight_lambert1_OcclusionRoughnessMetallic.ubulk" 2655
"C:/Users/Amir sanni/Desktop/Biplo/Roomba-Biplo-Studio/Content/Assets/Pavements/Straight/PavementStraight_lambert1_OcclusionRoughnessMetallic.uasset" 2656
"C:/Users/Amir sanni/Desktop/Biplo/Roomba-Biplo-Studio/Content/Assets/Pavements/Straight/PavementStraight_lambert1_OcclusionRoughnessMetallic.uexp" 2657
"C:/Users/Amir sanni/Desktop/Biplo/Roomba-Biplo-Studio/Content/Assets/Pavements/Straight/PavementStraight_lambert1_Normal.ubulk" 2658
"C:/Users/Amir sanni/Desktop/Biplo/Roomba-Biplo-Studio/Content/Assets/Pavements/Straight/PavementStraight_lambert1_Normal.uasset" 2659
"C:/Users/Amir sanni/Desktop/Biplo/Roomba-Biplo-Studio/Content/Assets/Pavements/Straight/PavementStraight_lambert1_Normal.uexp" 2660
"C:/Users/Amir sanni/Desktop/Biplo/Roomba-Biplo-Studio/Content/Assets/Pavements/Straight/M_PavementStriaght.uasset" 2661
"C:/Users/Amir sanni/Desktop/Biplo/Roomba-Biplo-Studio/Content/Assets/Pavements/Straight/M_PavementStriaght.uexp" 2662
"C:/Users/Amir sanni/Desktop/Biplo/Roomba-Biplo-Studio/Content/Assets/Pavements/Square/PavementSquare_lambert1_BaseColor.ubulk" 2663
"C:/Users/Amir sanni/Desktop/Biplo/Roomba-Biplo-Studio/Content/Assets/Pavements/Square/PavementSquare_lambert1_BaseColor.uasset" 2664
"C:/Users/Amir sanni/Desktop/Biplo/Roomba-Biplo-Studio/Content/Assets/Pavements/Square/PavementSquare_lambert1_BaseColor.uexp" 2665
"C:/Users/Amir sanni/Desktop/Biplo/Roomba-Biplo-Studio/Content/Assets/Pavements/Square/PavementSquare_lambert1_Normal.ubulk" 2666
"C:/Users/Amir sanni/Desktop/Biplo/Roomba-Biplo-Studio/Content/Assets/Pavements/Square/PavementSquare_lambert1_Normal.uasset" 2667
"C:/Users/Amir sanni/Desktop/Biplo/Roomba-Biplo-Studio/Content/Assets/Pavements/Square/PavementSquare_lambert1_Normal.uexp" 2668
"C:/Users/Amir sanni/Desktop/Biplo/Roomba-Biplo-Studio/Content/Assets/Pavements/Square/PavementSquare_lambert1_OcclusionRoughnessMetallic.ubulk" 2669
"C:/Users/Amir sanni/Desktop/Biplo/Roomba-Biplo-Studio/Content/Assets/Pavements/Square/PavementSquare_lambert1_OcclusionRoughnessMetallic.uasset" 2670
"C:/Users/Amir sanni/Desktop/Biplo/Roomba-Biplo-Studio/Content/Assets/Pavements/Square/PavementSquare_lambert1_OcclusionRoughnessMetallic.uexp" 2671
"C:/Users/Amir sanni/Desktop/Biplo/Roomba-Biplo-Studio/Content/Assets/Pavements/Square/M_PavementSquare.uasset" 2672
"C:/Users/Amir sanni/Desktop/Biplo/Roomba-Biplo-Studio/Content/Assets/Pavements/Square/M_PavementSquare.uexp" 2673
"C:/Users/Amir sanni/Desktop/Biplo/Roomba-Biplo-Studio/Content/Assets/Pavements/SideStraight/pavementSideStraight_lambert1_BaseColor.ubulk" 2674
"C:/Users/Amir sanni/Desktop/Biplo/Roomba-Biplo-Studio/Content/Assets/Pavements/SideStraight/pavementSideStraight_lambert1_BaseColor.uasset" 2675
"C:/Users/Amir sanni/Desktop/Biplo/Roomba-Biplo-Studio/Content/Assets/Pavements/SideStraight/pavementSideStraight_lambert1_BaseColor.uexp" 2676
"C:/Users/Amir sanni/Desktop/Biplo/Roomba-Biplo-Studio/Content/Assets/Pavements/SideStraight/pavementSideStraight_lambert1_OcclusionRoughnessMetallic.ubulk" 2677
"C:/Users/Amir sanni/Desktop/Biplo/Roomba-Biplo-Studio/Content/Assets/Pavements/SideStraight/pavementSideStraight_lambert1_OcclusionRoughnessMetallic.uasset" 2678
"C:/Users/Amir sanni/Desktop/Biplo/Roomba-Biplo-Studio/Content/Assets/Pavements/SideStraight/pavementSideStraight_lambert1_OcclusionRoughnessMetallic.uexp" 2679
"C:/Users/Amir sanni/Desktop/Biplo/Roomba-Biplo-Studio/Content/Assets/Pavements/SideStraight/pavementSideStraight_lambert1_Normal.ubulk" 2680
"C:/Users/Amir sanni/Desktop/Biplo/Roomba-Biplo-Studio/Content/Assets/Pavements/SideStraight/pavementSideStraight_lambert1_Normal.uasset" 2681
"C:/Users/Amir sanni/Desktop/Biplo/Roomba-Biplo-Studio/Content/Assets/Pavements/SideStraight/pavementSideStraight_lambert1_Normal.uexp" 2682
"C:/Users/Amir sanni/Desktop/Biplo/Roomba-Biplo-Studio/Content/Assets/Pavements/SideStraight/M_SideStraight.uasset" 2683
"C:/Users/Amir sanni/Desktop/Biplo/Roomba-Biplo-Studio/Content/Assets/Pavements/SideStraight/M_SideStraight.uexp" 2684
"C:/Users/Amir sanni/Desktop/Biplo/Roomba-Biplo-Studio/Content/Assets/Pavements/Giant/PavementGiant_lambert1_BaseColor.ubulk" 2685
"C:/Users/Amir sanni/Desktop/Biplo/Roomba-Biplo-Studio/Content/Assets/Pavements/Giant/PavementGiant_lambert1_BaseColor.uasset" 2686
"C:/Users/Amir sanni/Desktop/Biplo/Roomba-Biplo-Studio/Content/Assets/Pavements/Giant/PavementGiant_lambert1_BaseColor.uexp" 2687
"C:/Users/Amir sanni/Desktop/Biplo/Roomba-Biplo-Studio/Content/Assets/Pavements/Giant/PavementGiant_lambert1_Normal.ubulk" 2688
"C:/Users/Amir sanni/Desktop/Biplo/Roomba-Biplo-Studio/Content/Assets/Pavements/Giant/PavementGiant_lambert1_Normal.uasset" 2689
"C:/Users/Amir sanni/Desktop/Biplo/Roomba-Biplo-Studio/Content/Assets/Pavements/Giant/PavementGiant_lambert1_Normal.uexp" 2690
"C:/Users/Amir sanni/Desktop/Biplo/Roomba-Biplo-Studio/Content/Assets/Pavements/Giant/PavementGiant_lambert1_OcclusionRoughnessMetallic.ubulk" 2691
"C:/Users/Amir sanni/Desktop/Biplo/Roomba-Biplo-Studio/Content/Assets/Pavements/Giant/PavementGiant_lambert1_OcclusionRoughnessMetallic.uasset" 2692
"C:/Users/Amir sanni/Desktop/Biplo/Roomba-Biplo-Studio/Content/Assets/Pavements/Giant/PavementGiant_lambert1_OcclusionRoughnessMetallic.uexp" 2693
"C:/Users/Amir sanni/Desktop/Biplo/Roomba-Biplo-Studio/Content/Assets/Pavements/Giant/M_GiantPavement.uasset" 2694
"C:/Users/Amir sanni/Desktop/Biplo/Roomba-Biplo-Studio/Content/Assets/Pavements/Giant/M_GiantPavement.uexp" 2695
"C:/Users/Amir sanni/Desktop/Biplo/Roomba-Biplo-Studio/Content/Assets/External/HousePack/White.uasset" 2696
"C:/Users/Amir sanni/Desktop/Biplo/Roomba-Biplo-Studio/Content/Assets/External/HousePack/White.uexp" 2697
"C:/Users/Amir sanni/Desktop/Biplo/Roomba-Biplo-Studio/Content/Assets/External/HousePack/Glass.uasset" 2698
"C:/Users/Amir sanni/Desktop/Biplo/Roomba-Biplo-Studio/Content/Assets/External/HousePack/Glass.uexp" 2699
"C:/Users/Amir sanni/Desktop/Biplo/Roomba-Biplo-Studio/Content/Assets/External/HousePack/Window_Small3_Window_Small3.ubulk" 2700
"C:/Users/Amir sanni/Desktop/Biplo/Roomba-Biplo-Studio/Content/Assets/External/HousePack/Window_Small3_Window_Small3.uasset" 2701
"C:/Users/Amir sanni/Desktop/Biplo/Roomba-Biplo-Studio/Content/Assets/External/HousePack/Window_Small3_Window_Small3.uexp" 2702
"C:/Users/Amir sanni/Desktop/Biplo/Roomba-Biplo-Studio/Content/Assets/External/HousePack/Window_Small2_Window_Small2.ubulk" 2703
"C:/Users/Amir sanni/Desktop/Biplo/Roomba-Biplo-Studio/Content/Assets/External/HousePack/Window_Small2_Window_Small2.uasset" 2704
"C:/Users/Amir sanni/Desktop/Biplo/Roomba-Biplo-Studio/Content/Assets/External/HousePack/Window_Small2_Window_Small2.uexp" 2705
"C:/Users/Amir sanni/Desktop/Biplo/Roomba-Biplo-Studio/Content/Assets/External/HousePack/Window_Small1_Window_Small1.ubulk" 2706
"C:/Users/Amir sanni/Desktop/Biplo/Roomba-Biplo-Studio/Content/Assets/External/HousePack/Window_Small1_Window_Small1.uasset" 2707
"C:/Users/Amir sanni/Desktop/Biplo/Roomba-Biplo-Studio/Content/Assets/External/HousePack/Window_Small1_Window_Small1.uexp" 2708
"C:/Users/Amir sanni/Desktop/Biplo/Roomba-Biplo-Studio/Content/Assets/External/HousePack/Window_Round3_Window_Round3.ubulk" 2709
"C:/Users/Amir sanni/Desktop/Biplo/Roomba-Biplo-Studio/Content/Assets/External/HousePack/Window_Round3_Window_Round3.uasset" 2710
"C:/Users/Amir sanni/Desktop/Biplo/Roomba-Biplo-Studio/Content/Assets/External/HousePack/Window_Round3_Window_Round3.uexp" 2711
"C:/Users/Amir sanni/Desktop/Biplo/Roomba-Biplo-Studio/Content/Assets/External/HousePack/Window_Round2_Window_Round2.ubulk" 2712
"C:/Users/Amir sanni/Desktop/Biplo/Roomba-Biplo-Studio/Content/Assets/External/HousePack/Window_Round2_Window_Round2.uasset" 2713
"C:/Users/Amir sanni/Desktop/Biplo/Roomba-Biplo-Studio/Content/Assets/External/HousePack/Window_Round2_Window_Round2.uexp" 2714
"C:/Users/Amir sanni/Desktop/Biplo/Roomba-Biplo-Studio/Content/Assets/External/HousePack/Window_Round1_Window_Round1.ubulk" 2715
"C:/Users/Amir sanni/Desktop/Biplo/Roomba-Biplo-Studio/Content/Assets/External/HousePack/Window_Round1_Window_Round1.uasset" 2716
"C:/Users/Amir sanni/Desktop/Biplo/Roomba-Biplo-Studio/Content/Assets/External/HousePack/Window_Round1_Window_Round1.uexp" 2717
"C:/Users/Amir sanni/Desktop/Biplo/Roomba-Biplo-Studio/Content/Assets/External/HousePack/Window_Large2_Window_Large2.ubulk" 2718
"C:/Users/Amir sanni/Desktop/Biplo/Roomba-Biplo-Studio/Content/Assets/External/HousePack/Window_Large2_Window_Large2.uasset" 2719
"C:/Users/Amir sanni/Desktop/Biplo/Roomba-Biplo-Studio/Content/Assets/External/HousePack/Window_Large2_Window_Large2.uexp" 2720
"C:/Users/Amir sanni/Desktop/Biplo/Roomba-Biplo-Studio/Content/Assets/External/HousePack/Window_Large1_Window_Large1.ubulk" 2721
"C:/Users/Amir sanni/Desktop/Biplo/Roomba-Biplo-Studio/Content/Assets/External/HousePack/Window_Large1_Window_Large1.uasset" 2722
"C:/Users/Amir sanni/Desktop/Biplo/Roomba-Biplo-Studio/Content/Assets/External/HousePack/Window_Large1_Window_Large1.uexp" 2723
"C:/Users/Amir sanni/Desktop/Biplo/Roomba-Biplo-Studio/Content/Assets/External/HousePack/LightMetal.uasset" 2724
"C:/Users/Amir sanni/Desktop/Biplo/Roomba-Biplo-Studio/Content/Assets/External/HousePack/LightMetal.uexp" 2725
"C:/Users/Amir sanni/Desktop/Biplo/Roomba-Biplo-Studio/Content/Assets/External/HousePack/Trashcan_Small2_Trashcan_Small2.ubulk" 2726
"C:/Users/Amir sanni/Desktop/Biplo/Roomba-Biplo-Studio/Content/Assets/External/HousePack/Trashcan_Small2_Trashcan_Small2.uasset" 2727
"C:/Users/Amir sanni/Desktop/Biplo/Roomba-Biplo-Studio/Content/Assets/External/HousePack/Trashcan_Small2_Trashcan_Small2.uexp" 2728
"C:/Users/Amir sanni/Desktop/Biplo/Roomba-Biplo-Studio/Content/Assets/External/HousePack/Trashcan_Large_Trashcan_Large.ubulk" 2729
"C:/Users/Amir sanni/Desktop/Biplo/Roomba-Biplo-Studio/Content/Assets/External/HousePack/Trashcan_Large_Trashcan_Large.uasset" 2730
"C:/Users/Amir sanni/Desktop/Biplo/Roomba-Biplo-Studio/Content/Assets/External/HousePack/Trashcan_Large_Trashcan_Large.uexp" 2731
"C:/Users/Amir sanni/Desktop/Biplo/Roomba-Biplo-Studio/Content/Assets/External/HousePack/DarkGreen.uasset" 2732
"C:/Users/Amir sanni/Desktop/Biplo/Roomba-Biplo-Studio/Content/Assets/External/HousePack/DarkGreen.uexp" 2733
"C:/Users/Amir sanni/Desktop/Biplo/Roomba-Biplo-Studio/Content/Assets/External/HousePack/Black.uasset" 2734
"C:/Users/Amir sanni/Desktop/Biplo/Roomba-Biplo-Studio/Content/Assets/External/HousePack/Black.uexp" 2735
"C:/Users/Amir sanni/Desktop/Biplo/Roomba-Biplo-Studio/Content/Assets/External/HousePack/Trashcan_Green_Trashcan_Green.ubulk" 2736
"C:/Users/Amir sanni/Desktop/Biplo/Roomba-Biplo-Studio/Content/Assets/External/HousePack/Trashcan_Green_Trashcan_Green.uasset" 2737
"C:/Users/Amir sanni/Desktop/Biplo/Roomba-Biplo-Studio/Content/Assets/External/HousePack/Trashcan_Green_Trashcan_Green.uexp" 2738
"C:/Users/Amir sanni/Desktop/Biplo/Roomba-Biplo-Studio/Content/Assets/External/HousePack/Trashcan_Cylindric_Trashcan_Cylindric.ubulk" 2739
"C:/Users/Amir sanni/Desktop/Biplo/Roomba-Biplo-Studio/Content/Assets/External/HousePack/Trashcan_Cylindric_Trashcan_Cylindric.uasset" 2740
"C:/Users/Amir sanni/Desktop/Biplo/Roomba-Biplo-Studio/Content/Assets/External/HousePack/Trashcan_Cylindric_Trashcan_Cylindric.uexp" 2741
"C:/Users/Amir sanni/Desktop/Biplo/Roomba-Biplo-Studio/Content/Assets/External/HousePack/Wood.uasset" 2742
"C:/Users/Amir sanni/Desktop/Biplo/Roomba-Biplo-Studio/Content/Assets/External/HousePack/Wood.uexp" 2743
"C:/Users/Amir sanni/Desktop/Biplo/Roomba-Biplo-Studio/Content/Assets/External/HousePack/Table_RoundSmall2_Table_RoundSmall2.ubulk" 2744
"C:/Users/Amir sanni/Desktop/Biplo/Roomba-Biplo-Studio/Content/Assets/External/HousePack/Table_RoundSmall2_Table_RoundSmall2.uasset" 2745
"C:/Users/Amir sanni/Desktop/Biplo/Roomba-Biplo-Studio/Content/Assets/External/HousePack/Table_RoundSmall2_Table_RoundSmall2.uexp" 2746
"C:/Users/Amir sanni/Desktop/Biplo/Roomba-Biplo-Studio/Content/Assets/External/HousePack/Table_RoundLarge_Table_RoundLarge.ubulk" 2747
"C:/Users/Amir sanni/Desktop/Biplo/Roomba-Biplo-Studio/Content/Assets/External/HousePack/Table_RoundLarge_Table_RoundLarge.uasset" 2748
"C:/Users/Amir sanni/Desktop/Biplo/Roomba-Biplo-Studio/Content/Assets/External/HousePack/Table_RoundLarge_Table_RoundLarge.uexp" 2749
"C:/Users/Amir sanni/Desktop/Biplo/Roomba-Biplo-Studio/Content/Assets/External/HousePack/Shelf_Small3_Shelf_Small3.ubulk" 2750
"C:/Users/Amir sanni/Desktop/Biplo/Roomba-Biplo-Studio/Content/Assets/External/HousePack/Shelf_Small3_Shelf_Small3.uasset" 2751
"C:/Users/Amir sanni/Desktop/Biplo/Roomba-Biplo-Studio/Content/Assets/External/HousePack/Shelf_Small3_Shelf_Small3.uexp" 2752
"C:/Users/Amir sanni/Desktop/Biplo/Roomba-Biplo-Studio/Content/Assets/External/HousePack/Shelf_Small2_Shelf_Small2.ubulk" 2753
"C:/Users/Amir sanni/Desktop/Biplo/Roomba-Biplo-Studio/Content/Assets/External/HousePack/Shelf_Small2_Shelf_Small2.uasset" 2754
"C:/Users/Amir sanni/Desktop/Biplo/Roomba-Biplo-Studio/Content/Assets/External/HousePack/Shelf_Small2_Shelf_Small2.uexp" 2755
"C:/Users/Amir sanni/Desktop/Biplo/Roomba-Biplo-Studio/Content/Assets/External/HousePack/Shelf_2_Shelf_2.ubulk" 2756
"C:/Users/Amir sanni/Desktop/Biplo/Roomba-Biplo-Studio/Content/Assets/External/HousePack/Shelf_2_Shelf_2.uasset" 2757
"C:/Users/Amir sanni/Desktop/Biplo/Roomba-Biplo-Studio/Content/Assets/External/HousePack/Shelf_2_Shelf_2.uexp" 2758
"C:/Users/Amir sanni/Desktop/Biplo/Roomba-Biplo-Studio/Content/Assets/External/HousePack/Shelf_1_Shelf_1.ubulk" 2759
"C:/Users/Amir sanni/Desktop/Biplo/Roomba-Biplo-Studio/Content/Assets/External/HousePack/Shelf_1_Shelf_1.uasset" 2760
"C:/Users/Amir sanni/Desktop/Biplo/Roomba-Biplo-Studio/Content/Assets/External/HousePack/Shelf_1_Shelf_1.uexp" 2761
"C:/Users/Amir sanni/Desktop/Biplo/Roomba-Biplo-Studio/Content/Assets/External/HousePack/Plate_3_Plate_3.ubulk" 2762
"C:/Users/Amir sanni/Desktop/Biplo/Roomba-Biplo-Studio/Content/Assets/External/HousePack/Plate_3_Plate_3.uasset" 2763
"C:/Users/Amir sanni/Desktop/Biplo/Roomba-Biplo-Studio/Content/Assets/External/HousePack/Plate_3_Plate_3.uexp" 2764
"C:/Users/Amir sanni/Desktop/Biplo/Roomba-Biplo-Studio/Content/Assets/External/HousePack/White_002.uasset" 2765
"C:/Users/Amir sanni/Desktop/Biplo/Roomba-Biplo-Studio/Content/Assets/External/HousePack/White_002.uexp" 2766
"C:/Users/Amir sanni/Desktop/Biplo/Roomba-Biplo-Studio/Content/Assets/External/HousePack/Plate_2_Plate_2.ubulk" 2767
"C:/Users/Amir sanni/Desktop/Biplo/Roomba-Biplo-Studio/Content/Assets/External/HousePack/Plate_2_Plate_2.uasset" 2768
"C:/Users/Amir sanni/Desktop/Biplo/Roomba-Biplo-Studio/Content/Assets/External/HousePack/Plate_2_Plate_2.uexp" 2769
"C:/Users/Amir sanni/Desktop/Biplo/Roomba-Biplo-Studio/Content/Assets/External/HousePack/Plate_1_Plate_1.ubulk" 2770
"C:/Users/Amir sanni/Desktop/Biplo/Roomba-Biplo-Studio/Content/Assets/External/HousePack/Plate_1_Plate_1.uasset" 2771
"C:/Users/Amir sanni/Desktop/Biplo/Roomba-Biplo-Studio/Content/Assets/External/HousePack/Plate_1_Plate_1.uexp" 2772
"C:/Users/Amir sanni/Desktop/Biplo/Roomba-Biplo-Studio/Content/Assets/External/HousePack/Metal.uasset" 2773
"C:/Users/Amir sanni/Desktop/Biplo/Roomba-Biplo-Studio/Content/Assets/External/HousePack/Metal.uexp" 2774
"C:/Users/Amir sanni/Desktop/Biplo/Roomba-Biplo-Studio/Content/Assets/External/HousePack/NightStand_3_NightStand_3.ubulk" 2775
"C:/Users/Amir sanni/Desktop/Biplo/Roomba-Biplo-Studio/Content/Assets/External/HousePack/NightStand_3_NightStand_3.uasset" 2776
"C:/Users/Amir sanni/Desktop/Biplo/Roomba-Biplo-Studio/Content/Assets/External/HousePack/NightStand_3_NightStand_3.uexp" 2777
"C:/Users/Amir sanni/Desktop/Biplo/Roomba-Biplo-Studio/Content/Assets/External/HousePack/NightStand_2_NightStand_2.ubulk" 2778
"C:/Users/Amir sanni/Desktop/Biplo/Roomba-Biplo-Studio/Content/Assets/External/HousePack/NightStand_2_NightStand_2.uasset" 2779
"C:/Users/Amir sanni/Desktop/Biplo/Roomba-Biplo-Studio/Content/Assets/External/HousePack/NightStand_2_NightStand_2.uexp" 2780
"C:/Users/Amir sanni/Desktop/Biplo/Roomba-Biplo-Studio/Content/Assets/External/HousePack/NightStand_1_NightStand_1.ubulk" 2781
"C:/Users/Amir sanni/Desktop/Biplo/Roomba-Biplo-Studio/Content/Assets/External/HousePack/NightStand_1_NightStand_1.uasset" 2782
"C:/Users/Amir sanni/Desktop/Biplo/Roomba-Biplo-Studio/Content/Assets/External/HousePack/NightStand_1_NightStand_1.uexp" 2783
"C:/Users/Amir sanni/Desktop/Biplo/Roomba-Biplo-Studio/Content/Assets/External/HousePack/MetaliGreen.uasset" 2784
"C:/Users/Amir sanni/Desktop/Biplo/Roomba-Biplo-Studio/Content/Assets/External/HousePack/MetaliGreen.uexp" 2785
"C:/Users/Amir sanni/Desktop/Biplo/Roomba-Biplo-Studio/Content/Assets/External/HousePack/MetalicBrown.uasset" 2786
"C:/Users/Amir sanni/Desktop/Biplo/Roomba-Biplo-Studio/Content/Assets/External/HousePack/MetalicBrown.uexp" 2787
"C:/Users/Amir sanni/Desktop/Biplo/Roomba-Biplo-Studio/Content/Assets/External/HousePack/Light_Stand1_Light_Stand1.ubulk" 2788
"C:/Users/Amir sanni/Desktop/Biplo/Roomba-Biplo-Studio/Content/Assets/External/HousePack/Light_Stand1_Light_Stand1.uasset" 2789
"C:/Users/Amir sanni/Desktop/Biplo/Roomba-Biplo-Studio/Content/Assets/External/HousePack/Light_Stand1_Light_Stand1.uexp" 2790
"C:/Users/Amir sanni/Desktop/Biplo/Roomba-Biplo-Studio/Content/Assets/External/HousePack/Light.uasset" 2791
"C:/Users/Amir sanni/Desktop/Biplo/Roomba-Biplo-Studio/Content/Assets/External/HousePack/Light.uexp" 2792
"C:/Users/Amir sanni/Desktop/Biplo/Roomba-Biplo-Studio/Content/Assets/External/HousePack/Grey.uasset" 2793
"C:/Users/Amir sanni/Desktop/Biplo/Roomba-Biplo-Studio/Content/Assets/External/HousePack/Grey.uexp" 2794
"C:/Users/Amir sanni/Desktop/Biplo/Roomba-Biplo-Studio/Content/Assets/External/HousePack/Light_Small_Light_Small.ubulk" 2795
"C:/Users/Amir sanni/Desktop/Biplo/Roomba-Biplo-Studio/Content/Assets/External/HousePack/Light_Small_Light_Small.uasset" 2796
"C:/Users/Amir sanni/Desktop/Biplo/Roomba-Biplo-Studio/Content/Assets/External/HousePack/Light_Small_Light_Small.uexp" 2797
"C:/Users/Amir sanni/Desktop/Biplo/Roomba-Biplo-Studio/Content/Assets/External/HousePack/Light_Icosahedron_Light_Icosahedron.ubulk" 2798
"C:/Users/Amir sanni/Desktop/Biplo/Roomba-Biplo-Studio/Content/Assets/External/HousePack/Light_Icosahedron_Light_Icosahedron.uasset" 2799
"C:/Users/Amir sanni/Desktop/Biplo/Roomba-Biplo-Studio/Content/Assets/External/HousePack/Light_Icosahedron_Light_Icosahedron.uexp" 2800
"C:/Users/Amir sanni/Desktop/Biplo/Roomba-Biplo-Studio/Content/Assets/External/HousePack/Light_Icosahedron2_Light_Icosahedron2.ubulk" 2801
"C:/Users/Amir sanni/Desktop/Biplo/Roomba-Biplo-Studio/Content/Assets/External/HousePack/Light_Icosahedron2_Light_Icosahedron2.uasset" 2802
"C:/Users/Amir sanni/Desktop/Biplo/Roomba-Biplo-Studio/Content/Assets/External/HousePack/Light_Icosahedron2_Light_Icosahedron2.uexp" 2803
"C:/Users/Amir sanni/Desktop/Biplo/Roomba-Biplo-Studio/Content/Assets/External/HousePack/Light_Floor4_Light_Floor4.ubulk" 2804
"C:/Users/Amir sanni/Desktop/Biplo/Roomba-Biplo-Studio/Content/Assets/External/HousePack/Light_Floor4_Light_Floor4.uasset" 2805
"C:/Users/Amir sanni/Desktop/Biplo/Roomba-Biplo-Studio/Content/Assets/External/HousePack/Light_Floor4_Light_Floor4.uexp" 2806
"C:/Users/Amir sanni/Desktop/Biplo/Roomba-Biplo-Studio/Content/Assets/External/HousePack/Light_Floor3_Light_Floor3.ubulk" 2807
"C:/Users/Amir sanni/Desktop/Biplo/Roomba-Biplo-Studio/Content/Assets/External/HousePack/Light_Floor3_Light_Floor3.uasset" 2808
"C:/Users/Amir sanni/Desktop/Biplo/Roomba-Biplo-Studio/Content/Assets/External/HousePack/Light_Floor3_Light_Floor3.uexp" 2809
"C:/Users/Amir sanni/Desktop/Biplo/Roomba-Biplo-Studio/Content/Assets/External/HousePack/Light_Floor1_Light_Floor1.ubulk" 2810
"C:/Users/Amir sanni/Desktop/Biplo/Roomba-Biplo-Studio/Content/Assets/External/HousePack/Light_Floor1_Light_Floor1.uasset" 2811
"C:/Users/Amir sanni/Desktop/Biplo/Roomba-Biplo-Studio/Content/Assets/External/HousePack/Light_Floor1_Light_Floor1.uexp" 2812
"C:/Users/Amir sanni/Desktop/Biplo/Roomba-Biplo-Studio/Content/Assets/External/HousePack/Light_Cube_Light_Cube.ubulk" 2813
"C:/Users/Amir sanni/Desktop/Biplo/Roomba-Biplo-Studio/Content/Assets/External/HousePack/Light_Cube_Light_Cube.uasset" 2814
"C:/Users/Amir sanni/Desktop/Biplo/Roomba-Biplo-Studio/Content/Assets/External/HousePack/Light_Cube_Light_Cube.uexp" 2815
"C:/Users/Amir sanni/Desktop/Biplo/Roomba-Biplo-Studio/Content/Assets/External/HousePack/Light_Cube2_Light_Cube2.ubulk" 2816
"C:/Users/Amir sanni/Desktop/Biplo/Roomba-Biplo-Studio/Content/Assets/External/HousePack/Light_Cube2_Light_Cube2.uasset" 2817
"C:/Users/Amir sanni/Desktop/Biplo/Roomba-Biplo-Studio/Content/Assets/External/HousePack/Light_Cube2_Light_Cube2.uexp" 2818
"C:/Users/Amir sanni/Desktop/Biplo/Roomba-Biplo-Studio/Content/Assets/External/HousePack/Light_Chandelier_Light_Chandelier.ubulk" 2819
"C:/Users/Amir sanni/Desktop/Biplo/Roomba-Biplo-Studio/Content/Assets/External/HousePack/Light_Chandelier_Light_Chandelier.uasset" 2820
"C:/Users/Amir sanni/Desktop/Biplo/Roomba-Biplo-Studio/Content/Assets/External/HousePack/Light_Chandelier_Light_Chandelier.uexp" 2821
"C:/Users/Amir sanni/Desktop/Biplo/Roomba-Biplo-Studio/Content/Assets/External/HousePack/Light_CeilingSingle_Light_CeilingSingle.ubulk" 2822
"C:/Users/Amir sanni/Desktop/Biplo/Roomba-Biplo-Studio/Content/Assets/External/HousePack/Light_CeilingSingle_Light_CeilingSingle.uasset" 2823
"C:/Users/Amir sanni/Desktop/Biplo/Roomba-Biplo-Studio/Content/Assets/External/HousePack/Light_CeilingSingle_Light_CeilingSingle.uexp" 2824
"C:/Users/Amir sanni/Desktop/Biplo/Roomba-Biplo-Studio/Content/Assets/External/HousePack/Light_Ceiling5_Light_Ceiling5.ubulk" 2825
"C:/Users/Amir sanni/Desktop/Biplo/Roomba-Biplo-Studio/Content/Assets/External/HousePack/Light_Ceiling5_Light_Ceiling5.uasset" 2826
"C:/Users/Amir sanni/Desktop/Biplo/Roomba-Biplo-Studio/Content/Assets/External/HousePack/Light_Ceiling5_Light_Ceiling5.uexp" 2827
"C:/Users/Amir sanni/Desktop/Biplo/Roomba-Biplo-Studio/Content/Assets/External/HousePack/Light_Ceiling4_Light_Ceiling4.ubulk" 2828
"C:/Users/Amir sanni/Desktop/Biplo/Roomba-Biplo-Studio/Content/Assets/External/HousePack/Light_Ceiling4_Light_Ceiling4.uasset" 2829
"C:/Users/Amir sanni/Desktop/Biplo/Roomba-Biplo-Studio/Content/Assets/External/HousePack/Light_Ceiling4_Light_Ceiling4.uexp" 2830
"C:/Users/Amir sanni/Desktop/Biplo/Roomba-Biplo-Studio/Content/Assets/External/HousePack/Light_Ceiling3_Light_Ceiling3.ubulk" 2831
"C:/Users/Amir sanni/Desktop/Biplo/Roomba-Biplo-Studio/Content/Assets/External/HousePack/Light_Ceiling3_Light_Ceiling3.uasset" 2832
"C:/Users/Amir sanni/Desktop/Biplo/Roomba-Biplo-Studio/Content/Assets/External/HousePack/Light_Ceiling3_Light_Ceiling3.uexp" 2833
"C:/Users/Amir sanni/Desktop/Biplo/Roomba-Biplo-Studio/Content/Assets/External/HousePack/Light_Ceiling1_Light_Ceiling1.ubulk" 2834
"C:/Users/Amir sanni/Desktop/Biplo/Roomba-Biplo-Studio/Content/Assets/External/HousePack/Light_Ceiling1_Light_Ceiling1.uasset" 2835
"C:/Users/Amir sanni/Desktop/Biplo/Roomba-Biplo-Studio/Content/Assets/External/HousePack/Light_Ceiling1_Light_Ceiling1.uexp" 2836
"C:/Users/Amir sanni/Desktop/Biplo/Roomba-Biplo-Studio/Content/Assets/External/HousePack/Knife_Knife.ubulk" 2837
"C:/Users/Amir sanni/Desktop/Biplo/Roomba-Biplo-Studio/Content/Assets/External/HousePack/Knife_Knife.uasset" 2838
"C:/Users/Amir sanni/Desktop/Biplo/Roomba-Biplo-Studio/Content/Assets/External/HousePack/Knife_Knife.uexp" 2839
"C:/Users/Amir sanni/Desktop/Biplo/Roomba-Biplo-Studio/Content/Assets/External/HousePack/KitchenTop.uasset" 2840
"C:/Users/Amir sanni/Desktop/Biplo/Roomba-Biplo-Studio/Content/Assets/External/HousePack/KitchenTop.uexp" 2841
"C:/Users/Amir sanni/Desktop/Biplo/Roomba-Biplo-Studio/Content/Assets/External/HousePack/Kitchen.uasset" 2842
"C:/Users/Amir sanni/Desktop/Biplo/Roomba-Biplo-Studio/Content/Assets/External/HousePack/Kitchen.uexp" 2843
"C:/Users/Amir sanni/Desktop/Biplo/Roomba-Biplo-Studio/Content/Assets/External/HousePack/Kitchen_Sink.ubulk" 2844
"C:/Users/Amir sanni/Desktop/Biplo/Roomba-Biplo-Studio/Content/Assets/External/HousePack/Kitchen_Sink.uasset" 2845
"C:/Users/Amir sanni/Desktop/Biplo/Roomba-Biplo-Studio/Content/Assets/External/HousePack/Kitchen_Sink.uexp" 2846
"C:/Users/Amir sanni/Desktop/Biplo/Roomba-Biplo-Studio/Content/Assets/External/HousePack/DarkMetal.uasset" 2847
"C:/Users/Amir sanni/Desktop/Biplo/Roomba-Biplo-Studio/Content/Assets/External/HousePack/DarkMetal.uexp" 2848
"C:/Users/Amir sanni/Desktop/Biplo/Roomba-Biplo-Studio/Content/Assets/External/HousePack/Kitchen_Oven_Large.ubulk" 2849
"C:/Users/Amir sanni/Desktop/Biplo/Roomba-Biplo-Studio/Content/Assets/External/HousePack/Kitchen_Oven_Large.uasset" 2850
"C:/Users/Amir sanni/Desktop/Biplo/Roomba-Biplo-Studio/Content/Assets/External/HousePack/Kitchen_Oven_Large.uexp" 2851
"C:/Users/Amir sanni/Desktop/Biplo/Roomba-Biplo-Studio/Content/Assets/External/HousePack/Kitchen_Oven.ubulk" 2852
"C:/Users/Amir sanni/Desktop/Biplo/Roomba-Biplo-Studio/Content/Assets/External/HousePack/Kitchen_Oven.uasset" 2853
"C:/Users/Amir sanni/Desktop/Biplo/Roomba-Biplo-Studio/Content/Assets/External/HousePack/Kitchen_Oven.uexp" 2854
"C:/Users/Amir sanni/Desktop/Biplo/Roomba-Biplo-Studio/Content/Assets/External/HousePack/Kitchen_Fridge.ubulk" 2855
"C:/Users/Amir sanni/Desktop/Biplo/Roomba-Biplo-Studio/Content/Assets/External/HousePack/Kitchen_Fridge.uasset" 2856
"C:/Users/Amir sanni/Desktop/Biplo/Roomba-Biplo-Studio/Content/Assets/External/HousePack/Kitchen_Fridge.uexp" 2857
"C:/Users/Amir sanni/Desktop/Biplo/Roomba-Biplo-Studio/Content/Assets/External/HousePack/Kitchen_CabinetSmall_Kitchen_CabinetSmall.ubulk" 2858
"C:/Users/Amir sanni/Desktop/Biplo/Roomba-Biplo-Studio/Content/Assets/External/HousePack/Kitchen_CabinetSmall_Kitchen_CabinetSmall.uasset" 2859
"C:/Users/Amir sanni/Desktop/Biplo/Roomba-Biplo-Studio/Content/Assets/External/HousePack/Kitchen_CabinetSmall_Kitchen_CabinetSmall.uexp" 2860
"C:/Users/Amir sanni/Desktop/Biplo/Roomba-Biplo-Studio/Content/Assets/External/HousePack/Kitchen_Cabinet2.ubulk" 2861
"C:/Users/Amir sanni/Desktop/Biplo/Roomba-Biplo-Studio/Content/Assets/External/HousePack/Kitchen_Cabinet2.uasset" 2862
"C:/Users/Amir sanni/Desktop/Biplo/Roomba-Biplo-Studio/Content/Assets/External/HousePack/Kitchen_Cabinet2.uexp" 2863
"C:/Users/Amir sanni/Desktop/Biplo/Roomba-Biplo-Studio/Content/Assets/External/HousePack/Kitchen_Cabinet1.ubulk" 2864
"C:/Users/Amir sanni/Desktop/Biplo/Roomba-Biplo-Studio/Content/Assets/External/HousePack/Kitchen_Cabinet1.uasset" 2865
"C:/Users/Amir sanni/Desktop/Biplo/Roomba-Biplo-Studio/Content/Assets/External/HousePack/Kitchen_Cabinet1.uexp" 2866
"C:/Users/Amir sanni/Desktop/Biplo/Roomba-Biplo-Studio/Content/Assets/External/HousePack/Kitchen_3Drawers.ubulk" 2867
"C:/Users/Amir sanni/Desktop/Biplo/Roomba-Biplo-Studio/Content/Assets/External/HousePack/Kitchen_3Drawers.uasset" 2868
"C:/Users/Amir sanni/Desktop/Biplo/Roomba-Biplo-Studio/Content/Assets/External/HousePack/Kitchen_3Drawers.uexp" 2869
"C:/Users/Amir sanni/Desktop/Biplo/Roomba-Biplo-Studio/Content/Assets/External/HousePack/Kitchen_2Drawers_Kitchen_2Drawers.ubulk" 2870
"C:/Users/Amir sanni/Desktop/Biplo/Roomba-Biplo-Studio/Content/Assets/External/HousePack/Kitchen_2Drawers_Kitchen_2Drawers.uasset" 2871
"C:/Users/Amir sanni/Desktop/Biplo/Roomba-Biplo-Studio/Content/Assets/External/HousePack/Kitchen_2Drawers_Kitchen_2Drawers.uexp" 2872
"C:/Users/Amir sanni/Desktop/Biplo/Roomba-Biplo-Studio/Content/Assets/External/HousePack/Kitchen_1Drawers.ubulk" 2873
"C:/Users/Amir sanni/Desktop/Biplo/Roomba-Biplo-Studio/Content/Assets/External/HousePack/Kitchen_1Drawers.uasset" 2874
"C:/Users/Amir sanni/Desktop/Biplo/Roomba-Biplo-Studio/Content/Assets/External/HousePack/Kitchen_1Drawers.uexp" 2875
"C:/Users/Amir sanni/Desktop/Biplo/Roomba-Biplo-Studio/Content/Assets/External/HousePack/Plant_Green.uasset" 2876
"C:/Users/Amir sanni/Desktop/Biplo/Roomba-Biplo-Studio/Content/Assets/External/HousePack/Plant_Green.uexp" 2877
"C:/Users/Amir sanni/Desktop/Biplo/Roomba-Biplo-Studio/Content/Assets/External/HousePack/Brown.uasset" 2878
"C:/Users/Amir sanni/Desktop/Biplo/Roomba-Biplo-Studio/Content/Assets/External/HousePack/Brown.uexp" 2879
"C:/Users/Amir sanni/Desktop/Biplo/Roomba-Biplo-Studio/Content/Assets/External/HousePack/Houseplant_7_Houseplant_7.ubulk" 2880
"C:/Users/Amir sanni/Desktop/Biplo/Roomba-Biplo-Studio/Content/Assets/External/HousePack/Houseplant_7_Houseplant_7.uasset" 2881
"C:/Users/Amir sanni/Desktop/Biplo/Roomba-Biplo-Studio/Content/Assets/External/HousePack/Houseplant_7_Houseplant_7.uexp" 2882
"C:/Users/Amir sanni/Desktop/Biplo/Roomba-Biplo-Studio/Content/Assets/External/HousePack/Houseplant_1_Houseplant_1.ubulk" 2883
"C:/Users/Amir sanni/Desktop/Biplo/Roomba-Biplo-Studio/Content/Assets/External/HousePack/Houseplant_1_Houseplant_1.uasset" 2884
"C:/Users/Amir sanni/Desktop/Biplo/Roomba-Biplo-Studio/Content/Assets/External/HousePack/Houseplant_1_Houseplant_1.uexp" 2885
"C:/Users/Amir sanni/Desktop/Biplo/Roomba-Biplo-Studio/Content/Assets/External/HousePack/Fork_Fork.ubulk" 2886
"C:/Users/Amir sanni/Desktop/Biplo/Roomba-Biplo-Studio/Content/Assets/External/HousePack/Fork_Fork.uasset" 2887
"C:/Users/Amir sanni/Desktop/Biplo/Roomba-Biplo-Studio/Content/Assets/External/HousePack/Fork_Fork.uexp" 2888
"C:/Users/Amir sanni/Desktop/Biplo/Roomba-Biplo-Studio/Content/Assets/External/HousePack/Marble.uasset" 2889
"C:/Users/Amir sanni/Desktop/Biplo/Roomba-Biplo-Studio/Content/Assets/External/HousePack/Marble.uexp" 2890
"C:/Users/Amir sanni/Desktop/Biplo/Roomba-Biplo-Studio/Content/Assets/External/HousePack/Fireplace_Fireplace.ubulk" 2891
"C:/Users/Amir sanni/Desktop/Biplo/Roomba-Biplo-Studio/Content/Assets/External/HousePack/Fireplace_Fireplace.uasset" 2892
"C:/Users/Amir sanni/Desktop/Biplo/Roomba-Biplo-Studio/Content/Assets/External/HousePack/Fireplace_Fireplace.uexp" 2893
"C:/Users/Amir sanni/Desktop/Biplo/Roomba-Biplo-Studio/Content/Assets/External/HousePack/Wood_Light.uasset" 2894
"C:/Users/Amir sanni/Desktop/Biplo/Roomba-Biplo-Studio/Content/Assets/External/HousePack/Wood_Light.uexp" 2895
"C:/Users/Amir sanni/Desktop/Biplo/Roomba-Biplo-Studio/Content/Assets/External/HousePack/Wood_Dark.uasset" 2896
"C:/Users/Amir sanni/Desktop/Biplo/Roomba-Biplo-Studio/Content/Assets/External/HousePack/Wood_Dark.uexp" 2897
"C:/Users/Amir sanni/Desktop/Biplo/Roomba-Biplo-Studio/Content/Assets/External/HousePack/Drawer_3_Drawer_3.ubulk" 2898
"C:/Users/Amir sanni/Desktop/Biplo/Roomba-Biplo-Studio/Content/Assets/External/HousePack/Drawer_3_Drawer_3.uasset" 2899
"C:/Users/Amir sanni/Desktop/Biplo/Roomba-Biplo-Studio/Content/Assets/External/HousePack/Drawer_3_Drawer_3.uexp" 2900
"C:/Users/Amir sanni/Desktop/Biplo/Roomba-Biplo-Studio/Content/Assets/External/HousePack/Gold.uasset" 2901
"C:/Users/Amir sanni/Desktop/Biplo/Roomba-Biplo-Studio/Content/Assets/External/HousePack/Gold.uexp" 2902
"C:/Users/Amir sanni/Desktop/Biplo/Roomba-Biplo-Studio/Content/Assets/External/HousePack/Door_Double_Door_DoubleRight.ubulk" 2903
"C:/Users/Amir sanni/Desktop/Biplo/Roomba-Biplo-Studio/Content/Assets/External/HousePack/Door_Double_Door_DoubleRight.uasset" 2904
"C:/Users/Amir sanni/Desktop/Biplo/Roomba-Biplo-Studio/Content/Assets/External/HousePack/Door_Double_Door_DoubleRight.uexp" 2905
"C:/Users/Amir sanni/Desktop/Biplo/Roomba-Biplo-Studio/Content/Assets/External/HousePack/Door_Double_Door_DoubleLeft.ubulk" 2906
"C:/Users/Amir sanni/Desktop/Biplo/Roomba-Biplo-Studio/Content/Assets/External/HousePack/Door_Double_Door_DoubleLeft.uasset" 2907
"C:/Users/Amir sanni/Desktop/Biplo/Roomba-Biplo-Studio/Content/Assets/External/HousePack/Door_Double_Door_DoubleLeft.uexp" 2908
"C:/Users/Amir sanni/Desktop/Biplo/Roomba-Biplo-Studio/Content/Assets/External/HousePack/Metal_001.uasset" 2909
"C:/Users/Amir sanni/Desktop/Biplo/Roomba-Biplo-Studio/Content/Assets/External/HousePack/Metal_001.uexp" 2910
"C:/Users/Amir sanni/Desktop/Biplo/Roomba-Biplo-Studio/Content/Assets/External/HousePack/White_001.uasset" 2911
"C:/Users/Amir sanni/Desktop/Biplo/Roomba-Biplo-Studio/Content/Assets/External/HousePack/White_001.uexp" 2912
"C:/Users/Amir sanni/Desktop/Biplo/Roomba-Biplo-Studio/Content/Assets/External/HousePack/Door_9.ubulk" 2913
"C:/Users/Amir sanni/Desktop/Biplo/Roomba-Biplo-Studio/Content/Assets/External/HousePack/Door_9.uasset" 2914
"C:/Users/Amir sanni/Desktop/Biplo/Roomba-Biplo-Studio/Content/Assets/External/HousePack/Door_9.uexp" 2915
"C:/Users/Amir sanni/Desktop/Biplo/Roomba-Biplo-Studio/Content/Assets/External/HousePack/Door_8.ubulk" 2916
"C:/Users/Amir sanni/Desktop/Biplo/Roomba-Biplo-Studio/Content/Assets/External/HousePack/Door_8.uasset" 2917
"C:/Users/Amir sanni/Desktop/Biplo/Roomba-Biplo-Studio/Content/Assets/External/HousePack/Door_8.uexp" 2918
"C:/Users/Amir sanni/Desktop/Biplo/Roomba-Biplo-Studio/Content/Assets/External/HousePack/Door_7.ubulk" 2919
"C:/Users/Amir sanni/Desktop/Biplo/Roomba-Biplo-Studio/Content/Assets/External/HousePack/Door_7.uasset" 2920
"C:/Users/Amir sanni/Desktop/Biplo/Roomba-Biplo-Studio/Content/Assets/External/HousePack/Door_7.uexp" 2921
"C:/Users/Amir sanni/Desktop/Biplo/Roomba-Biplo-Studio/Content/Assets/External/HousePack/Door_6.ubulk" 2922
"C:/Users/Amir sanni/Desktop/Biplo/Roomba-Biplo-Studio/Content/Assets/External/HousePack/Door_6.uasset" 2923
"C:/Users/Amir sanni/Desktop/Biplo/Roomba-Biplo-Studio/Content/Assets/External/HousePack/Door_6.uexp" 2924
"C:/Users/Amir sanni/Desktop/Biplo/Roomba-Biplo-Studio/Content/Assets/External/HousePack/Door_5.ubulk" 2925
"C:/Users/Amir sanni/Desktop/Biplo/Roomba-Biplo-Studio/Content/Assets/External/HousePack/Door_5.uasset" 2926
"C:/Users/Amir sanni/Desktop/Biplo/Roomba-Biplo-Studio/Content/Assets/External/HousePack/Door_5.uexp" 2927
"C:/Users/Amir sanni/Desktop/Biplo/Roomba-Biplo-Studio/Content/Assets/External/HousePack/Door_2.ubulk" 2928
"C:/Users/Amir sanni/Desktop/Biplo/Roomba-Biplo-Studio/Content/Assets/External/HousePack/Door_2.uasset" 2929
"C:/Users/Amir sanni/Desktop/Biplo/Roomba-Biplo-Studio/Content/Assets/External/HousePack/Door_2.uexp" 2930
"C:/Users/Amir sanni/Desktop/Biplo/Roomba-Biplo-Studio/Content/Assets/External/HousePack/Door_1.ubulk" 2931
"C:/Users/Amir sanni/Desktop/Biplo/Roomba-Biplo-Studio/Content/Assets/External/HousePack/Door_1.uasset" 2932
"C:/Users/Amir sanni/Desktop/Biplo/Roomba-Biplo-Studio/Content/Assets/External/HousePack/Door_1.uexp" 2933
"C:/Users/Amir sanni/Desktop/Biplo/Roomba-Biplo-Studio/Content/Assets/External/HousePack/Couch_Blue.uasset" 2934
"C:/Users/Amir sanni/Desktop/Biplo/Roomba-Biplo-Studio/Content/Assets/External/HousePack/Couch_Blue.uexp" 2935
"C:/Users/Amir sanni/Desktop/Biplo/Roomba-Biplo-Studio/Content/Assets/External/HousePack/Curtains_Single_Curtains_Single.ubulk" 2936
"C:/Users/Amir sanni/Desktop/Biplo/Roomba-Biplo-Studio/Content/Assets/External/HousePack/Curtains_Single_Curtains_Single.uasset" 2937
"C:/Users/Amir sanni/Desktop/Biplo/Roomba-Biplo-Studio/Content/Assets/External/HousePack/Curtains_Single_Curtains_Single.uexp" 2938
"C:/Users/Amir sanni/Desktop/Biplo/Roomba-Biplo-Studio/Content/Assets/External/HousePack/Curtains_Double_Curtains_Double.ubulk" 2939
"C:/Users/Amir sanni/Desktop/Biplo/Roomba-Biplo-Studio/Content/Assets/External/HousePack/Curtains_Double_Curtains_Double.uasset" 2940
"C:/Users/Amir sanni/Desktop/Biplo/Roomba-Biplo-Studio/Content/Assets/External/HousePack/Curtains_Double_Curtains_Double.uexp" 2941
"C:/Users/Amir sanni/Desktop/Biplo/Roomba-Biplo-Studio/Content/Assets/External/HousePack/Couch_Beige.uasset" 2942
"C:/Users/Amir sanni/Desktop/Biplo/Roomba-Biplo-Studio/Content/Assets/External/HousePack/Couch_Beige.uexp" 2943
"C:/Users/Amir sanni/Desktop/Biplo/Roomba-Biplo-Studio/Content/Assets/External/HousePack/Couch_BeigeDark.uasset" 2944
"C:/Users/Amir sanni/Desktop/Biplo/Roomba-Biplo-Studio/Content/Assets/External/HousePack/Couch_BeigeDark.uexp" 2945
"C:/Users/Amir sanni/Desktop/Biplo/Roomba-Biplo-Studio/Content/Assets/External/HousePack/Couch_Small2_Couch_Small2.ubulk" 2946
"C:/Users/Amir sanni/Desktop/Biplo/Roomba-Biplo-Studio/Content/Assets/External/HousePack/Couch_Small2_Couch_Small2.uasset" 2947
"C:/Users/Amir sanni/Desktop/Biplo/Roomba-Biplo-Studio/Content/Assets/External/HousePack/Couch_Small2_Couch_Small2.uexp" 2948
"C:/Users/Amir sanni/Desktop/Biplo/Roomba-Biplo-Studio/Content/Assets/External/HousePack/Couch_Small1.ubulk" 2949
"C:/Users/Amir sanni/Desktop/Biplo/Roomba-Biplo-Studio/Content/Assets/External/HousePack/Couch_Small1.uasset" 2950
"C:/Users/Amir sanni/Desktop/Biplo/Roomba-Biplo-Studio/Content/Assets/External/HousePack/Couch_Small1.uexp" 2951
"C:/Users/Amir sanni/Desktop/Biplo/Roomba-Biplo-Studio/Content/Assets/External/HousePack/Couch_Mustard.uasset" 2952
"C:/Users/Amir sanni/Desktop/Biplo/Roomba-Biplo-Studio/Content/Assets/External/HousePack/Couch_Mustard.uexp" 2953
"C:/Users/Amir sanni/Desktop/Biplo/Roomba-Biplo-Studio/Content/Assets/External/HousePack/Couch_Medium2_Couch_Medium2.ubulk" 2954
"C:/Users/Amir sanni/Desktop/Biplo/Roomba-Biplo-Studio/Content/Assets/External/HousePack/Couch_Medium2_Couch_Medium2.uasset" 2955
"C:/Users/Amir sanni/Desktop/Biplo/Roomba-Biplo-Studio/Content/Assets/External/HousePack/Couch_Medium2_Couch_Medium2.uexp" 2956
"C:/Users/Amir sanni/Desktop/Biplo/Roomba-Biplo-Studio/Content/Assets/External/HousePack/Couch_Medium1_Couch_Medium1.ubulk" 2957
"C:/Users/Amir sanni/Desktop/Biplo/Roomba-Biplo-Studio/Content/Assets/External/HousePack/Couch_Medium1_Couch_Medium1.uasset" 2958
"C:/Users/Amir sanni/Desktop/Biplo/Roomba-Biplo-Studio/Content/Assets/External/HousePack/Couch_Medium1_Couch_Medium1.uexp" 2959
"C:/Users/Amir sanni/Desktop/Biplo/Roomba-Biplo-Studio/Content/Assets/External/HousePack/Couch_Green.uasset" 2960
"C:/Users/Amir sanni/Desktop/Biplo/Roomba-Biplo-Studio/Content/Assets/External/HousePack/Couch_Green.uexp" 2961
"C:/Users/Amir sanni/Desktop/Biplo/Roomba-Biplo-Studio/Content/Assets/External/HousePack/Couch_Large3_Couch_Large3.ubulk" 2962
"C:/Users/Amir sanni/Desktop/Biplo/Roomba-Biplo-Studio/Content/Assets/External/HousePack/Couch_Large3_Couch_Large3.uasset" 2963
"C:/Users/Amir sanni/Desktop/Biplo/Roomba-Biplo-Studio/Content/Assets/External/HousePack/Couch_Large3_Couch_Large3.uexp" 2964
"C:/Users/Amir sanni/Desktop/Biplo/Roomba-Biplo-Studio/Content/Assets/External/HousePack/DarkRed.uasset" 2965
"C:/Users/Amir sanni/Desktop/Biplo/Roomba-Biplo-Studio/Content/Assets/External/HousePack/DarkRed.uexp" 2966
"C:/Users/Amir sanni/Desktop/Biplo/Roomba-Biplo-Studio/Content/Assets/External/HousePack/Red.uasset" 2967
"C:/Users/Amir sanni/Desktop/Biplo/Roomba-Biplo-Studio/Content/Assets/External/HousePack/Red.uexp" 2968
"C:/Users/Amir sanni/Desktop/Biplo/Roomba-Biplo-Studio/Content/Assets/External/HousePack/Couch_Large1_Couch_Large1.ubulk" 2969
"C:/Users/Amir sanni/Desktop/Biplo/Roomba-Biplo-Studio/Content/Assets/External/HousePack/Couch_Large1_Couch_Large1.uasset" 2970
"C:/Users/Amir sanni/Desktop/Biplo/Roomba-Biplo-Studio/Content/Assets/External/HousePack/Couch_Large1_Couch_Large1.uexp" 2971
"C:/Users/Amir sanni/Desktop/Biplo/Roomba-Biplo-Studio/Content/Assets/External/HousePack/Couch_L.ubulk" 2972
"C:/Users/Amir sanni/Desktop/Biplo/Roomba-Biplo-Studio/Content/Assets/External/HousePack/Couch_L.uasset" 2973
"C:/Users/Amir sanni/Desktop/Biplo/Roomba-Biplo-Studio/Content/Assets/External/HousePack/Couch_L.uexp" 2974
"C:/Users/Amir sanni/Desktop/Biplo/Roomba-Biplo-Studio/Content/Assets/External/HousePack/Column_SquareSmall.ubulk" 2975
"C:/Users/Amir sanni/Desktop/Biplo/Roomba-Biplo-Studio/Content/Assets/External/HousePack/Column_SquareSmall.uasset" 2976
"C:/Users/Amir sanni/Desktop/Biplo/Roomba-Biplo-Studio/Content/Assets/External/HousePack/Column_SquareSmall.uexp" 2977
"C:/Users/Amir sanni/Desktop/Biplo/Roomba-Biplo-Studio/Content/Assets/External/HousePack/Column_SquareBig_Column_SquareBig.ubulk" 2978
"C:/Users/Amir sanni/Desktop/Biplo/Roomba-Biplo-Studio/Content/Assets/External/HousePack/Column_SquareBig_Column_SquareBig.uasset" 2979
"C:/Users/Amir sanni/Desktop/Biplo/Roomba-Biplo-Studio/Content/Assets/External/HousePack/Column_SquareBig_Column_SquareBig.uexp" 2980
"C:/Users/Amir sanni/Desktop/Biplo/Roomba-Biplo-Studio/Content/Assets/External/HousePack/Column_Round3_Column_Round3.ubulk" 2981
"C:/Users/Amir sanni/Desktop/Biplo/Roomba-Biplo-Studio/Content/Assets/External/HousePack/Column_Round3_Column_Round3.uasset" 2982
"C:/Users/Amir sanni/Desktop/Biplo/Roomba-Biplo-Studio/Content/Assets/External/HousePack/Column_Round3_Column_Round3.uexp" 2983
"C:/Users/Amir sanni/Desktop/Biplo/Roomba-Biplo-Studio/Content/Assets/External/HousePack/Column_Round2_Column_Round2.ubulk" 2984
"C:/Users/Amir sanni/Desktop/Biplo/Roomba-Biplo-Studio/Content/Assets/External/HousePack/Column_Round2_Column_Round2.uasset" 2985
"C:/Users/Amir sanni/Desktop/Biplo/Roomba-Biplo-Studio/Content/Assets/External/HousePack/Column_Round2_Column_Round2.uexp" 2986
"C:/Users/Amir sanni/Desktop/Biplo/Roomba-Biplo-Studio/Content/Assets/External/HousePack/Column_Round1_Column_Round1.ubulk" 2987
"C:/Users/Amir sanni/Desktop/Biplo/Roomba-Biplo-Studio/Content/Assets/External/HousePack/Column_Round1_Column_Round1.uasset" 2988
"C:/Users/Amir sanni/Desktop/Biplo/Roomba-Biplo-Studio/Content/Assets/External/HousePack/Column_Round1_Column_Round1.uexp" 2989
"C:/Users/Amir sanni/Desktop/Biplo/Roomba-Biplo-Studio/Content/Assets/External/HousePack/Chair_4.ubulk" 2990
"C:/Users/Amir sanni/Desktop/Biplo/Roomba-Biplo-Studio/Content/Assets/External/HousePack/Chair_4.uasset" 2991
"C:/Users/Amir sanni/Desktop/Biplo/Roomba-Biplo-Studio/Content/Assets/External/HousePack/Chair_4.uexp" 2992
"C:/Users/Amir sanni/Desktop/Biplo/Roomba-Biplo-Studio/Content/Assets/External/HousePack/Cushin.uasset" 2993
"C:/Users/Amir sanni/Desktop/Biplo/Roomba-Biplo-Studio/Content/Assets/External/HousePack/Cushin.uexp" 2994
"C:/Users/Amir sanni/Desktop/Biplo/Roomba-Biplo-Studio/Content/Assets/External/HousePack/Chair_3_Chair_3.ubulk" 2995
"C:/Users/Amir sanni/Desktop/Biplo/Roomba-Biplo-Studio/Content/Assets/External/HousePack/Chair_3_Chair_3.uasset" 2996
"C:/Users/Amir sanni/Desktop/Biplo/Roomba-Biplo-Studio/Content/Assets/External/HousePack/Chair_3_Chair_3.uexp" 2997
"C:/Users/Amir sanni/Desktop/Biplo/Roomba-Biplo-Studio/Content/Assets/External/HousePack/Chair_2.ubulk" 2998
"C:/Users/Amir sanni/Desktop/Biplo/Roomba-Biplo-Studio/Content/Assets/External/HousePack/Chair_2.uasset" 2999
"C:/Users/Amir sanni/Desktop/Biplo/Roomba-Biplo-Studio/Content/Assets/External/HousePack/Chair_2.uexp" 3000
"C:/Users/Amir sanni/Desktop/Biplo/Roomba-Biplo-Studio/Content/Assets/External/HousePack/Bed_Bunk.ubulk" 3001
"C:/Users/Amir sanni/Desktop/Biplo/Roomba-Biplo-Studio/Content/Assets/External/HousePack/Bed_Bunk.uasset" 3002
"C:/Users/Amir sanni/Desktop/Biplo/Roomba-Biplo-Studio/Content/Assets/External/HousePack/Bed_Bunk.uexp" 3003
"C:/Users/Amir sanni/Desktop/Biplo/Roomba-Biplo-Studio/Content/Assets/External/HousePack/Bathroom_WashingMachine_Bathroom_WashingMachine.ubulk" 3004
"C:/Users/Amir sanni/Desktop/Biplo/Roomba-Biplo-Studio/Content/Assets/External/HousePack/Bathroom_WashingMachine_Bathroom_WashingMachine.uasset" 3005
"C:/Users/Amir sanni/Desktop/Biplo/Roomba-Biplo-Studio/Content/Assets/External/HousePack/Bathroom_WashingMachine_Bathroom_WashingMachine.uexp" 3006
"C:/Users/Amir sanni/Desktop/Biplo/Roomba-Biplo-Studio/Content/Assets/External/HousePack/Bathroom_Towel_Bathroom_Towel.ubulk" 3007
"C:/Users/Amir sanni/Desktop/Biplo/Roomba-Biplo-Studio/Content/Assets/External/HousePack/Bathroom_Towel_Bathroom_Towel.uasset" 3008
"C:/Users/Amir sanni/Desktop/Biplo/Roomba-Biplo-Studio/Content/Assets/External/HousePack/Bathroom_Towel_Bathroom_Towel.uexp" 3009
"C:/Users/Amir sanni/Desktop/Biplo/Roomba-Biplo-Studio/Content/Assets/External/HousePack/Bathroom_Toilet_Bathroom_Toilet.ubulk" 3010
"C:/Users/Amir sanni/Desktop/Biplo/Roomba-Biplo-Studio/Content/Assets/External/HousePack/Bathroom_Toilet_Bathroom_Toilet.uasset" 3011
"C:/Users/Amir sanni/Desktop/Biplo/Roomba-Biplo-Studio/Content/Assets/External/HousePack/Bathroom_Toilet_Bathroom_Toilet.uexp" 3012
"C:/Users/Amir sanni/Desktop/Biplo/Roomba-Biplo-Studio/Content/Assets/External/HousePack/Bathroom_ToiletPaper_Bathroom_ToiletPaper.ubulk" 3013
"C:/Users/Amir sanni/Desktop/Biplo/Roomba-Biplo-Studio/Content/Assets/External/HousePack/Bathroom_ToiletPaper_Bathroom_ToiletPaper.uasset" 3014
"C:/Users/Amir sanni/Desktop/Biplo/Roomba-Biplo-Studio/Content/Assets/External/HousePack/Bathroom_ToiletPaper_Bathroom_ToiletPaper.uexp" 3015
"C:/Users/Amir sanni/Desktop/Biplo/Roomba-Biplo-Studio/Content/Assets/External/HousePack/Bathroom_Toilet2_Bathroom_Toilet2.ubulk" 3016
"C:/Users/Amir sanni/Desktop/Biplo/Roomba-Biplo-Studio/Content/Assets/External/HousePack/Bathroom_Toilet2_Bathroom_Toilet2.uasset" 3017
"C:/Users/Amir sanni/Desktop/Biplo/Roomba-Biplo-Studio/Content/Assets/External/HousePack/Bathroom_Toilet2_Bathroom_Toilet2.uexp" 3018
"C:/Users/Amir sanni/Desktop/Biplo/Roomba-Biplo-Studio/Content/Assets/External/HousePack/Bathroom_Sink_Bathroom_Sink.ubulk" 3019
"C:/Users/Amir sanni/Desktop/Biplo/Roomba-Biplo-Studio/Content/Assets/External/HousePack/Bathroom_Sink_Bathroom_Sink.uasset" 3020
"C:/Users/Amir sanni/Desktop/Biplo/Roomba-Biplo-Studio/Content/Assets/External/HousePack/Bathroom_Sink_Bathroom_Sink.uexp" 3021
"C:/Users/Amir sanni/Desktop/Biplo/Roomba-Biplo-Studio/Content/Assets/External/HousePack/Bathroom_Shower1_Bathroom_Shower1.ubulk" 3022
"C:/Users/Amir sanni/Desktop/Biplo/Roomba-Biplo-Studio/Content/Assets/External/HousePack/Bathroom_Shower1_Bathroom_Shower1.uasset" 3023
"C:/Users/Amir sanni/Desktop/Biplo/Roomba-Biplo-Studio/Content/Assets/External/HousePack/Bathroom_Shower1_Bathroom_Shower1.uexp" 3024
"C:/Users/Amir sanni/Desktop/Biplo/Roomba-Biplo-Studio/Content/Assets/External/HousePack/Mirror.uasset" 3025
"C:/Users/Amir sanni/Desktop/Biplo/Roomba-Biplo-Studio/Content/Assets/External/HousePack/Mirror.uexp" 3026
"C:/Users/Amir sanni/Desktop/Biplo/Roomba-Biplo-Studio/Content/Assets/External/HousePack/Bathroom_Mirror1_Bathroom_Mirror1.ubulk" 3027
"C:/Users/Amir sanni/Desktop/Biplo/Roomba-Biplo-Studio/Content/Assets/External/HousePack/Bathroom_Mirror1_Bathroom_Mirror1.uasset" 3028
"C:/Users/Amir sanni/Desktop/Biplo/Roomba-Biplo-Studio/Content/Assets/External/HousePack/Bathroom_Mirror1_Bathroom_Mirror1.uexp" 3029
"C:/Users/Amir sanni/Desktop/Biplo/Roomba-Biplo-Studio/Content/Assets/External/HousePack/Bathroom_Bathtub_Bathroom_Bathtub.ubulk" 3030
"C:/Users/Amir sanni/Desktop/Biplo/Roomba-Biplo-Studio/Content/Assets/External/HousePack/Bathroom_Bathtub_Bathroom_Bathtub.uasset" 3031
"C:/Users/Amir sanni/Desktop/Biplo/Roomba-Biplo-Studio/Content/Assets/External/HousePack/Bathroom_Bathtub_Bathroom_Bathtub.uexp" 3032
"C:/Users/Amir sanni/Desktop/Biplo/Roomba-Biplo-Studio/Content/Assets/ConstructionSite/Tarp/Tarp_DefaultMaterial_Normal.ubulk" 3033
"C:/Users/Amir sanni/Desktop/Biplo/Roomba-Biplo-Studio/Content/Assets/ConstructionSite/Tarp/Tarp_DefaultMaterial_Normal.uasset" 3034
"C:/Users/Amir sanni/Desktop/Biplo/Roomba-Biplo-Studio/Content/Assets/ConstructionSite/Tarp/Tarp_DefaultMaterial_Normal.uexp" 3035
"C:/Users/Amir sanni/Desktop/Biplo/Roomba-Biplo-Studio/Content/Assets/ConstructionSite/Tarp/Tarp_DefaultMaterial_BaseColor.ubulk" 3036
"C:/Users/Amir sanni/Desktop/Biplo/Roomba-Biplo-Studio/Content/Assets/ConstructionSite/Tarp/Tarp_DefaultMaterial_BaseColor.uasset" 3037
"C:/Users/Amir sanni/Desktop/Biplo/Roomba-Biplo-Studio/Content/Assets/ConstructionSite/Tarp/Tarp_DefaultMaterial_BaseColor.uexp" 3038
"C:/Users/Amir sanni/Desktop/Biplo/Roomba-Biplo-Studio/Content/Assets/ConstructionSite/Tarp/Tarp_DefaultMaterial_OcclusionRoughnessMetallic.ubulk" 3039
"C:/Users/Amir sanni/Desktop/Biplo/Roomba-Biplo-Studio/Content/Assets/ConstructionSite/Tarp/Tarp_DefaultMaterial_OcclusionRoughnessMetallic.uasset" 3040
"C:/Users/Amir sanni/Desktop/Biplo/Roomba-Biplo-Studio/Content/Assets/ConstructionSite/Tarp/Tarp_DefaultMaterial_OcclusionRoughnessMetallic.uexp" 3041
"C:/Users/Amir sanni/Desktop/Biplo/Roomba-Biplo-Studio/Content/Assets/ConstructionSite/Tarp/M_Tarp.uasset" 3042
"C:/Users/Amir sanni/Desktop/Biplo/Roomba-Biplo-Studio/Content/Assets/ConstructionSite/Tarp/M_Tarp.uexp" 3043
"C:/Users/Amir sanni/Desktop/Biplo/Roomba-Biplo-Studio/Content/Assets/ConstructionSite/Tarp/Tarp.ubulk" 3044
"C:/Users/Amir sanni/Desktop/Biplo/Roomba-Biplo-Studio/Content/Assets/ConstructionSite/Tarp/Tarp.uasset" 3045
"C:/Users/Amir sanni/Desktop/Biplo/Roomba-Biplo-Studio/Content/Assets/ConstructionSite/Tarp/Tarp.uexp" 3046
"C:/Users/Amir sanni/Desktop/Biplo/Roomba-Biplo-Studio/Content/Assets/Buildings/Textures/Door_lambert1_OcclusionRoughnessMetallic.ubulk" 3047
"C:/Users/Amir sanni/Desktop/Biplo/Roomba-Biplo-Studio/Content/Assets/Buildings/Textures/Door_lambert1_OcclusionRoughnessMetallic.uasset" 3048
"C:/Users/Amir sanni/Desktop/Biplo/Roomba-Biplo-Studio/Content/Assets/Buildings/Textures/Door_lambert1_OcclusionRoughnessMetallic.uexp" 3049
"C:/Users/Amir sanni/Desktop/Biplo/Roomba-Biplo-Studio/Content/Assets/Buildings/Textures/Door_lambert1_BaseColor__1_.ubulk" 3050
"C:/Users/Amir sanni/Desktop/Biplo/Roomba-Biplo-Studio/Content/Assets/Buildings/Textures/Door_lambert1_BaseColor__1_.uasset" 3051
"C:/Users/Amir sanni/Desktop/Biplo/Roomba-Biplo-Studio/Content/Assets/Buildings/Textures/Door_lambert1_BaseColor__1_.uexp" 3052
"C:/Users/Amir sanni/Desktop/Biplo/Roomba-Biplo-Studio/Content/Assets/Buildings/Textures/Door_lambert1_Normal.ubulk" 3053
"C:/Users/Amir sanni/Desktop/Biplo/Roomba-Biplo-Studio/Content/Assets/Buildings/Textures/Door_lambert1_Normal.uasset" 3054
"C:/Users/Amir sanni/Desktop/Biplo/Roomba-Biplo-Studio/Content/Assets/Buildings/Textures/Door_lambert1_Normal.uexp" 3055
"C:/Users/Amir sanni/Desktop/Biplo/Roomba-Biplo-Studio/Content/Assets/Buildings/Normal_Mats/M_DoorOrange.uasset" 3056
"C:/Users/Amir sanni/Desktop/Biplo/Roomba-Biplo-Studio/Content/Assets/Buildings/Normal_Mats/M_DoorOrange.uexp" 3057
"C:/Users/Amir sanni/Desktop/Biplo/Roomba-Biplo-Studio/Content/Assets/Buildings/Textures/Edge_lambert1_BaseColor.ubulk" 3058
"C:/Users/Amir sanni/Desktop/Biplo/Roomba-Biplo-Studio/Content/Assets/Buildings/Textures/Edge_lambert1_BaseColor.uasset" 3059
"C:/Users/Amir sanni/Desktop/Biplo/Roomba-Biplo-Studio/Content/Assets/Buildings/Textures/Edge_lambert1_BaseColor.uexp" 3060
"C:/Users/Amir sanni/Desktop/Biplo/Roomba-Biplo-Studio/Content/Assets/Buildings/Gradient_Mats/M_EdgeGradientOrange.uasset" 3061
"C:/Users/Amir sanni/Desktop/Biplo/Roomba-Biplo-Studio/Content/Assets/Buildings/Gradient_Mats/M_EdgeGradientOrange.uexp" 3062
"C:/Users/Amir sanni/Desktop/Biplo/Roomba-Biplo-Studio/Content/Assets/Bakery/Texture/bakeryLow3_Floor_Normal-ezgif_com-webp-to-jpg-converter.uasset" 3063
"C:/Users/Amir sanni/Desktop/Biplo/Roomba-Biplo-Studio/Content/Assets/Bakery/Texture/bakeryLow3_Floor_Normal-ezgif_com-webp-to-jpg-converter.uexp" 3064
"C:/Users/Amir sanni/Desktop/Biplo/Roomba-Biplo-Studio/Content/Assets/Bakery/Texture/bakeryLow3_Floor_BaseColor1-ezgif_com-webp-to-jpg-converter.uasset" 3065
"C:/Users/Amir sanni/Desktop/Biplo/Roomba-Biplo-Studio/Content/Assets/Bakery/Texture/bakeryLow3_Floor_BaseColor1-ezgif_com-webp-to-jpg-converter.uexp" 3066
"C:/Users/Amir sanni/Desktop/Biplo/Roomba-Biplo-Studio/Content/Assets/Bakery/Texture/bakeryLow3_Floor_BaseColor-ezgif_com-webp-to-jpg-converter.uasset" 3067
"C:/Users/Amir sanni/Desktop/Biplo/Roomba-Biplo-Studio/Content/Assets/Bakery/Texture/bakeryLow3_Floor_BaseColor-ezgif_com-webp-to-jpg-converter.uexp" 3068
"C:/Users/Amir sanni/Desktop/Biplo/Roomba-Biplo-Studio/Content/Assets/Apartment/Textures/Static.uasset" 3069
"C:/Users/Amir sanni/Desktop/Biplo/Roomba-Biplo-Studio/Content/Assets/Apartment/Textures/Static.uexp" 3070
"C:/Users/Amir sanni/Desktop/Biplo/Roomba-Biplo-Studio/Content/Assets/Apartment/Textures/Plank_DefaultMaterial_OcclusionRoughnessMetallic.ubulk" 3071
"C:/Users/Amir sanni/Desktop/Biplo/Roomba-Biplo-Studio/Content/Assets/Apartment/Textures/Plank_DefaultMaterial_OcclusionRoughnessMetallic.uasset" 3072
"C:/Users/Amir sanni/Desktop/Biplo/Roomba-Biplo-Studio/Content/Assets/Apartment/Textures/Plank_DefaultMaterial_OcclusionRoughnessMetallic.uexp" 3073
"C:/Users/Amir sanni/Desktop/Biplo/Roomba-Biplo-Studio/Content/Assets/Apartment/Textures/M_Wall7.uasset" 3074
"C:/Users/Amir sanni/Desktop/Biplo/Roomba-Biplo-Studio/Content/Assets/Apartment/Textures/M_Wall7.uexp" 3075
"C:/Users/Amir sanni/Desktop/Biplo/Roomba-Biplo-Studio/Content/Assets/Apartment/Textures/M_Wall3.uasset" 3076
"C:/Users/Amir sanni/Desktop/Biplo/Roomba-Biplo-Studio/Content/Assets/Apartment/Textures/M_Wall3.uexp" 3077
"C:/Users/Amir sanni/Desktop/Biplo/Roomba-Biplo-Studio/Content/Assets/Apartment/Textures/M_Wall2.uasset" 3078
"C:/Users/Amir sanni/Desktop/Biplo/Roomba-Biplo-Studio/Content/Assets/Apartment/Textures/M_Wall2.uexp" 3079
"C:/Users/Amir sanni/Desktop/Biplo/Roomba-Biplo-Studio/Content/Assets/Apartment/Textures/M_SmallFloor.uasset" 3080
"C:/Users/Amir sanni/Desktop/Biplo/Roomba-Biplo-Studio/Content/Assets/Apartment/Textures/M_SmallFloor.uexp" 3081
"C:/Users/Amir sanni/Desktop/Biplo/Roomba-Biplo-Studio/Content/Assets/Apartment/Textures/Poster1.uasset" 3082
"C:/Users/Amir sanni/Desktop/Biplo/Roomba-Biplo-Studio/Content/Assets/Apartment/Textures/Poster1.uexp" 3083
"C:/Users/Amir sanni/Desktop/Biplo/Roomba-Biplo-Studio/Content/Assets/Apartment/Textures/M_Pear.uasset" 3084
"C:/Users/Amir sanni/Desktop/Biplo/Roomba-Biplo-Studio/Content/Assets/Apartment/Textures/M_Pear.uexp" 3085
"C:/Users/Amir sanni/Desktop/Biplo/Roomba-Biplo-Studio/Content/Assets/Apartment/Textures/M_FloorWithHole.uasset" 3086
"C:/Users/Amir sanni/Desktop/Biplo/Roomba-Biplo-Studio/Content/Assets/Apartment/Textures/M_FloorWithHole.uexp" 3087
"C:/Users/Amir sanni/Desktop/Biplo/Roomba-Biplo-Studio/Content/Assets/Apartment/Textures/M_Floor.uasset" 3088
"C:/Users/Amir sanni/Desktop/Biplo/Roomba-Biplo-Studio/Content/Assets/Apartment/Textures/M_Floor.uexp" 3089
"C:/Users/Amir sanni/Desktop/Biplo/Roomba-Biplo-Studio/Content/Assets/Apartment/Textures/images.uasset" 3090
"C:/Users/Amir sanni/Desktop/Biplo/Roomba-Biplo-Studio/Content/Assets/Apartment/Textures/images.uexp" 3091
"C:/Users/Amir sanni/Desktop/Biplo/Roomba-Biplo-Studio/Content/Assets/Apartment/Textures/church_arch_trim_normal8-2000x2000.uasset" 3092
"C:/Users/Amir sanni/Desktop/Biplo/Roomba-Biplo-Studio/Content/Assets/Apartment/Textures/church_arch_trim_normal8-2000x2000.uexp" 3093
"C:/Users/Amir sanni/Desktop/Biplo/Roomba-Biplo-Studio/Content/Assets/Apartment/Textures/Bottle_Cap_OcclusionRoughnessMetallic.ubulk" 3094
"C:/Users/Amir sanni/Desktop/Biplo/Roomba-Biplo-Studio/Content/Assets/Apartment/Textures/Bottle_Cap_OcclusionRoughnessMetallic.uasset" 3095
"C:/Users/Amir sanni/Desktop/Biplo/Roomba-Biplo-Studio/Content/Assets/Apartment/Textures/Bottle_Cap_OcclusionRoughnessMetallic.uexp" 3096
"C:/Users/Amir sanni/Desktop/Biplo/Roomba-Biplo-Studio/Content/Assets/Apartment/Textures/Bottle_Cap_Normal.ubulk" 3097
"C:/Users/Amir sanni/Desktop/Biplo/Roomba-Biplo-Studio/Content/Assets/Apartment/Textures/Bottle_Cap_Normal.uasset" 3098
"C:/Users/Amir sanni/Desktop/Biplo/Roomba-Biplo-Studio/Content/Assets/Apartment/Textures/Bottle_Cap_Normal.uexp" 3099
"C:/Users/Amir sanni/Desktop/Biplo/Roomba-Biplo-Studio/Content/Assets/Apartment/Textures/Bottle_Bottle_OcclusionRoughnessMetallic.ubulk" 3100
"C:/Users/Amir sanni/Desktop/Biplo/Roomba-Biplo-Studio/Content/Assets/Apartment/Textures/Bottle_Bottle_OcclusionRoughnessMetallic.uasset" 3101
"C:/Users/Amir sanni/Desktop/Biplo/Roomba-Biplo-Studio/Content/Assets/Apartment/Textures/Bottle_Bottle_OcclusionRoughnessMetallic.uexp" 3102
"C:/Users/Amir sanni/Desktop/Biplo/Roomba-Biplo-Studio/Content/Assets/Apartment/Textures/Bottle_Bottle_Normal.ubulk" 3103
"C:/Users/Amir sanni/Desktop/Biplo/Roomba-Biplo-Studio/Content/Assets/Apartment/Textures/Bottle_Bottle_Normal.uasset" 3104
"C:/Users/Amir sanni/Desktop/Biplo/Roomba-Biplo-Studio/Content/Assets/Apartment/Textures/Bottle_Bottle_Normal.uexp" 3105
"C:/Users/Amir sanni/Desktop/Biplo/Roomba-Biplo-Studio/Content/Assets/Apartment/Textures/10743-normal.ubulk" 3106
"C:/Users/Amir sanni/Desktop/Biplo/Roomba-Biplo-Studio/Content/Assets/Apartment/Textures/10743-normal.uasset" 3107
"C:/Users/Amir sanni/Desktop/Biplo/Roomba-Biplo-Studio/Content/Assets/Apartment/Textures/10743-normal.uexp" 3108
"C:/Users/Amir sanni/Desktop/Biplo/Roomba-Biplo-Studio/Content/Assets/Apartment/Modular/WallLongWidth.ubulk" 3109
"C:/Users/Amir sanni/Desktop/Biplo/Roomba-Biplo-Studio/Content/Assets/Apartment/Modular/WallLongWidth.uasset" 3110
"C:/Users/Amir sanni/Desktop/Biplo/Roomba-Biplo-Studio/Content/Assets/Apartment/Modular/WallLongWidth.uexp" 3111
"C:/Users/Amir sanni/Desktop/Biplo/Roomba-Biplo-Studio/Content/Assets/Apartment/Modular/FloorSmall2.ubulk" 3112
"C:/Users/Amir sanni/Desktop/Biplo/Roomba-Biplo-Studio/Content/Assets/Apartment/Modular/FloorSmall2.uasset" 3113
"C:/Users/Amir sanni/Desktop/Biplo/Roomba-Biplo-Studio/Content/Assets/Apartment/Modular/FloorSmall2.uexp" 3114
"C:/Users/Amir sanni/Desktop/Biplo/Roomba-Biplo-Studio/Content/Assets/Apartment/Grunge/MF_Grunge.uasset" 3115
"C:/Users/Amir sanni/Desktop/Biplo/Roomba-Biplo-Studio/Content/Assets/Apartment/Grunge/MF_Grunge.uexp" 3116
"C:/Users/Amir sanni/Desktop/Biplo/Roomba-Biplo-Studio/Content/Assets/Apartment/Grunge/MF_BaseWall1.uasset" 3117
"C:/Users/Amir sanni/Desktop/Biplo/Roomba-Biplo-Studio/Content/Assets/Apartment/Grunge/MF_BaseWall1.uexp" 3118
"C:/Users/Amir sanni/Desktop/Biplo/Roomba-Biplo-Studio/Content/Assets/Apartment/Grunge/MF_Grunge1.uasset" 3119
"C:/Users/Amir sanni/Desktop/Biplo/Roomba-Biplo-Studio/Content/Assets/Apartment/Grunge/MF_Grunge1.uexp" 3120
"C:/Users/Amir sanni/Desktop/Biplo/Roomba-Biplo-Studio/Content/Assets/Apartment/Grunge/M_GrungeWall1.uasset" 3121
"C:/Users/Amir sanni/Desktop/Biplo/Roomba-Biplo-Studio/Content/Assets/Apartment/Grunge/M_GrungeWall1.uexp" 3122
"C:/Users/Amir sanni/Desktop/Biplo/Roomba-Biplo-Studio/Content/Assets/Apartment/Textures/PCOn.ubulk" 3123
"C:/Users/Amir sanni/Desktop/Biplo/Roomba-Biplo-Studio/Content/Assets/Apartment/Textures/PCOn.uasset" 3124
"C:/Users/Amir sanni/Desktop/Biplo/Roomba-Biplo-Studio/Content/Assets/Apartment/Textures/PCOn.uexp" 3125
"C:/Users/Amir sanni/Desktop/Biplo/Roomba-Biplo-Studio/Content/Assets/Apartment/Textures/M_PCOn.uasset" 3126
"C:/Users/Amir sanni/Desktop/Biplo/Roomba-Biplo-Studio/Content/Assets/Apartment/Textures/M_PCOn.uexp" 3127
"C:/Users/Amir sanni/Desktop/Biplo/Roomba-Biplo-Studio/Content/Assets/Apartment/Textures/M_PCOff.uasset" 3128
"C:/Users/Amir sanni/Desktop/Biplo/Roomba-Biplo-Studio/Content/Assets/Apartment/Textures/M_PCOff.uexp" 3129
"C:/Users/Amir sanni/Desktop/Biplo/Roomba-Biplo-Studio/Content/Assets/2DImages/Facial/Biplo_power_up-ezgif_com-webp-to-png-converter.uasset" 3130
"C:/Users/Amir sanni/Desktop/Biplo/Roomba-Biplo-Studio/Content/Assets/2DImages/Facial/Biplo_power_up-ezgif_com-webp-to-png-converter.uexp" 3131
"C:/Users/Amir sanni/Desktop/Biplo/Roomba-Biplo-Studio/Content/Assets/2DImages/Facial/Biplo_power_up-ezgif_com-webp-to-png-converter_Sprite_0.uasset" 3132
"C:/Users/Amir sanni/Desktop/Biplo/Roomba-Biplo-Studio/Content/Assets/2DImages/Facial/Biplo_power_up-ezgif_com-webp-to-png-converter_Sprite_0.uexp" 3133
"C:/Users/Amir sanni/Desktop/Biplo/Roomba-Biplo-Studio/Content/Assets/2DImages/Facial/Biplo_power_up-ezgif_com-webp-to-png-converter_Sprite_1.uasset" 3134
"C:/Users/Amir sanni/Desktop/Biplo/Roomba-Biplo-Studio/Content/Assets/2DImages/Facial/Biplo_power_up-ezgif_com-webp-to-png-converter_Sprite_1.uexp" 3135
"C:/Users/Amir sanni/Desktop/Biplo/Roomba-Biplo-Studio/Content/Assets/2DImages/Facial/Biplo_power_up-ezgif_com-webp-to-png-converter_Sprite_2.uasset" 3136
"C:/Users/Amir sanni/Desktop/Biplo/Roomba-Biplo-Studio/Content/Assets/2DImages/Facial/Biplo_power_up-ezgif_com-webp-to-png-converter_Sprite_2.uexp" 3137
"C:/Users/Amir sanni/Desktop/Biplo/Roomba-Biplo-Studio/Content/Assets/2DImages/Facial/Biplo_power_up-ezgif_com-webp-to-png-converter_Sprite_3.uasset" 3138
"C:/Users/Amir sanni/Desktop/Biplo/Roomba-Biplo-Studio/Content/Assets/2DImages/Facial/Biplo_power_up-ezgif_com-webp-to-png-converter_Sprite_3.uexp" 3139
"C:/Users/Amir sanni/Desktop/Biplo/Roomba-Biplo-Studio/Content/Assets/2DImages/Facial/PowerUp.uasset" 3140
"C:/Users/Amir sanni/Desktop/Biplo/Roomba-Biplo-Studio/Content/Assets/2DImages/Facial/PowerUp.uexp" 3141
"C:/Users/Amir sanni/Desktop/Biplo/Roomba-Biplo-Studio/Content/Assets/2DImages/Facial/M_Face1.uasset" 3142
"C:/Users/Amir sanni/Desktop/Biplo/Roomba-Biplo-Studio/Content/Assets/2DImages/Facial/M_Face1.uexp" 3143
"C:/Users/Amir sanni/Desktop/Biplo/Roomba-Biplo-Studio/Content/Assets/2DImages/Facial/Face1.uasset" 3144
"C:/Users/Amir sanni/Desktop/Biplo/Roomba-Biplo-Studio/Content/Assets/2DImages/Facial/Face1.uexp" 3145
"C:/Users/Amir sanni/Desktop/Biplo/Roomba-Biplo-Studio/Content/Assets/2DImages/Facial/Biplo_faces_glow_scanlines-ezgif_com-webp-to-png-converter_Sprite_6.uasset" 3146
"C:/Users/Amir sanni/Desktop/Biplo/Roomba-Biplo-Studio/Content/Assets/2DImages/Facial/Biplo_faces_glow_scanlines-ezgif_com-webp-to-png-converter_Sprite_6.uexp" 3147
"C:/Users/Amir sanni/Desktop/Biplo/Roomba-Biplo-Studio/Content/Assets/2DImages/Facial/Biplo_faces_glow_scanlines-ezgif_com-webp-to-png-converter_Sprite_3.uasset" 3148
"C:/Users/Amir sanni/Desktop/Biplo/Roomba-Biplo-Studio/Content/Assets/2DImages/Facial/Biplo_faces_glow_scanlines-ezgif_com-webp-to-png-converter_Sprite_3.uexp" 3149
"../../../Engine/Content/EditorResources/BadBlueprintSprite.ubulk" 3150
"../../../Engine/Content/EditorResources/BadBlueprintSprite.uasset" 3151
"../../../Engine/Content/EditorResources/BadBlueprintSprite.uexp" 3152
"C:/Users/Amir sanni/Desktop/Biplo/Roomba-Biplo-Studio/Content/Assets/M_LightHazze.uasset" 3153
"C:/Users/Amir sanni/Desktop/Biplo/Roomba-Biplo-Studio/Content/Assets/M_LightHazze.uexp" 3154
"C:/Users/Amir sanni/Desktop/Biplo/Roomba-Biplo-Studio/Content/Assets/External/HousePack/Light_Ceiling2_Light_Ceiling2.ubulk" 3155
"C:/Users/Amir sanni/Desktop/Biplo/Roomba-Biplo-Studio/Content/Assets/External/HousePack/Light_Ceiling2_Light_Ceiling2.uasset" 3156
"C:/Users/Amir sanni/Desktop/Biplo/Roomba-Biplo-Studio/Content/Assets/External/HousePack/Light_Ceiling2_Light_Ceiling2.uexp" 3157
"C:/Users/Amir sanni/Desktop/Biplo/Roomba-Biplo-Studio/Content/StarterContent/Textures/T_Concrete_Tiles_Variation_M.ubulk" 3158
"C:/Users/Amir sanni/Desktop/Biplo/Roomba-Biplo-Studio/Content/StarterContent/Textures/T_Concrete_Tiles_Variation_M.uasset" 3159
"C:/Users/Amir sanni/Desktop/Biplo/Roomba-Biplo-Studio/Content/StarterContent/Textures/T_Concrete_Tiles_Variation_M.uexp" 3160
"C:/Users/Amir sanni/Desktop/Biplo/Roomba-Biplo-Studio/Content/StarterContent/Textures/T_Concrete_Tiles_D.ubulk" 3161
"C:/Users/Amir sanni/Desktop/Biplo/Roomba-Biplo-Studio/Content/StarterContent/Textures/T_Concrete_Tiles_D.uasset" 3162
"C:/Users/Amir sanni/Desktop/Biplo/Roomba-Biplo-Studio/Content/StarterContent/Textures/T_Concrete_Tiles_D.uexp" 3163
"C:/Users/Amir sanni/Desktop/Biplo/Roomba-Biplo-Studio/Content/StarterContent/Textures/T_Concrete_Tiles_M.ubulk" 3164
"C:/Users/Amir sanni/Desktop/Biplo/Roomba-Biplo-Studio/Content/StarterContent/Textures/T_Concrete_Tiles_M.uasset" 3165
"C:/Users/Amir sanni/Desktop/Biplo/Roomba-Biplo-Studio/Content/StarterContent/Textures/T_Concrete_Tiles_M.uexp" 3166
"C:/Users/Amir sanni/Desktop/Biplo/Roomba-Biplo-Studio/Content/StarterContent/Textures/T_Concrete_Tiles_N.ubulk" 3167
"C:/Users/Amir sanni/Desktop/Biplo/Roomba-Biplo-Studio/Content/StarterContent/Textures/T_Concrete_Tiles_N.uasset" 3168
"C:/Users/Amir sanni/Desktop/Biplo/Roomba-Biplo-Studio/Content/StarterContent/Textures/T_Concrete_Tiles_N.uexp" 3169
"C:/Users/Amir sanni/Desktop/Biplo/Roomba-Biplo-Studio/Content/StarterContent/Materials/M_Concrete_Tiles.uasset" 3170
"C:/Users/Amir sanni/Desktop/Biplo/Roomba-Biplo-Studio/Content/StarterContent/Materials/M_Concrete_Tiles.uexp" 3171
"C:/Users/Amir sanni/Desktop/Biplo/Roomba-Biplo-Studio/Content/Menu/Sofa/Material.uasset" 3172
"C:/Users/Amir sanni/Desktop/Biplo/Roomba-Biplo-Studio/Content/Menu/Sofa/Material.uexp" 3173
"C:/Users/Amir sanni/Desktop/Biplo/Roomba-Biplo-Studio/Content/Menu/Sofa/Sofa.ubulk" 3174
"C:/Users/Amir sanni/Desktop/Biplo/Roomba-Biplo-Studio/Content/Menu/Sofa/Sofa.uasset" 3175
"C:/Users/Amir sanni/Desktop/Biplo/Roomba-Biplo-Studio/Content/Menu/Sofa/Sofa.uexp" 3176
"C:/Users/Amir sanni/Desktop/Biplo/Roomba-Biplo-Studio/Content/Assets/Apartment/Textures/Static2.uasset" 3177
"C:/Users/Amir sanni/Desktop/Biplo/Roomba-Biplo-Studio/Content/Assets/Apartment/Textures/Static2.uexp" 3178
"C:/Users/Amir sanni/Desktop/Biplo/Roomba-Biplo-Studio/Content/Assets/Apartment/Textures/M_TVScreenOn.uasset" 3179
"C:/Users/Amir sanni/Desktop/Biplo/Roomba-Biplo-Studio/Content/Assets/Apartment/Textures/M_TVScreenOn.uexp" 3180
"C:/Users/Amir sanni/Desktop/Biplo/Roomba-Biplo-Studio/Content/StarterContent/Textures/T_Dust_Particle_D.ubulk" 3181
"C:/Users/Amir sanni/Desktop/Biplo/Roomba-Biplo-Studio/Content/StarterContent/Textures/T_Dust_Particle_D.uasset" 3182
"C:/Users/Amir sanni/Desktop/Biplo/Roomba-Biplo-Studio/Content/StarterContent/Textures/T_Dust_Particle_D.uexp" 3183
"C:/Users/Amir sanni/Desktop/Biplo/Roomba-Biplo-Studio/Content/StarterContent/Particles/Materials/M_Dust_Particle.uasset" 3184
"C:/Users/Amir sanni/Desktop/Biplo/Roomba-Biplo-Studio/Content/StarterContent/Particles/Materials/M_Dust_Particle.uexp" 3185
"C:/Users/Amir sanni/Desktop/Biplo/Roomba-Biplo-Studio/Content/StarterContent/Particles/P_Ambient_Dust.uasset" 3186
"C:/Users/Amir sanni/Desktop/Biplo/Roomba-Biplo-Studio/Content/StarterContent/Particles/P_Ambient_Dust.uexp" 3187
"../../../Engine/Content/EngineSky/T_Sky_Stars.ubulk" 3188
"../../../Engine/Content/EngineSky/T_Sky_Stars.uasset" 3189
"../../../Engine/Content/EngineSky/T_Sky_Stars.uexp" 3190
"../../../Engine/Content/EngineSky/T_Sky_Clouds_M.ubulk" 3191
"../../../Engine/Content/EngineSky/T_Sky_Clouds_M.uasset" 3192
"../../../Engine/Content/EngineSky/T_Sky_Clouds_M.uexp" 3193
"../../../Engine/Content/EngineSky/T_Sky_Blue.ubulk" 3194
"../../../Engine/Content/EngineSky/T_Sky_Blue.uasset" 3195
"../../../Engine/Content/EngineSky/T_Sky_Blue.uexp" 3196
"../../../Engine/Content/EngineSky/M_Sky_Panning_Clouds2.uasset" 3197
"../../../Engine/Content/EngineSky/M_Sky_Panning_Clouds2.uexp" 3198
"../../../Engine/Content/EngineSky/SM_SkySphere.ubulk" 3199
"../../../Engine/Content/EngineSky/SM_SkySphere.uasset" 3200
"../../../Engine/Content/EngineSky/SM_SkySphere.uexp" 3201
"../../../Engine/Content/EngineSky/M_SimpleSkyDome.uasset" 3202
"../../../Engine/Content/EngineSky/M_SimpleSkyDome.uexp" 3203
"C:/Users/Amir sanni/Desktop/Biplo/Roomba-Biplo-Studio/Content/Menu/Console/Buttons1.uasset" 3204
"C:/Users/Amir sanni/Desktop/Biplo/Roomba-Biplo-Studio/Content/Menu/Console/Buttons1.uexp" 3205
"C:/Users/Amir sanni/Desktop/Biplo/Roomba-Biplo-Studio/Content/Menu/Console/Buttons2.uasset" 3206
"C:/Users/Amir sanni/Desktop/Biplo/Roomba-Biplo-Studio/Content/Menu/Console/Buttons2.uexp" 3207
"C:/Users/Amir sanni/Desktop/Biplo/Roomba-Biplo-Studio/Content/Menu/Console/SciFiMonitor.uasset" 3208
"C:/Users/Amir sanni/Desktop/Biplo/Roomba-Biplo-Studio/Content/Menu/Console/SciFiMonitor.uexp" 3209
"C:/Users/Amir sanni/Desktop/Biplo/Roomba-Biplo-Studio/Content/Menu/Console/Interior.uasset" 3210
"C:/Users/Amir sanni/Desktop/Biplo/Roomba-Biplo-Studio/Content/Menu/Console/Interior.uexp" 3211
"C:/Users/Amir sanni/Desktop/Biplo/Roomba-Biplo-Studio/Content/Menu/Console/Exterior.uasset" 3212
"C:/Users/Amir sanni/Desktop/Biplo/Roomba-Biplo-Studio/Content/Menu/Console/Exterior.uexp" 3213
"C:/Users/Amir sanni/Desktop/Biplo/Roomba-Biplo-Studio/Content/Menu/Console/Console.ubulk" 3214
"C:/Users/Amir sanni/Desktop/Biplo/Roomba-Biplo-Studio/Content/Menu/Console/Console.uasset" 3215
"C:/Users/Amir sanni/Desktop/Biplo/Roomba-Biplo-Studio/Content/Menu/Console/Console.uexp" 3216
"C:/Users/Amir sanni/Desktop/Biplo/Roomba-Biplo-Studio/Content/Assets/External/HousePack/Drawer_2_Drawer_2.ubulk" 3217
"C:/Users/Amir sanni/Desktop/Biplo/Roomba-Biplo-Studio/Content/Assets/External/HousePack/Drawer_2_Drawer_2.uasset" 3218
"C:/Users/Amir sanni/Desktop/Biplo/Roomba-Biplo-Studio/Content/Assets/External/HousePack/Drawer_2_Drawer_2.uexp" 3219
"C:/Users/Amir sanni/Desktop/Biplo/Roomba-Biplo-Studio/Content/Menu/LOGO-ezgif_com-webp-to-png-converter.uasset" 3220
"C:/Users/Amir sanni/Desktop/Biplo/Roomba-Biplo-Studio/Content/Menu/LOGO-ezgif_com-webp-to-png-converter.uexp" 3221
"C:/Users/Amir sanni/Desktop/Biplo/Roomba-Biplo-Studio/Content/Menu/LOGO-ezgif_com-webp-to-png-converter_Mat.uasset" 3222
"C:/Users/Amir sanni/Desktop/Biplo/Roomba-Biplo-Studio/Content/Menu/LOGO-ezgif_com-webp-to-png-converter_Mat.uexp" 3223
"C:/Users/Amir sanni/Desktop/Biplo/Roomba-Biplo-Studio/Content/Audio/Attenuation/SA_Player_Move_Menu.uasset" 3224
"C:/Users/Amir sanni/Desktop/Biplo/Roomba-Biplo-Studio/Content/Audio/Attenuation/SA_Player_Move_Menu.uexp" 3225
"C:/Users/Amir sanni/Desktop/Biplo/Roomba-Biplo-Studio/Content/Audio/MetaSounds/MS_Player_Move_Menu.uasset" 3226
"C:/Users/Amir sanni/Desktop/Biplo/Roomba-Biplo-Studio/Content/Audio/MetaSounds/MS_Player_Move_Menu.uexp" 3227
"C:/Users/Amir sanni/Desktop/Biplo/Roomba-Biplo-Studio/Content/Menu/BP_RoombaBouncing.uasset" 3228
"C:/Users/Amir sanni/Desktop/Biplo/Roomba-Biplo-Studio/Content/Menu/BP_RoombaBouncing.uexp" 3229
"C:/Users/Amir sanni/Desktop/Biplo/Roomba-Biplo-Studio/Content/Assets/External/HousePack/Stool_Stool.ubulk" 3230
"C:/Users/Amir sanni/Desktop/Biplo/Roomba-Biplo-Studio/Content/Assets/External/HousePack/Stool_Stool.uasset" 3231
"C:/Users/Amir sanni/Desktop/Biplo/Roomba-Biplo-Studio/Content/Assets/External/HousePack/Stool_Stool.uexp" 3232
"../../../Engine/Content/Functions/Engine_MaterialFunctions01/ImageAdjustment/BlurSampleOffsets.uasset" 3233
"../../../Engine/Content/Functions/Engine_MaterialFunctions01/ImageAdjustment/BlurSampleOffsets.uexp" 3234
"../../../Engine/Content/Functions/Engine_MaterialFunctions02/SampleSceneDepth.uasset" 3235
"../../../Engine/Content/Functions/Engine_MaterialFunctions02/SampleSceneDepth.uexp" 3236
"C:/Users/Amir sanni/Desktop/Biplo/Roomba-Biplo-Studio/Content/ThirdPerson/Shader/OutLineShader.uasset" 3237
"C:/Users/Amir sanni/Desktop/Biplo/Roomba-Biplo-Studio/Content/ThirdPerson/Shader/OutLineShader.uexp" 3238
"C:/Users/Amir sanni/Desktop/Biplo/Roomba-Biplo-Studio/Content/ThirdPerson/Shader/CellShading.uasset" 3239
"C:/Users/Amir sanni/Desktop/Biplo/Roomba-Biplo-Studio/Content/ThirdPerson/Shader/CellShading.uexp" 3240
"C:/Users/Amir sanni/Desktop/Biplo/Roomba-Biplo-Studio/Content/LevelPrototyping/Meshes/SM_Ramp.ubulk" 3241
"C:/Users/Amir sanni/Desktop/Biplo/Roomba-Biplo-Studio/Content/LevelPrototyping/Meshes/SM_Ramp.uasset" 3242
"C:/Users/Amir sanni/Desktop/Biplo/Roomba-Biplo-Studio/Content/LevelPrototyping/Meshes/SM_Ramp.uexp" 3243
"C:/Users/Amir sanni/Desktop/Biplo/Roomba-Biplo-Studio/Content/ThirdPerson/Blueprints/WorldMechanics/RampOnTable_BP/Ramp.uasset" 3244
"C:/Users/Amir sanni/Desktop/Biplo/Roomba-Biplo-Studio/Content/ThirdPerson/Blueprints/WorldMechanics/RampOnTable_BP/Ramp.uexp" 3245
"C:/Users/Amir sanni/Desktop/Biplo/Roomba-Biplo-Studio/Content/ThirdPerson/Blueprints/WorldMechanics/RampOnTable_BP/NewLevelSequence.uasset" 3246
"C:/Users/Amir sanni/Desktop/Biplo/Roomba-Biplo-Studio/Content/ThirdPerson/Blueprints/WorldMechanics/RampOnTable_BP/NewLevelSequence.uexp" 3247
"C:/Users/Amir sanni/Desktop/Biplo/Roomba-Biplo-Studio/Content/NewAssetsCool/2D/Skyline/SkylineMid/skylineMid.uasset" 3248
"C:/Users/Amir sanni/Desktop/Biplo/Roomba-Biplo-Studio/Content/NewAssetsCool/2D/Skyline/SkylineMid/skylineMid.uexp" 3249
"C:/Users/Amir sanni/Desktop/Biplo/Roomba-Biplo-Studio/Content/Characters/Mannequins/Animations/Manny/MM_T_Pose.uasset" 3250
"C:/Users/Amir sanni/Desktop/Biplo/Roomba-Biplo-Studio/Content/Characters/Mannequins/Animations/Manny/MM_T_Pose.uexp" 3251
"C:/Users/Amir sanni/Desktop/Biplo/Roomba-Biplo-Studio/Content/Assets/Powerstation/Generator_Temp-20250326T122037Z-001/Generator_Temp/Socket.ubulk" 3252
"C:/Users/Amir sanni/Desktop/Biplo/Roomba-Biplo-Studio/Content/Assets/Powerstation/Generator_Temp-20250326T122037Z-001/Generator_Temp/Socket.uasset" 3253
"C:/Users/Amir sanni/Desktop/Biplo/Roomba-Biplo-Studio/Content/Assets/Powerstation/Generator_Temp-20250326T122037Z-001/Generator_Temp/Socket.uexp" 3254
"C:/Users/Amir sanni/Desktop/Biplo/Roomba-Biplo-Studio/Content/Assets/ConstructionSite/Crane_and_girder/Ladder/LadderLow_DefaultMaterial_OcclusionRoughnessMetallic.ubulk" 3255
"C:/Users/Amir sanni/Desktop/Biplo/Roomba-Biplo-Studio/Content/Assets/ConstructionSite/Crane_and_girder/Ladder/LadderLow_DefaultMaterial_OcclusionRoughnessMetallic.uasset" 3256
"C:/Users/Amir sanni/Desktop/Biplo/Roomba-Biplo-Studio/Content/Assets/ConstructionSite/Crane_and_girder/Ladder/LadderLow_DefaultMaterial_OcclusionRoughnessMetallic.uexp" 3257
"C:/Users/Amir sanni/Desktop/Biplo/Roomba-Biplo-Studio/Content/Assets/ConstructionSite/Crane_and_girder/Ladder/LadderLow_DefaultMaterial_Normal.ubulk" 3258
"C:/Users/Amir sanni/Desktop/Biplo/Roomba-Biplo-Studio/Content/Assets/ConstructionSite/Crane_and_girder/Ladder/LadderLow_DefaultMaterial_Normal.uasset" 3259
"C:/Users/Amir sanni/Desktop/Biplo/Roomba-Biplo-Studio/Content/Assets/ConstructionSite/Crane_and_girder/Ladder/LadderLow_DefaultMaterial_Normal.uexp" 3260
"C:/Users/Amir sanni/Desktop/Biplo/Roomba-Biplo-Studio/Content/Assets/ConstructionSite/Crane_and_girder/Ladder/LadderLow_DefaultMaterial_BaseColor.ubulk" 3261
"C:/Users/Amir sanni/Desktop/Biplo/Roomba-Biplo-Studio/Content/Assets/ConstructionSite/Crane_and_girder/Ladder/LadderLow_DefaultMaterial_BaseColor.uasset" 3262
"C:/Users/Amir sanni/Desktop/Biplo/Roomba-Biplo-Studio/Content/Assets/ConstructionSite/Crane_and_girder/Ladder/LadderLow_DefaultMaterial_BaseColor.uexp" 3263
"C:/Users/Amir sanni/Desktop/Biplo/Roomba-Biplo-Studio/Content/Assets/ConstructionSite/Crane_and_girder/Ladder/LadderLow.ubulk" 3264
"C:/Users/Amir sanni/Desktop/Biplo/Roomba-Biplo-Studio/Content/Assets/ConstructionSite/Crane_and_girder/Ladder/LadderLow.uasset" 3265
"C:/Users/Amir sanni/Desktop/Biplo/Roomba-Biplo-Studio/Content/Assets/ConstructionSite/Crane_and_girder/Ladder/LadderLow.uexp" 3266
"C:/Users/Amir sanni/Desktop/Biplo/Roomba-Biplo-Studio/Content/Assets/ConstructionSite/Crane_and_girder/Ladder/LadderTop/LadderTopLow_DefaultMaterial_OcclusionRoughnessMetallic.ubulk" 3267
"C:/Users/Amir sanni/Desktop/Biplo/Roomba-Biplo-Studio/Content/Assets/ConstructionSite/Crane_and_girder/Ladder/LadderTop/LadderTopLow_DefaultMaterial_OcclusionRoughnessMetallic.uasset" 3268
"C:/Users/Amir sanni/Desktop/Biplo/Roomba-Biplo-Studio/Content/Assets/ConstructionSite/Crane_and_girder/Ladder/LadderTop/LadderTopLow_DefaultMaterial_OcclusionRoughnessMetallic.uexp" 3269
"C:/Users/Amir sanni/Desktop/Biplo/Roomba-Biplo-Studio/Content/Assets/ConstructionSite/Crane_and_girder/Ladder/LadderTop/LadderTopLow_DefaultMaterial_Normal.ubulk" 3270
"C:/Users/Amir sanni/Desktop/Biplo/Roomba-Biplo-Studio/Content/Assets/ConstructionSite/Crane_and_girder/Ladder/LadderTop/LadderTopLow_DefaultMaterial_Normal.uasset" 3271
"C:/Users/Amir sanni/Desktop/Biplo/Roomba-Biplo-Studio/Content/Assets/ConstructionSite/Crane_and_girder/Ladder/LadderTop/LadderTopLow_DefaultMaterial_Normal.uexp" 3272
"C:/Users/Amir sanni/Desktop/Biplo/Roomba-Biplo-Studio/Content/Assets/ConstructionSite/Crane_and_girder/Ladder/LadderTop/LadderTopLow_DefaultMaterial_BaseColor.ubulk" 3273
"C:/Users/Amir sanni/Desktop/Biplo/Roomba-Biplo-Studio/Content/Assets/ConstructionSite/Crane_and_girder/Ladder/LadderTop/LadderTopLow_DefaultMaterial_BaseColor.uasset" 3274
"C:/Users/Amir sanni/Desktop/Biplo/Roomba-Biplo-Studio/Content/Assets/ConstructionSite/Crane_and_girder/Ladder/LadderTop/LadderTopLow_DefaultMaterial_BaseColor.uexp" 3275
"C:/Users/Amir sanni/Desktop/Biplo/Roomba-Biplo-Studio/Content/Assets/ConstructionSite/Crane_and_girder/Ladder/LadderTop/LadderTopLow.ubulk" 3276
"C:/Users/Amir sanni/Desktop/Biplo/Roomba-Biplo-Studio/Content/Assets/ConstructionSite/Crane_and_girder/Ladder/LadderTop/LadderTopLow.uasset" 3277
"C:/Users/Amir sanni/Desktop/Biplo/Roomba-Biplo-Studio/Content/Assets/ConstructionSite/Crane_and_girder/Ladder/LadderTop/LadderTopLow.uexp" 3278
"C:/Users/Amir sanni/Desktop/Biplo/Roomba-Biplo-Studio/Content/Assets/Barrier/Model/Textures/roadblock_Low_lambert1_BaseColor.ubulk" 3279
"C:/Users/Amir sanni/Desktop/Biplo/Roomba-Biplo-Studio/Content/Assets/Barrier/Model/Textures/roadblock_Low_lambert1_BaseColor.uasset" 3280
"C:/Users/Amir sanni/Desktop/Biplo/Roomba-Biplo-Studio/Content/Assets/Barrier/Model/Textures/roadblock_Low_lambert1_BaseColor.uexp" 3281
"C:/Users/Amir sanni/Desktop/Biplo/Roomba-Biplo-Studio/Content/Assets/2DImages/Facial/Improved/BiploFaces2_0_Sprite_5.uasset" 3282
"C:/Users/Amir sanni/Desktop/Biplo/Roomba-Biplo-Studio/Content/Assets/2DImages/Facial/Improved/BiploFaces2_0_Sprite_5.uexp" 3283
"C:/Users/Amir sanni/Desktop/Biplo/Roomba-Biplo-Studio/Content/Assets/2DImages/Facial/Improved/BiploFaces2_0_Sprite_18.uasset" 3284
"C:/Users/Amir sanni/Desktop/Biplo/Roomba-Biplo-Studio/Content/Assets/2DImages/Facial/Improved/BiploFaces2_0_Sprite_18.uexp" 3285
"C:/Users/Amir sanni/Desktop/Biplo/Roomba-Biplo-Studio/Content/Assets/2DImages/Facial/Improved/BiploFaces2_0_Sprite_16.uasset" 3286
"C:/Users/Amir sanni/Desktop/Biplo/Roomba-Biplo-Studio/Content/Assets/2DImages/Facial/Improved/BiploFaces2_0_Sprite_16.uexp" 3287
"C:/Users/Amir sanni/Desktop/Biplo/Roomba-Biplo-Studio/Content/Assets/2DImages/Facial/Improved/BiploFaces2_0_Sprite_12.uasset" 3288
"C:/Users/Amir sanni/Desktop/Biplo/Roomba-Biplo-Studio/Content/Assets/2DImages/Facial/Improved/BiploFaces2_0_Sprite_12.uexp" 3289
"C:/Users/Amir sanni/Desktop/Biplo/Roomba-Biplo-Studio/Content/Assets/2DImages/Facial/Improved/BiploFaces2_0_Sprite_11.uasset" 3290
"C:/Users/Amir sanni/Desktop/Biplo/Roomba-Biplo-Studio/Content/Assets/2DImages/Facial/Improved/BiploFaces2_0_Sprite_11.uexp" 3291
"C:/Users/Amir sanni/Desktop/Biplo/Roomba-Biplo-Studio/Content/LevelPrototyping/Materials/M_Solid.uasset" 3292
"C:/Users/Amir sanni/Desktop/Biplo/Roomba-Biplo-Studio/Content/LevelPrototyping/Materials/M_Solid.uexp" 3293
"C:/Users/Amir sanni/Desktop/Biplo/Roomba-Biplo-Studio/Content/LevelPrototyping/Materials/MI_Solid_Blue.uasset" 3294
"C:/Users/Amir sanni/Desktop/Biplo/Roomba-Biplo-Studio/Content/LevelPrototyping/Materials/MI_Solid_Blue.uexp" 3295
"C:/Users/Amir sanni/Desktop/Biplo/Roomba-Biplo-Studio/Content/LevelPrototyping/Meshes/SM_ChamferCube.ubulk" 3296
"C:/Users/Amir sanni/Desktop/Biplo/Roomba-Biplo-Studio/Content/LevelPrototyping/Meshes/SM_ChamferCube.uasset" 3297
"C:/Users/Amir sanni/Desktop/Biplo/Roomba-Biplo-Studio/Content/LevelPrototyping/Meshes/SM_ChamferCube.uexp" 3298
"C:/Users/Amir sanni/Desktop/Biplo/Roomba-Biplo-Studio/Content/ThirdPerson/Blueprints/CameraSwitcher_BP/BP_CameraSwitcher.uasset" 3299
"C:/Users/Amir sanni/Desktop/Biplo/Roomba-Biplo-Studio/Content/ThirdPerson/Blueprints/CameraSwitcher_BP/BP_CameraSwitcher.uexp" 3300
"C:/Users/Amir sanni/Desktop/Biplo/Roomba-Biplo-Studio/Content/LevelPrototyping/Meshes/SM_QuarterCylinder.ubulk" 3301
"C:/Users/Amir sanni/Desktop/Biplo/Roomba-Biplo-Studio/Content/LevelPrototyping/Meshes/SM_QuarterCylinder.uasset" 3302
"C:/Users/Amir sanni/Desktop/Biplo/Roomba-Biplo-Studio/Content/LevelPrototyping/Meshes/SM_QuarterCylinder.uexp" 3303
"C:/Users/Amir sanni/Desktop/Biplo/Roomba-Biplo-Studio/Content/LevelPrototyping/Materials/MI_PrototypeGrid_TopDark.uasset" 3304
"C:/Users/Amir sanni/Desktop/Biplo/Roomba-Biplo-Studio/Content/LevelPrototyping/Materials/MI_PrototypeGrid_TopDark.uexp" 3305
"C:/Users/Amir sanni/Desktop/Biplo/Roomba-Biplo-Studio/Content/LevelPrototyping/Meshes/SM_Cube.ubulk" 3306
"C:/Users/Amir sanni/Desktop/Biplo/Roomba-Biplo-Studio/Content/LevelPrototyping/Meshes/SM_Cube.uasset" 3307
"C:/Users/Amir sanni/Desktop/Biplo/Roomba-Biplo-Studio/Content/LevelPrototyping/Meshes/SM_Cube.uexp" 3308
"C:/Users/Amir sanni/Desktop/Biplo/Roomba-Biplo-Studio/Content/ThirdPerson/Blueprints/LevelSwitcher_BP/BP_LevelSwitcher.uasset" 3309
"C:/Users/Amir sanni/Desktop/Biplo/Roomba-Biplo-Studio/Content/ThirdPerson/Blueprints/LevelSwitcher_BP/BP_LevelSwitcher.uexp" 3310
"C:/Users/Amir sanni/Desktop/Biplo/Roomba-Biplo-Studio/Content/ThirdPerson/Blueprints/SunLight_Controller_BP/BP_SunLight_Controller.uasset" 3311
"C:/Users/Amir sanni/Desktop/Biplo/Roomba-Biplo-Studio/Content/ThirdPerson/Blueprints/SunLight_Controller_BP/BP_SunLight_Controller.uexp" 3312
"C:/Users/Amir sanni/Desktop/Biplo/Roomba-Biplo-Studio/Content/ThirdPerson/Blueprints/SunLight_Controller_BP/BP_SunTrigger.uasset" 3313
"C:/Users/Amir sanni/Desktop/Biplo/Roomba-Biplo-Studio/Content/ThirdPerson/Blueprints/SunLight_Controller_BP/BP_SunTrigger.uexp" 3314
"C:/Users/Amir sanni/Desktop/Biplo/Roomba-Biplo-Studio/Content/StarterContent/Textures/T_Frame_M.ubulk" 3315
"C:/Users/Amir sanni/Desktop/Biplo/Roomba-Biplo-Studio/Content/StarterContent/Textures/T_Frame_M.uasset" 3316
"C:/Users/Amir sanni/Desktop/Biplo/Roomba-Biplo-Studio/Content/StarterContent/Textures/T_Frame_M.uexp" 3317
"C:/Users/Amir sanni/Desktop/Biplo/Roomba-Biplo-Studio/Content/StarterContent/Textures/T_Frame_N.ubulk" 3318
"C:/Users/Amir sanni/Desktop/Biplo/Roomba-Biplo-Studio/Content/StarterContent/Textures/T_Frame_N.uasset" 3319
"C:/Users/Amir sanni/Desktop/Biplo/Roomba-Biplo-Studio/Content/StarterContent/Textures/T_Frame_N.uexp" 3320
"C:/Users/Amir sanni/Desktop/Biplo/Roomba-Biplo-Studio/Content/StarterContent/Props/Materials/M_Frame.uasset" 3321
"C:/Users/Amir sanni/Desktop/Biplo/Roomba-Biplo-Studio/Content/StarterContent/Props/Materials/M_Frame.uexp" 3322
"C:/Users/Amir sanni/Desktop/Biplo/Roomba-Biplo-Studio/Content/StarterContent/Props/SM_DoorFrame.ubulk" 3323
"C:/Users/Amir sanni/Desktop/Biplo/Roomba-Biplo-Studio/Content/StarterContent/Props/SM_DoorFrame.uasset" 3324
"C:/Users/Amir sanni/Desktop/Biplo/Roomba-Biplo-Studio/Content/StarterContent/Props/SM_DoorFrame.uexp" 3325
"../../../Engine/Content/BasicShapes/Cone.ubulk" 3326
"../../../Engine/Content/BasicShapes/Cone.uasset" 3327
"../../../Engine/Content/BasicShapes/Cone.uexp" 3328
"../../../Engine/Content/Maps/Entry_BuiltData.uasset" 3329
"../../../Engine/Content/Maps/Entry_BuiltData.uexp" 3330
"../../../Engine/Content/Maps/Entry.uexp" 3331
"../../../Engine/Content/Maps/Entry.umap" 3332
"C:/Users/Amir sanni/Desktop/Biplo/Roomba-Biplo-Studio/Content/Menu/Sofa/Carpet.uasset" 3333
"C:/Users/Amir sanni/Desktop/Biplo/Roomba-Biplo-Studio/Content/Menu/Sofa/Carpet.uexp" 3334
"C:/Users/Amir sanni/Desktop/Biplo/Roomba-Biplo-Studio/Content/Menu/BP_MEN.uasset" 3335
"C:/Users/Amir sanni/Desktop/Biplo/Roomba-Biplo-Studio/Content/Menu/BP_MEN.uexp" 3336
"C:/Users/Amir sanni/Desktop/Biplo/Roomba-Biplo-Studio/Content/Menu/MenuGameMode.uasset" 3337
"C:/Users/Amir sanni/Desktop/Biplo/Roomba-Biplo-Studio/Content/Menu/MenuGameMode.uexp" 3338
"C:/Users/Amir sanni/Desktop/Biplo/Roomba-Biplo-Studio/Content/MainMenu.uasset" 3339
"C:/Users/Amir sanni/Desktop/Biplo/Roomba-Biplo-Studio/Content/MainMenu.uexp" 3340
"C:/Users/Amir sanni/Desktop/Biplo/Roomba-Biplo-Studio/Content/Audio/Raw_Audio/Ambient/InteriorBack.ubulk" 3341
"C:/Users/Amir sanni/Desktop/Biplo/Roomba-Biplo-Studio/Content/Audio/Raw_Audio/Ambient/InteriorBack.uasset" 3342
"C:/Users/Amir sanni/Desktop/Biplo/Roomba-Biplo-Studio/Content/Audio/Raw_Audio/Ambient/InteriorBack.uexp" 3343
"C:/Users/Amir sanni/Desktop/Biplo/Roomba-Biplo-Studio/Content/Audio/MetaSounds/MS_IntAmb.uasset" 3344
"C:/Users/Amir sanni/Desktop/Biplo/Roomba-Biplo-Studio/Content/Audio/MetaSounds/MS_IntAmb.uexp" 3345
"C:/Users/Amir sanni/Desktop/Biplo/Roomba-Biplo-Studio/Content/Menu/MenuMap.uexp" 3346
"C:/Users/Amir sanni/Desktop/Biplo/Roomba-Biplo-Studio/Content/Menu/MenuMap.umap" 3347
"C:/Users/Amir sanni/Desktop/Biplo/Roomba-Biplo-Studio/Content/VentsGatesWire2.ubulk" 3348
"C:/Users/Amir sanni/Desktop/Biplo/Roomba-Biplo-Studio/Content/VentsGatesWire2.uasset" 3349
"C:/Users/Amir sanni/Desktop/Biplo/Roomba-Biplo-Studio/Content/VentsGatesWire2.uexp" 3350
"C:/Users/Amir sanni/Desktop/Biplo/Roomba-Biplo-Studio/Content/LevelDesign/DavidsCooking/VentGateWire1.ubulk" 3351
"C:/Users/Amir sanni/Desktop/Biplo/Roomba-Biplo-Studio/Content/LevelDesign/DavidsCooking/VentGateWire1.uasset" 3352
"C:/Users/Amir sanni/Desktop/Biplo/Roomba-Biplo-Studio/Content/LevelDesign/DavidsCooking/VentGateWire1.uexp" 3353
"C:/Users/Amir sanni/Desktop/Biplo/Roomba-Biplo-Studio/Content/Assets/Vents/Vent.uasset" 3354
"C:/Users/Amir sanni/Desktop/Biplo/Roomba-Biplo-Studio/Content/Assets/Vents/Vent.uexp" 3355
"C:/Users/Amir sanni/Desktop/Biplo/Roomba-Biplo-Studio/Content/Assets/Vents/M_Vent.uasset" 3356
"C:/Users/Amir sanni/Desktop/Biplo/Roomba-Biplo-Studio/Content/Assets/Vents/M_Vent.uexp" 3357
"C:/Users/Amir sanni/Desktop/Biplo/Roomba-Biplo-Studio/Content/LevelDesign/Section3Vents_BuiltData.ubulk" 3358
"C:/Users/Amir sanni/Desktop/Biplo/Roomba-Biplo-Studio/Content/LevelDesign/Section3Vents_BuiltData.uasset" 3359
"C:/Users/Amir sanni/Desktop/Biplo/Roomba-Biplo-Studio/Content/LevelDesign/Section3Vents_BuiltData.uexp" 3360
"../../../Engine/Content/Functions/Engine_MaterialFunctions02/Utility/Swizzle.uasset" 3361
"../../../Engine/Content/Functions/Engine_MaterialFunctions02/Utility/Swizzle.uexp" 3362
"../../../Engine/Content/Functions/Engine_MaterialFunctions01/Cubemaps/InteriorCubemap.uasset" 3363
"../../../Engine/Content/Functions/Engine_MaterialFunctions01/Cubemaps/InteriorCubemap.uexp" 3364
"C:/Users/Amir sanni/Desktop/Biplo/Roomba-Biplo-Studio/Content/LevelDesign/M_ProgressDoor.uasset" 3365
"C:/Users/Amir sanni/Desktop/Biplo/Roomba-Biplo-Studio/Content/LevelDesign/M_ProgressDoor.uexp" 3366
"C:/Users/Amir sanni/Desktop/Biplo/Roomba-Biplo-Studio/Content/Assets/Vents/VentFrame.ubulk" 3367
"C:/Users/Amir sanni/Desktop/Biplo/Roomba-Biplo-Studio/Content/Assets/Vents/VentFrame.uasset" 3368
"C:/Users/Amir sanni/Desktop/Biplo/Roomba-Biplo-Studio/Content/Assets/Vents/VentFrame.uexp" 3369
"C:/Users/Amir sanni/Desktop/Biplo/Roomba-Biplo-Studio/Content/LevelDesign/Section3Vents.uexp" 3370
"C:/Users/Amir sanni/Desktop/Biplo/Roomba-Biplo-Studio/Content/LevelDesign/Section3Vents.umap" 3371
"C:/Users/Amir sanni/Desktop/Biplo/Roomba-Biplo-Studio/Content/StarterContent/Materials/M_Metal_Brushed_Nickel.uasset" 3372
"C:/Users/Amir sanni/Desktop/Biplo/Roomba-Biplo-Studio/Content/StarterContent/Materials/M_Metal_Brushed_Nickel.uexp" 3373
"C:/Users/Amir sanni/Desktop/Biplo/Roomba-Biplo-Studio/Content/ThirdPerson/Blueprints/Generator/Purple.uasset" 3374
"C:/Users/Amir sanni/Desktop/Biplo/Roomba-Biplo-Studio/Content/ThirdPerson/Blueprints/Generator/Purple.uexp" 3375
"C:/Users/Amir sanni/Desktop/Biplo/Roomba-Biplo-Studio/Content/StarterContent/Textures/T_Wood_Pine_D.ubulk" 3376
"C:/Users/Amir sanni/Desktop/Biplo/Roomba-Biplo-Studio/Content/StarterContent/Textures/T_Wood_Pine_D.uasset" 3377
"C:/Users/Amir sanni/Desktop/Biplo/Roomba-Biplo-Studio/Content/StarterContent/Textures/T_Wood_Pine_D.uexp" 3378
"C:/Users/Amir sanni/Desktop/Biplo/Roomba-Biplo-Studio/Content/StarterContent/Textures/T_Wood_Pine_N.ubulk" 3379
"C:/Users/Amir sanni/Desktop/Biplo/Roomba-Biplo-Studio/Content/StarterContent/Textures/T_Wood_Pine_N.uasset" 3380
"C:/Users/Amir sanni/Desktop/Biplo/Roomba-Biplo-Studio/Content/StarterContent/Textures/T_Wood_Pine_N.uexp" 3381
"C:/Users/Amir sanni/Desktop/Biplo/Roomba-Biplo-Studio/Content/StarterContent/Materials/M_Wood_Pine.uasset" 3382
"C:/Users/Amir sanni/Desktop/Biplo/Roomba-Biplo-Studio/Content/StarterContent/Materials/M_Wood_Pine.uexp" 3383
"../../../Engine/Content/OpenWorldTemplate/LandscapeMaterial/T_GridChecker_A.ubulk" 3384
"../../../Engine/Content/OpenWorldTemplate/LandscapeMaterial/T_GridChecker_A.uasset" 3385
"../../../Engine/Content/OpenWorldTemplate/LandscapeMaterial/T_GridChecker_A.uexp" 3386
"../../../Engine/Content/OpenWorldTemplate/LandscapeMaterial/MF_ProcGrid.uasset" 3387
"../../../Engine/Content/OpenWorldTemplate/LandscapeMaterial/MF_ProcGrid.uexp" 3388
"../../../Engine/Content/OpenWorldTemplate/LandscapeMaterial/M_ProcGrid.uasset" 3389
"../../../Engine/Content/OpenWorldTemplate/LandscapeMaterial/M_ProcGrid.uexp" 3390
"../../../Engine/Content/OpenWorldTemplate/LandscapeMaterial/MI_ProcGrid.uasset" 3391
"../../../Engine/Content/OpenWorldTemplate/LandscapeMaterial/MI_ProcGrid.uexp" 3392
"C:/Users/Amir sanni/Desktop/Biplo/Roomba-Biplo-Studio/Content/Assets/Warehouse/Mats/CardboardBox_Material_OcclusionRoughnessMetallic3.ubulk" 3393
"C:/Users/Amir sanni/Desktop/Biplo/Roomba-Biplo-Studio/Content/Assets/Warehouse/Mats/CardboardBox_Material_OcclusionRoughnessMetallic3.uasset" 3394
"C:/Users/Amir sanni/Desktop/Biplo/Roomba-Biplo-Studio/Content/Assets/Warehouse/Mats/CardboardBox_Material_OcclusionRoughnessMetallic3.uexp" 3395
"C:/Users/Amir sanni/Desktop/Biplo/Roomba-Biplo-Studio/Content/Assets/Warehouse/Mats/CardboardBox_Material_BaseColor3.ubulk" 3396
"C:/Users/Amir sanni/Desktop/Biplo/Roomba-Biplo-Studio/Content/Assets/Warehouse/Mats/CardboardBox_Material_BaseColor3.uasset" 3397
"C:/Users/Amir sanni/Desktop/Biplo/Roomba-Biplo-Studio/Content/Assets/Warehouse/Mats/CardboardBox_Material_BaseColor3.uexp" 3398
"C:/Users/Amir sanni/Desktop/Biplo/Roomba-Biplo-Studio/Content/Assets/Warehouse/Mats/CardboardBox_Material_Normal3.ubulk" 3399
"C:/Users/Amir sanni/Desktop/Biplo/Roomba-Biplo-Studio/Content/Assets/Warehouse/Mats/CardboardBox_Material_Normal3.uasset" 3400
"C:/Users/Amir sanni/Desktop/Biplo/Roomba-Biplo-Studio/Content/Assets/Warehouse/Mats/CardboardBox_Material_Normal3.uexp" 3401
"C:/Users/Amir sanni/Desktop/Biplo/Roomba-Biplo-Studio/Content/Assets/Warehouse/M_Cardboard3.uasset" 3402
"C:/Users/Amir sanni/Desktop/Biplo/Roomba-Biplo-Studio/Content/Assets/Warehouse/M_Cardboard3.uexp" 3403
"C:/Users/Amir sanni/Desktop/Biplo/Roomba-Biplo-Studio/Content/NewAssetsCool/2D/Skyline/SkylineForeground/skylineForeground2.uasset" 3404
"C:/Users/Amir sanni/Desktop/Biplo/Roomba-Biplo-Studio/Content/NewAssetsCool/2D/Skyline/SkylineForeground/skylineForeground2.uexp" 3405
"C:/Users/Amir sanni/Desktop/Biplo/Roomba-Biplo-Studio/Content/NewAssetsCool/2D/Skyline/SkylineForeground/skylineForeground2_Mat.uasset" 3406
"C:/Users/Amir sanni/Desktop/Biplo/Roomba-Biplo-Studio/Content/NewAssetsCool/2D/Skyline/SkylineForeground/skylineForeground2_Mat.uexp" 3407
"C:/Users/Amir sanni/Desktop/Biplo/Roomba-Biplo-Studio/Content/LevelDesign/DavidsCooking/S_MovingLight2.uasset" 3408
"C:/Users/Amir sanni/Desktop/Biplo/Roomba-Biplo-Studio/Content/LevelDesign/DavidsCooking/S_MovingLight2.uexp" 3409
"C:/Users/Amir sanni/Desktop/Biplo/Roomba-Biplo-Studio/Content/NewAssetsCool/Flags/blue.uasset" 3410
"C:/Users/Amir sanni/Desktop/Biplo/Roomba-Biplo-Studio/Content/NewAssetsCool/Flags/blue.uexp" 3411
"C:/Users/Amir sanni/Desktop/Biplo/Roomba-Biplo-Studio/Content/Assets/2DImages/Vines_Double.uasset" 3412
"C:/Users/Amir sanni/Desktop/Biplo/Roomba-Biplo-Studio/Content/Assets/2DImages/Vines_Double.uexp" 3413
"C:/Users/Amir sanni/Desktop/Biplo/Roomba-Biplo-Studio/Content/NewAssetsCool/2D/Skyline/SkylineForeground/skylineForeground.uasset" 3414
"C:/Users/Amir sanni/Desktop/Biplo/Roomba-Biplo-Studio/Content/NewAssetsCool/2D/Skyline/SkylineForeground/skylineForeground.uexp" 3415
"C:/Users/Amir sanni/Desktop/Biplo/Roomba-Biplo-Studio/Content/NewAssetsCool/2D/Skyline/SkylineForeground/skylineForeground_Mat.uasset" 3416
"C:/Users/Amir sanni/Desktop/Biplo/Roomba-Biplo-Studio/Content/NewAssetsCool/2D/Skyline/SkylineForeground/skylineForeground_Mat.uexp" 3417
"../../../Engine/Content/MapTemplates/SM_Template_Map_Floor.ubulk" 3418
"../../../Engine/Content/MapTemplates/SM_Template_Map_Floor.uasset" 3419
"../../../Engine/Content/MapTemplates/SM_Template_Map_Floor.uexp" 3420
"C:/Users/Amir sanni/Desktop/Biplo/Roomba-Biplo-Studio/Content/Assets/Warehouse/Mats/WoodenCrate_DefaultMaterial_OcclusionRoughnessMetallic.ubulk" 3421
"C:/Users/Amir sanni/Desktop/Biplo/Roomba-Biplo-Studio/Content/Assets/Warehouse/Mats/WoodenCrate_DefaultMaterial_OcclusionRoughnessMetallic.uasset" 3422
"C:/Users/Amir sanni/Desktop/Biplo/Roomba-Biplo-Studio/Content/Assets/Warehouse/Mats/WoodenCrate_DefaultMaterial_OcclusionRoughnessMetallic.uexp" 3423
"C:/Users/Amir sanni/Desktop/Biplo/Roomba-Biplo-Studio/Content/Assets/Warehouse/Mats/WoodenCrate_DefaultMaterial_Normal.ubulk" 3424
"C:/Users/Amir sanni/Desktop/Biplo/Roomba-Biplo-Studio/Content/Assets/Warehouse/Mats/WoodenCrate_DefaultMaterial_Normal.uasset" 3425
"C:/Users/Amir sanni/Desktop/Biplo/Roomba-Biplo-Studio/Content/Assets/Warehouse/Mats/WoodenCrate_DefaultMaterial_Normal.uexp" 3426
"C:/Users/Amir sanni/Desktop/Biplo/Roomba-Biplo-Studio/Content/Assets/Warehouse/Mats/WoodenCrate_DefaultMaterial_BaseColor.ubulk" 3427
"C:/Users/Amir sanni/Desktop/Biplo/Roomba-Biplo-Studio/Content/Assets/Warehouse/Mats/WoodenCrate_DefaultMaterial_BaseColor.uasset" 3428
"C:/Users/Amir sanni/Desktop/Biplo/Roomba-Biplo-Studio/Content/Assets/Warehouse/Mats/WoodenCrate_DefaultMaterial_BaseColor.uexp" 3429
"C:/Users/Amir sanni/Desktop/Biplo/Roomba-Biplo-Studio/Content/Assets/Warehouse/Mats/M_WoodenCrate.uasset" 3430
"C:/Users/Amir sanni/Desktop/Biplo/Roomba-Biplo-Studio/Content/Assets/Warehouse/Mats/M_WoodenCrate.uexp" 3431
"C:/Users/Amir sanni/Desktop/Biplo/Roomba-Biplo-Studio/Content/Assets/Warehouse/WoodenCrate.ubulk" 3432
"C:/Users/Amir sanni/Desktop/Biplo/Roomba-Biplo-Studio/Content/Assets/Warehouse/WoodenCrate.uasset" 3433
"C:/Users/Amir sanni/Desktop/Biplo/Roomba-Biplo-Studio/Content/Assets/Warehouse/WoodenCrate.uexp" 3434
"C:/Users/Amir sanni/Desktop/Biplo/Roomba-Biplo-Studio/Content/ThirdPerson/Blueprints/Generator/LightBlue.uasset" 3435
"C:/Users/Amir sanni/Desktop/Biplo/Roomba-Biplo-Studio/Content/ThirdPerson/Blueprints/Generator/LightBlue.uexp" 3436
"C:/Users/Amir sanni/Desktop/Biplo/Roomba-Biplo-Studio/Content/GeneratorButtonInteract_BP.uasset" 3437
"C:/Users/Amir sanni/Desktop/Biplo/Roomba-Biplo-Studio/Content/GeneratorButtonInteract_BP.uexp" 3438
"C:/Users/Amir sanni/Desktop/Biplo/Roomba-Biplo-Studio/Content/LevelDesign/DavidsCooking/S_MovingLight.uasset" 3439
"C:/Users/Amir sanni/Desktop/Biplo/Roomba-Biplo-Studio/Content/LevelDesign/DavidsCooking/S_MovingLight.uexp" 3440
"C:/Users/Amir sanni/Desktop/Biplo/Roomba-Biplo-Studio/Content/Assets/Bakery/Texture/ShelfLow_DefaultMaterial_OcclusionRoughnessMetallic.ubulk" 3441
"C:/Users/Amir sanni/Desktop/Biplo/Roomba-Biplo-Studio/Content/Assets/Bakery/Texture/ShelfLow_DefaultMaterial_OcclusionRoughnessMetallic.uasset" 3442
"C:/Users/Amir sanni/Desktop/Biplo/Roomba-Biplo-Studio/Content/Assets/Bakery/Texture/ShelfLow_DefaultMaterial_OcclusionRoughnessMetallic.uexp" 3443
"C:/Users/Amir sanni/Desktop/Biplo/Roomba-Biplo-Studio/Content/Assets/Bakery/Texture/ShelfLow_DefaultMaterial_BaseColor.ubulk" 3444
"C:/Users/Amir sanni/Desktop/Biplo/Roomba-Biplo-Studio/Content/Assets/Bakery/Texture/ShelfLow_DefaultMaterial_BaseColor.uasset" 3445
"C:/Users/Amir sanni/Desktop/Biplo/Roomba-Biplo-Studio/Content/Assets/Bakery/Texture/ShelfLow_DefaultMaterial_BaseColor.uexp" 3446
"C:/Users/Amir sanni/Desktop/Biplo/Roomba-Biplo-Studio/Content/Assets/Bakery/Texture/ShelfLow_DefaultMaterial_Normal.ubulk" 3447
"C:/Users/Amir sanni/Desktop/Biplo/Roomba-Biplo-Studio/Content/Assets/Bakery/Texture/ShelfLow_DefaultMaterial_Normal.uasset" 3448
"C:/Users/Amir sanni/Desktop/Biplo/Roomba-Biplo-Studio/Content/Assets/Bakery/Texture/ShelfLow_DefaultMaterial_Normal.uexp" 3449
"C:/Users/Amir sanni/Desktop/Biplo/Roomba-Biplo-Studio/Content/Assets/Bakery/Texture/M_Shelf.uasset" 3450
"C:/Users/Amir sanni/Desktop/Biplo/Roomba-Biplo-Studio/Content/Assets/Bakery/Texture/M_Shelf.uexp" 3451
"C:/Users/Amir sanni/Desktop/Biplo/Roomba-Biplo-Studio/Content/Assets/Bakery/ShelfLow.ubulk" 3452
"C:/Users/Amir sanni/Desktop/Biplo/Roomba-Biplo-Studio/Content/Assets/Bakery/ShelfLow.uasset" 3453
"C:/Users/Amir sanni/Desktop/Biplo/Roomba-Biplo-Studio/Content/Assets/Bakery/ShelfLow.uexp" 3454
"C:/Users/Amir sanni/Desktop/Biplo/Roomba-Biplo-Studio/Content/LevelDesign/DavidsCooking/VentLightBlocker.ubulk" 3455
"C:/Users/Amir sanni/Desktop/Biplo/Roomba-Biplo-Studio/Content/LevelDesign/DavidsCooking/VentLightBlocker.uasset" 3456
"C:/Users/Amir sanni/Desktop/Biplo/Roomba-Biplo-Studio/Content/LevelDesign/DavidsCooking/VentLightBlocker.uexp" 3457
"C:/Users/Amir sanni/Desktop/Biplo/Roomba-Biplo-Studio/Content/ThirdPerson/Blueprints/Generator/BP_Cable.uasset" 3458
"C:/Users/Amir sanni/Desktop/Biplo/Roomba-Biplo-Studio/Content/ThirdPerson/Blueprints/Generator/BP_Cable.uexp" 3459
"C:/Users/Amir sanni/Desktop/Biplo/Roomba-Biplo-Studio/Content/Menu/Console/PoweredOff.uasset" 3460
"C:/Users/Amir sanni/Desktop/Biplo/Roomba-Biplo-Studio/Content/Menu/Console/PoweredOff.uexp" 3461
"../../../Engine/Content/MapTemplates/Sky/M_BlackBackground.uasset" 3462
"../../../Engine/Content/MapTemplates/Sky/M_BlackBackground.uexp" 3463
"C:/Users/Amir sanni/Desktop/Biplo/Roomba-Biplo-Studio/Content/ThirdPerson/Blueprints/Generator/Yellow.uasset" 3464
"C:/Users/Amir sanni/Desktop/Biplo/Roomba-Biplo-Studio/Content/ThirdPerson/Blueprints/Generator/Yellow.uexp" 3465
"C:/Users/Amir sanni/Desktop/Biplo/Roomba-Biplo-Studio/Content/StarterContent/Textures/T_Concrete_Panels_D.ubulk" 3466
"C:/Users/Amir sanni/Desktop/Biplo/Roomba-Biplo-Studio/Content/StarterContent/Textures/T_Concrete_Panels_D.uasset" 3467
"C:/Users/Amir sanni/Desktop/Biplo/Roomba-Biplo-Studio/Content/StarterContent/Textures/T_Concrete_Panels_D.uexp" 3468
"C:/Users/Amir sanni/Desktop/Biplo/Roomba-Biplo-Studio/Content/StarterContent/Textures/T_Concrete_Panels_N.ubulk" 3469
"C:/Users/Amir sanni/Desktop/Biplo/Roomba-Biplo-Studio/Content/StarterContent/Textures/T_Concrete_Panels_N.uasset" 3470
"C:/Users/Amir sanni/Desktop/Biplo/Roomba-Biplo-Studio/Content/StarterContent/Textures/T_Concrete_Panels_N.uexp" 3471
"C:/Users/Amir sanni/Desktop/Biplo/Roomba-Biplo-Studio/Content/StarterContent/Materials/M_Concrete_Panels.uasset" 3472
"C:/Users/Amir sanni/Desktop/Biplo/Roomba-Biplo-Studio/Content/StarterContent/Materials/M_Concrete_Panels.uexp" 3473
"C:/Users/Amir sanni/Desktop/Biplo/Roomba-Biplo-Studio/Content/LevelDesign/Section3PowerStationFinal.uexp" 3474
"C:/Users/Amir sanni/Desktop/Biplo/Roomba-Biplo-Studio/Content/LevelDesign/Section3PowerStationFinal.umap" 3475
"C:/Users/Amir sanni/Desktop/Biplo/Roomba-Biplo-Studio/Content/LevelDesign/DavidsCooking/BakeryLightingWire.ubulk" 3476
"C:/Users/Amir sanni/Desktop/Biplo/Roomba-Biplo-Studio/Content/LevelDesign/DavidsCooking/BakeryLightingWire.uasset" 3477
"C:/Users/Amir sanni/Desktop/Biplo/Roomba-Biplo-Studio/Content/LevelDesign/DavidsCooking/BakeryLightingWire.uexp" 3478
"C:/Users/Amir sanni/Desktop/Biplo/Roomba-Biplo-Studio/Content/LevelDesign/DavidsCooking/PowerPlantDoor1Wire.ubulk" 3479
"C:/Users/Amir sanni/Desktop/Biplo/Roomba-Biplo-Studio/Content/LevelDesign/DavidsCooking/PowerPlantDoor1Wire.uasset" 3480
"C:/Users/Amir sanni/Desktop/Biplo/Roomba-Biplo-Studio/Content/LevelDesign/DavidsCooking/PowerPlantDoor1Wire.uexp" 3481
"C:/Users/Amir sanni/Desktop/Biplo/Roomba-Biplo-Studio/Content/LevelDesign/Section3PowerPlantInterior.uexp" 3482
"C:/Users/Amir sanni/Desktop/Biplo/Roomba-Biplo-Studio/Content/LevelDesign/Section3PowerPlantInterior.umap" 3483
"C:/Users/Amir sanni/Desktop/Biplo/Roomba-Biplo-Studio/Content/NewAssetsCool/Buildings/Building2/Building2.ubulk" 3484
"C:/Users/Amir sanni/Desktop/Biplo/Roomba-Biplo-Studio/Content/NewAssetsCool/Buildings/Building2/Building2.uasset" 3485
"C:/Users/Amir sanni/Desktop/Biplo/Roomba-Biplo-Studio/Content/NewAssetsCool/Buildings/Building2/Building2.uexp" 3486
"C:/Users/Amir sanni/Desktop/Biplo/Roomba-Biplo-Studio/Content/Assets/Warehouse/Mats/DriveBox_DefaultMaterial_OcclusionRoughnessMetallic.ubulk" 3487
"C:/Users/Amir sanni/Desktop/Biplo/Roomba-Biplo-Studio/Content/Assets/Warehouse/Mats/DriveBox_DefaultMaterial_OcclusionRoughnessMetallic.uasset" 3488
"C:/Users/Amir sanni/Desktop/Biplo/Roomba-Biplo-Studio/Content/Assets/Warehouse/Mats/DriveBox_DefaultMaterial_OcclusionRoughnessMetallic.uexp" 3489
"C:/Users/Amir sanni/Desktop/Biplo/Roomba-Biplo-Studio/Content/Assets/Warehouse/Mats/DriveBox_DefaultMaterial_Normal.ubulk" 3490
"C:/Users/Amir sanni/Desktop/Biplo/Roomba-Biplo-Studio/Content/Assets/Warehouse/Mats/DriveBox_DefaultMaterial_Normal.uasset" 3491
"C:/Users/Amir sanni/Desktop/Biplo/Roomba-Biplo-Studio/Content/Assets/Warehouse/Mats/DriveBox_DefaultMaterial_Normal.uexp" 3492
"C:/Users/Amir sanni/Desktop/Biplo/Roomba-Biplo-Studio/Content/Assets/Warehouse/Mats/DriveBox_DefaultMaterial_BaseColor.ubulk" 3493
"C:/Users/Amir sanni/Desktop/Biplo/Roomba-Biplo-Studio/Content/Assets/Warehouse/Mats/DriveBox_DefaultMaterial_BaseColor.uasset" 3494
"C:/Users/Amir sanni/Desktop/Biplo/Roomba-Biplo-Studio/Content/Assets/Warehouse/Mats/DriveBox_DefaultMaterial_BaseColor.uexp" 3495
"C:/Users/Amir sanni/Desktop/Biplo/Roomba-Biplo-Studio/Content/Assets/Warehouse/M_Voices.uasset" 3496
"C:/Users/Amir sanni/Desktop/Biplo/Roomba-Biplo-Studio/Content/Assets/Warehouse/M_Voices.uexp" 3497
"C:/Users/Amir sanni/Desktop/Biplo/Roomba-Biplo-Studio/Content/Assets/Warehouse/DriveBox.ubulk" 3498
"C:/Users/Amir sanni/Desktop/Biplo/Roomba-Biplo-Studio/Content/Assets/Warehouse/DriveBox.uasset" 3499
"C:/Users/Amir sanni/Desktop/Biplo/Roomba-Biplo-Studio/Content/Assets/Warehouse/DriveBox.uexp" 3500
"C:/Users/Amir sanni/Desktop/Biplo/Roomba-Biplo-Studio/Content/NewAssetsCool/Buildings/Building1/Building1.ubulk" 3501
"C:/Users/Amir sanni/Desktop/Biplo/Roomba-Biplo-Studio/Content/NewAssetsCool/Buildings/Building1/Building1.uasset" 3502
"C:/Users/Amir sanni/Desktop/Biplo/Roomba-Biplo-Studio/Content/NewAssetsCool/Buildings/Building1/Building1.uexp" 3503
"C:/Users/Amir sanni/Desktop/Biplo/Roomba-Biplo-Studio/Content/Assets/Cars/Mats/Car_Window_Normal.ubulk" 3504
"C:/Users/Amir sanni/Desktop/Biplo/Roomba-Biplo-Studio/Content/Assets/Cars/Mats/Car_Window_Normal.uasset" 3505
"C:/Users/Amir sanni/Desktop/Biplo/Roomba-Biplo-Studio/Content/Assets/Cars/Mats/Car_Window_Normal.uexp" 3506
"C:/Users/Amir sanni/Desktop/Biplo/Roomba-Biplo-Studio/Content/Assets/Cars/Mats/Green.ubulk" 3507
"C:/Users/Amir sanni/Desktop/Biplo/Roomba-Biplo-Studio/Content/Assets/Cars/Mats/Green.uasset" 3508
"C:/Users/Amir sanni/Desktop/Biplo/Roomba-Biplo-Studio/Content/Assets/Cars/Mats/Green.uexp" 3509
"C:/Users/Amir sanni/Desktop/Biplo/Roomba-Biplo-Studio/Content/Assets/Cars/Mats/Car_Window_OcclusionRoughnessMetallic.ubulk" 3510
"C:/Users/Amir sanni/Desktop/Biplo/Roomba-Biplo-Studio/Content/Assets/Cars/Mats/Car_Window_OcclusionRoughnessMetallic.uasset" 3511
"C:/Users/Amir sanni/Desktop/Biplo/Roomba-Biplo-Studio/Content/Assets/Cars/Mats/Car_Window_OcclusionRoughnessMetallic.uexp" 3512
"C:/Users/Amir sanni/Desktop/Biplo/Roomba-Biplo-Studio/Content/Assets/Cars/M_GreenCar.uasset" 3513
"C:/Users/Amir sanni/Desktop/Biplo/Roomba-Biplo-Studio/Content/Assets/Cars/M_GreenCar.uexp" 3514
"C:/Users/Amir sanni/Desktop/Biplo/Roomba-Biplo-Studio/Content/Assets/Cars/Mats/Red.ubulk" 3515
"C:/Users/Amir sanni/Desktop/Biplo/Roomba-Biplo-Studio/Content/Assets/Cars/Mats/Red.uasset" 3516
"C:/Users/Amir sanni/Desktop/Biplo/Roomba-Biplo-Studio/Content/Assets/Cars/Mats/Red.uexp" 3517
"C:/Users/Amir sanni/Desktop/Biplo/Roomba-Biplo-Studio/Content/Assets/Cars/M_RedCar.uasset" 3518
"C:/Users/Amir sanni/Desktop/Biplo/Roomba-Biplo-Studio/Content/Assets/Cars/M_RedCar.uexp" 3519
"C:/Users/Amir sanni/Desktop/Biplo/Roomba-Biplo-Studio/Content/Assets/Warehouse/Mats/WarehouseInt_DefaultMaterial_BaseColor.ubulk" 3520
"C:/Users/Amir sanni/Desktop/Biplo/Roomba-Biplo-Studio/Content/Assets/Warehouse/Mats/WarehouseInt_DefaultMaterial_BaseColor.uasset" 3521
"C:/Users/Amir sanni/Desktop/Biplo/Roomba-Biplo-Studio/Content/Assets/Warehouse/Mats/WarehouseInt_DefaultMaterial_BaseColor.uexp" 3522
"C:/Users/Amir sanni/Desktop/Biplo/Roomba-Biplo-Studio/Content/Assets/Warehouse/Mats/WarehouseInt_DefaultMaterial_Normal.ubulk" 3523
"C:/Users/Amir sanni/Desktop/Biplo/Roomba-Biplo-Studio/Content/Assets/Warehouse/Mats/WarehouseInt_DefaultMaterial_Normal.uasset" 3524
"C:/Users/Amir sanni/Desktop/Biplo/Roomba-Biplo-Studio/Content/Assets/Warehouse/Mats/WarehouseInt_DefaultMaterial_Normal.uexp" 3525
"C:/Users/Amir sanni/Desktop/Biplo/Roomba-Biplo-Studio/Content/Assets/Warehouse/Mats/WarehouseInt_DefaultMaterial_OcclusionRoughnessMetallic.ubulk" 3526
"C:/Users/Amir sanni/Desktop/Biplo/Roomba-Biplo-Studio/Content/Assets/Warehouse/Mats/WarehouseInt_DefaultMaterial_OcclusionRoughnessMetallic.uasset" 3527
"C:/Users/Amir sanni/Desktop/Biplo/Roomba-Biplo-Studio/Content/Assets/Warehouse/Mats/WarehouseInt_DefaultMaterial_OcclusionRoughnessMetallic.uexp" 3528
"C:/Users/Amir sanni/Desktop/Biplo/Roomba-Biplo-Studio/Content/Assets/Warehouse/Mats/M_WarehouseInt.uasset" 3529
"C:/Users/Amir sanni/Desktop/Biplo/Roomba-Biplo-Studio/Content/Assets/Warehouse/Mats/M_WarehouseInt.uexp" 3530
"C:/Users/Amir sanni/Desktop/Biplo/Roomba-Biplo-Studio/Content/Assets/Warehouse/WarehouseExt.ubulk" 3531
"C:/Users/Amir sanni/Desktop/Biplo/Roomba-Biplo-Studio/Content/Assets/Warehouse/WarehouseExt.uasset" 3532
"C:/Users/Amir sanni/Desktop/Biplo/Roomba-Biplo-Studio/Content/Assets/Warehouse/WarehouseExt.uexp" 3533
"C:/Users/Amir sanni/Desktop/Biplo/Roomba-Biplo-Studio/Content/NewAssetsCool/Buildings/Building4/building4.ubulk" 3534
"C:/Users/Amir sanni/Desktop/Biplo/Roomba-Biplo-Studio/Content/NewAssetsCool/Buildings/Building4/building4.uasset" 3535
"C:/Users/Amir sanni/Desktop/Biplo/Roomba-Biplo-Studio/Content/NewAssetsCool/Buildings/Building4/building4.uexp" 3536
"C:/Users/Amir sanni/Desktop/Biplo/Roomba-Biplo-Studio/Content/Assets/External/HousePack/Chair_1.ubulk" 3537
"C:/Users/Amir sanni/Desktop/Biplo/Roomba-Biplo-Studio/Content/Assets/External/HousePack/Chair_1.uasset" 3538
"C:/Users/Amir sanni/Desktop/Biplo/Roomba-Biplo-Studio/Content/Assets/External/HousePack/Chair_1.uexp" 3539
"C:/Users/Amir sanni/Desktop/Biplo/Roomba-Biplo-Studio/Content/Assets/Cars/Mats/Blue.ubulk" 3540
"C:/Users/Amir sanni/Desktop/Biplo/Roomba-Biplo-Studio/Content/Assets/Cars/Mats/Blue.uasset" 3541
"C:/Users/Amir sanni/Desktop/Biplo/Roomba-Biplo-Studio/Content/Assets/Cars/Mats/Blue.uexp" 3542
"C:/Users/Amir sanni/Desktop/Biplo/Roomba-Biplo-Studio/Content/Assets/Cars/M_BlueCar.uasset" 3543
"C:/Users/Amir sanni/Desktop/Biplo/Roomba-Biplo-Studio/Content/Assets/Cars/M_BlueCar.uexp" 3544
"C:/Users/Amir sanni/Desktop/Biplo/Roomba-Biplo-Studio/Content/LevelDesign/DavidsCooking/WarehouseShutterWire.ubulk" 3545
"C:/Users/Amir sanni/Desktop/Biplo/Roomba-Biplo-Studio/Content/LevelDesign/DavidsCooking/WarehouseShutterWire.uasset" 3546
"C:/Users/Amir sanni/Desktop/Biplo/Roomba-Biplo-Studio/Content/LevelDesign/DavidsCooking/WarehouseShutterWire.uexp" 3547
"C:/Users/Amir sanni/Desktop/Biplo/Roomba-Biplo-Studio/Content/LevelDesign/DavidsCooking/WarehouseDoorWire1.ubulk" 3548
"C:/Users/Amir sanni/Desktop/Biplo/Roomba-Biplo-Studio/Content/LevelDesign/DavidsCooking/WarehouseDoorWire1.uasset" 3549
"C:/Users/Amir sanni/Desktop/Biplo/Roomba-Biplo-Studio/Content/LevelDesign/DavidsCooking/WarehouseDoorWire1.uexp" 3550
"C:/Users/Amir sanni/Desktop/Biplo/Roomba-Biplo-Studio/Content/Assets/Warehouse/WarehouseInt.ubulk" 3551
"C:/Users/Amir sanni/Desktop/Biplo/Roomba-Biplo-Studio/Content/Assets/Warehouse/WarehouseInt.uasset" 3552
"C:/Users/Amir sanni/Desktop/Biplo/Roomba-Biplo-Studio/Content/Assets/Warehouse/WarehouseInt.uexp" 3553
"C:/Users/Amir sanni/Desktop/Biplo/Roomba-Biplo-Studio/Content/LevelDesign/Dash.uasset" 3554
"C:/Users/Amir sanni/Desktop/Biplo/Roomba-Biplo-Studio/Content/LevelDesign/Dash.uexp" 3555
"C:/Users/Amir sanni/Desktop/Biplo/Roomba-Biplo-Studio/Content/Assets/Cars/Car1_Car_001.ubulk" 3556
"C:/Users/Amir sanni/Desktop/Biplo/Roomba-Biplo-Studio/Content/Assets/Cars/Car1_Car_001.uasset" 3557
"C:/Users/Amir sanni/Desktop/Biplo/Roomba-Biplo-Studio/Content/Assets/Cars/Car1_Car_001.uexp" 3558
"C:/Users/Amir sanni/Desktop/Biplo/Roomba-Biplo-Studio/Content/Assets/Cars/Car1_Car.ubulk" 3559
"C:/Users/Amir sanni/Desktop/Biplo/Roomba-Biplo-Studio/Content/Assets/Cars/Car1_Car.uasset" 3560
"C:/Users/Amir sanni/Desktop/Biplo/Roomba-Biplo-Studio/Content/Assets/Cars/Car1_Car.uexp" 3561
"C:/Users/Amir sanni/Desktop/Biplo/Roomba-Biplo-Studio/Content/Assets/Cars/Car1_Car_002.ubulk" 3562
"C:/Users/Amir sanni/Desktop/Biplo/Roomba-Biplo-Studio/Content/Assets/Cars/Car1_Car_002.uasset" 3563
"C:/Users/Amir sanni/Desktop/Biplo/Roomba-Biplo-Studio/Content/Assets/Cars/Car1_Car_002.uexp" 3564
"C:/Users/Amir sanni/Desktop/Biplo/Roomba-Biplo-Studio/Content/Assets/Cars/Mats/Car_Window_BaseColor.ubulk" 3565
"C:/Users/Amir sanni/Desktop/Biplo/Roomba-Biplo-Studio/Content/Assets/Cars/Mats/Car_Window_BaseColor.uasset" 3566
"C:/Users/Amir sanni/Desktop/Biplo/Roomba-Biplo-Studio/Content/Assets/Cars/Mats/Car_Window_BaseColor.uexp" 3567
"C:/Users/Amir sanni/Desktop/Biplo/Roomba-Biplo-Studio/Content/Assets/Cars/M_BaseCar.uasset" 3568
"C:/Users/Amir sanni/Desktop/Biplo/Roomba-Biplo-Studio/Content/Assets/Cars/M_BaseCar.uexp" 3569
"C:/Users/Amir sanni/Desktop/Biplo/Roomba-Biplo-Studio/Content/Assets/Cars/Tyre_Tyre.ubulk" 3570
"C:/Users/Amir sanni/Desktop/Biplo/Roomba-Biplo-Studio/Content/Assets/Cars/Tyre_Tyre.uasset" 3571
"C:/Users/Amir sanni/Desktop/Biplo/Roomba-Biplo-Studio/Content/Assets/Cars/Tyre_Tyre.uexp" 3572
"C:/Users/Amir sanni/Desktop/Biplo/Roomba-Biplo-Studio/Content/Assets/Cars/Mats/Tyre_Window_BaseColor.ubulk" 3573
"C:/Users/Amir sanni/Desktop/Biplo/Roomba-Biplo-Studio/Content/Assets/Cars/Mats/Tyre_Window_BaseColor.uasset" 3574
"C:/Users/Amir sanni/Desktop/Biplo/Roomba-Biplo-Studio/Content/Assets/Cars/Mats/Tyre_Window_BaseColor.uexp" 3575
"C:/Users/Amir sanni/Desktop/Biplo/Roomba-Biplo-Studio/Content/Assets/Cars/Mats/Tyre_Window_OcclusionRoughnessMetallic.ubulk" 3576
"C:/Users/Amir sanni/Desktop/Biplo/Roomba-Biplo-Studio/Content/Assets/Cars/Mats/Tyre_Window_OcclusionRoughnessMetallic.uasset" 3577
"C:/Users/Amir sanni/Desktop/Biplo/Roomba-Biplo-Studio/Content/Assets/Cars/Mats/Tyre_Window_OcclusionRoughnessMetallic.uexp" 3578
"C:/Users/Amir sanni/Desktop/Biplo/Roomba-Biplo-Studio/Content/Assets/Cars/Mats/Tyre_Window_Normal.ubulk" 3579
"C:/Users/Amir sanni/Desktop/Biplo/Roomba-Biplo-Studio/Content/Assets/Cars/Mats/Tyre_Window_Normal.uasset" 3580
"C:/Users/Amir sanni/Desktop/Biplo/Roomba-Biplo-Studio/Content/Assets/Cars/Mats/Tyre_Window_Normal.uexp" 3581
"C:/Users/Amir sanni/Desktop/Biplo/Roomba-Biplo-Studio/Content/Assets/Cars/Mats/M_Tyre.uasset" 3582
"C:/Users/Amir sanni/Desktop/Biplo/Roomba-Biplo-Studio/Content/Assets/Cars/Mats/M_Tyre.uexp" 3583
"C:/Users/Amir sanni/Desktop/Biplo/Roomba-Biplo-Studio/Content/Assets/Cars/Car1_Car_003.ubulk" 3584
"C:/Users/Amir sanni/Desktop/Biplo/Roomba-Biplo-Studio/Content/Assets/Cars/Car1_Car_003.uasset" 3585
"C:/Users/Amir sanni/Desktop/Biplo/Roomba-Biplo-Studio/Content/Assets/Cars/Car1_Car_003.uexp" 3586
"C:/Users/Amir sanni/Desktop/Biplo/Roomba-Biplo-Studio/Content/Assets/Cars/Tyre_Tyre_001.ubulk" 3587
"C:/Users/Amir sanni/Desktop/Biplo/Roomba-Biplo-Studio/Content/Assets/Cars/Tyre_Tyre_001.uasset" 3588
"C:/Users/Amir sanni/Desktop/Biplo/Roomba-Biplo-Studio/Content/Assets/Cars/Tyre_Tyre_001.uexp" 3589
"C:/Users/Amir sanni/Desktop/Biplo/Roomba-Biplo-Studio/Content/Assets/SM_Car.uasset" 3590
"C:/Users/Amir sanni/Desktop/Biplo/Roomba-Biplo-Studio/Content/Assets/SM_Car.uexp" 3591
"C:/Users/Amir sanni/Desktop/Biplo/Roomba-Biplo-Studio/Content/NewAssetsCool/Buildings/Building3/building3.ubulk" 3592
"C:/Users/Amir sanni/Desktop/Biplo/Roomba-Biplo-Studio/Content/NewAssetsCool/Buildings/Building3/building3.uasset" 3593
"C:/Users/Amir sanni/Desktop/Biplo/Roomba-Biplo-Studio/Content/NewAssetsCool/Buildings/Building3/building3.uexp" 3594
"C:/Users/Amir sanni/Desktop/Biplo/Roomba-Biplo-Studio/Content/NewAssetsCool/Buildings/Building4/building_Low_lambert1_Normal.ubulk" 3595
"C:/Users/Amir sanni/Desktop/Biplo/Roomba-Biplo-Studio/Content/NewAssetsCool/Buildings/Building4/building_Low_lambert1_Normal.uasset" 3596
"C:/Users/Amir sanni/Desktop/Biplo/Roomba-Biplo-Studio/Content/NewAssetsCool/Buildings/Building4/building_Low_lambert1_Normal.uexp" 3597
"C:/Users/Amir sanni/Desktop/Biplo/Roomba-Biplo-Studio/Content/NewAssetsCool/Buildings/Building4/building_Low_lambert1_BaseColor.ubulk" 3598
"C:/Users/Amir sanni/Desktop/Biplo/Roomba-Biplo-Studio/Content/NewAssetsCool/Buildings/Building4/building_Low_lambert1_BaseColor.uasset" 3599
"C:/Users/Amir sanni/Desktop/Biplo/Roomba-Biplo-Studio/Content/NewAssetsCool/Buildings/Building4/building_Low_lambert1_BaseColor.uexp" 3600
"C:/Users/Amir sanni/Desktop/Biplo/Roomba-Biplo-Studio/Content/NewAssetsCool/Buildings/Building4/building_Low_lambert1_OcclusionRoughnessMetallic.ubulk" 3601
"C:/Users/Amir sanni/Desktop/Biplo/Roomba-Biplo-Studio/Content/NewAssetsCool/Buildings/Building4/building_Low_lambert1_OcclusionRoughnessMetallic.uasset" 3602
"C:/Users/Amir sanni/Desktop/Biplo/Roomba-Biplo-Studio/Content/NewAssetsCool/Buildings/Building4/building_Low_lambert1_OcclusionRoughnessMetallic.uexp" 3603
"C:/Users/Amir sanni/Desktop/Biplo/Roomba-Biplo-Studio/Content/NewAssetsCool/Buildings/Building4/building4_Mat.uasset" 3604
"C:/Users/Amir sanni/Desktop/Biplo/Roomba-Biplo-Studio/Content/NewAssetsCool/Buildings/Building4/building4_Mat.uexp" 3605
"C:/Users/Amir sanni/Desktop/Biplo/Roomba-Biplo-Studio/Content/NewAssetsCool/Buildings/Building1/building1_Low_lambert1_Normal.ubulk" 3606
"C:/Users/Amir sanni/Desktop/Biplo/Roomba-Biplo-Studio/Content/NewAssetsCool/Buildings/Building1/building1_Low_lambert1_Normal.uasset" 3607
"C:/Users/Amir sanni/Desktop/Biplo/Roomba-Biplo-Studio/Content/NewAssetsCool/Buildings/Building1/building1_Low_lambert1_Normal.uexp" 3608
"C:/Users/Amir sanni/Desktop/Biplo/Roomba-Biplo-Studio/Content/NewAssetsCool/Buildings/Building1/building1_Low_lambert1_OcclusionRoughnessMetallic.ubulk" 3609
"C:/Users/Amir sanni/Desktop/Biplo/Roomba-Biplo-Studio/Content/NewAssetsCool/Buildings/Building1/building1_Low_lambert1_OcclusionRoughnessMetallic.uasset" 3610
"C:/Users/Amir sanni/Desktop/Biplo/Roomba-Biplo-Studio/Content/NewAssetsCool/Buildings/Building1/building1_Low_lambert1_OcclusionRoughnessMetallic.uexp" 3611
"C:/Users/Amir sanni/Desktop/Biplo/Roomba-Biplo-Studio/Content/NewAssetsCool/Buildings/Building1/building1_Low_lambert1_BaseColor.ubulk" 3612
"C:/Users/Amir sanni/Desktop/Biplo/Roomba-Biplo-Studio/Content/NewAssetsCool/Buildings/Building1/building1_Low_lambert1_BaseColor.uasset" 3613
"C:/Users/Amir sanni/Desktop/Biplo/Roomba-Biplo-Studio/Content/NewAssetsCool/Buildings/Building1/building1_Low_lambert1_BaseColor.uexp" 3614
"C:/Users/Amir sanni/Desktop/Biplo/Roomba-Biplo-Studio/Content/NewAssetsCool/Buildings/Building1/Building1_Mat.uasset" 3615
"C:/Users/Amir sanni/Desktop/Biplo/Roomba-Biplo-Studio/Content/NewAssetsCool/Buildings/Building1/Building1_Mat.uexp" 3616
"C:/Users/Amir sanni/Desktop/Biplo/Roomba-Biplo-Studio/Content/Assets/2DImages/roadLines.uasset" 3617
"C:/Users/Amir sanni/Desktop/Biplo/Roomba-Biplo-Studio/Content/Assets/2DImages/roadLines.uexp" 3618
"C:/Users/Amir sanni/Desktop/Biplo/Roomba-Biplo-Studio/Content/Assets/2DImages/M_RoadLines.uasset" 3619
"C:/Users/Amir sanni/Desktop/Biplo/Roomba-Biplo-Studio/Content/Assets/2DImages/M_RoadLines.uexp" 3620
"C:/Users/Amir sanni/Desktop/Biplo/Roomba-Biplo-Studio/Content/Assets/Apartment/Furniture/Monitor.ubulk" 3621
"C:/Users/Amir sanni/Desktop/Biplo/Roomba-Biplo-Studio/Content/Assets/Apartment/Furniture/Monitor.uasset" 3622
"C:/Users/Amir sanni/Desktop/Biplo/Roomba-Biplo-Studio/Content/Assets/Apartment/Furniture/Monitor.uexp" 3623
"C:/Users/Amir sanni/Desktop/Biplo/Roomba-Biplo-Studio/Content/NewAssetsCool/Buildings/Building3/BlueTextures/building3_Low_lambert1_OcclusionRoughnessMetallic.ubulk" 3624
"C:/Users/Amir sanni/Desktop/Biplo/Roomba-Biplo-Studio/Content/NewAssetsCool/Buildings/Building3/BlueTextures/building3_Low_lambert1_OcclusionRoughnessMetallic.uasset" 3625
"C:/Users/Amir sanni/Desktop/Biplo/Roomba-Biplo-Studio/Content/NewAssetsCool/Buildings/Building3/BlueTextures/building3_Low_lambert1_OcclusionRoughnessMetallic.uexp" 3626
"C:/Users/Amir sanni/Desktop/Biplo/Roomba-Biplo-Studio/Content/NewAssetsCool/Buildings/Building3/BlueTextures/building3_Low_lambert1_Normal.ubulk" 3627
"C:/Users/Amir sanni/Desktop/Biplo/Roomba-Biplo-Studio/Content/NewAssetsCool/Buildings/Building3/BlueTextures/building3_Low_lambert1_Normal.uasset" 3628
"C:/Users/Amir sanni/Desktop/Biplo/Roomba-Biplo-Studio/Content/NewAssetsCool/Buildings/Building3/BlueTextures/building3_Low_lambert1_Normal.uexp" 3629
"C:/Users/Amir sanni/Desktop/Biplo/Roomba-Biplo-Studio/Content/NewAssetsCool/Buildings/Building3/BlueTextures/building3_Low_lambert1_BaseColor.ubulk" 3630
"C:/Users/Amir sanni/Desktop/Biplo/Roomba-Biplo-Studio/Content/NewAssetsCool/Buildings/Building3/BlueTextures/building3_Low_lambert1_BaseColor.uasset" 3631
"C:/Users/Amir sanni/Desktop/Biplo/Roomba-Biplo-Studio/Content/NewAssetsCool/Buildings/Building3/BlueTextures/building3_Low_lambert1_BaseColor.uexp" 3632
"C:/Users/Amir sanni/Desktop/Biplo/Roomba-Biplo-Studio/Content/NewAssetsCool/Buildings/Building3/BlueTextures/Building3BlueMat.uasset" 3633
"C:/Users/Amir sanni/Desktop/Biplo/Roomba-Biplo-Studio/Content/NewAssetsCool/Buildings/Building3/BlueTextures/Building3BlueMat.uexp" 3634
"C:/Users/Amir sanni/Desktop/Biplo/Roomba-Biplo-Studio/Content/NewAssetsCool/Buildings/Building3/building3_Low_lambert1_BaseColor.ubulk" 3635
"C:/Users/Amir sanni/Desktop/Biplo/Roomba-Biplo-Studio/Content/NewAssetsCool/Buildings/Building3/building3_Low_lambert1_BaseColor.uasset" 3636
"C:/Users/Amir sanni/Desktop/Biplo/Roomba-Biplo-Studio/Content/NewAssetsCool/Buildings/Building3/building3_Low_lambert1_BaseColor.uexp" 3637
"C:/Users/Amir sanni/Desktop/Biplo/Roomba-Biplo-Studio/Content/NewAssetsCool/Buildings/Building3/building3_Low_lambert1_OcclusionRoughnessMetallic.ubulk" 3638
"C:/Users/Amir sanni/Desktop/Biplo/Roomba-Biplo-Studio/Content/NewAssetsCool/Buildings/Building3/building3_Low_lambert1_OcclusionRoughnessMetallic.uasset" 3639
"C:/Users/Amir sanni/Desktop/Biplo/Roomba-Biplo-Studio/Content/NewAssetsCool/Buildings/Building3/building3_Low_lambert1_OcclusionRoughnessMetallic.uexp" 3640
"C:/Users/Amir sanni/Desktop/Biplo/Roomba-Biplo-Studio/Content/NewAssetsCool/Buildings/Building3/building3_Low_lambert1_Normal.ubulk" 3641
"C:/Users/Amir sanni/Desktop/Biplo/Roomba-Biplo-Studio/Content/NewAssetsCool/Buildings/Building3/building3_Low_lambert1_Normal.uasset" 3642
"C:/Users/Amir sanni/Desktop/Biplo/Roomba-Biplo-Studio/Content/NewAssetsCool/Buildings/Building3/building3_Low_lambert1_Normal.uexp" 3643
"C:/Users/Amir sanni/Desktop/Biplo/Roomba-Biplo-Studio/Content/NewAssetsCool/Buildings/Building3/building3_Mat.uasset" 3644
"C:/Users/Amir sanni/Desktop/Biplo/Roomba-Biplo-Studio/Content/NewAssetsCool/Buildings/Building3/building3_Mat.uexp" 3645
"C:/Users/Amir sanni/Desktop/Biplo/Roomba-Biplo-Studio/Content/NewAssetsCool/Buildings/Building6/building6_Low_lambert1_OcclusionRoughnessMetallic.ubulk" 3646
"C:/Users/Amir sanni/Desktop/Biplo/Roomba-Biplo-Studio/Content/NewAssetsCool/Buildings/Building6/building6_Low_lambert1_OcclusionRoughnessMetallic.uasset" 3647
"C:/Users/Amir sanni/Desktop/Biplo/Roomba-Biplo-Studio/Content/NewAssetsCool/Buildings/Building6/building6_Low_lambert1_OcclusionRoughnessMetallic.uexp" 3648
"C:/Users/Amir sanni/Desktop/Biplo/Roomba-Biplo-Studio/Content/NewAssetsCool/Buildings/Building6/building6_Low_lambert1_Normal.ubulk" 3649
"C:/Users/Amir sanni/Desktop/Biplo/Roomba-Biplo-Studio/Content/NewAssetsCool/Buildings/Building6/building6_Low_lambert1_Normal.uasset" 3650
"C:/Users/Amir sanni/Desktop/Biplo/Roomba-Biplo-Studio/Content/NewAssetsCool/Buildings/Building6/building6_Low_lambert1_Normal.uexp" 3651
"C:/Users/Amir sanni/Desktop/Biplo/Roomba-Biplo-Studio/Content/NewAssetsCool/Buildings/Building6/building6_Low_lambert1_BaseColor.ubulk" 3652
"C:/Users/Amir sanni/Desktop/Biplo/Roomba-Biplo-Studio/Content/NewAssetsCool/Buildings/Building6/building6_Low_lambert1_BaseColor.uasset" 3653
"C:/Users/Amir sanni/Desktop/Biplo/Roomba-Biplo-Studio/Content/NewAssetsCool/Buildings/Building6/building6_Low_lambert1_BaseColor.uexp" 3654
"C:/Users/Amir sanni/Desktop/Biplo/Roomba-Biplo-Studio/Content/NewAssetsCool/Buildings/Building6/building6_Mat.uasset" 3655
"C:/Users/Amir sanni/Desktop/Biplo/Roomba-Biplo-Studio/Content/NewAssetsCool/Buildings/Building6/building6_Mat.uexp" 3656
"C:/Users/Amir sanni/Desktop/Biplo/Roomba-Biplo-Studio/Content/Assets/Apartment/Textures/DeskAttempt1_Metal_BaseColor.ubulk" 3657
"C:/Users/Amir sanni/Desktop/Biplo/Roomba-Biplo-Studio/Content/Assets/Apartment/Textures/DeskAttempt1_Metal_BaseColor.uasset" 3658
"C:/Users/Amir sanni/Desktop/Biplo/Roomba-Biplo-Studio/Content/Assets/Apartment/Textures/DeskAttempt1_Metal_BaseColor.uexp" 3659
"C:/Users/Amir sanni/Desktop/Biplo/Roomba-Biplo-Studio/Content/Assets/Apartment/Textures/DeskAttempt1_Metal_OcclusionRoughnessMetallic.ubulk" 3660
"C:/Users/Amir sanni/Desktop/Biplo/Roomba-Biplo-Studio/Content/Assets/Apartment/Textures/DeskAttempt1_Metal_OcclusionRoughnessMetallic.uasset" 3661
"C:/Users/Amir sanni/Desktop/Biplo/Roomba-Biplo-Studio/Content/Assets/Apartment/Textures/DeskAttempt1_Metal_OcclusionRoughnessMetallic.uexp" 3662
"C:/Users/Amir sanni/Desktop/Biplo/Roomba-Biplo-Studio/Content/Assets/Apartment/Textures/DeskAttempt1_Metal_Normal.ubulk" 3663
"C:/Users/Amir sanni/Desktop/Biplo/Roomba-Biplo-Studio/Content/Assets/Apartment/Textures/DeskAttempt1_Metal_Normal.uasset" 3664
"C:/Users/Amir sanni/Desktop/Biplo/Roomba-Biplo-Studio/Content/Assets/Apartment/Textures/DeskAttempt1_Metal_Normal.uexp" 3665
"C:/Users/Amir sanni/Desktop/Biplo/Roomba-Biplo-Studio/Content/Assets/Apartment/Textures/M_DeskMetal.uasset" 3666
"C:/Users/Amir sanni/Desktop/Biplo/Roomba-Biplo-Studio/Content/Assets/Apartment/Textures/M_DeskMetal.uexp" 3667
"C:/Users/Amir sanni/Desktop/Biplo/Roomba-Biplo-Studio/Content/Assets/Apartment/Textures/DeskAttempt1_Wood1_Normal.ubulk" 3668
"C:/Users/Amir sanni/Desktop/Biplo/Roomba-Biplo-Studio/Content/Assets/Apartment/Textures/DeskAttempt1_Wood1_Normal.uasset" 3669
"C:/Users/Amir sanni/Desktop/Biplo/Roomba-Biplo-Studio/Content/Assets/Apartment/Textures/DeskAttempt1_Wood1_Normal.uexp" 3670
"C:/Users/Amir sanni/Desktop/Biplo/Roomba-Biplo-Studio/Content/Assets/Apartment/Textures/DeskAttempt1_Wood1_BaseColor.ubulk" 3671
"C:/Users/Amir sanni/Desktop/Biplo/Roomba-Biplo-Studio/Content/Assets/Apartment/Textures/DeskAttempt1_Wood1_BaseColor.uasset" 3672
"C:/Users/Amir sanni/Desktop/Biplo/Roomba-Biplo-Studio/Content/Assets/Apartment/Textures/DeskAttempt1_Wood1_BaseColor.uexp" 3673
"C:/Users/Amir sanni/Desktop/Biplo/Roomba-Biplo-Studio/Content/Assets/Apartment/Textures/DeskAttempt1_Wood1_OcclusionRoughnessMetallic.ubulk" 3674
"C:/Users/Amir sanni/Desktop/Biplo/Roomba-Biplo-Studio/Content/Assets/Apartment/Textures/DeskAttempt1_Wood1_OcclusionRoughnessMetallic.uasset" 3675
"C:/Users/Amir sanni/Desktop/Biplo/Roomba-Biplo-Studio/Content/Assets/Apartment/Textures/DeskAttempt1_Wood1_OcclusionRoughnessMetallic.uexp" 3676
"C:/Users/Amir sanni/Desktop/Biplo/Roomba-Biplo-Studio/Content/Assets/Apartment/Textures/M_Wood1.uasset" 3677
"C:/Users/Amir sanni/Desktop/Biplo/Roomba-Biplo-Studio/Content/Assets/Apartment/Textures/M_Wood1.uexp" 3678
"C:/Users/Amir sanni/Desktop/Biplo/Roomba-Biplo-Studio/Content/Assets/Apartment/Textures/DeskAttempt1_Wood2_OcclusionRoughnessMetallic.ubulk" 3679
"C:/Users/Amir sanni/Desktop/Biplo/Roomba-Biplo-Studio/Content/Assets/Apartment/Textures/DeskAttempt1_Wood2_OcclusionRoughnessMetallic.uasset" 3680
"C:/Users/Amir sanni/Desktop/Biplo/Roomba-Biplo-Studio/Content/Assets/Apartment/Textures/DeskAttempt1_Wood2_OcclusionRoughnessMetallic.uexp" 3681
"C:/Users/Amir sanni/Desktop/Biplo/Roomba-Biplo-Studio/Content/Assets/Apartment/Textures/DeskAttempt1_Wood2_BaseColor.ubulk" 3682
"C:/Users/Amir sanni/Desktop/Biplo/Roomba-Biplo-Studio/Content/Assets/Apartment/Textures/DeskAttempt1_Wood2_BaseColor.uasset" 3683
"C:/Users/Amir sanni/Desktop/Biplo/Roomba-Biplo-Studio/Content/Assets/Apartment/Textures/DeskAttempt1_Wood2_BaseColor.uexp" 3684
"C:/Users/Amir sanni/Desktop/Biplo/Roomba-Biplo-Studio/Content/Assets/Apartment/Textures/DeskAttempt1_Wood2_Normal.ubulk" 3685
"C:/Users/Amir sanni/Desktop/Biplo/Roomba-Biplo-Studio/Content/Assets/Apartment/Textures/DeskAttempt1_Wood2_Normal.uasset" 3686
"C:/Users/Amir sanni/Desktop/Biplo/Roomba-Biplo-Studio/Content/Assets/Apartment/Textures/DeskAttempt1_Wood2_Normal.uexp" 3687
"C:/Users/Amir sanni/Desktop/Biplo/Roomba-Biplo-Studio/Content/Assets/Apartment/Textures/M_Wood2.uasset" 3688
"C:/Users/Amir sanni/Desktop/Biplo/Roomba-Biplo-Studio/Content/Assets/Apartment/Textures/M_Wood2.uexp" 3689
"C:/Users/Amir sanni/Desktop/Biplo/Roomba-Biplo-Studio/Content/Assets/Apartment/Furniture/DeskAttempt1.ubulk" 3690
"C:/Users/Amir sanni/Desktop/Biplo/Roomba-Biplo-Studio/Content/Assets/Apartment/Furniture/DeskAttempt1.uasset" 3691
"C:/Users/Amir sanni/Desktop/Biplo/Roomba-Biplo-Studio/Content/Assets/Apartment/Furniture/DeskAttempt1.uexp" 3692
"C:/Users/Amir sanni/Desktop/Biplo/Roomba-Biplo-Studio/Content/NewAssetsCool/Buildings/Building2/building2_Low_lambert1_OcclusionRoughnessMetallic.ubulk" 3693
"C:/Users/Amir sanni/Desktop/Biplo/Roomba-Biplo-Studio/Content/NewAssetsCool/Buildings/Building2/building2_Low_lambert1_OcclusionRoughnessMetallic.uasset" 3694
"C:/Users/Amir sanni/Desktop/Biplo/Roomba-Biplo-Studio/Content/NewAssetsCool/Buildings/Building2/building2_Low_lambert1_OcclusionRoughnessMetallic.uexp" 3695
"C:/Users/Amir sanni/Desktop/Biplo/Roomba-Biplo-Studio/Content/NewAssetsCool/Buildings/Building2/building2_Low_lambert1_BaseColor.ubulk" 3696
"C:/Users/Amir sanni/Desktop/Biplo/Roomba-Biplo-Studio/Content/NewAssetsCool/Buildings/Building2/building2_Low_lambert1_BaseColor.uasset" 3697
"C:/Users/Amir sanni/Desktop/Biplo/Roomba-Biplo-Studio/Content/NewAssetsCool/Buildings/Building2/building2_Low_lambert1_BaseColor.uexp" 3698
"C:/Users/Amir sanni/Desktop/Biplo/Roomba-Biplo-Studio/Content/NewAssetsCool/Buildings/Building2/building2_Low_lambert1_Emissive.ubulk" 3699
"C:/Users/Amir sanni/Desktop/Biplo/Roomba-Biplo-Studio/Content/NewAssetsCool/Buildings/Building2/building2_Low_lambert1_Emissive.uasset" 3700
"C:/Users/Amir sanni/Desktop/Biplo/Roomba-Biplo-Studio/Content/NewAssetsCool/Buildings/Building2/building2_Low_lambert1_Emissive.uexp" 3701
"C:/Users/Amir sanni/Desktop/Biplo/Roomba-Biplo-Studio/Content/NewAssetsCool/Buildings/Building2/building2_Low_lambert1_Normal.ubulk" 3702
"C:/Users/Amir sanni/Desktop/Biplo/Roomba-Biplo-Studio/Content/NewAssetsCool/Buildings/Building2/building2_Low_lambert1_Normal.uasset" 3703
"C:/Users/Amir sanni/Desktop/Biplo/Roomba-Biplo-Studio/Content/NewAssetsCool/Buildings/Building2/building2_Low_lambert1_Normal.uexp" 3704
"C:/Users/Amir sanni/Desktop/Biplo/Roomba-Biplo-Studio/Content/NewAssetsCool/Buildings/Building2/Building2_Mat.uasset" 3705
"C:/Users/Amir sanni/Desktop/Biplo/Roomba-Biplo-Studio/Content/NewAssetsCool/Buildings/Building2/Building2_Mat.uexp" 3706
"C:/Users/Amir sanni/Desktop/Biplo/Roomba-Biplo-Studio/Content/Assets/M_IGlass2.uasset" 3707
"C:/Users/Amir sanni/Desktop/Biplo/Roomba-Biplo-Studio/Content/Assets/M_IGlass2.uexp" 3708
"C:/Users/Amir sanni/Desktop/Biplo/Roomba-Biplo-Studio/Content/LevelDesign/Section2Warehouse.uexp" 3709
"C:/Users/Amir sanni/Desktop/Biplo/Roomba-Biplo-Studio/Content/LevelDesign/Section2Warehouse.umap" 3710
"C:/Users/Amir sanni/Desktop/Biplo/Roomba-Biplo-Studio/Content/NewAssetsCool/plank/plank.ubulk" 3711
"C:/Users/Amir sanni/Desktop/Biplo/Roomba-Biplo-Studio/Content/NewAssetsCool/plank/plank.uasset" 3712
"C:/Users/Amir sanni/Desktop/Biplo/Roomba-Biplo-Studio/Content/NewAssetsCool/plank/plank.uexp" 3713
"C:/Users/Amir sanni/Desktop/Biplo/Roomba-Biplo-Studio/Content/Assets/Buildings/Textures/plainWall_lambert1_BaseColor1.ubulk" 3714
"C:/Users/Amir sanni/Desktop/Biplo/Roomba-Biplo-Studio/Content/Assets/Buildings/Textures/plainWall_lambert1_BaseColor1.uasset" 3715
"C:/Users/Amir sanni/Desktop/Biplo/Roomba-Biplo-Studio/Content/Assets/Buildings/Textures/plainWall_lambert1_BaseColor1.uexp" 3716
"C:/Users/Amir sanni/Desktop/Biplo/Roomba-Biplo-Studio/Content/Assets/Buildings/Normal_Mats/M_WallOrange.uasset" 3717
"C:/Users/Amir sanni/Desktop/Biplo/Roomba-Biplo-Studio/Content/Assets/Buildings/Normal_Mats/M_WallOrange.uexp" 3718
"C:/Users/Amir sanni/Desktop/Biplo/Roomba-Biplo-Studio/Content/Assets/Buildings/Wall.ubulk" 3719
"C:/Users/Amir sanni/Desktop/Biplo/Roomba-Biplo-Studio/Content/Assets/Buildings/Wall.uasset" 3720
"C:/Users/Amir sanni/Desktop/Biplo/Roomba-Biplo-Studio/Content/Assets/Buildings/Wall.uexp" 3721
"C:/Users/Amir sanni/Desktop/Biplo/Roomba-Biplo-Studio/Content/NewAssetsCool/WaterTower/waterTower_Low_standardSurface1_Normal.ubulk" 3722
"C:/Users/Amir sanni/Desktop/Biplo/Roomba-Biplo-Studio/Content/NewAssetsCool/WaterTower/waterTower_Low_standardSurface1_Normal.uasset" 3723
"C:/Users/Amir sanni/Desktop/Biplo/Roomba-Biplo-Studio/Content/NewAssetsCool/WaterTower/waterTower_Low_standardSurface1_Normal.uexp" 3724
"C:/Users/Amir sanni/Desktop/Biplo/Roomba-Biplo-Studio/Content/NewAssetsCool/WaterTower/waterTower_Low_standardSurface1_BaseColor.ubulk" 3725
"C:/Users/Amir sanni/Desktop/Biplo/Roomba-Biplo-Studio/Content/NewAssetsCool/WaterTower/waterTower_Low_standardSurface1_BaseColor.uasset" 3726
"C:/Users/Amir sanni/Desktop/Biplo/Roomba-Biplo-Studio/Content/NewAssetsCool/WaterTower/waterTower_Low_standardSurface1_BaseColor.uexp" 3727
"C:/Users/Amir sanni/Desktop/Biplo/Roomba-Biplo-Studio/Content/NewAssetsCool/WaterTower/waterTower_Low_standardSurface1_OcclusionRoughnessMetallic.ubulk" 3728
"C:/Users/Amir sanni/Desktop/Biplo/Roomba-Biplo-Studio/Content/NewAssetsCool/WaterTower/waterTower_Low_standardSurface1_OcclusionRoughnessMetallic.uasset" 3729
"C:/Users/Amir sanni/Desktop/Biplo/Roomba-Biplo-Studio/Content/NewAssetsCool/WaterTower/waterTower_Low_standardSurface1_OcclusionRoughnessMetallic.uexp" 3730
"C:/Users/Amir sanni/Desktop/Biplo/Roomba-Biplo-Studio/Content/NewAssetsCool/WaterTower/M_WaterTower.uasset" 3731
"C:/Users/Amir sanni/Desktop/Biplo/Roomba-Biplo-Studio/Content/NewAssetsCool/WaterTower/M_WaterTower.uexp" 3732
"C:/Users/Amir sanni/Desktop/Biplo/Roomba-Biplo-Studio/Content/NewAssetsCool/WaterTower/waterTower.ubulk" 3733
"C:/Users/Amir sanni/Desktop/Biplo/Roomba-Biplo-Studio/Content/NewAssetsCool/WaterTower/waterTower.uasset" 3734
"C:/Users/Amir sanni/Desktop/Biplo/Roomba-Biplo-Studio/Content/NewAssetsCool/WaterTower/waterTower.uexp" 3735
"C:/Users/Amir sanni/Desktop/Biplo/Roomba-Biplo-Studio/Content/NewAssetsCool/2D/Skyline/SkylineMid/skylineMid2.uasset" 3736
"C:/Users/Amir sanni/Desktop/Biplo/Roomba-Biplo-Studio/Content/NewAssetsCool/2D/Skyline/SkylineMid/skylineMid2.uexp" 3737
"C:/Users/Amir sanni/Desktop/Biplo/Roomba-Biplo-Studio/Content/NewAssetsCool/2D/Skyline/SkylineMid/skylineMid2_Mat.uasset" 3738
"C:/Users/Amir sanni/Desktop/Biplo/Roomba-Biplo-Studio/Content/NewAssetsCool/2D/Skyline/SkylineMid/skylineMid2_Mat.uexp" 3739
"../../../Engine/Content/Functions/Engine_MaterialFunctions01/WorldPositionOffset/SimpleGrassWind.uasset" 3740
"../../../Engine/Content/Functions/Engine_MaterialFunctions01/WorldPositionOffset/SimpleGrassWind.uexp" 3741
"C:/Users/Amir sanni/Desktop/Biplo/Roomba-Biplo-Studio/Content/Assets/2DImages/M_VineSingle.uasset" 3742
"C:/Users/Amir sanni/Desktop/Biplo/Roomba-Biplo-Studio/Content/Assets/2DImages/M_VineSingle.uexp" 3743
"C:/Users/Amir sanni/Desktop/Biplo/Roomba-Biplo-Studio/Content/NewAssetsCool/vents/ventSideBuilding/ventSideBuilding_Low_lambert1_Normal.ubulk" 3744
"C:/Users/Amir sanni/Desktop/Biplo/Roomba-Biplo-Studio/Content/NewAssetsCool/vents/ventSideBuilding/ventSideBuilding_Low_lambert1_Normal.uasset" 3745
"C:/Users/Amir sanni/Desktop/Biplo/Roomba-Biplo-Studio/Content/NewAssetsCool/vents/ventSideBuilding/ventSideBuilding_Low_lambert1_Normal.uexp" 3746
"C:/Users/Amir sanni/Desktop/Biplo/Roomba-Biplo-Studio/Content/NewAssetsCool/vents/ventSideBuilding/ventSideBuilding_Low_lambert1_BaseColor.ubulk" 3747
"C:/Users/Amir sanni/Desktop/Biplo/Roomba-Biplo-Studio/Content/NewAssetsCool/vents/ventSideBuilding/ventSideBuilding_Low_lambert1_BaseColor.uasset" 3748
"C:/Users/Amir sanni/Desktop/Biplo/Roomba-Biplo-Studio/Content/NewAssetsCool/vents/ventSideBuilding/ventSideBuilding_Low_lambert1_BaseColor.uexp" 3749
"C:/Users/Amir sanni/Desktop/Biplo/Roomba-Biplo-Studio/Content/NewAssetsCool/vents/ventSideBuilding/ventSideBuilding_Low_lambert1_OcclusionRoughnessMetallic.ubulk" 3750
"C:/Users/Amir sanni/Desktop/Biplo/Roomba-Biplo-Studio/Content/NewAssetsCool/vents/ventSideBuilding/ventSideBuilding_Low_lambert1_OcclusionRoughnessMetallic.uasset" 3751
"C:/Users/Amir sanni/Desktop/Biplo/Roomba-Biplo-Studio/Content/NewAssetsCool/vents/ventSideBuilding/ventSideBuilding_Low_lambert1_OcclusionRoughnessMetallic.uexp" 3752
"C:/Users/Amir sanni/Desktop/Biplo/Roomba-Biplo-Studio/Content/NewAssetsCool/vents/ventSideBuilding/ventSideBuilding_mat.uasset" 3753
"C:/Users/Amir sanni/Desktop/Biplo/Roomba-Biplo-Studio/Content/NewAssetsCool/vents/ventSideBuilding/ventSideBuilding_mat.uexp" 3754
"C:/Users/Amir sanni/Desktop/Biplo/Roomba-Biplo-Studio/Content/Assets/2DImages/M_VineSmall.uasset" 3755
"C:/Users/Amir sanni/Desktop/Biplo/Roomba-Biplo-Studio/Content/Assets/2DImages/M_VineSmall.uexp" 3756
"C:/Users/Amir sanni/Desktop/Biplo/Roomba-Biplo-Studio/Content/Audio/Raw_Audio/Ambient/Street_Wind.ubulk" 3757
"C:/Users/Amir sanni/Desktop/Biplo/Roomba-Biplo-Studio/Content/Audio/Raw_Audio/Ambient/Street_Wind.uasset" 3758
"C:/Users/Amir sanni/Desktop/Biplo/Roomba-Biplo-Studio/Content/Audio/Raw_Audio/Ambient/Street_Wind.uexp" 3759
"C:/Users/Amir sanni/Desktop/Biplo/Roomba-Biplo-Studio/Content/Audio/MetaSounds/MS_ExtAmb.uasset" 3760
"C:/Users/Amir sanni/Desktop/Biplo/Roomba-Biplo-Studio/Content/Audio/MetaSounds/MS_ExtAmb.uexp" 3761
"C:/Users/Amir sanni/Desktop/Biplo/Roomba-Biplo-Studio/Content/NewAssetsCool/vents/ventCap/ventCap.ubulk" 3762
"C:/Users/Amir sanni/Desktop/Biplo/Roomba-Biplo-Studio/Content/NewAssetsCool/vents/ventCap/ventCap.uasset" 3763
"C:/Users/Amir sanni/Desktop/Biplo/Roomba-Biplo-Studio/Content/NewAssetsCool/vents/ventCap/ventCap.uexp" 3764
"C:/Users/Amir sanni/Desktop/Biplo/Roomba-Biplo-Studio/Content/NewAssetsCool/Powerplant/powerPlant_Low_standardSurface1_BaseColor.ubulk" 3765
"C:/Users/Amir sanni/Desktop/Biplo/Roomba-Biplo-Studio/Content/NewAssetsCool/Powerplant/powerPlant_Low_standardSurface1_BaseColor.uasset" 3766
"C:/Users/Amir sanni/Desktop/Biplo/Roomba-Biplo-Studio/Content/NewAssetsCool/Powerplant/powerPlant_Low_standardSurface1_BaseColor.uexp" 3767
"C:/Users/Amir sanni/Desktop/Biplo/Roomba-Biplo-Studio/Content/NewAssetsCool/Powerplant/powerPlant_Low_standardSurface1_OcclusionRoughnessMetallic.ubulk" 3768
"C:/Users/Amir sanni/Desktop/Biplo/Roomba-Biplo-Studio/Content/NewAssetsCool/Powerplant/powerPlant_Low_standardSurface1_OcclusionRoughnessMetallic.uasset" 3769
"C:/Users/Amir sanni/Desktop/Biplo/Roomba-Biplo-Studio/Content/NewAssetsCool/Powerplant/powerPlant_Low_standardSurface1_OcclusionRoughnessMetallic.uexp" 3770
"C:/Users/Amir sanni/Desktop/Biplo/Roomba-Biplo-Studio/Content/NewAssetsCool/Powerplant/powerPlant_Low_standardSurface1_Normal.ubulk" 3771
"C:/Users/Amir sanni/Desktop/Biplo/Roomba-Biplo-Studio/Content/NewAssetsCool/Powerplant/powerPlant_Low_standardSurface1_Normal.uasset" 3772
"C:/Users/Amir sanni/Desktop/Biplo/Roomba-Biplo-Studio/Content/NewAssetsCool/Powerplant/powerPlant_Low_standardSurface1_Normal.uexp" 3773
"C:/Users/Amir sanni/Desktop/Biplo/Roomba-Biplo-Studio/Content/NewAssetsCool/Powerplant/M_Powerplant.uasset" 3774
"C:/Users/Amir sanni/Desktop/Biplo/Roomba-Biplo-Studio/Content/NewAssetsCool/Powerplant/M_Powerplant.uexp" 3775
"C:/Users/Amir sanni/Desktop/Biplo/Roomba-Biplo-Studio/Content/NewAssetsCool/Powerplant/powerPlant.ubulk" 3776
"C:/Users/Amir sanni/Desktop/Biplo/Roomba-Biplo-Studio/Content/NewAssetsCool/Powerplant/powerPlant.uasset" 3777
"C:/Users/Amir sanni/Desktop/Biplo/Roomba-Biplo-Studio/Content/NewAssetsCool/Powerplant/powerPlant.uexp" 3778
"C:/Users/Amir sanni/Desktop/Biplo/Roomba-Biplo-Studio/Content/NewAssetsCool/vents/ventSideBuilding/ventSideBuilding.ubulk" 3779
"C:/Users/Amir sanni/Desktop/Biplo/Roomba-Biplo-Studio/Content/NewAssetsCool/vents/ventSideBuilding/ventSideBuilding.uasset" 3780
"C:/Users/Amir sanni/Desktop/Biplo/Roomba-Biplo-Studio/Content/NewAssetsCool/vents/ventSideBuilding/ventSideBuilding.uexp" 3781
"C:/Users/Amir sanni/Desktop/Biplo/Roomba-Biplo-Studio/Content/Assets/ConstructionSite/Crane_and_girder/Crane/CraneYellow.uasset" 3782
"C:/Users/Amir sanni/Desktop/Biplo/Roomba-Biplo-Studio/Content/Assets/ConstructionSite/Crane_and_girder/Crane/CraneYellow.uexp" 3783
"C:/Users/Amir sanni/Desktop/Biplo/Roomba-Biplo-Studio/Content/Assets/ConstructionSite/Crane_and_girder/Crane/CraneHand.ubulk" 3784
"C:/Users/Amir sanni/Desktop/Biplo/Roomba-Biplo-Studio/Content/Assets/ConstructionSite/Crane_and_girder/Crane/CraneHand.uasset" 3785
"C:/Users/Amir sanni/Desktop/Biplo/Roomba-Biplo-Studio/Content/Assets/ConstructionSite/Crane_and_girder/Crane/CraneHand.uexp" 3786
"C:/Users/Amir sanni/Desktop/Biplo/Roomba-Biplo-Studio/Content/Assets/ConstructionSite/Crane_and_girder/Crane/CockpitForTex_Cockpit_BaseColor.ubulk" 3787
"C:/Users/Amir sanni/Desktop/Biplo/Roomba-Biplo-Studio/Content/Assets/ConstructionSite/Crane_and_girder/Crane/CockpitForTex_Cockpit_BaseColor.uasset" 3788
"C:/Users/Amir sanni/Desktop/Biplo/Roomba-Biplo-Studio/Content/Assets/ConstructionSite/Crane_and_girder/Crane/CockpitForTex_Cockpit_BaseColor.uexp" 3789
"C:/Users/Amir sanni/Desktop/Biplo/Roomba-Biplo-Studio/Content/Assets/ConstructionSite/Crane_and_girder/Crane/CockpitForTex_Cockpit_Normal.ubulk" 3790
"C:/Users/Amir sanni/Desktop/Biplo/Roomba-Biplo-Studio/Content/Assets/ConstructionSite/Crane_and_girder/Crane/CockpitForTex_Cockpit_Normal.uasset" 3791
"C:/Users/Amir sanni/Desktop/Biplo/Roomba-Biplo-Studio/Content/Assets/ConstructionSite/Crane_and_girder/Crane/CockpitForTex_Cockpit_Normal.uexp" 3792
"C:/Users/Amir sanni/Desktop/Biplo/Roomba-Biplo-Studio/Content/Assets/ConstructionSite/Crane_and_girder/Crane/CockpitForTex_Cockpit_OcclusionRoughnessMetallic.ubulk" 3793
"C:/Users/Amir sanni/Desktop/Biplo/Roomba-Biplo-Studio/Content/Assets/ConstructionSite/Crane_and_girder/Crane/CockpitForTex_Cockpit_OcclusionRoughnessMetallic.uasset" 3794
"C:/Users/Amir sanni/Desktop/Biplo/Roomba-Biplo-Studio/Content/Assets/ConstructionSite/Crane_and_girder/Crane/CockpitForTex_Cockpit_OcclusionRoughnessMetallic.uexp" 3795
"C:/Users/Amir sanni/Desktop/Biplo/Roomba-Biplo-Studio/Content/Assets/ConstructionSite/Crane_and_girder/Crane/Crane_cockpit.uasset" 3796
"C:/Users/Amir sanni/Desktop/Biplo/Roomba-Biplo-Studio/Content/Assets/ConstructionSite/Crane_and_girder/Crane/Crane_cockpit.uexp" 3797
"C:/Users/Amir sanni/Desktop/Biplo/Roomba-Biplo-Studio/Content/Assets/ConstructionSite/Crane_and_girder/Crane/Crane_TopPart.ubulk" 3798
"C:/Users/Amir sanni/Desktop/Biplo/Roomba-Biplo-Studio/Content/Assets/ConstructionSite/Crane_and_girder/Crane/Crane_TopPart.uasset" 3799
"C:/Users/Amir sanni/Desktop/Biplo/Roomba-Biplo-Studio/Content/Assets/ConstructionSite/Crane_and_girder/Crane/Crane_TopPart.uexp" 3800
"C:/Users/Amir sanni/Desktop/Biplo/Roomba-Biplo-Studio/Content/StarterContent/Architecture/Pillar_50x500.ubulk" 3801
"C:/Users/Amir sanni/Desktop/Biplo/Roomba-Biplo-Studio/Content/StarterContent/Architecture/Pillar_50x500.uasset" 3802
"C:/Users/Amir sanni/Desktop/Biplo/Roomba-Biplo-Studio/Content/StarterContent/Architecture/Pillar_50x500.uexp" 3803
"C:/Users/Amir sanni/Desktop/Biplo/Roomba-Biplo-Studio/Content/Assets/ConstructionSite/Crane_and_girder/Girder/BeamMain/BeamMain_DefaultMaterial_OcclusionRoughnessMetallic.ubulk" 3804
"C:/Users/Amir sanni/Desktop/Biplo/Roomba-Biplo-Studio/Content/Assets/ConstructionSite/Crane_and_girder/Girder/BeamMain/BeamMain_DefaultMaterial_OcclusionRoughnessMetallic.uasset" 3805
"C:/Users/Amir sanni/Desktop/Biplo/Roomba-Biplo-Studio/Content/Assets/ConstructionSite/Crane_and_girder/Girder/BeamMain/BeamMain_DefaultMaterial_OcclusionRoughnessMetallic.uexp" 3806
"C:/Users/Amir sanni/Desktop/Biplo/Roomba-Biplo-Studio/Content/Assets/ConstructionSite/Crane_and_girder/Girder/BeamMain/BeamMain_DefaultMaterial_Normal.ubulk" 3807
"C:/Users/Amir sanni/Desktop/Biplo/Roomba-Biplo-Studio/Content/Assets/ConstructionSite/Crane_and_girder/Girder/BeamMain/BeamMain_DefaultMaterial_Normal.uasset" 3808
"C:/Users/Amir sanni/Desktop/Biplo/Roomba-Biplo-Studio/Content/Assets/ConstructionSite/Crane_and_girder/Girder/BeamMain/BeamMain_DefaultMaterial_Normal.uexp" 3809
"C:/Users/Amir sanni/Desktop/Biplo/Roomba-Biplo-Studio/Content/Assets/ConstructionSite/Crane_and_girder/Girder/BeamMain/BeamMain_DefaultMaterial_BaseColor.ubulk" 3810
"C:/Users/Amir sanni/Desktop/Biplo/Roomba-Biplo-Studio/Content/Assets/ConstructionSite/Crane_and_girder/Girder/BeamMain/BeamMain_DefaultMaterial_BaseColor.uasset" 3811
"C:/Users/Amir sanni/Desktop/Biplo/Roomba-Biplo-Studio/Content/Assets/ConstructionSite/Crane_and_girder/Girder/BeamMain/BeamMain_DefaultMaterial_BaseColor.uexp" 3812
"C:/Users/Amir sanni/Desktop/Biplo/Roomba-Biplo-Studio/Content/Assets/ConstructionSite/Crane_and_girder/Girder/BeamMain/Girder_beam.uasset" 3813
"C:/Users/Amir sanni/Desktop/Biplo/Roomba-Biplo-Studio/Content/Assets/ConstructionSite/Crane_and_girder/Girder/BeamMain/Girder_beam.uexp" 3814
"C:/Users/Amir sanni/Desktop/Biplo/Roomba-Biplo-Studio/Content/Assets/ConstructionSite/Crane_and_girder/Girder/BeamMain.ubulk" 3815
"C:/Users/Amir sanni/Desktop/Biplo/Roomba-Biplo-Studio/Content/Assets/ConstructionSite/Crane_and_girder/Girder/BeamMain.uasset" 3816
"C:/Users/Amir sanni/Desktop/Biplo/Roomba-Biplo-Studio/Content/Assets/ConstructionSite/Crane_and_girder/Girder/BeamMain.uexp" 3817
"C:/Users/Amir sanni/Desktop/Biplo/Roomba-Biplo-Studio/Content/Assets/ConstructionSite/Crane_and_girder/Girder/Rope.ubulk" 3818
"C:/Users/Amir sanni/Desktop/Biplo/Roomba-Biplo-Studio/Content/Assets/ConstructionSite/Crane_and_girder/Girder/Rope.uasset" 3819
"C:/Users/Amir sanni/Desktop/Biplo/Roomba-Biplo-Studio/Content/Assets/ConstructionSite/Crane_and_girder/Girder/Rope.uexp" 3820
"C:/Users/Amir sanni/Desktop/Biplo/Roomba-Biplo-Studio/Content/Assets/ConstructionSite/Crane_and_girder/Girder/BeamEnd.ubulk" 3821
"C:/Users/Amir sanni/Desktop/Biplo/Roomba-Biplo-Studio/Content/Assets/ConstructionSite/Crane_and_girder/Girder/BeamEnd.uasset" 3822
"C:/Users/Amir sanni/Desktop/Biplo/Roomba-Biplo-Studio/Content/Assets/ConstructionSite/Crane_and_girder/Girder/BeamEnd.uexp" 3823
"C:/Users/Amir sanni/Desktop/Biplo/Roomba-Biplo-Studio/Content/ThirdPerson/Blueprints/Crane_BP/Crane_BP.uasset" 3824
"C:/Users/Amir sanni/Desktop/Biplo/Roomba-Biplo-Studio/Content/ThirdPerson/Blueprints/Crane_BP/Crane_BP.uexp" 3825
"C:/Users/Amir sanni/Desktop/Biplo/Roomba-Biplo-Studio/Content/NewAssetsCool/Warehouse/warehouse_Low_standardSurface1_BaseColor.ubulk" 3826
"C:/Users/Amir sanni/Desktop/Biplo/Roomba-Biplo-Studio/Content/NewAssetsCool/Warehouse/warehouse_Low_standardSurface1_BaseColor.uasset" 3827
"C:/Users/Amir sanni/Desktop/Biplo/Roomba-Biplo-Studio/Content/NewAssetsCool/Warehouse/warehouse_Low_standardSurface1_BaseColor.uexp" 3828
"C:/Users/Amir sanni/Desktop/Biplo/Roomba-Biplo-Studio/Content/NewAssetsCool/Warehouse/warehouse_Low_standardSurface1_Normal.ubulk" 3829
"C:/Users/Amir sanni/Desktop/Biplo/Roomba-Biplo-Studio/Content/NewAssetsCool/Warehouse/warehouse_Low_standardSurface1_Normal.uasset" 3830
"C:/Users/Amir sanni/Desktop/Biplo/Roomba-Biplo-Studio/Content/NewAssetsCool/Warehouse/warehouse_Low_standardSurface1_Normal.uexp" 3831
"C:/Users/Amir sanni/Desktop/Biplo/Roomba-Biplo-Studio/Content/NewAssetsCool/Warehouse/warehouse_Low_standardSurface1_OcclusionRoughnessMetallic.ubulk" 3832
"C:/Users/Amir sanni/Desktop/Biplo/Roomba-Biplo-Studio/Content/NewAssetsCool/Warehouse/warehouse_Low_standardSurface1_OcclusionRoughnessMetallic.uasset" 3833
"C:/Users/Amir sanni/Desktop/Biplo/Roomba-Biplo-Studio/Content/NewAssetsCool/Warehouse/warehouse_Low_standardSurface1_OcclusionRoughnessMetallic.uexp" 3834
"C:/Users/Amir sanni/Desktop/Biplo/Roomba-Biplo-Studio/Content/NewAssetsCool/Warehouse/M_Warehouse.uasset" 3835
"C:/Users/Amir sanni/Desktop/Biplo/Roomba-Biplo-Studio/Content/NewAssetsCool/Warehouse/M_Warehouse.uexp" 3836
"C:/Users/Amir sanni/Desktop/Biplo/Roomba-Biplo-Studio/Content/NewAssetsCool/Warehouse/warehouse.ubulk" 3837
"C:/Users/Amir sanni/Desktop/Biplo/Roomba-Biplo-Studio/Content/NewAssetsCool/Warehouse/warehouse.uasset" 3838
"C:/Users/Amir sanni/Desktop/Biplo/Roomba-Biplo-Studio/Content/NewAssetsCool/Warehouse/warehouse.uexp" 3839
"C:/Users/Amir sanni/Desktop/Biplo/Roomba-Biplo-Studio/Content/StarterContent/Textures/T_Rock_Sandstone_N.ubulk" 3840
"C:/Users/Amir sanni/Desktop/Biplo/Roomba-Biplo-Studio/Content/StarterContent/Textures/T_Rock_Sandstone_N.uasset" 3841
"C:/Users/Amir sanni/Desktop/Biplo/Roomba-Biplo-Studio/Content/StarterContent/Textures/T_Rock_Sandstone_N.uexp" 3842
"C:/Users/Amir sanni/Desktop/Biplo/Roomba-Biplo-Studio/Content/StarterContent/Textures/T_Rock_Sandstone_D.ubulk" 3843
"C:/Users/Amir sanni/Desktop/Biplo/Roomba-Biplo-Studio/Content/StarterContent/Textures/T_Rock_Sandstone_D.uasset" 3844
"C:/Users/Amir sanni/Desktop/Biplo/Roomba-Biplo-Studio/Content/StarterContent/Textures/T_Rock_Sandstone_D.uexp" 3845
"C:/Users/Amir sanni/Desktop/Biplo/Roomba-Biplo-Studio/Content/StarterContent/Materials/M_Rock_Sandstone.uasset" 3846
"C:/Users/Amir sanni/Desktop/Biplo/Roomba-Biplo-Studio/Content/StarterContent/Materials/M_Rock_Sandstone.uexp" 3847
"C:/Users/Amir sanni/Desktop/Biplo/Roomba-Biplo-Studio/Content/NewAssetsCool/Tarp/tarp_Low_standardSurface1_BaseColor.ubulk" 3848
"C:/Users/Amir sanni/Desktop/Biplo/Roomba-Biplo-Studio/Content/NewAssetsCool/Tarp/tarp_Low_standardSurface1_BaseColor.uasset" 3849
"C:/Users/Amir sanni/Desktop/Biplo/Roomba-Biplo-Studio/Content/NewAssetsCool/Tarp/tarp_Low_standardSurface1_BaseColor.uexp" 3850
"C:/Users/Amir sanni/Desktop/Biplo/Roomba-Biplo-Studio/Content/NewAssetsCool/Tarp/tarp_Low_standardSurface1_OcclusionRoughnessMetallic.ubulk" 3851
"C:/Users/Amir sanni/Desktop/Biplo/Roomba-Biplo-Studio/Content/NewAssetsCool/Tarp/tarp_Low_standardSurface1_OcclusionRoughnessMetallic.uasset" 3852
"C:/Users/Amir sanni/Desktop/Biplo/Roomba-Biplo-Studio/Content/NewAssetsCool/Tarp/tarp_Low_standardSurface1_OcclusionRoughnessMetallic.uexp" 3853
"C:/Users/Amir sanni/Desktop/Biplo/Roomba-Biplo-Studio/Content/NewAssetsCool/Tarp/tarp_Low_standardSurface1_Normal.ubulk" 3854
"C:/Users/Amir sanni/Desktop/Biplo/Roomba-Biplo-Studio/Content/NewAssetsCool/Tarp/tarp_Low_standardSurface1_Normal.uasset" 3855
"C:/Users/Amir sanni/Desktop/Biplo/Roomba-Biplo-Studio/Content/NewAssetsCool/Tarp/tarp_Low_standardSurface1_Normal.uexp" 3856
"C:/Users/Amir sanni/Desktop/Biplo/Roomba-Biplo-Studio/Content/NewAssetsCool/Tarp/M_Tarp.uasset" 3857
"C:/Users/Amir sanni/Desktop/Biplo/Roomba-Biplo-Studio/Content/NewAssetsCool/Tarp/M_Tarp.uexp" 3858
"C:/Users/Amir sanni/Desktop/Biplo/Roomba-Biplo-Studio/Content/NewAssetsCool/Tarp/tarp_Low.ubulk" 3859
"C:/Users/Amir sanni/Desktop/Biplo/Roomba-Biplo-Studio/Content/NewAssetsCool/Tarp/tarp_Low.uasset" 3860
"C:/Users/Amir sanni/Desktop/Biplo/Roomba-Biplo-Studio/Content/NewAssetsCool/Tarp/tarp_Low.uexp" 3861
"C:/Users/Amir sanni/Desktop/Biplo/Roomba-Biplo-Studio/Content/NewAssetsCool/Buildings/Building7/building7_Low_lambert1_Normal.ubulk" 3862
"C:/Users/Amir sanni/Desktop/Biplo/Roomba-Biplo-Studio/Content/NewAssetsCool/Buildings/Building7/building7_Low_lambert1_Normal.uasset" 3863
"C:/Users/Amir sanni/Desktop/Biplo/Roomba-Biplo-Studio/Content/NewAssetsCool/Buildings/Building7/building7_Low_lambert1_Normal.uexp" 3864
"C:/Users/Amir sanni/Desktop/Biplo/Roomba-Biplo-Studio/Content/NewAssetsCool/Buildings/Building7/building7_Low_lambert1_BaseColor.ubulk" 3865
"C:/Users/Amir sanni/Desktop/Biplo/Roomba-Biplo-Studio/Content/NewAssetsCool/Buildings/Building7/building7_Low_lambert1_BaseColor.uasset" 3866
"C:/Users/Amir sanni/Desktop/Biplo/Roomba-Biplo-Studio/Content/NewAssetsCool/Buildings/Building7/building7_Low_lambert1_BaseColor.uexp" 3867
"C:/Users/Amir sanni/Desktop/Biplo/Roomba-Biplo-Studio/Content/NewAssetsCool/Buildings/Building7/building7_Low_lambert1_OcclusionRoughnessMetallic.ubulk" 3868
"C:/Users/Amir sanni/Desktop/Biplo/Roomba-Biplo-Studio/Content/NewAssetsCool/Buildings/Building7/building7_Low_lambert1_OcclusionRoughnessMetallic.uasset" 3869
"C:/Users/Amir sanni/Desktop/Biplo/Roomba-Biplo-Studio/Content/NewAssetsCool/Buildings/Building7/building7_Low_lambert1_OcclusionRoughnessMetallic.uexp" 3870
"C:/Users/Amir sanni/Desktop/Biplo/Roomba-Biplo-Studio/Content/NewAssetsCool/Buildings/Building7/building7_mat.uasset" 3871
"C:/Users/Amir sanni/Desktop/Biplo/Roomba-Biplo-Studio/Content/NewAssetsCool/Buildings/Building7/building7_mat.uexp" 3872
"C:/Users/Amir sanni/Desktop/Biplo/Roomba-Biplo-Studio/Content/NewAssetsCool/Barriers/roadblock.ubulk" 3873
"C:/Users/Amir sanni/Desktop/Biplo/Roomba-Biplo-Studio/Content/NewAssetsCool/Barriers/roadblock.uasset" 3874
"C:/Users/Amir sanni/Desktop/Biplo/Roomba-Biplo-Studio/Content/NewAssetsCool/Barriers/roadblock.uexp" 3875
"C:/Users/Amir sanni/Desktop/Biplo/Roomba-Biplo-Studio/Content/Assets/External/HousePack/MetalicGrey.uasset" 3876
"C:/Users/Amir sanni/Desktop/Biplo/Roomba-Biplo-Studio/Content/Assets/External/HousePack/MetalicGrey.uexp" 3877
"C:/Users/Amir sanni/Desktop/Biplo/Roomba-Biplo-Studio/Content/OlliesCooking1.ubulk" 3878
"C:/Users/Amir sanni/Desktop/Biplo/Roomba-Biplo-Studio/Content/OlliesCooking1.uasset" 3879
"C:/Users/Amir sanni/Desktop/Biplo/Roomba-Biplo-Studio/Content/OlliesCooking1.uexp" 3880
"C:/Users/Amir sanni/Desktop/Biplo/Roomba-Biplo-Studio/Content/Assets/2DImages/Wave.ubulk" 3881
"C:/Users/Amir sanni/Desktop/Biplo/Roomba-Biplo-Studio/Content/Assets/2DImages/Wave.uasset" 3882
"C:/Users/Amir sanni/Desktop/Biplo/Roomba-Biplo-Studio/Content/Assets/2DImages/Wave.uexp" 3883
"C:/Users/Amir sanni/Desktop/Biplo/Roomba-Biplo-Studio/Content/Assets/2DImages/M_Vines.uasset" 3884
"C:/Users/Amir sanni/Desktop/Biplo/Roomba-Biplo-Studio/Content/Assets/2DImages/M_Vines.uexp" 3885
"C:/Users/Amir sanni/Desktop/Biplo/Roomba-Biplo-Studio/Content/NewAssetsCool/vents/ventCap/ventCap_standardSurface1_BaseColor.ubulk" 3886
"C:/Users/Amir sanni/Desktop/Biplo/Roomba-Biplo-Studio/Content/NewAssetsCool/vents/ventCap/ventCap_standardSurface1_BaseColor.uasset" 3887
"C:/Users/Amir sanni/Desktop/Biplo/Roomba-Biplo-Studio/Content/NewAssetsCool/vents/ventCap/ventCap_standardSurface1_BaseColor.uexp" 3888
"C:/Users/Amir sanni/Desktop/Biplo/Roomba-Biplo-Studio/Content/NewAssetsCool/vents/ventCap/ventCap_standardSurface1_OcclusionRoughnessMetallic.ubulk" 3889
"C:/Users/Amir sanni/Desktop/Biplo/Roomba-Biplo-Studio/Content/NewAssetsCool/vents/ventCap/ventCap_standardSurface1_OcclusionRoughnessMetallic.uasset" 3890
"C:/Users/Amir sanni/Desktop/Biplo/Roomba-Biplo-Studio/Content/NewAssetsCool/vents/ventCap/ventCap_standardSurface1_OcclusionRoughnessMetallic.uexp" 3891
"C:/Users/Amir sanni/Desktop/Biplo/Roomba-Biplo-Studio/Content/NewAssetsCool/vents/ventCap/ventCap_standardSurface1_Normal.ubulk" 3892
"C:/Users/Amir sanni/Desktop/Biplo/Roomba-Biplo-Studio/Content/NewAssetsCool/vents/ventCap/ventCap_standardSurface1_Normal.uasset" 3893
"C:/Users/Amir sanni/Desktop/Biplo/Roomba-Biplo-Studio/Content/NewAssetsCool/vents/ventCap/ventCap_standardSurface1_Normal.uexp" 3894
"C:/Users/Amir sanni/Desktop/Biplo/Roomba-Biplo-Studio/Content/NewAssetsCool/vents/ventCap/ventCap_mat.uasset" 3895
"C:/Users/Amir sanni/Desktop/Biplo/Roomba-Biplo-Studio/Content/NewAssetsCool/vents/ventCap/ventCap_mat.uexp" 3896
"C:/Users/Amir sanni/Desktop/Biplo/Roomba-Biplo-Studio/Content/NewAssetsCool/Buildings/Building7/building7.ubulk" 3897
"C:/Users/Amir sanni/Desktop/Biplo/Roomba-Biplo-Studio/Content/NewAssetsCool/Buildings/Building7/building7.uasset" 3898
"C:/Users/Amir sanni/Desktop/Biplo/Roomba-Biplo-Studio/Content/NewAssetsCool/Buildings/Building7/building7.uexp" 3899
"C:/Users/Amir sanni/Desktop/Biplo/Roomba-Biplo-Studio/Content/NewAssetsCool/ShippingContainer/container.ubulk" 3900
"C:/Users/Amir sanni/Desktop/Biplo/Roomba-Biplo-Studio/Content/NewAssetsCool/ShippingContainer/container.uasset" 3901
"C:/Users/Amir sanni/Desktop/Biplo/Roomba-Biplo-Studio/Content/NewAssetsCool/ShippingContainer/container.uexp" 3902
"C:/Users/Amir sanni/Desktop/Biplo/Roomba-Biplo-Studio/Content/Assets/2DImages/orangeLine.uasset" 3903
"C:/Users/Amir sanni/Desktop/Biplo/Roomba-Biplo-Studio/Content/Assets/2DImages/orangeLine.uexp" 3904
"C:/Users/Amir sanni/Desktop/Biplo/Roomba-Biplo-Studio/Content/Assets/2DImages/M_OrangeLine.uasset" 3905
"C:/Users/Amir sanni/Desktop/Biplo/Roomba-Biplo-Studio/Content/Assets/2DImages/M_OrangeLine.uexp" 3906
"C:/Users/Amir sanni/Desktop/Biplo/Roomba-Biplo-Studio/Content/NewAssetsCool/ConstructionSiteFence/constructionSiteFenceLow_standardSurface1_BaseColor.ubulk" 3907
"C:/Users/Amir sanni/Desktop/Biplo/Roomba-Biplo-Studio/Content/NewAssetsCool/ConstructionSiteFence/constructionSiteFenceLow_standardSurface1_BaseColor.uasset" 3908
"C:/Users/Amir sanni/Desktop/Biplo/Roomba-Biplo-Studio/Content/NewAssetsCool/ConstructionSiteFence/constructionSiteFenceLow_standardSurface1_BaseColor.uexp" 3909
"C:/Users/Amir sanni/Desktop/Biplo/Roomba-Biplo-Studio/Content/NewAssetsCool/ConstructionSiteFence/constructionSiteFenceLow_standardSurface1_Normal.ubulk" 3910
"C:/Users/Amir sanni/Desktop/Biplo/Roomba-Biplo-Studio/Content/NewAssetsCool/ConstructionSiteFence/constructionSiteFenceLow_standardSurface1_Normal.uasset" 3911
"C:/Users/Amir sanni/Desktop/Biplo/Roomba-Biplo-Studio/Content/NewAssetsCool/ConstructionSiteFence/constructionSiteFenceLow_standardSurface1_Normal.uexp" 3912
"C:/Users/Amir sanni/Desktop/Biplo/Roomba-Biplo-Studio/Content/NewAssetsCool/ConstructionSiteFence/constructionSiteFenceLow_standardSurface1_OcclusionRoughnessMetallic.ubulk" 3913
"C:/Users/Amir sanni/Desktop/Biplo/Roomba-Biplo-Studio/Content/NewAssetsCool/ConstructionSiteFence/constructionSiteFenceLow_standardSurface1_OcclusionRoughnessMetallic.uasset" 3914
"C:/Users/Amir sanni/Desktop/Biplo/Roomba-Biplo-Studio/Content/NewAssetsCool/ConstructionSiteFence/constructionSiteFenceLow_standardSurface1_OcclusionRoughnessMetallic.uexp" 3915
"C:/Users/Amir sanni/Desktop/Biplo/Roomba-Biplo-Studio/Content/NewAssetsCool/ConstructionSiteFence/M_Fence.uasset" 3916
"C:/Users/Amir sanni/Desktop/Biplo/Roomba-Biplo-Studio/Content/NewAssetsCool/ConstructionSiteFence/M_Fence.uexp" 3917
"C:/Users/Amir sanni/Desktop/Biplo/Roomba-Biplo-Studio/Content/NewAssetsCool/ConstructionSiteFence/constructionSiteFence.ubulk" 3918
"C:/Users/Amir sanni/Desktop/Biplo/Roomba-Biplo-Studio/Content/NewAssetsCool/ConstructionSiteFence/constructionSiteFence.uasset" 3919
"C:/Users/Amir sanni/Desktop/Biplo/Roomba-Biplo-Studio/Content/NewAssetsCool/ConstructionSiteFence/constructionSiteFence.uexp" 3920
"C:/Users/Amir sanni/Desktop/Biplo/Roomba-Biplo-Studio/Content/NewAssetsCool/ConstructionSiteFence/fenceBlock_Low_standardSurface1_Normal.ubulk" 3921
"C:/Users/Amir sanni/Desktop/Biplo/Roomba-Biplo-Studio/Content/NewAssetsCool/ConstructionSiteFence/fenceBlock_Low_standardSurface1_Normal.uasset" 3922
"C:/Users/Amir sanni/Desktop/Biplo/Roomba-Biplo-Studio/Content/NewAssetsCool/ConstructionSiteFence/fenceBlock_Low_standardSurface1_Normal.uexp" 3923
"C:/Users/Amir sanni/Desktop/Biplo/Roomba-Biplo-Studio/Content/NewAssetsCool/ConstructionSiteFence/fenceBlock_Low_standardSurface1_OcclusionRoughnessMetallic.ubulk" 3924
"C:/Users/Amir sanni/Desktop/Biplo/Roomba-Biplo-Studio/Content/NewAssetsCool/ConstructionSiteFence/fenceBlock_Low_standardSurface1_OcclusionRoughnessMetallic.uasset" 3925
"C:/Users/Amir sanni/Desktop/Biplo/Roomba-Biplo-Studio/Content/NewAssetsCool/ConstructionSiteFence/fenceBlock_Low_standardSurface1_OcclusionRoughnessMetallic.uexp" 3926
"C:/Users/Amir sanni/Desktop/Biplo/Roomba-Biplo-Studio/Content/NewAssetsCool/ConstructionSiteFence/fenceBlock_Low_standardSurface1_BaseColor.ubulk" 3927
"C:/Users/Amir sanni/Desktop/Biplo/Roomba-Biplo-Studio/Content/NewAssetsCool/ConstructionSiteFence/fenceBlock_Low_standardSurface1_BaseColor.uasset" 3928
"C:/Users/Amir sanni/Desktop/Biplo/Roomba-Biplo-Studio/Content/NewAssetsCool/ConstructionSiteFence/fenceBlock_Low_standardSurface1_BaseColor.uexp" 3929
"C:/Users/Amir sanni/Desktop/Biplo/Roomba-Biplo-Studio/Content/NewAssetsCool/ConstructionSiteFence/M_Fenceholder.uasset" 3930
"C:/Users/Amir sanni/Desktop/Biplo/Roomba-Biplo-Studio/Content/NewAssetsCool/ConstructionSiteFence/M_Fenceholder.uexp" 3931
"C:/Users/Amir sanni/Desktop/Biplo/Roomba-Biplo-Studio/Content/NewAssetsCool/ConstructionSiteFence/fenceBlock.ubulk" 3932
"C:/Users/Amir sanni/Desktop/Biplo/Roomba-Biplo-Studio/Content/NewAssetsCool/ConstructionSiteFence/fenceBlock.uasset" 3933
"C:/Users/Amir sanni/Desktop/Biplo/Roomba-Biplo-Studio/Content/NewAssetsCool/ConstructionSiteFence/fenceBlock.uexp" 3934
"C:/Users/Amir sanni/Desktop/Biplo/Roomba-Biplo-Studio/Content/LevelDesign/DavidsCooking/BP_Killzone.uasset" 3935
"C:/Users/Amir sanni/Desktop/Biplo/Roomba-Biplo-Studio/Content/LevelDesign/DavidsCooking/BP_Killzone.uexp" 3936
"C:/Users/Amir sanni/Desktop/Biplo/Roomba-Biplo-Studio/Content/NewAssetsCool/plank/plank_Low_standardSurface1_BaseColor.ubulk" 3937
"C:/Users/Amir sanni/Desktop/Biplo/Roomba-Biplo-Studio/Content/NewAssetsCool/plank/plank_Low_standardSurface1_BaseColor.uasset" 3938
"C:/Users/Amir sanni/Desktop/Biplo/Roomba-Biplo-Studio/Content/NewAssetsCool/plank/plank_Low_standardSurface1_BaseColor.uexp" 3939
"C:/Users/Amir sanni/Desktop/Biplo/Roomba-Biplo-Studio/Content/NewAssetsCool/plank/plank_Low_standardSurface1_OcclusionRoughnessMetallic.ubulk" 3940
"C:/Users/Amir sanni/Desktop/Biplo/Roomba-Biplo-Studio/Content/NewAssetsCool/plank/plank_Low_standardSurface1_OcclusionRoughnessMetallic.uasset" 3941
"C:/Users/Amir sanni/Desktop/Biplo/Roomba-Biplo-Studio/Content/NewAssetsCool/plank/plank_Low_standardSurface1_OcclusionRoughnessMetallic.uexp" 3942
"C:/Users/Amir sanni/Desktop/Biplo/Roomba-Biplo-Studio/Content/NewAssetsCool/plank/plank_Low_standardSurface1_Normal.ubulk" 3943
"C:/Users/Amir sanni/Desktop/Biplo/Roomba-Biplo-Studio/Content/NewAssetsCool/plank/plank_Low_standardSurface1_Normal.uasset" 3944
"C:/Users/Amir sanni/Desktop/Biplo/Roomba-Biplo-Studio/Content/NewAssetsCool/plank/plank_Low_standardSurface1_Normal.uexp" 3945
"C:/Users/Amir sanni/Desktop/Biplo/Roomba-Biplo-Studio/Content/NewAssetsCool/plank/plank_mat.uasset" 3946
"C:/Users/Amir sanni/Desktop/Biplo/Roomba-Biplo-Studio/Content/NewAssetsCool/plank/plank_mat.uexp" 3947
"C:/Users/Amir sanni/Desktop/Biplo/Roomba-Biplo-Studio/Content/NewAssetsCool/ShippingContainer/Red/shippingContainer_Low_lambert1_BaseColor.ubulk" 3948
"C:/Users/Amir sanni/Desktop/Biplo/Roomba-Biplo-Studio/Content/NewAssetsCool/ShippingContainer/Red/shippingContainer_Low_lambert1_BaseColor.uasset" 3949
"C:/Users/Amir sanni/Desktop/Biplo/Roomba-Biplo-Studio/Content/NewAssetsCool/ShippingContainer/Red/shippingContainer_Low_lambert1_BaseColor.uexp" 3950
"C:/Users/Amir sanni/Desktop/Biplo/Roomba-Biplo-Studio/Content/NewAssetsCool/ShippingContainer/Red/shippingContainer_Low_lambert1_OcclusionRoughnessMetallic.ubulk" 3951
"C:/Users/Amir sanni/Desktop/Biplo/Roomba-Biplo-Studio/Content/NewAssetsCool/ShippingContainer/Red/shippingContainer_Low_lambert1_OcclusionRoughnessMetallic.uasset" 3952
"C:/Users/Amir sanni/Desktop/Biplo/Roomba-Biplo-Studio/Content/NewAssetsCool/ShippingContainer/Red/shippingContainer_Low_lambert1_OcclusionRoughnessMetallic.uexp" 3953
"C:/Users/Amir sanni/Desktop/Biplo/Roomba-Biplo-Studio/Content/NewAssetsCool/ShippingContainer/Red/shippingContainer_Low_lambert1_Normal.ubulk" 3954
"C:/Users/Amir sanni/Desktop/Biplo/Roomba-Biplo-Studio/Content/NewAssetsCool/ShippingContainer/Red/shippingContainer_Low_lambert1_Normal.uasset" 3955
"C:/Users/Amir sanni/Desktop/Biplo/Roomba-Biplo-Studio/Content/NewAssetsCool/ShippingContainer/Red/shippingContainer_Low_lambert1_Normal.uexp" 3956
"C:/Users/Amir sanni/Desktop/Biplo/Roomba-Biplo-Studio/Content/NewAssetsCool/ShippingContainer/Red/redContainer_Mat.uasset" 3957
"C:/Users/Amir sanni/Desktop/Biplo/Roomba-Biplo-Studio/Content/NewAssetsCool/ShippingContainer/Red/redContainer_Mat.uexp" 3958
"C:/Users/Amir sanni/Desktop/Biplo/Roomba-Biplo-Studio/Content/NewAssetsCool/ShippingContainer/blue/shippingContainer_Low_lambert1_OcclusionRoughnessMetallic.ubulk" 3959
"C:/Users/Amir sanni/Desktop/Biplo/Roomba-Biplo-Studio/Content/NewAssetsCool/ShippingContainer/blue/shippingContainer_Low_lambert1_OcclusionRoughnessMetallic.uasset" 3960
"C:/Users/Amir sanni/Desktop/Biplo/Roomba-Biplo-Studio/Content/NewAssetsCool/ShippingContainer/blue/shippingContainer_Low_lambert1_OcclusionRoughnessMetallic.uexp" 3961
"C:/Users/Amir sanni/Desktop/Biplo/Roomba-Biplo-Studio/Content/NewAssetsCool/ShippingContainer/blue/shippingContainer_Low_lambert1_BaseColor.ubulk" 3962
"C:/Users/Amir sanni/Desktop/Biplo/Roomba-Biplo-Studio/Content/NewAssetsCool/ShippingContainer/blue/shippingContainer_Low_lambert1_BaseColor.uasset" 3963
"C:/Users/Amir sanni/Desktop/Biplo/Roomba-Biplo-Studio/Content/NewAssetsCool/ShippingContainer/blue/shippingContainer_Low_lambert1_BaseColor.uexp" 3964
"C:/Users/Amir sanni/Desktop/Biplo/Roomba-Biplo-Studio/Content/NewAssetsCool/ShippingContainer/blue/shippingContainer_Low_lambert1_Normal.ubulk" 3965
"C:/Users/Amir sanni/Desktop/Biplo/Roomba-Biplo-Studio/Content/NewAssetsCool/ShippingContainer/blue/shippingContainer_Low_lambert1_Normal.uasset" 3966
"C:/Users/Amir sanni/Desktop/Biplo/Roomba-Biplo-Studio/Content/NewAssetsCool/ShippingContainer/blue/shippingContainer_Low_lambert1_Normal.uexp" 3967
"C:/Users/Amir sanni/Desktop/Biplo/Roomba-Biplo-Studio/Content/NewAssetsCool/ShippingContainer/blue/blueContainer.uasset" 3968
"C:/Users/Amir sanni/Desktop/Biplo/Roomba-Biplo-Studio/Content/NewAssetsCool/ShippingContainer/blue/blueContainer.uexp" 3969
"C:/Users/Amir sanni/Desktop/Biplo/Roomba-Biplo-Studio/Content/NewAssetsCool/Buildings/Building3/Yellow/building3_Low_lambert1_BaseColor.ubulk" 3970
"C:/Users/Amir sanni/Desktop/Biplo/Roomba-Biplo-Studio/Content/NewAssetsCool/Buildings/Building3/Yellow/building3_Low_lambert1_BaseColor.uasset" 3971
"C:/Users/Amir sanni/Desktop/Biplo/Roomba-Biplo-Studio/Content/NewAssetsCool/Buildings/Building3/Yellow/building3_Low_lambert1_BaseColor.uexp" 3972
"C:/Users/Amir sanni/Desktop/Biplo/Roomba-Biplo-Studio/Content/NewAssetsCool/Buildings/Building3/Yellow/building3_Low_lambert1_OcclusionRoughnessMetallic.ubulk" 3973
"C:/Users/Amir sanni/Desktop/Biplo/Roomba-Biplo-Studio/Content/NewAssetsCool/Buildings/Building3/Yellow/building3_Low_lambert1_OcclusionRoughnessMetallic.uasset" 3974
"C:/Users/Amir sanni/Desktop/Biplo/Roomba-Biplo-Studio/Content/NewAssetsCool/Buildings/Building3/Yellow/building3_Low_lambert1_OcclusionRoughnessMetallic.uexp" 3975
"C:/Users/Amir sanni/Desktop/Biplo/Roomba-Biplo-Studio/Content/NewAssetsCool/Buildings/Building3/Yellow/building3_Low_lambert1_Normal.ubulk" 3976
"C:/Users/Amir sanni/Desktop/Biplo/Roomba-Biplo-Studio/Content/NewAssetsCool/Buildings/Building3/Yellow/building3_Low_lambert1_Normal.uasset" 3977
"C:/Users/Amir sanni/Desktop/Biplo/Roomba-Biplo-Studio/Content/NewAssetsCool/Buildings/Building3/Yellow/building3_Low_lambert1_Normal.uexp" 3978
"C:/Users/Amir sanni/Desktop/Biplo/Roomba-Biplo-Studio/Content/NewAssetsCool/Buildings/Building3/Yellow/yellowBuilding3_Mat.uasset" 3979
"C:/Users/Amir sanni/Desktop/Biplo/Roomba-Biplo-Studio/Content/NewAssetsCool/Buildings/Building3/Yellow/yellowBuilding3_Mat.uexp" 3980
"C:/Users/Amir sanni/Desktop/Biplo/Roomba-Biplo-Studio/Content/NewAssetsCool/Barriers/roadblock_Low_lambert1_BaseColor.ubulk" 3981
"C:/Users/Amir sanni/Desktop/Biplo/Roomba-Biplo-Studio/Content/NewAssetsCool/Barriers/roadblock_Low_lambert1_BaseColor.uasset" 3982
"C:/Users/Amir sanni/Desktop/Biplo/Roomba-Biplo-Studio/Content/NewAssetsCool/Barriers/roadblock_Low_lambert1_BaseColor.uexp" 3983
"C:/Users/Amir sanni/Desktop/Biplo/Roomba-Biplo-Studio/Content/NewAssetsCool/Barriers/roadblock_Low_lambert1_Normal.ubulk" 3984
"C:/Users/Amir sanni/Desktop/Biplo/Roomba-Biplo-Studio/Content/NewAssetsCool/Barriers/roadblock_Low_lambert1_Normal.uasset" 3985
"C:/Users/Amir sanni/Desktop/Biplo/Roomba-Biplo-Studio/Content/NewAssetsCool/Barriers/roadblock_Low_lambert1_Normal.uexp" 3986
"C:/Users/Amir sanni/Desktop/Biplo/Roomba-Biplo-Studio/Content/NewAssetsCool/Barriers/roadblock_Low_lambert1_OcclusionRoughnessMetallic.ubulk" 3987
"C:/Users/Amir sanni/Desktop/Biplo/Roomba-Biplo-Studio/Content/NewAssetsCool/Barriers/roadblock_Low_lambert1_OcclusionRoughnessMetallic.uasset" 3988
"C:/Users/Amir sanni/Desktop/Biplo/Roomba-Biplo-Studio/Content/NewAssetsCool/Barriers/roadblock_Low_lambert1_OcclusionRoughnessMetallic.uexp" 3989
"C:/Users/Amir sanni/Desktop/Biplo/Roomba-Biplo-Studio/Content/NewAssetsCool/Barriers/Barrier.uasset" 3990
"C:/Users/Amir sanni/Desktop/Biplo/Roomba-Biplo-Studio/Content/NewAssetsCool/Barriers/Barrier.uexp" 3991
"C:/Users/Amir sanni/Desktop/Biplo/Roomba-Biplo-Studio/Content/LevelDesign/DavidsCooking/M_FakeDepth.uasset" 3992
"C:/Users/Amir sanni/Desktop/Biplo/Roomba-Biplo-Studio/Content/LevelDesign/DavidsCooking/M_FakeDepth.uexp" 3993
"C:/Users/Amir sanni/Desktop/Biplo/Roomba-Biplo-Studio/Content/Assets/ConstructionSite/Crane_and_girder/Crane/Neck/Crane_Neck_CraneYellow_BaseColor.ubulk" 3994
"C:/Users/Amir sanni/Desktop/Biplo/Roomba-Biplo-Studio/Content/Assets/ConstructionSite/Crane_and_girder/Crane/Neck/Crane_Neck_CraneYellow_BaseColor.uasset" 3995
"C:/Users/Amir sanni/Desktop/Biplo/Roomba-Biplo-Studio/Content/Assets/ConstructionSite/Crane_and_girder/Crane/Neck/Crane_Neck_CraneYellow_BaseColor.uexp" 3996
"C:/Users/Amir sanni/Desktop/Biplo/Roomba-Biplo-Studio/Content/Assets/ConstructionSite/Crane_and_girder/Crane/Neck/Crane_Neck_CraneYellow_Normal.ubulk" 3997
"C:/Users/Amir sanni/Desktop/Biplo/Roomba-Biplo-Studio/Content/Assets/ConstructionSite/Crane_and_girder/Crane/Neck/Crane_Neck_CraneYellow_Normal.uasset" 3998
"C:/Users/Amir sanni/Desktop/Biplo/Roomba-Biplo-Studio/Content/Assets/ConstructionSite/Crane_and_girder/Crane/Neck/Crane_Neck_CraneYellow_Normal.uexp" 3999
"C:/Users/Amir sanni/Desktop/Biplo/Roomba-Biplo-Studio/Content/Assets/ConstructionSite/Crane_and_girder/Crane/Neck/Crane_Neck_CraneYellow_OcclusionRoughnessMetallic.ubulk" 4000
"C:/Users/Amir sanni/Desktop/Biplo/Roomba-Biplo-Studio/Content/Assets/ConstructionSite/Crane_and_girder/Crane/Neck/Crane_Neck_CraneYellow_OcclusionRoughnessMetallic.uasset" 4001
"C:/Users/Amir sanni/Desktop/Biplo/Roomba-Biplo-Studio/Content/Assets/ConstructionSite/Crane_and_girder/Crane/Neck/Crane_Neck_CraneYellow_OcclusionRoughnessMetallic.uexp" 4002
"C:/Users/Amir sanni/Desktop/Biplo/Roomba-Biplo-Studio/Content/Assets/ConstructionSite/Crane_and_girder/Crane/Neck/Crane_neck.uasset" 4003
"C:/Users/Amir sanni/Desktop/Biplo/Roomba-Biplo-Studio/Content/Assets/ConstructionSite/Crane_and_girder/Crane/Neck/Crane_neck.uexp" 4004
"C:/Users/Amir sanni/Desktop/Biplo/Roomba-Biplo-Studio/Content/Assets/ConstructionSite/Crane_and_girder/Crane/Crane_Neck.ubulk" 4005
"C:/Users/Amir sanni/Desktop/Biplo/Roomba-Biplo-Studio/Content/Assets/ConstructionSite/Crane_and_girder/Crane/Crane_Neck.uasset" 4006
"C:/Users/Amir sanni/Desktop/Biplo/Roomba-Biplo-Studio/Content/Assets/ConstructionSite/Crane_and_girder/Crane/Crane_Neck.uexp" 4007
"C:/Users/Amir sanni/Desktop/Biplo/Roomba-Biplo-Studio/Content/NewAssetsCool/ModularVents/singleVent/vent1_lambert1_BaseColor.ubulk" 4008
"C:/Users/Amir sanni/Desktop/Biplo/Roomba-Biplo-Studio/Content/NewAssetsCool/ModularVents/singleVent/vent1_lambert1_BaseColor.uasset" 4009
"C:/Users/Amir sanni/Desktop/Biplo/Roomba-Biplo-Studio/Content/NewAssetsCool/ModularVents/singleVent/vent1_lambert1_BaseColor.uexp" 4010
"C:/Users/Amir sanni/Desktop/Biplo/Roomba-Biplo-Studio/Content/NewAssetsCool/ModularVents/singleVent/vent1_lambert1_Normal.ubulk" 4011
"C:/Users/Amir sanni/Desktop/Biplo/Roomba-Biplo-Studio/Content/NewAssetsCool/ModularVents/singleVent/vent1_lambert1_Normal.uasset" 4012
"C:/Users/Amir sanni/Desktop/Biplo/Roomba-Biplo-Studio/Content/NewAssetsCool/ModularVents/singleVent/vent1_lambert1_Normal.uexp" 4013
"C:/Users/Amir sanni/Desktop/Biplo/Roomba-Biplo-Studio/Content/NewAssetsCool/ModularVents/singleVent/vent1_lambert1_OcclusionRoughnessMetallic.ubulk" 4014
"C:/Users/Amir sanni/Desktop/Biplo/Roomba-Biplo-Studio/Content/NewAssetsCool/ModularVents/singleVent/vent1_lambert1_OcclusionRoughnessMetallic.uasset" 4015
"C:/Users/Amir sanni/Desktop/Biplo/Roomba-Biplo-Studio/Content/NewAssetsCool/ModularVents/singleVent/vent1_lambert1_OcclusionRoughnessMetallic.uexp" 4016
"C:/Users/Amir sanni/Desktop/Biplo/Roomba-Biplo-Studio/Content/NewAssetsCool/ModularVents/singleVent/VentSingle_Mat.uasset" 4017
"C:/Users/Amir sanni/Desktop/Biplo/Roomba-Biplo-Studio/Content/NewAssetsCool/ModularVents/singleVent/VentSingle_Mat.uexp" 4018
"C:/Users/Amir sanni/Desktop/Biplo/Roomba-Biplo-Studio/Content/NewAssetsCool/ModularVents/singleVent/vent1.ubulk" 4019
"C:/Users/Amir sanni/Desktop/Biplo/Roomba-Biplo-Studio/Content/NewAssetsCool/ModularVents/singleVent/vent1.uasset" 4020
"C:/Users/Amir sanni/Desktop/Biplo/Roomba-Biplo-Studio/Content/NewAssetsCool/ModularVents/singleVent/vent1.uexp" 4021
"C:/Users/Amir sanni/Desktop/Biplo/Roomba-Biplo-Studio/Content/NewAssetsCool/2D/biploPoster/Biplo_poster_2.uasset" 4022
"C:/Users/Amir sanni/Desktop/Biplo/Roomba-Biplo-Studio/Content/NewAssetsCool/2D/biploPoster/Biplo_poster_2.uexp" 4023
"C:/Users/Amir sanni/Desktop/Biplo/Roomba-Biplo-Studio/Content/NewAssetsCool/2D/biploPoster/Biplo_poster_2_Mat.uasset" 4024
"C:/Users/Amir sanni/Desktop/Biplo/Roomba-Biplo-Studio/Content/NewAssetsCool/2D/biploPoster/Biplo_poster_2_Mat.uexp" 4025
"C:/Users/Amir sanni/Desktop/Biplo/Roomba-Biplo-Studio/Content/Assets/ConstructionSite/Pillar1/Pillar1_DefaultMaterial_Normal.ubulk" 4026
"C:/Users/Amir sanni/Desktop/Biplo/Roomba-Biplo-Studio/Content/Assets/ConstructionSite/Pillar1/Pillar1_DefaultMaterial_Normal.uasset" 4027
"C:/Users/Amir sanni/Desktop/Biplo/Roomba-Biplo-Studio/Content/Assets/ConstructionSite/Pillar1/Pillar1_DefaultMaterial_Normal.uexp" 4028
"C:/Users/Amir sanni/Desktop/Biplo/Roomba-Biplo-Studio/Content/Assets/ConstructionSite/Pillar1/Pillar1_DefaultMaterial_BaseColor.ubulk" 4029
"C:/Users/Amir sanni/Desktop/Biplo/Roomba-Biplo-Studio/Content/Assets/ConstructionSite/Pillar1/Pillar1_DefaultMaterial_BaseColor.uasset" 4030
"C:/Users/Amir sanni/Desktop/Biplo/Roomba-Biplo-Studio/Content/Assets/ConstructionSite/Pillar1/Pillar1_DefaultMaterial_BaseColor.uexp" 4031
"C:/Users/Amir sanni/Desktop/Biplo/Roomba-Biplo-Studio/Content/Assets/ConstructionSite/Pillar1/Pillar1_DefaultMaterial_OcclusionRoughnessMetallic.ubulk" 4032
"C:/Users/Amir sanni/Desktop/Biplo/Roomba-Biplo-Studio/Content/Assets/ConstructionSite/Pillar1/Pillar1_DefaultMaterial_OcclusionRoughnessMetallic.uasset" 4033
"C:/Users/Amir sanni/Desktop/Biplo/Roomba-Biplo-Studio/Content/Assets/ConstructionSite/Pillar1/Pillar1_DefaultMaterial_OcclusionRoughnessMetallic.uexp" 4034
"C:/Users/Amir sanni/Desktop/Biplo/Roomba-Biplo-Studio/Content/Assets/ConstructionSite/Pillar1/M_Pillar.uasset" 4035
"C:/Users/Amir sanni/Desktop/Biplo/Roomba-Biplo-Studio/Content/Assets/ConstructionSite/Pillar1/M_Pillar.uexp" 4036
"C:/Users/Amir sanni/Desktop/Biplo/Roomba-Biplo-Studio/Content/Assets/ConstructionSite/Pillar1.ubulk" 4037
"C:/Users/Amir sanni/Desktop/Biplo/Roomba-Biplo-Studio/Content/Assets/ConstructionSite/Pillar1.uasset" 4038
"C:/Users/Amir sanni/Desktop/Biplo/Roomba-Biplo-Studio/Content/Assets/ConstructionSite/Pillar1.uexp" 4039
"C:/Users/Amir sanni/Desktop/Biplo/Roomba-Biplo-Studio/Content/NewAssetsCool/Powerplant/nuclearTower_Low_standardSurface1_Normal.ubulk" 4040
"C:/Users/Amir sanni/Desktop/Biplo/Roomba-Biplo-Studio/Content/NewAssetsCool/Powerplant/nuclearTower_Low_standardSurface1_Normal.uasset" 4041
"C:/Users/Amir sanni/Desktop/Biplo/Roomba-Biplo-Studio/Content/NewAssetsCool/Powerplant/nuclearTower_Low_standardSurface1_Normal.uexp" 4042
"C:/Users/Amir sanni/Desktop/Biplo/Roomba-Biplo-Studio/Content/NewAssetsCool/Powerplant/nuclearTower_Low_standardSurface1_BaseColor.ubulk" 4043
"C:/Users/Amir sanni/Desktop/Biplo/Roomba-Biplo-Studio/Content/NewAssetsCool/Powerplant/nuclearTower_Low_standardSurface1_BaseColor.uasset" 4044
"C:/Users/Amir sanni/Desktop/Biplo/Roomba-Biplo-Studio/Content/NewAssetsCool/Powerplant/nuclearTower_Low_standardSurface1_BaseColor.uexp" 4045
"C:/Users/Amir sanni/Desktop/Biplo/Roomba-Biplo-Studio/Content/NewAssetsCool/Powerplant/nuclearTower_Low_standardSurface1_OcclusionRoughnessMetallic.ubulk" 4046
"C:/Users/Amir sanni/Desktop/Biplo/Roomba-Biplo-Studio/Content/NewAssetsCool/Powerplant/nuclearTower_Low_standardSurface1_OcclusionRoughnessMetallic.uasset" 4047
"C:/Users/Amir sanni/Desktop/Biplo/Roomba-Biplo-Studio/Content/NewAssetsCool/Powerplant/nuclearTower_Low_standardSurface1_OcclusionRoughnessMetallic.uexp" 4048
"C:/Users/Amir sanni/Desktop/Biplo/Roomba-Biplo-Studio/Content/NewAssetsCool/Powerplant/M_NuclearTower.uasset" 4049
"C:/Users/Amir sanni/Desktop/Biplo/Roomba-Biplo-Studio/Content/NewAssetsCool/Powerplant/M_NuclearTower.uexp" 4050
"C:/Users/Amir sanni/Desktop/Biplo/Roomba-Biplo-Studio/Content/NewAssetsCool/Powerplant/nuclearTower.ubulk" 4051
"C:/Users/Amir sanni/Desktop/Biplo/Roomba-Biplo-Studio/Content/NewAssetsCool/Powerplant/nuclearTower.uasset" 4052
"C:/Users/Amir sanni/Desktop/Biplo/Roomba-Biplo-Studio/Content/NewAssetsCool/Powerplant/nuclearTower.uexp" 4053
"C:/Users/Amir sanni/Desktop/Biplo/Roomba-Biplo-Studio/Content/LevelDesign/Section2RooftopOllie.uexp" 4054
"C:/Users/Amir sanni/Desktop/Biplo/Roomba-Biplo-Studio/Content/LevelDesign/Section2RooftopOllie.umap" 4055
"C:/Users/Amir sanni/Desktop/Biplo/Roomba-Biplo-Studio/Content/LevelDesign/Section2Rooftop.uexp" 4056
"C:/Users/Amir sanni/Desktop/Biplo/Roomba-Biplo-Studio/Content/LevelDesign/Section2Rooftop.umap" 4057
"C:/Users/Amir sanni/Desktop/Biplo/Roomba-Biplo-Studio/Content/NewAssetsCool/TimedPowerboxes/timedFuseBox.ubulk" 4058
"C:/Users/Amir sanni/Desktop/Biplo/Roomba-Biplo-Studio/Content/NewAssetsCool/TimedPowerboxes/timedFuseBox.uasset" 4059
"C:/Users/Amir sanni/Desktop/Biplo/Roomba-Biplo-Studio/Content/NewAssetsCool/TimedPowerboxes/timedFuseBox.uexp" 4060
"C:/Users/Amir sanni/Desktop/Biplo/Roomba-Biplo-Studio/Content/InteractPrototypeBP/Triggers/LightTrigger/BP_TimedLightBox.uasset" 4061
"C:/Users/Amir sanni/Desktop/Biplo/Roomba-Biplo-Studio/Content/InteractPrototypeBP/Triggers/LightTrigger/BP_TimedLightBox.uexp" 4062
"C:/Users/Amir sanni/Desktop/Biplo/Roomba-Biplo-Studio/Content/Assets/ConstructionSite/Rebar1/Rebar1_DefaultMaterial_OcclusionRoughnessMetallic.ubulk" 4063
"C:/Users/Amir sanni/Desktop/Biplo/Roomba-Biplo-Studio/Content/Assets/ConstructionSite/Rebar1/Rebar1_DefaultMaterial_OcclusionRoughnessMetallic.uasset" 4064
"C:/Users/Amir sanni/Desktop/Biplo/Roomba-Biplo-Studio/Content/Assets/ConstructionSite/Rebar1/Rebar1_DefaultMaterial_OcclusionRoughnessMetallic.uexp" 4065
"C:/Users/Amir sanni/Desktop/Biplo/Roomba-Biplo-Studio/Content/Assets/ConstructionSite/Rebar1/Rebar1_DefaultMaterial_Normal.ubulk" 4066
"C:/Users/Amir sanni/Desktop/Biplo/Roomba-Biplo-Studio/Content/Assets/ConstructionSite/Rebar1/Rebar1_DefaultMaterial_Normal.uasset" 4067
"C:/Users/Amir sanni/Desktop/Biplo/Roomba-Biplo-Studio/Content/Assets/ConstructionSite/Rebar1/Rebar1_DefaultMaterial_Normal.uexp" 4068
"C:/Users/Amir sanni/Desktop/Biplo/Roomba-Biplo-Studio/Content/Assets/ConstructionSite/Rebar1/Rebar1_DefaultMaterial_BaseColor.ubulk" 4069
"C:/Users/Amir sanni/Desktop/Biplo/Roomba-Biplo-Studio/Content/Assets/ConstructionSite/Rebar1/Rebar1_DefaultMaterial_BaseColor.uasset" 4070
"C:/Users/Amir sanni/Desktop/Biplo/Roomba-Biplo-Studio/Content/Assets/ConstructionSite/Rebar1/Rebar1_DefaultMaterial_BaseColor.uexp" 4071
"C:/Users/Amir sanni/Desktop/Biplo/Roomba-Biplo-Studio/Content/Assets/ConstructionSite/Rebar1/M_Rebar1.uasset" 4072
"C:/Users/Amir sanni/Desktop/Biplo/Roomba-Biplo-Studio/Content/Assets/ConstructionSite/Rebar1/M_Rebar1.uexp" 4073
"C:/Users/Amir sanni/Desktop/Biplo/Roomba-Biplo-Studio/Content/Assets/ConstructionSite/Rebar1.ubulk" 4074
"C:/Users/Amir sanni/Desktop/Biplo/Roomba-Biplo-Studio/Content/Assets/ConstructionSite/Rebar1.uasset" 4075
"C:/Users/Amir sanni/Desktop/Biplo/Roomba-Biplo-Studio/Content/Assets/ConstructionSite/Rebar1.uexp" 4076
"C:/Users/Amir sanni/Desktop/Biplo/Roomba-Biplo-Studio/Content/LevelDesign/DavidsCooking/BakeryWire2.ubulk" 4077
"C:/Users/Amir sanni/Desktop/Biplo/Roomba-Biplo-Studio/Content/LevelDesign/DavidsCooking/BakeryWire2.uasset" 4078
"C:/Users/Amir sanni/Desktop/Biplo/Roomba-Biplo-Studio/Content/LevelDesign/DavidsCooking/BakeryWire2.uexp" 4079
"C:/Users/Amir sanni/Desktop/Biplo/Roomba-Biplo-Studio/Content/NewAssetsCool/Terminal/terminal_Low_standardSurface1_Normal.ubulk" 4080
"C:/Users/Amir sanni/Desktop/Biplo/Roomba-Biplo-Studio/Content/NewAssetsCool/Terminal/terminal_Low_standardSurface1_Normal.uasset" 4081
"C:/Users/Amir sanni/Desktop/Biplo/Roomba-Biplo-Studio/Content/NewAssetsCool/Terminal/terminal_Low_standardSurface1_Normal.uexp" 4082
"C:/Users/Amir sanni/Desktop/Biplo/Roomba-Biplo-Studio/Content/NewAssetsCool/Terminal/terminal_Low_standardSurface1_BaseColor.ubulk" 4083
"C:/Users/Amir sanni/Desktop/Biplo/Roomba-Biplo-Studio/Content/NewAssetsCool/Terminal/terminal_Low_standardSurface1_BaseColor.uasset" 4084
"C:/Users/Amir sanni/Desktop/Biplo/Roomba-Biplo-Studio/Content/NewAssetsCool/Terminal/terminal_Low_standardSurface1_BaseColor.uexp" 4085
"C:/Users/Amir sanni/Desktop/Biplo/Roomba-Biplo-Studio/Content/NewAssetsCool/Terminal/terminal_Low_standardSurface1_Emissive.ubulk" 4086
"C:/Users/Amir sanni/Desktop/Biplo/Roomba-Biplo-Studio/Content/NewAssetsCool/Terminal/terminal_Low_standardSurface1_Emissive.uasset" 4087
"C:/Users/Amir sanni/Desktop/Biplo/Roomba-Biplo-Studio/Content/NewAssetsCool/Terminal/terminal_Low_standardSurface1_Emissive.uexp" 4088
"C:/Users/Amir sanni/Desktop/Biplo/Roomba-Biplo-Studio/Content/NewAssetsCool/Terminal/terminal_Low_standardSurface1_OcclusionRoughnessMetallic.ubulk" 4089
"C:/Users/Amir sanni/Desktop/Biplo/Roomba-Biplo-Studio/Content/NewAssetsCool/Terminal/terminal_Low_standardSurface1_OcclusionRoughnessMetallic.uasset" 4090
"C:/Users/Amir sanni/Desktop/Biplo/Roomba-Biplo-Studio/Content/NewAssetsCool/Terminal/terminal_Low_standardSurface1_OcclusionRoughnessMetallic.uexp" 4091
"C:/Users/Amir sanni/Desktop/Biplo/Roomba-Biplo-Studio/Content/NewAssetsCool/Terminal/M_Terminal.uasset" 4092
"C:/Users/Amir sanni/Desktop/Biplo/Roomba-Biplo-Studio/Content/NewAssetsCool/Terminal/M_Terminal.uexp" 4093
"C:/Users/Amir sanni/Desktop/Biplo/Roomba-Biplo-Studio/Content/NewAssetsCool/Terminal/terminal.ubulk" 4094
"C:/Users/Amir sanni/Desktop/Biplo/Roomba-Biplo-Studio/Content/NewAssetsCool/Terminal/terminal.uasset" 4095
"C:/Users/Amir sanni/Desktop/Biplo/Roomba-Biplo-Studio/Content/NewAssetsCool/Terminal/terminal.uexp" 4096
"C:/Users/Amir sanni/Desktop/Biplo/Roomba-Biplo-Studio/Content/ThirdPerson/Input/CraneActions/SwitchToPlayer.uasset" 4097
"C:/Users/Amir sanni/Desktop/Biplo/Roomba-Biplo-Studio/Content/ThirdPerson/Input/CraneActions/SwitchToPlayer.uexp" 4098
"C:/Users/Amir sanni/Desktop/Biplo/Roomba-Biplo-Studio/Content/ThirdPerson/Input/CraneActions/MoveUp.uasset" 4099
"C:/Users/Amir sanni/Desktop/Biplo/Roomba-Biplo-Studio/Content/ThirdPerson/Input/CraneActions/MoveUp.uexp" 4100
"C:/Users/Amir sanni/Desktop/Biplo/Roomba-Biplo-Studio/Content/ThirdPerson/Input/CraneActions/RotateLeft.uasset" 4101
"C:/Users/Amir sanni/Desktop/Biplo/Roomba-Biplo-Studio/Content/ThirdPerson/Input/CraneActions/RotateLeft.uexp" 4102
"C:/Users/Amir sanni/Desktop/Biplo/Roomba-Biplo-Studio/Content/ThirdPerson/Input/CraneActions/RotateRight.uasset" 4103
"C:/Users/Amir sanni/Desktop/Biplo/Roomba-Biplo-Studio/Content/ThirdPerson/Input/CraneActions/RotateRight.uexp" 4104
"C:/Users/Amir sanni/Desktop/Biplo/Roomba-Biplo-Studio/Content/ThirdPerson/Input/CraneActions/MoveDown.uasset" 4105
"C:/Users/Amir sanni/Desktop/Biplo/Roomba-Biplo-Studio/Content/ThirdPerson/Input/CraneActions/MoveDown.uexp" 4106
"C:/Users/Amir sanni/Desktop/Biplo/Roomba-Biplo-Studio/Content/ThirdPerson/Input/IMC_Crane.uasset" 4107
"C:/Users/Amir sanni/Desktop/Biplo/Roomba-Biplo-Studio/Content/ThirdPerson/Input/IMC_Crane.uexp" 4108
"C:/Users/Amir sanni/Desktop/Biplo/Roomba-Biplo-Studio/Content/Menu/CraneWidget.uasset" 4109
"C:/Users/Amir sanni/Desktop/Biplo/Roomba-Biplo-Studio/Content/Menu/CraneWidget.uexp" 4110
"C:/Users/Amir sanni/Desktop/Biplo/Roomba-Biplo-Studio/Content/ThirdPerson/Blueprints/Crane_BP/CraneController_BP.uasset" 4111
"C:/Users/Amir sanni/Desktop/Biplo/Roomba-Biplo-Studio/Content/ThirdPerson/Blueprints/Crane_BP/CraneController_BP.uexp" 4112
"C:/Users/Amir sanni/Desktop/Biplo/Roomba-Biplo-Studio/Content/Assets/ConstructionSite/Crate/Fence_DefaultMaterial_OcclusionRoughnessMetallic.ubulk" 4113
"C:/Users/Amir sanni/Desktop/Biplo/Roomba-Biplo-Studio/Content/Assets/ConstructionSite/Crate/Fence_DefaultMaterial_OcclusionRoughnessMetallic.uasset" 4114
"C:/Users/Amir sanni/Desktop/Biplo/Roomba-Biplo-Studio/Content/Assets/ConstructionSite/Crate/Fence_DefaultMaterial_OcclusionRoughnessMetallic.uexp" 4115
"C:/Users/Amir sanni/Desktop/Biplo/Roomba-Biplo-Studio/Content/Assets/ConstructionSite/Crate/Fence_DefaultMaterial_Normal.ubulk" 4116
"C:/Users/Amir sanni/Desktop/Biplo/Roomba-Biplo-Studio/Content/Assets/ConstructionSite/Crate/Fence_DefaultMaterial_Normal.uasset" 4117
"C:/Users/Amir sanni/Desktop/Biplo/Roomba-Biplo-Studio/Content/Assets/ConstructionSite/Crate/Fence_DefaultMaterial_Normal.uexp" 4118
"C:/Users/Amir sanni/Desktop/Biplo/Roomba-Biplo-Studio/Content/Assets/ConstructionSite/Crate/Fence_DefaultMaterial_BaseColor.ubulk" 4119
"C:/Users/Amir sanni/Desktop/Biplo/Roomba-Biplo-Studio/Content/Assets/ConstructionSite/Crate/Fence_DefaultMaterial_BaseColor.uasset" 4120
"C:/Users/Amir sanni/Desktop/Biplo/Roomba-Biplo-Studio/Content/Assets/ConstructionSite/Crate/Fence_DefaultMaterial_BaseColor.uexp" 4121
"C:/Users/Amir sanni/Desktop/Biplo/Roomba-Biplo-Studio/Content/Assets/ConstructionSite/Crate/M_RedCrate.uasset" 4122
"C:/Users/Amir sanni/Desktop/Biplo/Roomba-Biplo-Studio/Content/Assets/ConstructionSite/Crate/M_RedCrate.uexp" 4123
"C:/Users/Amir sanni/Desktop/Biplo/Roomba-Biplo-Studio/Content/Assets/ConstructionSite/Container.ubulk" 4124
"C:/Users/Amir sanni/Desktop/Biplo/Roomba-Biplo-Studio/Content/Assets/ConstructionSite/Container.uasset" 4125
"C:/Users/Amir sanni/Desktop/Biplo/Roomba-Biplo-Studio/Content/Assets/ConstructionSite/Container.uexp" 4126
"C:/Users/Amir sanni/Desktop/Biplo/Roomba-Biplo-Studio/Content/Assets/ConstructionSite/Building1/ConstructionHouse_DefaultMaterial_OcclusionRoughnessMetallic.ubulk" 4127
"C:/Users/Amir sanni/Desktop/Biplo/Roomba-Biplo-Studio/Content/Assets/ConstructionSite/Building1/ConstructionHouse_DefaultMaterial_OcclusionRoughnessMetallic.uasset" 4128
"C:/Users/Amir sanni/Desktop/Biplo/Roomba-Biplo-Studio/Content/Assets/ConstructionSite/Building1/ConstructionHouse_DefaultMaterial_OcclusionRoughnessMetallic.uexp" 4129
"C:/Users/Amir sanni/Desktop/Biplo/Roomba-Biplo-Studio/Content/Assets/ConstructionSite/Building1/ConstructionHouse_DefaultMaterial_BaseColor.ubulk" 4130
"C:/Users/Amir sanni/Desktop/Biplo/Roomba-Biplo-Studio/Content/Assets/ConstructionSite/Building1/ConstructionHouse_DefaultMaterial_BaseColor.uasset" 4131
"C:/Users/Amir sanni/Desktop/Biplo/Roomba-Biplo-Studio/Content/Assets/ConstructionSite/Building1/ConstructionHouse_DefaultMaterial_BaseColor.uexp" 4132
"C:/Users/Amir sanni/Desktop/Biplo/Roomba-Biplo-Studio/Content/Assets/ConstructionSite/Building1/ConstructionHouse_DefaultMaterial_Normal.ubulk" 4133
"C:/Users/Amir sanni/Desktop/Biplo/Roomba-Biplo-Studio/Content/Assets/ConstructionSite/Building1/ConstructionHouse_DefaultMaterial_Normal.uasset" 4134
"C:/Users/Amir sanni/Desktop/Biplo/Roomba-Biplo-Studio/Content/Assets/ConstructionSite/Building1/ConstructionHouse_DefaultMaterial_Normal.uexp" 4135
"C:/Users/Amir sanni/Desktop/Biplo/Roomba-Biplo-Studio/Content/Assets/ConstructionSite/Building1/M_CH1.uasset" 4136
"C:/Users/Amir sanni/Desktop/Biplo/Roomba-Biplo-Studio/Content/Assets/ConstructionSite/Building1/M_CH1.uexp" 4137
"C:/Users/Amir sanni/Desktop/Biplo/Roomba-Biplo-Studio/Content/Assets/ConstructionSite/Building1/ConstructionHouse.ubulk" 4138
"C:/Users/Amir sanni/Desktop/Biplo/Roomba-Biplo-Studio/Content/Assets/ConstructionSite/Building1/ConstructionHouse.uasset" 4139
"C:/Users/Amir sanni/Desktop/Biplo/Roomba-Biplo-Studio/Content/Assets/ConstructionSite/Building1/ConstructionHouse.uexp" 4140
"C:/Users/Amir sanni/Desktop/Biplo/Roomba-Biplo-Studio/Content/Assets/ConstructionSite/WarehouseRoof.uasset" 4141
"C:/Users/Amir sanni/Desktop/Biplo/Roomba-Biplo-Studio/Content/Assets/ConstructionSite/WarehouseRoof.uexp" 4142
"C:/Users/Amir sanni/Desktop/Biplo/Roomba-Biplo-Studio/Content/Assets/ConstructionSite/Rebar2/Rebar2_DefaultMaterial_OcclusionRoughnessMetallic.ubulk" 4143
"C:/Users/Amir sanni/Desktop/Biplo/Roomba-Biplo-Studio/Content/Assets/ConstructionSite/Rebar2/Rebar2_DefaultMaterial_OcclusionRoughnessMetallic.uasset" 4144
"C:/Users/Amir sanni/Desktop/Biplo/Roomba-Biplo-Studio/Content/Assets/ConstructionSite/Rebar2/Rebar2_DefaultMaterial_OcclusionRoughnessMetallic.uexp" 4145
"C:/Users/Amir sanni/Desktop/Biplo/Roomba-Biplo-Studio/Content/Assets/ConstructionSite/Rebar2/Rebar2_DefaultMaterial_BaseColor.ubulk" 4146
"C:/Users/Amir sanni/Desktop/Biplo/Roomba-Biplo-Studio/Content/Assets/ConstructionSite/Rebar2/Rebar2_DefaultMaterial_BaseColor.uasset" 4147
"C:/Users/Amir sanni/Desktop/Biplo/Roomba-Biplo-Studio/Content/Assets/ConstructionSite/Rebar2/Rebar2_DefaultMaterial_BaseColor.uexp" 4148
"C:/Users/Amir sanni/Desktop/Biplo/Roomba-Biplo-Studio/Content/Assets/ConstructionSite/Rebar2/Rebar2_DefaultMaterial_Normal.ubulk" 4149
"C:/Users/Amir sanni/Desktop/Biplo/Roomba-Biplo-Studio/Content/Assets/ConstructionSite/Rebar2/Rebar2_DefaultMaterial_Normal.uasset" 4150
"C:/Users/Amir sanni/Desktop/Biplo/Roomba-Biplo-Studio/Content/Assets/ConstructionSite/Rebar2/Rebar2_DefaultMaterial_Normal.uexp" 4151
"C:/Users/Amir sanni/Desktop/Biplo/Roomba-Biplo-Studio/Content/Assets/ConstructionSite/Rebar2/M_Rebar2.uasset" 4152
"C:/Users/Amir sanni/Desktop/Biplo/Roomba-Biplo-Studio/Content/Assets/ConstructionSite/Rebar2/M_Rebar2.uexp" 4153
"C:/Users/Amir sanni/Desktop/Biplo/Roomba-Biplo-Studio/Content/Assets/ConstructionSite/Rebar2.ubulk" 4154
"C:/Users/Amir sanni/Desktop/Biplo/Roomba-Biplo-Studio/Content/Assets/ConstructionSite/Rebar2.uasset" 4155
"C:/Users/Amir sanni/Desktop/Biplo/Roomba-Biplo-Studio/Content/Assets/ConstructionSite/Rebar2.uexp" 4156
"C:/Users/Amir sanni/Desktop/Biplo/Roomba-Biplo-Studio/Content/StarterContent/Textures/T_Wood_Pine_Mat.uasset" 4157
"C:/Users/Amir sanni/Desktop/Biplo/Roomba-Biplo-Studio/Content/StarterContent/Textures/T_Wood_Pine_Mat.uexp" 4158
"C:/Users/Amir sanni/Desktop/Biplo/Roomba-Biplo-Studio/Content/LevelDesign/Section2ConstUpperOllie.uexp" 4159
"C:/Users/Amir sanni/Desktop/Biplo/Roomba-Biplo-Studio/Content/LevelDesign/Section2ConstUpperOllie.umap" 4160
"C:/Users/Amir sanni/Desktop/Biplo/Roomba-Biplo-Studio/Content/LevelDesign/DavidsCooking/ConstructionLightingWire1.ubulk" 4161
"C:/Users/Amir sanni/Desktop/Biplo/Roomba-Biplo-Studio/Content/LevelDesign/DavidsCooking/ConstructionLightingWire1.uasset" 4162
"C:/Users/Amir sanni/Desktop/Biplo/Roomba-Biplo-Studio/Content/LevelDesign/DavidsCooking/ConstructionLightingWire1.uexp" 4163
"C:/Users/Amir sanni/Desktop/Biplo/Roomba-Biplo-Studio/Content/LevelDesign/DavidsCooking/ConstructionSiteLightingWire2.ubulk" 4164
"C:/Users/Amir sanni/Desktop/Biplo/Roomba-Biplo-Studio/Content/LevelDesign/DavidsCooking/ConstructionSiteLightingWire2.uasset" 4165
"C:/Users/Amir sanni/Desktop/Biplo/Roomba-Biplo-Studio/Content/LevelDesign/DavidsCooking/ConstructionSiteLightingWire2.uexp" 4166
"C:/Users/Amir sanni/Desktop/Biplo/Roomba-Biplo-Studio/Content/LevelDesign/Section2ConstructionSite.uexp" 4167
"C:/Users/Amir sanni/Desktop/Biplo/Roomba-Biplo-Studio/Content/LevelDesign/Section2ConstructionSite.umap" 4168
"C:/Users/Amir sanni/Desktop/Biplo/Roomba-Biplo-Studio/Content/NewAssetsCool/Cones/cone_Low_lambert1_BaseColor.ubulk" 4169
"C:/Users/Amir sanni/Desktop/Biplo/Roomba-Biplo-Studio/Content/NewAssetsCool/Cones/cone_Low_lambert1_BaseColor.uasset" 4170
"C:/Users/Amir sanni/Desktop/Biplo/Roomba-Biplo-Studio/Content/NewAssetsCool/Cones/cone_Low_lambert1_BaseColor.uexp" 4171
"C:/Users/Amir sanni/Desktop/Biplo/Roomba-Biplo-Studio/Content/NewAssetsCool/Cones/cone_Low_lambert1_OcclusionRoughnessMetallic.ubulk" 4172
"C:/Users/Amir sanni/Desktop/Biplo/Roomba-Biplo-Studio/Content/NewAssetsCool/Cones/cone_Low_lambert1_OcclusionRoughnessMetallic.uasset" 4173
"C:/Users/Amir sanni/Desktop/Biplo/Roomba-Biplo-Studio/Content/NewAssetsCool/Cones/cone_Low_lambert1_OcclusionRoughnessMetallic.uexp" 4174
"C:/Users/Amir sanni/Desktop/Biplo/Roomba-Biplo-Studio/Content/NewAssetsCool/Cones/cone_Low_lambert1_Normal.ubulk" 4175
"C:/Users/Amir sanni/Desktop/Biplo/Roomba-Biplo-Studio/Content/NewAssetsCool/Cones/cone_Low_lambert1_Normal.uasset" 4176
"C:/Users/Amir sanni/Desktop/Biplo/Roomba-Biplo-Studio/Content/NewAssetsCool/Cones/cone_Low_lambert1_Normal.uexp" 4177
"C:/Users/Amir sanni/Desktop/Biplo/Roomba-Biplo-Studio/Content/NewAssetsCool/Cones/cone_mat.uasset" 4178
"C:/Users/Amir sanni/Desktop/Biplo/Roomba-Biplo-Studio/Content/NewAssetsCool/Cones/cone_mat.uexp" 4179
"C:/Users/Amir sanni/Desktop/Biplo/Roomba-Biplo-Studio/Content/NewAssetsCool/brick/NewMaterial.uasset" 4180
"C:/Users/Amir sanni/Desktop/Biplo/Roomba-Biplo-Studio/Content/NewAssetsCool/brick/NewMaterial.uexp" 4181
"C:/Users/Amir sanni/Desktop/Biplo/Roomba-Biplo-Studio/Content/Assets/2DImages/Wirepop_up.uasset" 4182
"C:/Users/Amir sanni/Desktop/Biplo/Roomba-Biplo-Studio/Content/Assets/2DImages/Wirepop_up.uexp" 4183
"C:/Users/Amir sanni/Desktop/Biplo/Roomba-Biplo-Studio/Content/LevelDesign/ForOllie/BP_ElevatorCable.uasset" 4184
"C:/Users/Amir sanni/Desktop/Biplo/Roomba-Biplo-Studio/Content/LevelDesign/ForOllie/BP_ElevatorCable.uexp" 4185
"C:/Users/Amir sanni/Desktop/Biplo/Roomba-Biplo-Studio/Content/NewAssetsCool/brick/brick.ubulk" 4186
"C:/Users/Amir sanni/Desktop/Biplo/Roomba-Biplo-Studio/Content/NewAssetsCool/brick/brick.uasset" 4187
"C:/Users/Amir sanni/Desktop/Biplo/Roomba-Biplo-Studio/Content/NewAssetsCool/brick/brick.uexp" 4188
"C:/Users/Amir sanni/Desktop/Biplo/Roomba-Biplo-Studio/Content/LevelDesign/ForOllie/BP_CraneElevatorGenerator.uasset" 4189
"C:/Users/Amir sanni/Desktop/Biplo/Roomba-Biplo-Studio/Content/LevelDesign/ForOllie/BP_CraneElevatorGenerator.uexp" 4190
"C:/Users/Amir sanni/Desktop/Biplo/Roomba-Biplo-Studio/Content/LevelDesign/ForOllie/BP_CraneElevatorPowerbox.uasset" 4191
"C:/Users/Amir sanni/Desktop/Biplo/Roomba-Biplo-Studio/Content/LevelDesign/ForOllie/BP_CraneElevatorPowerbox.uexp" 4192
"C:/Users/Amir sanni/Desktop/Biplo/Roomba-Biplo-Studio/Content/NewAssetsCool/doorLight/doorLight_Low_standardSurface1_OcclusionRoughnessMetallic.ubulk" 4193
"C:/Users/Amir sanni/Desktop/Biplo/Roomba-Biplo-Studio/Content/NewAssetsCool/doorLight/doorLight_Low_standardSurface1_OcclusionRoughnessMetallic.uasset" 4194
"C:/Users/Amir sanni/Desktop/Biplo/Roomba-Biplo-Studio/Content/NewAssetsCool/doorLight/doorLight_Low_standardSurface1_OcclusionRoughnessMetallic.uexp" 4195
"C:/Users/Amir sanni/Desktop/Biplo/Roomba-Biplo-Studio/Content/NewAssetsCool/doorLight/doorLight_Low_standardSurface1_BaseColor.ubulk" 4196
"C:/Users/Amir sanni/Desktop/Biplo/Roomba-Biplo-Studio/Content/NewAssetsCool/doorLight/doorLight_Low_standardSurface1_BaseColor.uasset" 4197
"C:/Users/Amir sanni/Desktop/Biplo/Roomba-Biplo-Studio/Content/NewAssetsCool/doorLight/doorLight_Low_standardSurface1_BaseColor.uexp" 4198
"C:/Users/Amir sanni/Desktop/Biplo/Roomba-Biplo-Studio/Content/NewAssetsCool/doorLight/doorLight_Low_standardSurface1_Normal.ubulk" 4199
"C:/Users/Amir sanni/Desktop/Biplo/Roomba-Biplo-Studio/Content/NewAssetsCool/doorLight/doorLight_Low_standardSurface1_Normal.uasset" 4200
"C:/Users/Amir sanni/Desktop/Biplo/Roomba-Biplo-Studio/Content/NewAssetsCool/doorLight/doorLight_Low_standardSurface1_Normal.uexp" 4201
"C:/Users/Amir sanni/Desktop/Biplo/Roomba-Biplo-Studio/Content/NewAssetsCool/doorLight/doorLight_Low_standardSurface1_Emissive.ubulk" 4202
"C:/Users/Amir sanni/Desktop/Biplo/Roomba-Biplo-Studio/Content/NewAssetsCool/doorLight/doorLight_Low_standardSurface1_Emissive.uasset" 4203
"C:/Users/Amir sanni/Desktop/Biplo/Roomba-Biplo-Studio/Content/NewAssetsCool/doorLight/doorLight_Low_standardSurface1_Emissive.uexp" 4204
"C:/Users/Amir sanni/Desktop/Biplo/Roomba-Biplo-Studio/Content/NewAssetsCool/doorLight/doorLight_mat.uasset" 4205
"C:/Users/Amir sanni/Desktop/Biplo/Roomba-Biplo-Studio/Content/NewAssetsCool/doorLight/doorLight_mat.uexp" 4206
"C:/Users/Amir sanni/Desktop/Biplo/Roomba-Biplo-Studio/Content/NewAssetsCool/doorLight/doorLight.ubulk" 4207
"C:/Users/Amir sanni/Desktop/Biplo/Roomba-Biplo-Studio/Content/NewAssetsCool/doorLight/doorLight.uasset" 4208
"C:/Users/Amir sanni/Desktop/Biplo/Roomba-Biplo-Studio/Content/NewAssetsCool/doorLight/doorLight.uexp" 4209
"C:/Users/Amir sanni/Desktop/Biplo/Roomba-Biplo-Studio/Content/Assets/ConstructionSite/Term/Material_004.uasset" 4210
"C:/Users/Amir sanni/Desktop/Biplo/Roomba-Biplo-Studio/Content/Assets/ConstructionSite/Term/Material_004.uexp" 4211
"C:/Users/Amir sanni/Desktop/Biplo/Roomba-Biplo-Studio/Content/Assets/ConstructionSite/Term/Material_002.uasset" 4212
"C:/Users/Amir sanni/Desktop/Biplo/Roomba-Biplo-Studio/Content/Assets/ConstructionSite/Term/Material_002.uexp" 4213
"C:/Users/Amir sanni/Desktop/Biplo/Roomba-Biplo-Studio/Content/Assets/ConstructionSite/Term/TerminalBreastCancerUhOh.uasset" 4214
"C:/Users/Amir sanni/Desktop/Biplo/Roomba-Biplo-Studio/Content/Assets/ConstructionSite/Term/TerminalBreastCancerUhOh.uexp" 4215
"C:/Users/Amir sanni/Desktop/Biplo/Roomba-Biplo-Studio/Content/Assets/ConstructionSite/Term/Material_003.uasset" 4216
"C:/Users/Amir sanni/Desktop/Biplo/Roomba-Biplo-Studio/Content/Assets/ConstructionSite/Term/Material_003.uexp" 4217
"C:/Users/Amir sanni/Desktop/Biplo/Roomba-Biplo-Studio/Content/Assets/ConstructionSite/Term/ELERM.ubulk" 4218
"C:/Users/Amir sanni/Desktop/Biplo/Roomba-Biplo-Studio/Content/Assets/ConstructionSite/Term/ELERM.uasset" 4219
"C:/Users/Amir sanni/Desktop/Biplo/Roomba-Biplo-Studio/Content/Assets/ConstructionSite/Term/ELERM.uexp" 4220
"C:/Users/Amir sanni/Desktop/Biplo/Roomba-Biplo-Studio/Content/NewAssetsCool/Cones/cone_Low1.ubulk" 4221
"C:/Users/Amir sanni/Desktop/Biplo/Roomba-Biplo-Studio/Content/NewAssetsCool/Cones/cone_Low1.uasset" 4222
"C:/Users/Amir sanni/Desktop/Biplo/Roomba-Biplo-Studio/Content/NewAssetsCool/Cones/cone_Low1.uexp" 4223
"C:/Users/Amir sanni/Desktop/Biplo/Roomba-Biplo-Studio/Content/LevelDesign/Section2ConstLowerOllie.uexp" 4224
"C:/Users/Amir sanni/Desktop/Biplo/Roomba-Biplo-Studio/Content/LevelDesign/Section2ConstLowerOllie.umap" 4225
"C:/Users/Amir sanni/Desktop/Biplo/Roomba-Biplo-Studio/Content/NewAssetsCool/2D/Vines/VinesSmall.uasset" 4226
"C:/Users/Amir sanni/Desktop/Biplo/Roomba-Biplo-Studio/Content/NewAssetsCool/2D/Vines/VinesSmall.uexp" 4227
"C:/Users/Amir sanni/Desktop/Biplo/Roomba-Biplo-Studio/Content/NewAssetsCool/2D/Vines/VinesSmall_Mat.uasset" 4228
"C:/Users/Amir sanni/Desktop/Biplo/Roomba-Biplo-Studio/Content/NewAssetsCool/2D/Vines/VinesSmall_Mat.uexp" 4229
"C:/Users/Amir sanni/Desktop/Biplo/Roomba-Biplo-Studio/Content/NewAssetsCool/CityStairs/Stairs.ubulk" 4230
"C:/Users/Amir sanni/Desktop/Biplo/Roomba-Biplo-Studio/Content/NewAssetsCool/CityStairs/Stairs.uasset" 4231
"C:/Users/Amir sanni/Desktop/Biplo/Roomba-Biplo-Studio/Content/NewAssetsCool/CityStairs/Stairs.uexp" 4232
"C:/Users/Amir sanni/Desktop/Biplo/Roomba-Biplo-Studio/Content/NewAssetsCool/Dumpster/bigBin_Low_lambert1_OcclusionRoughnessMetallic.ubulk" 4233
"C:/Users/Amir sanni/Desktop/Biplo/Roomba-Biplo-Studio/Content/NewAssetsCool/Dumpster/bigBin_Low_lambert1_OcclusionRoughnessMetallic.uasset" 4234
"C:/Users/Amir sanni/Desktop/Biplo/Roomba-Biplo-Studio/Content/NewAssetsCool/Dumpster/bigBin_Low_lambert1_OcclusionRoughnessMetallic.uexp" 4235
"C:/Users/Amir sanni/Desktop/Biplo/Roomba-Biplo-Studio/Content/NewAssetsCool/Dumpster/bigBin_Low_lambert1_Normal.ubulk" 4236
"C:/Users/Amir sanni/Desktop/Biplo/Roomba-Biplo-Studio/Content/NewAssetsCool/Dumpster/bigBin_Low_lambert1_Normal.uasset" 4237
"C:/Users/Amir sanni/Desktop/Biplo/Roomba-Biplo-Studio/Content/NewAssetsCool/Dumpster/bigBin_Low_lambert1_Normal.uexp" 4238
"C:/Users/Amir sanni/Desktop/Biplo/Roomba-Biplo-Studio/Content/NewAssetsCool/Dumpster/bigBin_Low_lambert1_BaseColor.ubulk" 4239
"C:/Users/Amir sanni/Desktop/Biplo/Roomba-Biplo-Studio/Content/NewAssetsCool/Dumpster/bigBin_Low_lambert1_BaseColor.uasset" 4240
"C:/Users/Amir sanni/Desktop/Biplo/Roomba-Biplo-Studio/Content/NewAssetsCool/Dumpster/bigBin_Low_lambert1_BaseColor.uexp" 4241
"C:/Users/Amir sanni/Desktop/Biplo/Roomba-Biplo-Studio/Content/NewAssetsCool/Dumpster/Dumpster.uasset" 4242
"C:/Users/Amir sanni/Desktop/Biplo/Roomba-Biplo-Studio/Content/NewAssetsCool/Dumpster/Dumpster.uexp" 4243
"C:/Users/Amir sanni/Desktop/Biplo/Roomba-Biplo-Studio/Content/NewAssetsCool/Bike/Bike.ubulk" 4244
"C:/Users/Amir sanni/Desktop/Biplo/Roomba-Biplo-Studio/Content/NewAssetsCool/Bike/Bike.uasset" 4245
"C:/Users/Amir sanni/Desktop/Biplo/Roomba-Biplo-Studio/Content/NewAssetsCool/Bike/Bike.uexp" 4246
"C:/Users/Amir sanni/Desktop/Biplo/Roomba-Biplo-Studio/Content/BP_ControlPopup.uasset" 4247
"C:/Users/Amir sanni/Desktop/Biplo/Roomba-Biplo-Studio/Content/BP_ControlPopup.uexp" 4248
"C:/Users/Amir sanni/Desktop/Biplo/Roomba-Biplo-Studio/Content/NewAssetsCool/Fence/fence_Low_lambert1_BaseColor.ubulk" 4249
"C:/Users/Amir sanni/Desktop/Biplo/Roomba-Biplo-Studio/Content/NewAssetsCool/Fence/fence_Low_lambert1_BaseColor.uasset" 4250
"C:/Users/Amir sanni/Desktop/Biplo/Roomba-Biplo-Studio/Content/NewAssetsCool/Fence/fence_Low_lambert1_BaseColor.uexp" 4251
"C:/Users/Amir sanni/Desktop/Biplo/Roomba-Biplo-Studio/Content/NewAssetsCool/Fence/fence_Low_lambert1_OcclusionRoughnessMetallic.ubulk" 4252
"C:/Users/Amir sanni/Desktop/Biplo/Roomba-Biplo-Studio/Content/NewAssetsCool/Fence/fence_Low_lambert1_OcclusionRoughnessMetallic.uasset" 4253
"C:/Users/Amir sanni/Desktop/Biplo/Roomba-Biplo-Studio/Content/NewAssetsCool/Fence/fence_Low_lambert1_OcclusionRoughnessMetallic.uexp" 4254
"C:/Users/Amir sanni/Desktop/Biplo/Roomba-Biplo-Studio/Content/NewAssetsCool/Fence/fence_Low_lambert1_Normal.ubulk" 4255
"C:/Users/Amir sanni/Desktop/Biplo/Roomba-Biplo-Studio/Content/NewAssetsCool/Fence/fence_Low_lambert1_Normal.uasset" 4256
"C:/Users/Amir sanni/Desktop/Biplo/Roomba-Biplo-Studio/Content/NewAssetsCool/Fence/fence_Low_lambert1_Normal.uexp" 4257
"C:/Users/Amir sanni/Desktop/Biplo/Roomba-Biplo-Studio/Content/NewAssetsCool/Fence/fence_Low_lambert1_BaseColor_Mat.uasset" 4258
"C:/Users/Amir sanni/Desktop/Biplo/Roomba-Biplo-Studio/Content/NewAssetsCool/Fence/fence_Low_lambert1_BaseColor_Mat.uexp" 4259
"C:/Users/Amir sanni/Desktop/Biplo/Roomba-Biplo-Studio/Content/NewAssetsCool/Streetlight/StreetLight.ubulk" 4260
"C:/Users/Amir sanni/Desktop/Biplo/Roomba-Biplo-Studio/Content/NewAssetsCool/Streetlight/StreetLight.uasset" 4261
"C:/Users/Amir sanni/Desktop/Biplo/Roomba-Biplo-Studio/Content/NewAssetsCool/Streetlight/StreetLight.uexp" 4262
"C:/Users/Amir sanni/Desktop/Biplo/Roomba-Biplo-Studio/Content/NewAssetsCool/Buildings/Shop/Shop.ubulk" 4263
"C:/Users/Amir sanni/Desktop/Biplo/Roomba-Biplo-Studio/Content/NewAssetsCool/Buildings/Shop/Shop.uasset" 4264
"C:/Users/Amir sanni/Desktop/Biplo/Roomba-Biplo-Studio/Content/NewAssetsCool/Buildings/Shop/Shop.uexp" 4265
"C:/Users/Amir sanni/Desktop/Biplo/Roomba-Biplo-Studio/Content/NewAssetsCool/Buildings/Building2/BlueTextures/building2_Low_lambert1_OcclusionRoughnessMetallic.ubulk" 4266
"C:/Users/Amir sanni/Desktop/Biplo/Roomba-Biplo-Studio/Content/NewAssetsCool/Buildings/Building2/BlueTextures/building2_Low_lambert1_OcclusionRoughnessMetallic.uasset" 4267
"C:/Users/Amir sanni/Desktop/Biplo/Roomba-Biplo-Studio/Content/NewAssetsCool/Buildings/Building2/BlueTextures/building2_Low_lambert1_OcclusionRoughnessMetallic.uexp" 4268
"C:/Users/Amir sanni/Desktop/Biplo/Roomba-Biplo-Studio/Content/NewAssetsCool/Buildings/Building2/BlueTextures/building2_Low_lambert1_Normal.ubulk" 4269
"C:/Users/Amir sanni/Desktop/Biplo/Roomba-Biplo-Studio/Content/NewAssetsCool/Buildings/Building2/BlueTextures/building2_Low_lambert1_Normal.uasset" 4270
"C:/Users/Amir sanni/Desktop/Biplo/Roomba-Biplo-Studio/Content/NewAssetsCool/Buildings/Building2/BlueTextures/building2_Low_lambert1_Normal.uexp" 4271
"C:/Users/Amir sanni/Desktop/Biplo/Roomba-Biplo-Studio/Content/NewAssetsCool/Buildings/Building2/BlueTextures/building2_Low_lambert1_Emissive.ubulk" 4272
"C:/Users/Amir sanni/Desktop/Biplo/Roomba-Biplo-Studio/Content/NewAssetsCool/Buildings/Building2/BlueTextures/building2_Low_lambert1_Emissive.uasset" 4273
"C:/Users/Amir sanni/Desktop/Biplo/Roomba-Biplo-Studio/Content/NewAssetsCool/Buildings/Building2/BlueTextures/building2_Low_lambert1_Emissive.uexp" 4274
"C:/Users/Amir sanni/Desktop/Biplo/Roomba-Biplo-Studio/Content/NewAssetsCool/Buildings/Building2/BlueTextures/building2_Low_lambert1_BaseColor.ubulk" 4275
"C:/Users/Amir sanni/Desktop/Biplo/Roomba-Biplo-Studio/Content/NewAssetsCool/Buildings/Building2/BlueTextures/building2_Low_lambert1_BaseColor.uasset" 4276
"C:/Users/Amir sanni/Desktop/Biplo/Roomba-Biplo-Studio/Content/NewAssetsCool/Buildings/Building2/BlueTextures/building2_Low_lambert1_BaseColor.uexp" 4277
"C:/Users/Amir sanni/Desktop/Biplo/Roomba-Biplo-Studio/Content/NewAssetsCool/Buildings/Building2/BlueTextures/BlueMat.uasset" 4278
"C:/Users/Amir sanni/Desktop/Biplo/Roomba-Biplo-Studio/Content/NewAssetsCool/Buildings/Building2/BlueTextures/BlueMat.uexp" 4279
"C:/Users/Amir sanni/Desktop/Biplo/Roomba-Biplo-Studio/Content/LevelDesign/Controls.uasset" 4280
"C:/Users/Amir sanni/Desktop/Biplo/Roomba-Biplo-Studio/Content/LevelDesign/Controls.uexp" 4281
"C:/Users/Amir sanni/Desktop/Biplo/Roomba-Biplo-Studio/Content/NewAssetsCool/Flags/rope.uasset" 4282
"C:/Users/Amir sanni/Desktop/Biplo/Roomba-Biplo-Studio/Content/NewAssetsCool/Flags/rope.uexp" 4283
"C:/Users/Amir sanni/Desktop/Biplo/Roomba-Biplo-Studio/Content/NewAssetsCool/Buildings/Building2/yellowTextures/building2_Low_lambert1_Emissive.ubulk" 4284
"C:/Users/Amir sanni/Desktop/Biplo/Roomba-Biplo-Studio/Content/NewAssetsCool/Buildings/Building2/yellowTextures/building2_Low_lambert1_Emissive.uasset" 4285
"C:/Users/Amir sanni/Desktop/Biplo/Roomba-Biplo-Studio/Content/NewAssetsCool/Buildings/Building2/yellowTextures/building2_Low_lambert1_Emissive.uexp" 4286
"C:/Users/Amir sanni/Desktop/Biplo/Roomba-Biplo-Studio/Content/NewAssetsCool/Buildings/Building2/yellowTextures/building2_Low_lambert1_BaseColor.ubulk" 4287
"C:/Users/Amir sanni/Desktop/Biplo/Roomba-Biplo-Studio/Content/NewAssetsCool/Buildings/Building2/yellowTextures/building2_Low_lambert1_BaseColor.uasset" 4288
"C:/Users/Amir sanni/Desktop/Biplo/Roomba-Biplo-Studio/Content/NewAssetsCool/Buildings/Building2/yellowTextures/building2_Low_lambert1_BaseColor.uexp" 4289
"C:/Users/Amir sanni/Desktop/Biplo/Roomba-Biplo-Studio/Content/NewAssetsCool/Buildings/Building2/yellowTextures/building2_Low_lambert1_Normal.ubulk" 4290
"C:/Users/Amir sanni/Desktop/Biplo/Roomba-Biplo-Studio/Content/NewAssetsCool/Buildings/Building2/yellowTextures/building2_Low_lambert1_Normal.uasset" 4291
"C:/Users/Amir sanni/Desktop/Biplo/Roomba-Biplo-Studio/Content/NewAssetsCool/Buildings/Building2/yellowTextures/building2_Low_lambert1_Normal.uexp" 4292
"C:/Users/Amir sanni/Desktop/Biplo/Roomba-Biplo-Studio/Content/NewAssetsCool/Buildings/Building2/yellowTextures/building2_Low_lambert1_OcclusionRoughnessMetallic.ubulk" 4293
"C:/Users/Amir sanni/Desktop/Biplo/Roomba-Biplo-Studio/Content/NewAssetsCool/Buildings/Building2/yellowTextures/building2_Low_lambert1_OcclusionRoughnessMetallic.uasset" 4294
"C:/Users/Amir sanni/Desktop/Biplo/Roomba-Biplo-Studio/Content/NewAssetsCool/Buildings/Building2/yellowTextures/building2_Low_lambert1_OcclusionRoughnessMetallic.uexp" 4295
"C:/Users/Amir sanni/Desktop/Biplo/Roomba-Biplo-Studio/Content/NewAssetsCool/Buildings/Building2/yellowTextures/yellow.uasset" 4296
"C:/Users/Amir sanni/Desktop/Biplo/Roomba-Biplo-Studio/Content/NewAssetsCool/Buildings/Building2/yellowTextures/yellow.uexp" 4297
"C:/Users/Amir sanni/Desktop/Biplo/Roomba-Biplo-Studio/Content/NewAssetsCool/Bakery/BakeryBuilding/Bakery.ubulk" 4298
"C:/Users/Amir sanni/Desktop/Biplo/Roomba-Biplo-Studio/Content/NewAssetsCool/Bakery/BakeryBuilding/Bakery.uasset" 4299
"C:/Users/Amir sanni/Desktop/Biplo/Roomba-Biplo-Studio/Content/NewAssetsCool/Bakery/BakeryBuilding/Bakery.uexp" 4300
"C:/Users/Amir sanni/Desktop/Biplo/Roomba-Biplo-Studio/Content/Assets/Bakery/Material_001.uasset" 4301
"C:/Users/Amir sanni/Desktop/Biplo/Roomba-Biplo-Studio/Content/Assets/Bakery/Material_001.uexp" 4302
"C:/Users/Amir sanni/Desktop/Biplo/Roomba-Biplo-Studio/Content/Assets/Bakery/AugustusSign.ubulk" 4303
"C:/Users/Amir sanni/Desktop/Biplo/Roomba-Biplo-Studio/Content/Assets/Bakery/AugustusSign.uasset" 4304
"C:/Users/Amir sanni/Desktop/Biplo/Roomba-Biplo-Studio/Content/Assets/Bakery/AugustusSign.uexp" 4305
"C:/Users/Amir sanni/Desktop/Biplo/Roomba-Biplo-Studio/Content/Assets/2DImages/D_RoadLines1.uasset" 4306
"C:/Users/Amir sanni/Desktop/Biplo/Roomba-Biplo-Studio/Content/Assets/2DImages/D_RoadLines1.uexp" 4307
"C:/Users/Amir sanni/Desktop/Biplo/Roomba-Biplo-Studio/Content/NewAssetsCool/Dumpster/dumpster_lid1_Low1.ubulk" 4308
"C:/Users/Amir sanni/Desktop/Biplo/Roomba-Biplo-Studio/Content/NewAssetsCool/Dumpster/dumpster_lid1_Low1.uasset" 4309
"C:/Users/Amir sanni/Desktop/Biplo/Roomba-Biplo-Studio/Content/NewAssetsCool/Dumpster/dumpster_lid1_Low1.uexp" 4310
"C:/Users/Amir sanni/Desktop/Biplo/Roomba-Biplo-Studio/Content/NewAssetsCool/Buildings/Building1/Red/building1_Low_lambert1_Normal.ubulk" 4311
"C:/Users/Amir sanni/Desktop/Biplo/Roomba-Biplo-Studio/Content/NewAssetsCool/Buildings/Building1/Red/building1_Low_lambert1_Normal.uasset" 4312
"C:/Users/Amir sanni/Desktop/Biplo/Roomba-Biplo-Studio/Content/NewAssetsCool/Buildings/Building1/Red/building1_Low_lambert1_Normal.uexp" 4313
"C:/Users/Amir sanni/Desktop/Biplo/Roomba-Biplo-Studio/Content/NewAssetsCool/Buildings/Building1/Red/building1_Low_lambert1_BaseColor.ubulk" 4314
"C:/Users/Amir sanni/Desktop/Biplo/Roomba-Biplo-Studio/Content/NewAssetsCool/Buildings/Building1/Red/building1_Low_lambert1_BaseColor.uasset" 4315
"C:/Users/Amir sanni/Desktop/Biplo/Roomba-Biplo-Studio/Content/NewAssetsCool/Buildings/Building1/Red/building1_Low_lambert1_BaseColor.uexp" 4316
"C:/Users/Amir sanni/Desktop/Biplo/Roomba-Biplo-Studio/Content/NewAssetsCool/Buildings/Building1/Red/building1_Low_lambert1_OcclusionRoughnessMetallic.ubulk" 4317
"C:/Users/Amir sanni/Desktop/Biplo/Roomba-Biplo-Studio/Content/NewAssetsCool/Buildings/Building1/Red/building1_Low_lambert1_OcclusionRoughnessMetallic.uasset" 4318
"C:/Users/Amir sanni/Desktop/Biplo/Roomba-Biplo-Studio/Content/NewAssetsCool/Buildings/Building1/Red/building1_Low_lambert1_OcclusionRoughnessMetallic.uexp" 4319
"C:/Users/Amir sanni/Desktop/Biplo/Roomba-Biplo-Studio/Content/NewAssetsCool/Buildings/Building1/Red/RedBuilding1_Mat.uasset" 4320
"C:/Users/Amir sanni/Desktop/Biplo/Roomba-Biplo-Studio/Content/NewAssetsCool/Buildings/Building1/Red/RedBuilding1_Mat.uexp" 4321
"C:/Users/Amir sanni/Desktop/Biplo/Roomba-Biplo-Studio/Content/NewAssetsCool/CityStairs/stairs_Low_lambert1_Normal.ubulk" 4322
"C:/Users/Amir sanni/Desktop/Biplo/Roomba-Biplo-Studio/Content/NewAssetsCool/CityStairs/stairs_Low_lambert1_Normal.uasset" 4323
"C:/Users/Amir sanni/Desktop/Biplo/Roomba-Biplo-Studio/Content/NewAssetsCool/CityStairs/stairs_Low_lambert1_Normal.uexp" 4324
"C:/Users/Amir sanni/Desktop/Biplo/Roomba-Biplo-Studio/Content/NewAssetsCool/CityStairs/stairs_Low_lambert1_OcclusionRoughnessMetallic.ubulk" 4325
"C:/Users/Amir sanni/Desktop/Biplo/Roomba-Biplo-Studio/Content/NewAssetsCool/CityStairs/stairs_Low_lambert1_OcclusionRoughnessMetallic.uasset" 4326
"C:/Users/Amir sanni/Desktop/Biplo/Roomba-Biplo-Studio/Content/NewAssetsCool/CityStairs/stairs_Low_lambert1_OcclusionRoughnessMetallic.uexp" 4327
"C:/Users/Amir sanni/Desktop/Biplo/Roomba-Biplo-Studio/Content/NewAssetsCool/CityStairs/stairs_Low_lambert1_BaseColor.ubulk" 4328
"C:/Users/Amir sanni/Desktop/Biplo/Roomba-Biplo-Studio/Content/NewAssetsCool/CityStairs/stairs_Low_lambert1_BaseColor.uasset" 4329
"C:/Users/Amir sanni/Desktop/Biplo/Roomba-Biplo-Studio/Content/NewAssetsCool/CityStairs/stairs_Low_lambert1_BaseColor.uexp" 4330
"C:/Users/Amir sanni/Desktop/Biplo/Roomba-Biplo-Studio/Content/NewAssetsCool/CityStairs/Stairs_Mat.uasset" 4331
"C:/Users/Amir sanni/Desktop/Biplo/Roomba-Biplo-Studio/Content/NewAssetsCool/CityStairs/Stairs_Mat.uexp" 4332
"C:/Users/Amir sanni/Desktop/Biplo/Roomba-Biplo-Studio/Content/NewAssetsCool/2D/arrow/arrowGraffitiL.uasset" 4333
"C:/Users/Amir sanni/Desktop/Biplo/Roomba-Biplo-Studio/Content/NewAssetsCool/2D/arrow/arrowGraffitiL.uexp" 4334
"C:/Users/Amir sanni/Desktop/Biplo/Roomba-Biplo-Studio/Content/NewAssetsCool/2D/arrow/arrowGraffitiL_Mat.uasset" 4335
"C:/Users/Amir sanni/Desktop/Biplo/Roomba-Biplo-Studio/Content/NewAssetsCool/2D/arrow/arrowGraffitiL_Mat.uexp" 4336
"C:/Users/Amir sanni/Desktop/Biplo/Roomba-Biplo-Studio/Content/NewAssetsCool/Dumpster/dumpster_lid2_Low1.ubulk" 4337
"C:/Users/Amir sanni/Desktop/Biplo/Roomba-Biplo-Studio/Content/NewAssetsCool/Dumpster/dumpster_lid2_Low1.uasset" 4338
"C:/Users/Amir sanni/Desktop/Biplo/Roomba-Biplo-Studio/Content/NewAssetsCool/Dumpster/dumpster_lid2_Low1.uexp" 4339
"C:/Users/Amir sanni/Desktop/Biplo/Roomba-Biplo-Studio/Content/NewAssetsCool/Fence/fence.ubulk" 4340
"C:/Users/Amir sanni/Desktop/Biplo/Roomba-Biplo-Studio/Content/NewAssetsCool/Fence/fence.uasset" 4341
"C:/Users/Amir sanni/Desktop/Biplo/Roomba-Biplo-Studio/Content/NewAssetsCool/Fence/fence.uexp" 4342
"C:/Users/Amir sanni/Desktop/Biplo/Roomba-Biplo-Studio/Content/NewAssetsCool/Flags/red.uasset" 4343
"C:/Users/Amir sanni/Desktop/Biplo/Roomba-Biplo-Studio/Content/NewAssetsCool/Flags/red.uexp" 4344
"C:/Users/Amir sanni/Desktop/Biplo/Roomba-Biplo-Studio/Content/NewAssetsCool/2D/Vines/VinesSmall2.uasset" 4345
"C:/Users/Amir sanni/Desktop/Biplo/Roomba-Biplo-Studio/Content/NewAssetsCool/2D/Vines/VinesSmall2.uexp" 4346
"C:/Users/Amir sanni/Desktop/Biplo/Roomba-Biplo-Studio/Content/NewAssetsCool/2D/Vines/VinesSmall2_Mat.uasset" 4347
"C:/Users/Amir sanni/Desktop/Biplo/Roomba-Biplo-Studio/Content/NewAssetsCool/2D/Vines/VinesSmall2_Mat.uexp" 4348
"C:/Users/Amir sanni/Desktop/Biplo/Roomba-Biplo-Studio/Content/NewAssetsCool/Flags/flagRed.ubulk" 4349
"C:/Users/Amir sanni/Desktop/Biplo/Roomba-Biplo-Studio/Content/NewAssetsCool/Flags/flagRed.uasset" 4350
"C:/Users/Amir sanni/Desktop/Biplo/Roomba-Biplo-Studio/Content/NewAssetsCool/Flags/flagRed.uexp" 4351
"C:/Users/Amir sanni/Desktop/Biplo/Roomba-Biplo-Studio/Content/NewAssetsCool/Streetlight/LightOff/Streetlight_Low_lambert1_BaseColor.ubulk" 4352
"C:/Users/Amir sanni/Desktop/Biplo/Roomba-Biplo-Studio/Content/NewAssetsCool/Streetlight/LightOff/Streetlight_Low_lambert1_BaseColor.uasset" 4353
"C:/Users/Amir sanni/Desktop/Biplo/Roomba-Biplo-Studio/Content/NewAssetsCool/Streetlight/LightOff/Streetlight_Low_lambert1_BaseColor.uexp" 4354
"C:/Users/Amir sanni/Desktop/Biplo/Roomba-Biplo-Studio/Content/NewAssetsCool/Streetlight/LightOff/Streetlight_Low_lambert1_Normal.ubulk" 4355
"C:/Users/Amir sanni/Desktop/Biplo/Roomba-Biplo-Studio/Content/NewAssetsCool/Streetlight/LightOff/Streetlight_Low_lambert1_Normal.uasset" 4356
"C:/Users/Amir sanni/Desktop/Biplo/Roomba-Biplo-Studio/Content/NewAssetsCool/Streetlight/LightOff/Streetlight_Low_lambert1_Normal.uexp" 4357
"C:/Users/Amir sanni/Desktop/Biplo/Roomba-Biplo-Studio/Content/NewAssetsCool/Streetlight/LightOff/Streetlight_Low_lambert1_OcclusionRoughnessMetallic.ubulk" 4358
"C:/Users/Amir sanni/Desktop/Biplo/Roomba-Biplo-Studio/Content/NewAssetsCool/Streetlight/LightOff/Streetlight_Low_lambert1_OcclusionRoughnessMetallic.uasset" 4359
"C:/Users/Amir sanni/Desktop/Biplo/Roomba-Biplo-Studio/Content/NewAssetsCool/Streetlight/LightOff/Streetlight_Low_lambert1_OcclusionRoughnessMetallic.uexp" 4360
"C:/Users/Amir sanni/Desktop/Biplo/Roomba-Biplo-Studio/Content/NewAssetsCool/Streetlight/LightOff/LightOff.uasset" 4361
"C:/Users/Amir sanni/Desktop/Biplo/Roomba-Biplo-Studio/Content/NewAssetsCool/Streetlight/LightOff/LightOff.uexp" 4362
"C:/Users/Amir sanni/Desktop/Biplo/Roomba-Biplo-Studio/Content/StarterContent/Materials/M_Glass.uasset" 4363
"C:/Users/Amir sanni/Desktop/Biplo/Roomba-Biplo-Studio/Content/StarterContent/Materials/M_Glass.uexp" 4364
"C:/Users/Amir sanni/Desktop/Biplo/Roomba-Biplo-Studio/Content/StarterContent/Textures/T_Door_N.ubulk" 4365
"C:/Users/Amir sanni/Desktop/Biplo/Roomba-Biplo-Studio/Content/StarterContent/Textures/T_Door_N.uasset" 4366
"C:/Users/Amir sanni/Desktop/Biplo/Roomba-Biplo-Studio/Content/StarterContent/Textures/T_Door_N.uexp" 4367
"C:/Users/Amir sanni/Desktop/Biplo/Roomba-Biplo-Studio/Content/StarterContent/Textures/T_Door_M.ubulk" 4368
"C:/Users/Amir sanni/Desktop/Biplo/Roomba-Biplo-Studio/Content/StarterContent/Textures/T_Door_M.uasset" 4369
"C:/Users/Amir sanni/Desktop/Biplo/Roomba-Biplo-Studio/Content/StarterContent/Textures/T_Door_M.uexp" 4370
"C:/Users/Amir sanni/Desktop/Biplo/Roomba-Biplo-Studio/Content/StarterContent/Props/Materials/M_Door.uasset" 4371
"C:/Users/Amir sanni/Desktop/Biplo/Roomba-Biplo-Studio/Content/StarterContent/Props/Materials/M_Door.uexp" 4372
"C:/Users/Amir sanni/Desktop/Biplo/Roomba-Biplo-Studio/Content/StarterContent/Props/SM_Door.ubulk" 4373
"C:/Users/Amir sanni/Desktop/Biplo/Roomba-Biplo-Studio/Content/StarterContent/Props/SM_Door.uasset" 4374
"C:/Users/Amir sanni/Desktop/Biplo/Roomba-Biplo-Studio/Content/StarterContent/Props/SM_Door.uexp" 4375
"C:/Users/Amir sanni/Desktop/Biplo/Roomba-Biplo-Studio/Content/NewAssetsCool/Flags/flagPole.ubulk" 4376
"C:/Users/Amir sanni/Desktop/Biplo/Roomba-Biplo-Studio/Content/NewAssetsCool/Flags/flagPole.uasset" 4377
"C:/Users/Amir sanni/Desktop/Biplo/Roomba-Biplo-Studio/Content/NewAssetsCool/Flags/flagPole.uexp" 4378
"C:/Users/Amir sanni/Desktop/Biplo/Roomba-Biplo-Studio/Content/NewAssetsCool/Bike/bike_Low_lambert1_OcclusionRoughnessMetallic.ubulk" 4379
"C:/Users/Amir sanni/Desktop/Biplo/Roomba-Biplo-Studio/Content/NewAssetsCool/Bike/bike_Low_lambert1_OcclusionRoughnessMetallic.uasset" 4380
"C:/Users/Amir sanni/Desktop/Biplo/Roomba-Biplo-Studio/Content/NewAssetsCool/Bike/bike_Low_lambert1_OcclusionRoughnessMetallic.uexp" 4381
"C:/Users/Amir sanni/Desktop/Biplo/Roomba-Biplo-Studio/Content/NewAssetsCool/Bike/bike_Low_lambert1_Normal.ubulk" 4382
"C:/Users/Amir sanni/Desktop/Biplo/Roomba-Biplo-Studio/Content/NewAssetsCool/Bike/bike_Low_lambert1_Normal.uasset" 4383
"C:/Users/Amir sanni/Desktop/Biplo/Roomba-Biplo-Studio/Content/NewAssetsCool/Bike/bike_Low_lambert1_Normal.uexp" 4384
"C:/Users/Amir sanni/Desktop/Biplo/Roomba-Biplo-Studio/Content/NewAssetsCool/Bike/bike_Low_lambert1_BaseColor.ubulk" 4385
"C:/Users/Amir sanni/Desktop/Biplo/Roomba-Biplo-Studio/Content/NewAssetsCool/Bike/bike_Low_lambert1_BaseColor.uasset" 4386
"C:/Users/Amir sanni/Desktop/Biplo/Roomba-Biplo-Studio/Content/NewAssetsCool/Bike/bike_Low_lambert1_BaseColor.uexp" 4387
"C:/Users/Amir sanni/Desktop/Biplo/Roomba-Biplo-Studio/Content/NewAssetsCool/Bike/Bike_Mat.uasset" 4388
"C:/Users/Amir sanni/Desktop/Biplo/Roomba-Biplo-Studio/Content/NewAssetsCool/Bike/Bike_Mat.uexp" 4389
"C:/Users/Amir sanni/Desktop/Biplo/Roomba-Biplo-Studio/Content/NewAssetsCool/Bakery/BakeryBuilding/bakery_Low_lambert1_OcclusionRoughnessMetallic.ubulk" 4390
"C:/Users/Amir sanni/Desktop/Biplo/Roomba-Biplo-Studio/Content/NewAssetsCool/Bakery/BakeryBuilding/bakery_Low_lambert1_OcclusionRoughnessMetallic.uasset" 4391
"C:/Users/Amir sanni/Desktop/Biplo/Roomba-Biplo-Studio/Content/NewAssetsCool/Bakery/BakeryBuilding/bakery_Low_lambert1_OcclusionRoughnessMetallic.uexp" 4392
"C:/Users/Amir sanni/Desktop/Biplo/Roomba-Biplo-Studio/Content/NewAssetsCool/Bakery/BakeryBuilding/bakery_Low_lambert1_BaseColor.ubulk" 4393
"C:/Users/Amir sanni/Desktop/Biplo/Roomba-Biplo-Studio/Content/NewAssetsCool/Bakery/BakeryBuilding/bakery_Low_lambert1_BaseColor.uasset" 4394
"C:/Users/Amir sanni/Desktop/Biplo/Roomba-Biplo-Studio/Content/NewAssetsCool/Bakery/BakeryBuilding/bakery_Low_lambert1_BaseColor.uexp" 4395
"C:/Users/Amir sanni/Desktop/Biplo/Roomba-Biplo-Studio/Content/NewAssetsCool/Bakery/BakeryBuilding/bakery_Low_lambert1_Normal.ubulk" 4396
"C:/Users/Amir sanni/Desktop/Biplo/Roomba-Biplo-Studio/Content/NewAssetsCool/Bakery/BakeryBuilding/bakery_Low_lambert1_Normal.uasset" 4397
"C:/Users/Amir sanni/Desktop/Biplo/Roomba-Biplo-Studio/Content/NewAssetsCool/Bakery/BakeryBuilding/bakery_Low_lambert1_Normal.uexp" 4398
"C:/Users/Amir sanni/Desktop/Biplo/Roomba-Biplo-Studio/Content/NewAssetsCool/Bakery/BakeryBuilding/Bakery_Mat.uasset" 4399
"C:/Users/Amir sanni/Desktop/Biplo/Roomba-Biplo-Studio/Content/NewAssetsCool/Bakery/BakeryBuilding/Bakery_Mat.uexp" 4400
"C:/Users/Amir sanni/Desktop/Biplo/Roomba-Biplo-Studio/Content/NewAssetsCool/2D/Vines/VinesSingle.uasset" 4401
"C:/Users/Amir sanni/Desktop/Biplo/Roomba-Biplo-Studio/Content/NewAssetsCool/2D/Vines/VinesSingle.uexp" 4402
"C:/Users/Amir sanni/Desktop/Biplo/Roomba-Biplo-Studio/Content/NewAssetsCool/2D/Vines/VinesSingle_Mat.uasset" 4403
"C:/Users/Amir sanni/Desktop/Biplo/Roomba-Biplo-Studio/Content/NewAssetsCool/2D/Vines/VinesSingle_Mat.uexp" 4404
"C:/Users/Amir sanni/Desktop/Biplo/Roomba-Biplo-Studio/Content/NewAssetsCool/2D/Crane/crane.uasset" 4405
"C:/Users/Amir sanni/Desktop/Biplo/Roomba-Biplo-Studio/Content/NewAssetsCool/2D/Crane/crane.uexp" 4406
"C:/Users/Amir sanni/Desktop/Biplo/Roomba-Biplo-Studio/Content/NewAssetsCool/2D/Crane/crane_Mat.uasset" 4407
"C:/Users/Amir sanni/Desktop/Biplo/Roomba-Biplo-Studio/Content/NewAssetsCool/2D/Crane/crane_Mat.uexp" 4408
"C:/Users/Amir sanni/Desktop/Biplo/Roomba-Biplo-Studio/Content/NewAssetsCool/Bus/bus.ubulk" 4409
"C:/Users/Amir sanni/Desktop/Biplo/Roomba-Biplo-Studio/Content/NewAssetsCool/Bus/bus.uasset" 4410
"C:/Users/Amir sanni/Desktop/Biplo/Roomba-Biplo-Studio/Content/NewAssetsCool/Bus/bus.uexp" 4411
"C:/Users/Amir sanni/Desktop/Biplo/Roomba-Biplo-Studio/Content/NewAssetsCool/Bus/bus_Low_standardSurface1_OcclusionRoughnessMetallic.ubulk" 4412
"C:/Users/Amir sanni/Desktop/Biplo/Roomba-Biplo-Studio/Content/NewAssetsCool/Bus/bus_Low_standardSurface1_OcclusionRoughnessMetallic.uasset" 4413
"C:/Users/Amir sanni/Desktop/Biplo/Roomba-Biplo-Studio/Content/NewAssetsCool/Bus/bus_Low_standardSurface1_OcclusionRoughnessMetallic.uexp" 4414
"C:/Users/Amir sanni/Desktop/Biplo/Roomba-Biplo-Studio/Content/NewAssetsCool/Bus/bus_Low_standardSurface1_BaseColor.ubulk" 4415
"C:/Users/Amir sanni/Desktop/Biplo/Roomba-Biplo-Studio/Content/NewAssetsCool/Bus/bus_Low_standardSurface1_BaseColor.uasset" 4416
"C:/Users/Amir sanni/Desktop/Biplo/Roomba-Biplo-Studio/Content/NewAssetsCool/Bus/bus_Low_standardSurface1_BaseColor.uexp" 4417
"C:/Users/Amir sanni/Desktop/Biplo/Roomba-Biplo-Studio/Content/NewAssetsCool/Bus/bus_Low_standardSurface1_Normal.ubulk" 4418
"C:/Users/Amir sanni/Desktop/Biplo/Roomba-Biplo-Studio/Content/NewAssetsCool/Bus/bus_Low_standardSurface1_Normal.uasset" 4419
"C:/Users/Amir sanni/Desktop/Biplo/Roomba-Biplo-Studio/Content/NewAssetsCool/Bus/bus_Low_standardSurface1_Normal.uexp" 4420
"C:/Users/Amir sanni/Desktop/Biplo/Roomba-Biplo-Studio/Content/NewAssetsCool/Bus/bus1_mat.uasset" 4421
"C:/Users/Amir sanni/Desktop/Biplo/Roomba-Biplo-Studio/Content/NewAssetsCool/Bus/bus1_mat.uexp" 4422
"C:/Users/Amir sanni/Desktop/Biplo/Roomba-Biplo-Studio/Content/NewAssetsCool/2D/arrow/arrowGraffiti_Mat.uasset" 4423
"C:/Users/Amir sanni/Desktop/Biplo/Roomba-Biplo-Studio/Content/NewAssetsCool/2D/arrow/arrowGraffiti_Mat.uexp" 4424
"C:/Users/Amir sanni/Desktop/Biplo/Roomba-Biplo-Studio/Content/NewAssetsCool/2D/Drain/drain.uasset" 4425
"C:/Users/Amir sanni/Desktop/Biplo/Roomba-Biplo-Studio/Content/NewAssetsCool/2D/Drain/drain.uexp" 4426
"C:/Users/Amir sanni/Desktop/Biplo/Roomba-Biplo-Studio/Content/NewAssetsCool/2D/Drain/drain_Mat.uasset" 4427
"C:/Users/Amir sanni/Desktop/Biplo/Roomba-Biplo-Studio/Content/NewAssetsCool/2D/Drain/drain_Mat.uexp" 4428
"C:/Users/Amir sanni/Desktop/Biplo/Roomba-Biplo-Studio/Content/NewAssetsCool/Buildings/Shop/shop_Low_lambert1_BaseColor.ubulk" 4429
"C:/Users/Amir sanni/Desktop/Biplo/Roomba-Biplo-Studio/Content/NewAssetsCool/Buildings/Shop/shop_Low_lambert1_BaseColor.uasset" 4430
"C:/Users/Amir sanni/Desktop/Biplo/Roomba-Biplo-Studio/Content/NewAssetsCool/Buildings/Shop/shop_Low_lambert1_BaseColor.uexp" 4431
"C:/Users/Amir sanni/Desktop/Biplo/Roomba-Biplo-Studio/Content/NewAssetsCool/Buildings/Shop/shop_Low_lambert1_Normal.ubulk" 4432
"C:/Users/Amir sanni/Desktop/Biplo/Roomba-Biplo-Studio/Content/NewAssetsCool/Buildings/Shop/shop_Low_lambert1_Normal.uasset" 4433
"C:/Users/Amir sanni/Desktop/Biplo/Roomba-Biplo-Studio/Content/NewAssetsCool/Buildings/Shop/shop_Low_lambert1_Normal.uexp" 4434
"C:/Users/Amir sanni/Desktop/Biplo/Roomba-Biplo-Studio/Content/NewAssetsCool/Buildings/Shop/shop_Low_lambert1_OcclusionRoughnessMetallic.ubulk" 4435
"C:/Users/Amir sanni/Desktop/Biplo/Roomba-Biplo-Studio/Content/NewAssetsCool/Buildings/Shop/shop_Low_lambert1_OcclusionRoughnessMetallic.uasset" 4436
"C:/Users/Amir sanni/Desktop/Biplo/Roomba-Biplo-Studio/Content/NewAssetsCool/Buildings/Shop/shop_Low_lambert1_OcclusionRoughnessMetallic.uexp" 4437
"C:/Users/Amir sanni/Desktop/Biplo/Roomba-Biplo-Studio/Content/NewAssetsCool/Buildings/Shop/Shop_Mat.uasset" 4438
"C:/Users/Amir sanni/Desktop/Biplo/Roomba-Biplo-Studio/Content/NewAssetsCool/Buildings/Shop/Shop_Mat.uexp" 4439
"C:/Users/Amir sanni/Desktop/Biplo/Roomba-Biplo-Studio/Content/NewAssetsCool/Dumpster/dumpster_dumpster.ubulk" 4440
"C:/Users/Amir sanni/Desktop/Biplo/Roomba-Biplo-Studio/Content/NewAssetsCool/Dumpster/dumpster_dumpster.uasset" 4441
"C:/Users/Amir sanni/Desktop/Biplo/Roomba-Biplo-Studio/Content/NewAssetsCool/Dumpster/dumpster_dumpster.uexp" 4442
"C:/Users/Amir sanni/Desktop/Biplo/Roomba-Biplo-Studio/Content/NewAssetsCool/2D/Vines/Vines.uasset" 4443
"C:/Users/Amir sanni/Desktop/Biplo/Roomba-Biplo-Studio/Content/NewAssetsCool/2D/Vines/Vines.uexp" 4444
"C:/Users/Amir sanni/Desktop/Biplo/Roomba-Biplo-Studio/Content/NewAssetsCool/2D/Vines/Vines_Mat.uasset" 4445
"C:/Users/Amir sanni/Desktop/Biplo/Roomba-Biplo-Studio/Content/NewAssetsCool/2D/Vines/Vines_Mat.uexp" 4446
"C:/Users/Amir sanni/Desktop/Biplo/Roomba-Biplo-Studio/Content/LevelDesign/Section1StreetStart.uexp" 4447
"C:/Users/Amir sanni/Desktop/Biplo/Roomba-Biplo-Studio/Content/LevelDesign/Section1StreetStart.umap" 4448
"C:/Users/Amir sanni/Desktop/Biplo/Roomba-Biplo-Studio/Content/LevelDesign/Section1StreetReverse.uexp" 4449
"C:/Users/Amir sanni/Desktop/Biplo/Roomba-Biplo-Studio/Content/LevelDesign/Section1StreetReverse.umap" 4450
"../../../Engine/Content/BasicShapes/Cylinder.ubulk" 4451
"../../../Engine/Content/BasicShapes/Cylinder.uasset" 4452
"../../../Engine/Content/BasicShapes/Cylinder.uexp" 4453
"C:/Users/Amir sanni/Desktop/Biplo/Roomba-Biplo-Studio/Content/Assets/Dumpster/bigBin_Low_lambert1_Normal.ubulk" 4454
"C:/Users/Amir sanni/Desktop/Biplo/Roomba-Biplo-Studio/Content/Assets/Dumpster/bigBin_Low_lambert1_Normal.uasset" 4455
"C:/Users/Amir sanni/Desktop/Biplo/Roomba-Biplo-Studio/Content/Assets/Dumpster/bigBin_Low_lambert1_Normal.uexp" 4456
"C:/Users/Amir sanni/Desktop/Biplo/Roomba-Biplo-Studio/Content/Assets/Dumpster/bigBin_Low_lambert1_BaseColor.ubulk" 4457
"C:/Users/Amir sanni/Desktop/Biplo/Roomba-Biplo-Studio/Content/Assets/Dumpster/bigBin_Low_lambert1_BaseColor.uasset" 4458
"C:/Users/Amir sanni/Desktop/Biplo/Roomba-Biplo-Studio/Content/Assets/Dumpster/bigBin_Low_lambert1_BaseColor.uexp" 4459
"C:/Users/Amir sanni/Desktop/Biplo/Roomba-Biplo-Studio/Content/Assets/Dumpster/bigBin_Low_lambert1_OcclusionRoughnessMetallic.ubulk" 4460
"C:/Users/Amir sanni/Desktop/Biplo/Roomba-Biplo-Studio/Content/Assets/Dumpster/bigBin_Low_lambert1_OcclusionRoughnessMetallic.uasset" 4461
"C:/Users/Amir sanni/Desktop/Biplo/Roomba-Biplo-Studio/Content/Assets/Dumpster/bigBin_Low_lambert1_OcclusionRoughnessMetallic.uexp" 4462
"C:/Users/Amir sanni/Desktop/Biplo/Roomba-Biplo-Studio/Content/Assets/Dumpster/M_Bin.uasset" 4463
"C:/Users/Amir sanni/Desktop/Biplo/Roomba-Biplo-Studio/Content/Assets/Dumpster/M_Bin.uexp" 4464
"C:/Users/Amir sanni/Desktop/Biplo/Roomba-Biplo-Studio/Content/Assets/Dumpster/dumpster_lid1_Low1.ubulk" 4465
"C:/Users/Amir sanni/Desktop/Biplo/Roomba-Biplo-Studio/Content/Assets/Dumpster/dumpster_lid1_Low1.uasset" 4466
"C:/Users/Amir sanni/Desktop/Biplo/Roomba-Biplo-Studio/Content/Assets/Dumpster/dumpster_lid1_Low1.uexp" 4467
"C:/Users/Amir sanni/Desktop/Biplo/Roomba-Biplo-Studio/Content/Assets/StreetLight.ubulk" 4468
"C:/Users/Amir sanni/Desktop/Biplo/Roomba-Biplo-Studio/Content/Assets/StreetLight.uasset" 4469
"C:/Users/Amir sanni/Desktop/Biplo/Roomba-Biplo-Studio/Content/Assets/StreetLight.uexp" 4470
"C:/Users/Amir sanni/Desktop/Biplo/Roomba-Biplo-Studio/Content/Assets/Buildings/Textures/BottomWindow_lambert1_OcclusionRoughnessMetallic.ubulk" 4471
"C:/Users/Amir sanni/Desktop/Biplo/Roomba-Biplo-Studio/Content/Assets/Buildings/Textures/BottomWindow_lambert1_OcclusionRoughnessMetallic.uasset" 4472
"C:/Users/Amir sanni/Desktop/Biplo/Roomba-Biplo-Studio/Content/Assets/Buildings/Textures/BottomWindow_lambert1_OcclusionRoughnessMetallic.uexp" 4473
"C:/Users/Amir sanni/Desktop/Biplo/Roomba-Biplo-Studio/Content/Assets/Buildings/Textures/BottomWindow_lambert1_BaseColor__1_.ubulk" 4474
"C:/Users/Amir sanni/Desktop/Biplo/Roomba-Biplo-Studio/Content/Assets/Buildings/Textures/BottomWindow_lambert1_BaseColor__1_.uasset" 4475
"C:/Users/Amir sanni/Desktop/Biplo/Roomba-Biplo-Studio/Content/Assets/Buildings/Textures/BottomWindow_lambert1_BaseColor__1_.uexp" 4476
"C:/Users/Amir sanni/Desktop/Biplo/Roomba-Biplo-Studio/Content/Assets/Buildings/Textures/BottomWindow_lambert1_Normal.ubulk" 4477
"C:/Users/Amir sanni/Desktop/Biplo/Roomba-Biplo-Studio/Content/Assets/Buildings/Textures/BottomWindow_lambert1_Normal.uasset" 4478
"C:/Users/Amir sanni/Desktop/Biplo/Roomba-Biplo-Studio/Content/Assets/Buildings/Textures/BottomWindow_lambert1_Normal.uexp" 4479
"C:/Users/Amir sanni/Desktop/Biplo/Roomba-Biplo-Studio/Content/Assets/Buildings/Normal_Mats/M_OrangeWindow.uasset" 4480
"C:/Users/Amir sanni/Desktop/Biplo/Roomba-Biplo-Studio/Content/Assets/Buildings/Normal_Mats/M_OrangeWindow.uexp" 4481
"C:/Users/Amir sanni/Desktop/Biplo/Roomba-Biplo-Studio/Content/Assets/Buildings/Textures/Door_lambert1_BaseColor.ubulk" 4482
"C:/Users/Amir sanni/Desktop/Biplo/Roomba-Biplo-Studio/Content/Assets/Buildings/Textures/Door_lambert1_BaseColor.uasset" 4483
"C:/Users/Amir sanni/Desktop/Biplo/Roomba-Biplo-Studio/Content/Assets/Buildings/Textures/Door_lambert1_BaseColor.uexp" 4484
"C:/Users/Amir sanni/Desktop/Biplo/Roomba-Biplo-Studio/Content/Assets/Buildings/Gradient_Mats/M_DoorGradientOrange.uasset" 4485
"C:/Users/Amir sanni/Desktop/Biplo/Roomba-Biplo-Studio/Content/Assets/Buildings/Gradient_Mats/M_DoorGradientOrange.uexp" 4486
"C:/Users/Amir sanni/Desktop/Biplo/Roomba-Biplo-Studio/Content/StarterContent/Textures/T_Concrete_Poured_D.ubulk" 4487
"C:/Users/Amir sanni/Desktop/Biplo/Roomba-Biplo-Studio/Content/StarterContent/Textures/T_Concrete_Poured_D.uasset" 4488
"C:/Users/Amir sanni/Desktop/Biplo/Roomba-Biplo-Studio/Content/StarterContent/Textures/T_Concrete_Poured_D.uexp" 4489
"C:/Users/Amir sanni/Desktop/Biplo/Roomba-Biplo-Studio/Content/StarterContent/Textures/T_Concrete_Poured_N.ubulk" 4490
"C:/Users/Amir sanni/Desktop/Biplo/Roomba-Biplo-Studio/Content/StarterContent/Textures/T_Concrete_Poured_N.uasset" 4491
"C:/Users/Amir sanni/Desktop/Biplo/Roomba-Biplo-Studio/Content/StarterContent/Textures/T_Concrete_Poured_N.uexp" 4492
"C:/Users/Amir sanni/Desktop/Biplo/Roomba-Biplo-Studio/Content/StarterContent/Materials/M_Concrete_Poured.uasset" 4493
"C:/Users/Amir sanni/Desktop/Biplo/Roomba-Biplo-Studio/Content/StarterContent/Materials/M_Concrete_Poured.uexp" 4494
"C:/Users/Amir sanni/Desktop/Biplo/Roomba-Biplo-Studio/Content/Assets/Buildings/Window.ubulk" 4495
"C:/Users/Amir sanni/Desktop/Biplo/Roomba-Biplo-Studio/Content/Assets/Buildings/Window.uasset" 4496
"C:/Users/Amir sanni/Desktop/Biplo/Roomba-Biplo-Studio/Content/Assets/Buildings/Window.uexp" 4497
"C:/Users/Amir sanni/Desktop/Biplo/Roomba-Biplo-Studio/Content/Assets/Buildings/Door.ubulk" 4498
"C:/Users/Amir sanni/Desktop/Biplo/Roomba-Biplo-Studio/Content/Assets/Buildings/Door.uasset" 4499
"C:/Users/Amir sanni/Desktop/Biplo/Roomba-Biplo-Studio/Content/Assets/Buildings/Door.uexp" 4500
"C:/Users/Amir sanni/Desktop/Biplo/Roomba-Biplo-Studio/Content/Assets/Buildings/Textures/BottomWindow_lambert1_BaseColor.ubulk" 4501
"C:/Users/Amir sanni/Desktop/Biplo/Roomba-Biplo-Studio/Content/Assets/Buildings/Textures/BottomWindow_lambert1_BaseColor.uasset" 4502
"C:/Users/Amir sanni/Desktop/Biplo/Roomba-Biplo-Studio/Content/Assets/Buildings/Textures/BottomWindow_lambert1_BaseColor.uexp" 4503
"C:/Users/Amir sanni/Desktop/Biplo/Roomba-Biplo-Studio/Content/Assets/Buildings/Gradient_Mats/M_GradientOrangeWindow.uasset" 4504
"C:/Users/Amir sanni/Desktop/Biplo/Roomba-Biplo-Studio/Content/Assets/Buildings/Gradient_Mats/M_GradientOrangeWindow.uexp" 4505
"C:/Users/Amir sanni/Desktop/Biplo/Roomba-Biplo-Studio/Content/NewAssetsCool/doorLight/lightOff/doorLight_Low_standardSurface1_Emissive.ubulk" 4506
"C:/Users/Amir sanni/Desktop/Biplo/Roomba-Biplo-Studio/Content/NewAssetsCool/doorLight/lightOff/doorLight_Low_standardSurface1_Emissive.uasset" 4507
"C:/Users/Amir sanni/Desktop/Biplo/Roomba-Biplo-Studio/Content/NewAssetsCool/doorLight/lightOff/doorLight_Low_standardSurface1_Emissive.uexp" 4508
"C:/Users/Amir sanni/Desktop/Biplo/Roomba-Biplo-Studio/Content/NewAssetsCool/doorLight/lightOff/doorLight_Low_standardSurface1_Normal.ubulk" 4509
"C:/Users/Amir sanni/Desktop/Biplo/Roomba-Biplo-Studio/Content/NewAssetsCool/doorLight/lightOff/doorLight_Low_standardSurface1_Normal.uasset" 4510
"C:/Users/Amir sanni/Desktop/Biplo/Roomba-Biplo-Studio/Content/NewAssetsCool/doorLight/lightOff/doorLight_Low_standardSurface1_Normal.uexp" 4511
"C:/Users/Amir sanni/Desktop/Biplo/Roomba-Biplo-Studio/Content/NewAssetsCool/doorLight/lightOff/doorLight_Low_standardSurface1_OcclusionRoughnessMetallic.ubulk" 4512
"C:/Users/Amir sanni/Desktop/Biplo/Roomba-Biplo-Studio/Content/NewAssetsCool/doorLight/lightOff/doorLight_Low_standardSurface1_OcclusionRoughnessMetallic.uasset" 4513
"C:/Users/Amir sanni/Desktop/Biplo/Roomba-Biplo-Studio/Content/NewAssetsCool/doorLight/lightOff/doorLight_Low_standardSurface1_OcclusionRoughnessMetallic.uexp" 4514
"C:/Users/Amir sanni/Desktop/Biplo/Roomba-Biplo-Studio/Content/NewAssetsCool/doorLight/lightOff/doorLight_Low_standardSurface1_BaseColor.ubulk" 4515
"C:/Users/Amir sanni/Desktop/Biplo/Roomba-Biplo-Studio/Content/NewAssetsCool/doorLight/lightOff/doorLight_Low_standardSurface1_BaseColor.uasset" 4516
"C:/Users/Amir sanni/Desktop/Biplo/Roomba-Biplo-Studio/Content/NewAssetsCool/doorLight/lightOff/doorLight_Low_standardSurface1_BaseColor.uexp" 4517
"C:/Users/Amir sanni/Desktop/Biplo/Roomba-Biplo-Studio/Content/NewAssetsCool/doorLight/lightOff/lightOff.uasset" 4518
"C:/Users/Amir sanni/Desktop/Biplo/Roomba-Biplo-Studio/Content/NewAssetsCool/doorLight/lightOff/lightOff.uexp" 4519
"C:/Users/Amir sanni/Desktop/Biplo/Roomba-Biplo-Studio/Content/Assets/Cone/Cone/Model/Textures/cone_Low_lambert1_BaseColor.ubulk" 4520
"C:/Users/Amir sanni/Desktop/Biplo/Roomba-Biplo-Studio/Content/Assets/Cone/Cone/Model/Textures/cone_Low_lambert1_BaseColor.uasset" 4521
"C:/Users/Amir sanni/Desktop/Biplo/Roomba-Biplo-Studio/Content/Assets/Cone/Cone/Model/Textures/cone_Low_lambert1_BaseColor.uexp" 4522
"C:/Users/Amir sanni/Desktop/Biplo/Roomba-Biplo-Studio/Content/Assets/Cone/Cone/Model/Textures/cone_Low_lambert1_OcclusionRoughnessMetallic.ubulk" 4523
"C:/Users/Amir sanni/Desktop/Biplo/Roomba-Biplo-Studio/Content/Assets/Cone/Cone/Model/Textures/cone_Low_lambert1_OcclusionRoughnessMetallic.uasset" 4524
"C:/Users/Amir sanni/Desktop/Biplo/Roomba-Biplo-Studio/Content/Assets/Cone/Cone/Model/Textures/cone_Low_lambert1_OcclusionRoughnessMetallic.uexp" 4525
"C:/Users/Amir sanni/Desktop/Biplo/Roomba-Biplo-Studio/Content/Assets/Cone/Cone/Model/Textures/cone_Low_lambert1_Normal.ubulk" 4526
"C:/Users/Amir sanni/Desktop/Biplo/Roomba-Biplo-Studio/Content/Assets/Cone/Cone/Model/Textures/cone_Low_lambert1_Normal.uasset" 4527
"C:/Users/Amir sanni/Desktop/Biplo/Roomba-Biplo-Studio/Content/Assets/Cone/Cone/Model/Textures/cone_Low_lambert1_Normal.uexp" 4528
"C:/Users/Amir sanni/Desktop/Biplo/Roomba-Biplo-Studio/Content/Assets/Cone/Cone/Model/Textures/M_Cone.uasset" 4529
"C:/Users/Amir sanni/Desktop/Biplo/Roomba-Biplo-Studio/Content/Assets/Cone/Cone/Model/Textures/M_Cone.uexp" 4530
"C:/Users/Amir sanni/Desktop/Biplo/Roomba-Biplo-Studio/Content/Assets/cone_Low1.ubulk" 4531
"C:/Users/Amir sanni/Desktop/Biplo/Roomba-Biplo-Studio/Content/Assets/cone_Low1.uasset" 4532
"C:/Users/Amir sanni/Desktop/Biplo/Roomba-Biplo-Studio/Content/Assets/cone_Low1.uexp" 4533
"C:/Users/Amir sanni/Desktop/Biplo/Roomba-Biplo-Studio/Content/Assets/Dumpster/dumpster_dumpster.ubulk" 4534
"C:/Users/Amir sanni/Desktop/Biplo/Roomba-Biplo-Studio/Content/Assets/Dumpster/dumpster_dumpster.uasset" 4535
"C:/Users/Amir sanni/Desktop/Biplo/Roomba-Biplo-Studio/Content/Assets/Dumpster/dumpster_dumpster.uexp" 4536
"C:/Users/Amir sanni/Desktop/Biplo/Roomba-Biplo-Studio/Content/LevelDesign/DavidsCooking/StreetEndWire1.ubulk" 4537
"C:/Users/Amir sanni/Desktop/Biplo/Roomba-Biplo-Studio/Content/LevelDesign/DavidsCooking/StreetEndWire1.uasset" 4538
"C:/Users/Amir sanni/Desktop/Biplo/Roomba-Biplo-Studio/Content/LevelDesign/DavidsCooking/StreetEndWire1.uexp" 4539
"C:/Users/Amir sanni/Desktop/Biplo/Roomba-Biplo-Studio/Content/NewAssetsCool/Buildings/Building5/building5.ubulk" 4540
"C:/Users/Amir sanni/Desktop/Biplo/Roomba-Biplo-Studio/Content/NewAssetsCool/Buildings/Building5/building5.uasset" 4541
"C:/Users/Amir sanni/Desktop/Biplo/Roomba-Biplo-Studio/Content/NewAssetsCool/Buildings/Building5/building5.uexp" 4542
"C:/Users/Amir sanni/Desktop/Biplo/Roomba-Biplo-Studio/Content/Assets/Barrier/Model/roadblock_Low_lambert1_BaseColor.ubulk" 4543
"C:/Users/Amir sanni/Desktop/Biplo/Roomba-Biplo-Studio/Content/Assets/Barrier/Model/roadblock_Low_lambert1_BaseColor.uasset" 4544
"C:/Users/Amir sanni/Desktop/Biplo/Roomba-Biplo-Studio/Content/Assets/Barrier/Model/roadblock_Low_lambert1_BaseColor.uexp" 4545
"C:/Users/Amir sanni/Desktop/Biplo/Roomba-Biplo-Studio/Content/Assets/Barrier/Model/Textures/roadblock_Low_lambert1_Normal.ubulk" 4546
"C:/Users/Amir sanni/Desktop/Biplo/Roomba-Biplo-Studio/Content/Assets/Barrier/Model/Textures/roadblock_Low_lambert1_Normal.uasset" 4547
"C:/Users/Amir sanni/Desktop/Biplo/Roomba-Biplo-Studio/Content/Assets/Barrier/Model/Textures/roadblock_Low_lambert1_Normal.uexp" 4548
"C:/Users/Amir sanni/Desktop/Biplo/Roomba-Biplo-Studio/Content/Assets/Barrier/Model/Textures/roadblock_Low_lambert1_OcclusionRoughnessMetallic.ubulk" 4549
"C:/Users/Amir sanni/Desktop/Biplo/Roomba-Biplo-Studio/Content/Assets/Barrier/Model/Textures/roadblock_Low_lambert1_OcclusionRoughnessMetallic.uasset" 4550
"C:/Users/Amir sanni/Desktop/Biplo/Roomba-Biplo-Studio/Content/Assets/Barrier/Model/Textures/roadblock_Low_lambert1_OcclusionRoughnessMetallic.uexp" 4551
"C:/Users/Amir sanni/Desktop/Biplo/Roomba-Biplo-Studio/Content/Assets/Barrier/Model/Textures/M_Roadblock.uasset" 4552
"C:/Users/Amir sanni/Desktop/Biplo/Roomba-Biplo-Studio/Content/Assets/Barrier/Model/Textures/M_Roadblock.uexp" 4553
"C:/Users/Amir sanni/Desktop/Biplo/Roomba-Biplo-Studio/Content/Assets/roadblock_Low.ubulk" 4554
"C:/Users/Amir sanni/Desktop/Biplo/Roomba-Biplo-Studio/Content/Assets/roadblock_Low.uasset" 4555
"C:/Users/Amir sanni/Desktop/Biplo/Roomba-Biplo-Studio/Content/Assets/roadblock_Low.uexp" 4556
"C:/Users/Amir sanni/Desktop/Biplo/Roomba-Biplo-Studio/Content/Assets/ConstructionSite/brown-soil-texture-background_172107-1582-ezgif_com-avif-to-jpg-converter.uasset" 4557
"C:/Users/Amir sanni/Desktop/Biplo/Roomba-Biplo-Studio/Content/Assets/ConstructionSite/brown-soil-texture-background_172107-1582-ezgif_com-avif-to-jpg-converter.uexp" 4558
"C:/Users/Amir sanni/Desktop/Biplo/Roomba-Biplo-Studio/Content/Assets/ConstructionSite/M_Dirt1.uasset" 4559
"C:/Users/Amir sanni/Desktop/Biplo/Roomba-Biplo-Studio/Content/Assets/ConstructionSite/M_Dirt1.uexp" 4560
"C:/Users/Amir sanni/Desktop/Biplo/Roomba-Biplo-Studio/Content/Assets/Buildings/M_Roof.uasset" 4561
"C:/Users/Amir sanni/Desktop/Biplo/Roomba-Biplo-Studio/Content/Assets/Buildings/M_Roof.uexp" 4562
"C:/Users/Amir sanni/Desktop/Biplo/Roomba-Biplo-Studio/Content/LevelDesign/DavidsCooking/StreetEndWire2.ubulk" 4563
"C:/Users/Amir sanni/Desktop/Biplo/Roomba-Biplo-Studio/Content/LevelDesign/DavidsCooking/StreetEndWire2.uasset" 4564
"C:/Users/Amir sanni/Desktop/Biplo/Roomba-Biplo-Studio/Content/LevelDesign/DavidsCooking/StreetEndWire2.uexp" 4565
"C:/Users/Amir sanni/Desktop/Biplo/Roomba-Biplo-Studio/Content/Assets/Dumpster/dumpster_lid2_Low1.ubulk" 4566
"C:/Users/Amir sanni/Desktop/Biplo/Roomba-Biplo-Studio/Content/Assets/Dumpster/dumpster_lid2_Low1.uasset" 4567
"C:/Users/Amir sanni/Desktop/Biplo/Roomba-Biplo-Studio/Content/Assets/Dumpster/dumpster_lid2_Low1.uexp" 4568
"C:/Users/Amir sanni/Desktop/Biplo/Roomba-Biplo-Studio/Content/Assets/Buildings/Textures/Brokenglass.uasset" 4569
"C:/Users/Amir sanni/Desktop/Biplo/Roomba-Biplo-Studio/Content/Assets/Buildings/Textures/Brokenglass.uexp" 4570
"C:/Users/Amir sanni/Desktop/Biplo/Roomba-Biplo-Studio/Content/Assets/Buildings/Normal_Mats/M_BrokenWindow.uasset" 4571
"C:/Users/Amir sanni/Desktop/Biplo/Roomba-Biplo-Studio/Content/Assets/Buildings/Normal_Mats/M_BrokenWindow.uexp" 4572
"C:/Users/Amir sanni/Desktop/Biplo/Roomba-Biplo-Studio/Content/LevelDesign/Section1StreetEnd.uexp" 4573
"C:/Users/Amir sanni/Desktop/Biplo/Roomba-Biplo-Studio/Content/LevelDesign/Section1StreetEnd.umap" 4574
"C:/Users/Amir sanni/Desktop/Biplo/Roomba-Biplo-Studio/Content/Assets/External/HousePack/Spoon_Spoon.ubulk" 4575
"C:/Users/Amir sanni/Desktop/Biplo/Roomba-Biplo-Studio/Content/Assets/External/HousePack/Spoon_Spoon.uasset" 4576
"C:/Users/Amir sanni/Desktop/Biplo/Roomba-Biplo-Studio/Content/Assets/External/HousePack/Spoon_Spoon.uexp" 4577
"C:/Users/Amir sanni/Desktop/Biplo/Roomba-Biplo-Studio/Content/Assets/External/HousePack/Houseplant_8_Houseplant_8.ubulk" 4578
"C:/Users/Amir sanni/Desktop/Biplo/Roomba-Biplo-Studio/Content/Assets/External/HousePack/Houseplant_8_Houseplant_8.uasset" 4579
"C:/Users/Amir sanni/Desktop/Biplo/Roomba-Biplo-Studio/Content/Assets/External/HousePack/Houseplant_8_Houseplant_8.uexp" 4580
"C:/Users/Amir sanni/Desktop/Biplo/Roomba-Biplo-Studio/Content/Assets/Vignette3.uasset" 4581
"C:/Users/Amir sanni/Desktop/Biplo/Roomba-Biplo-Studio/Content/Assets/Vignette3.uexp" 4582
"C:/Users/Amir sanni/Desktop/Biplo/Roomba-Biplo-Studio/Content/Assets/M_Vignette.uasset" 4583
"C:/Users/Amir sanni/Desktop/Biplo/Roomba-Biplo-Studio/Content/Assets/M_Vignette.uexp" 4584
"C:/Users/Amir sanni/Desktop/Biplo/Roomba-Biplo-Studio/Content/Assets/Bakery/Texture/RegisterLow1_standardSurface1_003_BaseColor.ubulk" 4585
"C:/Users/Amir sanni/Desktop/Biplo/Roomba-Biplo-Studio/Content/Assets/Bakery/Texture/RegisterLow1_standardSurface1_003_BaseColor.uasset" 4586
"C:/Users/Amir sanni/Desktop/Biplo/Roomba-Biplo-Studio/Content/Assets/Bakery/Texture/RegisterLow1_standardSurface1_003_BaseColor.uexp" 4587
"C:/Users/Amir sanni/Desktop/Biplo/Roomba-Biplo-Studio/Content/Assets/Bakery/Texture/RegisterLow1_standardSurface1_003_Normal.ubulk" 4588
"C:/Users/Amir sanni/Desktop/Biplo/Roomba-Biplo-Studio/Content/Assets/Bakery/Texture/RegisterLow1_standardSurface1_003_Normal.uasset" 4589
"C:/Users/Amir sanni/Desktop/Biplo/Roomba-Biplo-Studio/Content/Assets/Bakery/Texture/RegisterLow1_standardSurface1_003_Normal.uexp" 4590
"C:/Users/Amir sanni/Desktop/Biplo/Roomba-Biplo-Studio/Content/Assets/Bakery/Texture/RegisterLow1_standardSurface1_003_OcclusionRoughnessMetallic.ubulk" 4591
"C:/Users/Amir sanni/Desktop/Biplo/Roomba-Biplo-Studio/Content/Assets/Bakery/Texture/RegisterLow1_standardSurface1_003_OcclusionRoughnessMetallic.uasset" 4592
"C:/Users/Amir sanni/Desktop/Biplo/Roomba-Biplo-Studio/Content/Assets/Bakery/Texture/RegisterLow1_standardSurface1_003_OcclusionRoughnessMetallic.uexp" 4593
"C:/Users/Amir sanni/Desktop/Biplo/Roomba-Biplo-Studio/Content/Assets/Bakery/M_Register.uasset" 4594
"C:/Users/Amir sanni/Desktop/Biplo/Roomba-Biplo-Studio/Content/Assets/Bakery/M_Register.uexp" 4595
"C:/Users/Amir sanni/Desktop/Biplo/Roomba-Biplo-Studio/Content/Assets/Bakery/RegisterLow1.ubulk" 4596
"C:/Users/Amir sanni/Desktop/Biplo/Roomba-Biplo-Studio/Content/Assets/Bakery/RegisterLow1.uasset" 4597
"C:/Users/Amir sanni/Desktop/Biplo/Roomba-Biplo-Studio/Content/Assets/Bakery/RegisterLow1.uexp" 4598
"C:/Users/Amir sanni/Desktop/Biplo/Roomba-Biplo-Studio/Content/LevelDesign/Section1Bakery_BuiltData.ubulk" 4599
"C:/Users/Amir sanni/Desktop/Biplo/Roomba-Biplo-Studio/Content/LevelDesign/Section1Bakery_BuiltData.uasset" 4600
"C:/Users/Amir sanni/Desktop/Biplo/Roomba-Biplo-Studio/Content/LevelDesign/Section1Bakery_BuiltData.uexp" 4601
"C:/Users/Amir sanni/Desktop/Biplo/Roomba-Biplo-Studio/Content/Assets/External/HousePack/LightOrange.uasset" 4602
"C:/Users/Amir sanni/Desktop/Biplo/Roomba-Biplo-Studio/Content/Assets/External/HousePack/LightOrange.uexp" 4603
"C:/Users/Amir sanni/Desktop/Biplo/Roomba-Biplo-Studio/Content/Assets/External/HousePack/Houseplant_3_Houseplant_3.ubulk" 4604
"C:/Users/Amir sanni/Desktop/Biplo/Roomba-Biplo-Studio/Content/Assets/External/HousePack/Houseplant_3_Houseplant_3.uasset" 4605
"C:/Users/Amir sanni/Desktop/Biplo/Roomba-Biplo-Studio/Content/Assets/External/HousePack/Houseplant_3_Houseplant_3.uexp" 4606
"C:/Users/Amir sanni/Desktop/Biplo/Roomba-Biplo-Studio/Content/LevelDesign/DavidsCooking/BakeryLightingCull.ubulk" 4607
"C:/Users/Amir sanni/Desktop/Biplo/Roomba-Biplo-Studio/Content/LevelDesign/DavidsCooking/BakeryLightingCull.uasset" 4608
"C:/Users/Amir sanni/Desktop/Biplo/Roomba-Biplo-Studio/Content/LevelDesign/DavidsCooking/BakeryLightingCull.uexp" 4609
"C:/Users/Amir sanni/Desktop/Biplo/Roomba-Biplo-Studio/Content/LevelDesign/DavidsCooking/BakeryWire.ubulk" 4610
"C:/Users/Amir sanni/Desktop/Biplo/Roomba-Biplo-Studio/Content/LevelDesign/DavidsCooking/BakeryWire.uasset" 4611
"C:/Users/Amir sanni/Desktop/Biplo/Roomba-Biplo-Studio/Content/LevelDesign/DavidsCooking/BakeryWire.uexp" 4612
"C:/Users/Amir sanni/Desktop/Biplo/Roomba-Biplo-Studio/Content/Assets/External/HousePack/Light_Ceiling6_Light_Ceiling6.ubulk" 4613
"C:/Users/Amir sanni/Desktop/Biplo/Roomba-Biplo-Studio/Content/Assets/External/HousePack/Light_Ceiling6_Light_Ceiling6.uasset" 4614
"C:/Users/Amir sanni/Desktop/Biplo/Roomba-Biplo-Studio/Content/Assets/External/HousePack/Light_Ceiling6_Light_Ceiling6.uexp" 4615
"C:/Users/Amir sanni/Desktop/Biplo/Roomba-Biplo-Studio/Content/Assets/Bakery/Texture/CounterLow2_standardSurface1_001_OcclusionRoughnessMetallic.ubulk" 4616
"C:/Users/Amir sanni/Desktop/Biplo/Roomba-Biplo-Studio/Content/Assets/Bakery/Texture/CounterLow2_standardSurface1_001_OcclusionRoughnessMetallic.uasset" 4617
"C:/Users/Amir sanni/Desktop/Biplo/Roomba-Biplo-Studio/Content/Assets/Bakery/Texture/CounterLow2_standardSurface1_001_OcclusionRoughnessMetallic.uexp" 4618
"C:/Users/Amir sanni/Desktop/Biplo/Roomba-Biplo-Studio/Content/Assets/Bakery/Texture/CounterLow2_standardSurface1_001_Normal.ubulk" 4619
"C:/Users/Amir sanni/Desktop/Biplo/Roomba-Biplo-Studio/Content/Assets/Bakery/Texture/CounterLow2_standardSurface1_001_Normal.uasset" 4620
"C:/Users/Amir sanni/Desktop/Biplo/Roomba-Biplo-Studio/Content/Assets/Bakery/Texture/CounterLow2_standardSurface1_001_Normal.uexp" 4621
"C:/Users/Amir sanni/Desktop/Biplo/Roomba-Biplo-Studio/Content/Assets/Bakery/Texture/CounterLow2_standardSurface1_001_BaseColor.ubulk" 4622
"C:/Users/Amir sanni/Desktop/Biplo/Roomba-Biplo-Studio/Content/Assets/Bakery/Texture/CounterLow2_standardSurface1_001_BaseColor.uasset" 4623
"C:/Users/Amir sanni/Desktop/Biplo/Roomba-Biplo-Studio/Content/Assets/Bakery/Texture/CounterLow2_standardSurface1_001_BaseColor.uexp" 4624
"C:/Users/Amir sanni/Desktop/Biplo/Roomba-Biplo-Studio/Content/Assets/Bakery/Texture/M_CounterLow.uasset" 4625
"C:/Users/Amir sanni/Desktop/Biplo/Roomba-Biplo-Studio/Content/Assets/Bakery/Texture/M_CounterLow.uexp" 4626
"C:/Users/Amir sanni/Desktop/Biplo/Roomba-Biplo-Studio/Content/Assets/Bakery/CounterLow2.ubulk" 4627
"C:/Users/Amir sanni/Desktop/Biplo/Roomba-Biplo-Studio/Content/Assets/Bakery/CounterLow2.uasset" 4628
"C:/Users/Amir sanni/Desktop/Biplo/Roomba-Biplo-Studio/Content/Assets/Bakery/CounterLow2.uexp" 4629
"C:/Users/Amir sanni/Desktop/Biplo/Roomba-Biplo-Studio/Content/Assets/Bakery/Texture/DisplayLow_standardSurface1_001_Normal.ubulk" 4630
"C:/Users/Amir sanni/Desktop/Biplo/Roomba-Biplo-Studio/Content/Assets/Bakery/Texture/DisplayLow_standardSurface1_001_Normal.uasset" 4631
"C:/Users/Amir sanni/Desktop/Biplo/Roomba-Biplo-Studio/Content/Assets/Bakery/Texture/DisplayLow_standardSurface1_001_Normal.uexp" 4632
"C:/Users/Amir sanni/Desktop/Biplo/Roomba-Biplo-Studio/Content/Assets/Bakery/Texture/DisplayLow_standardSurface1_001_OcclusionRoughnessMetallic.ubulk" 4633
"C:/Users/Amir sanni/Desktop/Biplo/Roomba-Biplo-Studio/Content/Assets/Bakery/Texture/DisplayLow_standardSurface1_001_OcclusionRoughnessMetallic.uasset" 4634
"C:/Users/Amir sanni/Desktop/Biplo/Roomba-Biplo-Studio/Content/Assets/Bakery/Texture/DisplayLow_standardSurface1_001_OcclusionRoughnessMetallic.uexp" 4635
"C:/Users/Amir sanni/Desktop/Biplo/Roomba-Biplo-Studio/Content/Assets/Bakery/Texture/DisplayLow_standardSurface1_001_BaseColor.ubulk" 4636
"C:/Users/Amir sanni/Desktop/Biplo/Roomba-Biplo-Studio/Content/Assets/Bakery/Texture/DisplayLow_standardSurface1_001_BaseColor.uasset" 4637
"C:/Users/Amir sanni/Desktop/Biplo/Roomba-Biplo-Studio/Content/Assets/Bakery/Texture/DisplayLow_standardSurface1_001_BaseColor.uexp" 4638
"C:/Users/Amir sanni/Desktop/Biplo/Roomba-Biplo-Studio/Content/Assets/Bakery/Texture/M_Display.uasset" 4639
"C:/Users/Amir sanni/Desktop/Biplo/Roomba-Biplo-Studio/Content/Assets/Bakery/Texture/M_Display.uexp" 4640
"C:/Users/Amir sanni/Desktop/Biplo/Roomba-Biplo-Studio/Content/Assets/Bakery/DisplayLow.ubulk" 4641
"C:/Users/Amir sanni/Desktop/Biplo/Roomba-Biplo-Studio/Content/Assets/Bakery/DisplayLow.uasset" 4642
"C:/Users/Amir sanni/Desktop/Biplo/Roomba-Biplo-Studio/Content/Assets/Bakery/DisplayLow.uexp" 4643
"C:/Users/Amir sanni/Desktop/Biplo/Roomba-Biplo-Studio/Content/Assets/Bakery/Texture/bakeryLow3_Floor_Normal.ubulk" 4644
"C:/Users/Amir sanni/Desktop/Biplo/Roomba-Biplo-Studio/Content/Assets/Bakery/Texture/bakeryLow3_Floor_Normal.uasset" 4645
"C:/Users/Amir sanni/Desktop/Biplo/Roomba-Biplo-Studio/Content/Assets/Bakery/Texture/bakeryLow3_Floor_Normal.uexp" 4646
"C:/Users/Amir sanni/Desktop/Biplo/Roomba-Biplo-Studio/Content/Assets/Bakery/Texture/bakeryLow3_Floor_OcclusionRoughnessMetallic.ubulk" 4647
"C:/Users/Amir sanni/Desktop/Biplo/Roomba-Biplo-Studio/Content/Assets/Bakery/Texture/bakeryLow3_Floor_OcclusionRoughnessMetallic.uasset" 4648
"C:/Users/Amir sanni/Desktop/Biplo/Roomba-Biplo-Studio/Content/Assets/Bakery/Texture/bakeryLow3_Floor_OcclusionRoughnessMetallic.uexp" 4649
"C:/Users/Amir sanni/Desktop/Biplo/Roomba-Biplo-Studio/Content/Assets/Bakery/Texture/bakeryLow3_Floor_BaseColor.ubulk" 4650
"C:/Users/Amir sanni/Desktop/Biplo/Roomba-Biplo-Studio/Content/Assets/Bakery/Texture/bakeryLow3_Floor_BaseColor.uasset" 4651
"C:/Users/Amir sanni/Desktop/Biplo/Roomba-Biplo-Studio/Content/Assets/Bakery/Texture/bakeryLow3_Floor_BaseColor.uexp" 4652
"C:/Users/Amir sanni/Desktop/Biplo/Roomba-Biplo-Studio/Content/Assets/Bakery/Texture/M_BakeryInteror.uasset" 4653
"C:/Users/Amir sanni/Desktop/Biplo/Roomba-Biplo-Studio/Content/Assets/Bakery/Texture/M_BakeryInteror.uexp" 4654
"C:/Users/Amir sanni/Desktop/Biplo/Roomba-Biplo-Studio/Content/Assets/Bakery/bakeryLow3.ubulk" 4655
"C:/Users/Amir sanni/Desktop/Biplo/Roomba-Biplo-Studio/Content/Assets/Bakery/bakeryLow3.uasset" 4656
"C:/Users/Amir sanni/Desktop/Biplo/Roomba-Biplo-Studio/Content/Assets/Bakery/bakeryLow3.uexp" 4657
"C:/Users/Amir sanni/Desktop/Biplo/Roomba-Biplo-Studio/Content/LevelDesign/Section1Bakery.uexp" 4658
"C:/Users/Amir sanni/Desktop/Biplo/Roomba-Biplo-Studio/Content/LevelDesign/Section1Bakery.umap" 4659
"C:/Users/Amir sanni/Desktop/Biplo/Roomba-Biplo-Studio/Content/Assets/2DImages/Posters/Poster.uasset" 4660
"C:/Users/Amir sanni/Desktop/Biplo/Roomba-Biplo-Studio/Content/Assets/2DImages/Posters/Poster.uexp" 4661
"C:/Users/Amir sanni/Desktop/Biplo/Roomba-Biplo-Studio/Content/Assets/2DImages/Posters/D_Poster1.uasset" 4662
"C:/Users/Amir sanni/Desktop/Biplo/Roomba-Biplo-Studio/Content/Assets/2DImages/Posters/D_Poster1.uexp" 4663
"C:/Users/Amir sanni/Desktop/Biplo/Roomba-Biplo-Studio/Content/LevelDesign/DavidsCooking/ApartmentDoorWire.ubulk" 4664
"C:/Users/Amir sanni/Desktop/Biplo/Roomba-Biplo-Studio/Content/LevelDesign/DavidsCooking/ApartmentDoorWire.uasset" 4665
"C:/Users/Amir sanni/Desktop/Biplo/Roomba-Biplo-Studio/Content/LevelDesign/DavidsCooking/ApartmentDoorWire.uexp" 4666
"C:/Users/Amir sanni/Desktop/Biplo/Roomba-Biplo-Studio/Content/Assets/Apartment/Textures/M_Wall5.uasset" 4667
"C:/Users/Amir sanni/Desktop/Biplo/Roomba-Biplo-Studio/Content/Assets/Apartment/Textures/M_Wall5.uexp" 4668
"C:/Users/Amir sanni/Desktop/Biplo/Roomba-Biplo-Studio/Content/Assets/2DImages/Hole1.uasset" 4669
"C:/Users/Amir sanni/Desktop/Biplo/Roomba-Biplo-Studio/Content/Assets/2DImages/Hole1.uexp" 4670
"C:/Users/Amir sanni/Desktop/Biplo/Roomba-Biplo-Studio/Content/Assets/M_BrokenGlass1.uasset" 4671
"C:/Users/Amir sanni/Desktop/Biplo/Roomba-Biplo-Studio/Content/Assets/M_BrokenGlass1.uexp" 4672
"C:/Users/Amir sanni/Desktop/Biplo/Roomba-Biplo-Studio/Content/Assets/External/HousePack/Houseplant_6_Houseplant_6.ubulk" 4673
"C:/Users/Amir sanni/Desktop/Biplo/Roomba-Biplo-Studio/Content/Assets/External/HousePack/Houseplant_6_Houseplant_6.uasset" 4674
"C:/Users/Amir sanni/Desktop/Biplo/Roomba-Biplo-Studio/Content/Assets/External/HousePack/Houseplant_6_Houseplant_6.uexp" 4675
"C:/Users/Amir sanni/Desktop/Biplo/Roomba-Biplo-Studio/Content/Assets/External/HousePack/Couch_Large2.ubulk" 4676
"C:/Users/Amir sanni/Desktop/Biplo/Roomba-Biplo-Studio/Content/Assets/External/HousePack/Couch_Large2.uasset" 4677
"C:/Users/Amir sanni/Desktop/Biplo/Roomba-Biplo-Studio/Content/Assets/External/HousePack/Couch_Large2.uexp" 4678
"C:/Users/Amir sanni/Desktop/Biplo/Roomba-Biplo-Studio/Content/LevelDesign/DavidsCooking/ApartmentLightBlocker2.ubulk" 4679
"C:/Users/Amir sanni/Desktop/Biplo/Roomba-Biplo-Studio/Content/LevelDesign/DavidsCooking/ApartmentLightBlocker2.uasset" 4680
"C:/Users/Amir sanni/Desktop/Biplo/Roomba-Biplo-Studio/Content/LevelDesign/DavidsCooking/ApartmentLightBlocker2.uexp" 4681
"C:/Users/Amir sanni/Desktop/Biplo/Roomba-Biplo-Studio/Content/Assets/External/HousePack/Light_Desk_Light_Desk.ubulk" 4682
"C:/Users/Amir sanni/Desktop/Biplo/Roomba-Biplo-Studio/Content/Assets/External/HousePack/Light_Desk_Light_Desk.uasset" 4683
"C:/Users/Amir sanni/Desktop/Biplo/Roomba-Biplo-Studio/Content/Assets/External/HousePack/Light_Desk_Light_Desk.uexp" 4684
"C:/Users/Amir sanni/Desktop/Biplo/Roomba-Biplo-Studio/Content/Assets/Apartment/Textures/ToyCar_DefaultMaterial_BaseColor.ubulk" 4685
"C:/Users/Amir sanni/Desktop/Biplo/Roomba-Biplo-Studio/Content/Assets/Apartment/Textures/ToyCar_DefaultMaterial_BaseColor.uasset" 4686
"C:/Users/Amir sanni/Desktop/Biplo/Roomba-Biplo-Studio/Content/Assets/Apartment/Textures/ToyCar_DefaultMaterial_BaseColor.uexp" 4687
"C:/Users/Amir sanni/Desktop/Biplo/Roomba-Biplo-Studio/Content/Assets/Apartment/Textures/ToyCar_DefaultMaterial_OcclusionRoughnessMetallic.ubulk" 4688
"C:/Users/Amir sanni/Desktop/Biplo/Roomba-Biplo-Studio/Content/Assets/Apartment/Textures/ToyCar_DefaultMaterial_OcclusionRoughnessMetallic.uasset" 4689
"C:/Users/Amir sanni/Desktop/Biplo/Roomba-Biplo-Studio/Content/Assets/Apartment/Textures/ToyCar_DefaultMaterial_OcclusionRoughnessMetallic.uexp" 4690
"C:/Users/Amir sanni/Desktop/Biplo/Roomba-Biplo-Studio/Content/Assets/Apartment/Textures/ToyCar_DefaultMaterial_Normal.ubulk" 4691
"C:/Users/Amir sanni/Desktop/Biplo/Roomba-Biplo-Studio/Content/Assets/Apartment/Textures/ToyCar_DefaultMaterial_Normal.uasset" 4692
"C:/Users/Amir sanni/Desktop/Biplo/Roomba-Biplo-Studio/Content/Assets/Apartment/Textures/ToyCar_DefaultMaterial_Normal.uexp" 4693
"C:/Users/Amir sanni/Desktop/Biplo/Roomba-Biplo-Studio/Content/Assets/Apartment/Textures/M_RedToyCar.uasset" 4694
"C:/Users/Amir sanni/Desktop/Biplo/Roomba-Biplo-Studio/Content/Assets/Apartment/Textures/M_RedToyCar.uexp" 4695
"C:/Users/Amir sanni/Desktop/Biplo/Roomba-Biplo-Studio/Content/Assets/Apartment/Furniture/ToyCar.ubulk" 4696
"C:/Users/Amir sanni/Desktop/Biplo/Roomba-Biplo-Studio/Content/Assets/Apartment/Furniture/ToyCar.uasset" 4697
"C:/Users/Amir sanni/Desktop/Biplo/Roomba-Biplo-Studio/Content/Assets/Apartment/Furniture/ToyCar.uexp" 4698
"C:/Users/Amir sanni/Desktop/Biplo/Roomba-Biplo-Studio/Content/Assets/Apartment/Textures/Plank_DefaultMaterial_BaseColor.ubulk" 4699
"C:/Users/Amir sanni/Desktop/Biplo/Roomba-Biplo-Studio/Content/Assets/Apartment/Textures/Plank_DefaultMaterial_BaseColor.uasset" 4700
"C:/Users/Amir sanni/Desktop/Biplo/Roomba-Biplo-Studio/Content/Assets/Apartment/Textures/Plank_DefaultMaterial_BaseColor.uexp" 4701
"C:/Users/Amir sanni/Desktop/Biplo/Roomba-Biplo-Studio/Content/Assets/Apartment/Textures/Plank_DefaultMaterial_Normal.ubulk" 4702
"C:/Users/Amir sanni/Desktop/Biplo/Roomba-Biplo-Studio/Content/Assets/Apartment/Textures/Plank_DefaultMaterial_Normal.uasset" 4703
"C:/Users/Amir sanni/Desktop/Biplo/Roomba-Biplo-Studio/Content/Assets/Apartment/Textures/Plank_DefaultMaterial_Normal.uexp" 4704
"C:/Users/Amir sanni/Desktop/Biplo/Roomba-Biplo-Studio/Content/Assets/Apartment/Textures/M_Plank.uasset" 4705
"C:/Users/Amir sanni/Desktop/Biplo/Roomba-Biplo-Studio/Content/Assets/Apartment/Textures/M_Plank.uexp" 4706
"C:/Users/Amir sanni/Desktop/Biplo/Roomba-Biplo-Studio/Content/Assets/Apartment/Furniture/Plank.ubulk" 4707
"C:/Users/Amir sanni/Desktop/Biplo/Roomba-Biplo-Studio/Content/Assets/Apartment/Furniture/Plank.uasset" 4708
"C:/Users/Amir sanni/Desktop/Biplo/Roomba-Biplo-Studio/Content/Assets/Apartment/Furniture/Plank.uexp" 4709
"C:/Users/Amir sanni/Desktop/Biplo/Roomba-Biplo-Studio/Content/Assets/External/HousePack/Houseplant_4_Houseplant_4.ubulk" 4710
"C:/Users/Amir sanni/Desktop/Biplo/Roomba-Biplo-Studio/Content/Assets/External/HousePack/Houseplant_4_Houseplant_4.uasset" 4711
"C:/Users/Amir sanni/Desktop/Biplo/Roomba-Biplo-Studio/Content/Assets/External/HousePack/Houseplant_4_Houseplant_4.uexp" 4712
"C:/Users/Amir sanni/Desktop/Biplo/Roomba-Biplo-Studio/Content/Assets/External/HousePack/Drawer_5_Drawer_5.ubulk" 4713
"C:/Users/Amir sanni/Desktop/Biplo/Roomba-Biplo-Studio/Content/Assets/External/HousePack/Drawer_5_Drawer_5.uasset" 4714
"C:/Users/Amir sanni/Desktop/Biplo/Roomba-Biplo-Studio/Content/Assets/External/HousePack/Drawer_5_Drawer_5.uexp" 4715
"C:/Users/Amir sanni/Desktop/Biplo/Roomba-Biplo-Studio/Content/Assets/External/HousePack/Light_Stand2_Light_Stand2.ubulk" 4716
"C:/Users/Amir sanni/Desktop/Biplo/Roomba-Biplo-Studio/Content/Assets/External/HousePack/Light_Stand2_Light_Stand2.uasset" 4717
"C:/Users/Amir sanni/Desktop/Biplo/Roomba-Biplo-Studio/Content/Assets/External/HousePack/Light_Stand2_Light_Stand2.uexp" 4718
"C:/Users/Amir sanni/Desktop/Biplo/Roomba-Biplo-Studio/Content/Assets/External/HousePack/Houseplant_2_Houseplant_2.ubulk" 4719
"C:/Users/Amir sanni/Desktop/Biplo/Roomba-Biplo-Studio/Content/Assets/External/HousePack/Houseplant_2_Houseplant_2.uasset" 4720
"C:/Users/Amir sanni/Desktop/Biplo/Roomba-Biplo-Studio/Content/Assets/External/HousePack/Houseplant_2_Houseplant_2.uexp" 4721
"C:/Users/Amir sanni/Desktop/Biplo/Roomba-Biplo-Studio/Content/Assets/External/HousePack/Carpet_1.ubulk" 4722
"C:/Users/Amir sanni/Desktop/Biplo/Roomba-Biplo-Studio/Content/Assets/External/HousePack/Carpet_1.uasset" 4723
"C:/Users/Amir sanni/Desktop/Biplo/Roomba-Biplo-Studio/Content/Assets/External/HousePack/Carpet_1.uexp" 4724
"C:/Users/Amir sanni/Desktop/Biplo/Roomba-Biplo-Studio/Content/Assets/External/HousePack/Carpet_2.ubulk" 4725
"C:/Users/Amir sanni/Desktop/Biplo/Roomba-Biplo-Studio/Content/Assets/External/HousePack/Carpet_2.uasset" 4726
"C:/Users/Amir sanni/Desktop/Biplo/Roomba-Biplo-Studio/Content/Assets/External/HousePack/Carpet_2.uexp" 4727
"C:/Users/Amir sanni/Desktop/Biplo/Roomba-Biplo-Studio/Content/Assets/External/HousePack/Bed_King.ubulk" 4728
"C:/Users/Amir sanni/Desktop/Biplo/Roomba-Biplo-Studio/Content/Assets/External/HousePack/Bed_King.uasset" 4729
"C:/Users/Amir sanni/Desktop/Biplo/Roomba-Biplo-Studio/Content/Assets/External/HousePack/Bed_King.uexp" 4730
"C:/Users/Amir sanni/Desktop/Biplo/Roomba-Biplo-Studio/Content/Assets/Apartment/Textures/M_Hole.uasset" 4731
"C:/Users/Amir sanni/Desktop/Biplo/Roomba-Biplo-Studio/Content/Assets/Apartment/Textures/M_Hole.uexp" 4732
"C:/Users/Amir sanni/Desktop/Biplo/Roomba-Biplo-Studio/Content/LevelDesign/DavidsCooking/Cooking2/David.uasset" 4733
"C:/Users/Amir sanni/Desktop/Biplo/Roomba-Biplo-Studio/Content/LevelDesign/DavidsCooking/Cooking2/David.uexp" 4734
"C:/Users/Amir sanni/Desktop/Biplo/Roomba-Biplo-Studio/Content/LevelDesign/DavidsCooking/Cooking2/Material_001.uasset" 4735
"C:/Users/Amir sanni/Desktop/Biplo/Roomba-Biplo-Studio/Content/LevelDesign/DavidsCooking/Cooking2/Material_001.uexp" 4736
"C:/Users/Amir sanni/Desktop/Biplo/Roomba-Biplo-Studio/Content/LevelDesign/DavidsCooking/Cooking2/My_name_is_david.ubulk" 4737
"C:/Users/Amir sanni/Desktop/Biplo/Roomba-Biplo-Studio/Content/LevelDesign/DavidsCooking/Cooking2/My_name_is_david.uasset" 4738
"C:/Users/Amir sanni/Desktop/Biplo/Roomba-Biplo-Studio/Content/LevelDesign/DavidsCooking/Cooking2/My_name_is_david.uexp" 4739
"C:/Users/Amir sanni/Desktop/Biplo/Roomba-Biplo-Studio/Content/LevelDesign/DavidsCooking/Cooking2/BP_God.uasset" 4740
"C:/Users/Amir sanni/Desktop/Biplo/Roomba-Biplo-Studio/Content/LevelDesign/DavidsCooking/Cooking2/BP_God.uexp" 4741
"C:/Users/Amir sanni/Desktop/Biplo/Roomba-Biplo-Studio/Content/Assets/External/HousePack/Houseplant_5_Houseplant_5.ubulk" 4742
"C:/Users/Amir sanni/Desktop/Biplo/Roomba-Biplo-Studio/Content/Assets/External/HousePack/Houseplant_5_Houseplant_5.uasset" 4743
"C:/Users/Amir sanni/Desktop/Biplo/Roomba-Biplo-Studio/Content/Assets/External/HousePack/Houseplant_5_Houseplant_5.uexp" 4744
"C:/Users/Amir sanni/Desktop/Biplo/Roomba-Biplo-Studio/Content/Assets/External/HousePack/Carpet_Round.ubulk" 4745
"C:/Users/Amir sanni/Desktop/Biplo/Roomba-Biplo-Studio/Content/Assets/External/HousePack/Carpet_Round.uasset" 4746
"C:/Users/Amir sanni/Desktop/Biplo/Roomba-Biplo-Studio/Content/Assets/External/HousePack/Carpet_Round.uexp" 4747
"C:/Users/Amir sanni/Desktop/Biplo/Roomba-Biplo-Studio/Content/Assets/Apartment/Textures/ToyCar_DefaultMaterial_BaseColorYellow.ubulk" 4748
"C:/Users/Amir sanni/Desktop/Biplo/Roomba-Biplo-Studio/Content/Assets/Apartment/Textures/ToyCar_DefaultMaterial_BaseColorYellow.uasset" 4749
"C:/Users/Amir sanni/Desktop/Biplo/Roomba-Biplo-Studio/Content/Assets/Apartment/Textures/ToyCar_DefaultMaterial_BaseColorYellow.uexp" 4750
"C:/Users/Amir sanni/Desktop/Biplo/Roomba-Biplo-Studio/Content/Assets/Apartment/Textures/M_YellowToyCar.uasset" 4751
"C:/Users/Amir sanni/Desktop/Biplo/Roomba-Biplo-Studio/Content/Assets/Apartment/Textures/M_YellowToyCar.uexp" 4752
"C:/Users/Amir sanni/Desktop/Biplo/Roomba-Biplo-Studio/Content/Assets/External/HousePack/Bathroom_Mirror2_Bathroom_Mirror2.ubulk" 4753
"C:/Users/Amir sanni/Desktop/Biplo/Roomba-Biplo-Studio/Content/Assets/External/HousePack/Bathroom_Mirror2_Bathroom_Mirror2.uasset" 4754
"C:/Users/Amir sanni/Desktop/Biplo/Roomba-Biplo-Studio/Content/Assets/External/HousePack/Bathroom_Mirror2_Bathroom_Mirror2.uexp" 4755
"C:/Users/Amir sanni/Desktop/Biplo/Roomba-Biplo-Studio/Content/Assets/Apartment/header.uasset" 4756
"C:/Users/Amir sanni/Desktop/Biplo/Roomba-Biplo-Studio/Content/Assets/Apartment/header.uexp" 4757
"C:/Users/Amir sanni/Desktop/Biplo/Roomba-Biplo-Studio/Content/Assets/Apartment/M_SCRETAHAHHAH.uasset" 4758
"C:/Users/Amir sanni/Desktop/Biplo/Roomba-Biplo-Studio/Content/Assets/Apartment/M_SCRETAHAHHAH.uexp" 4759
"C:/Users/Amir sanni/Desktop/Biplo/Roomba-Biplo-Studio/Content/Assets/External/HousePack/Bookshelf_Bookshelf.ubulk" 4760
"C:/Users/Amir sanni/Desktop/Biplo/Roomba-Biplo-Studio/Content/Assets/External/HousePack/Bookshelf_Bookshelf.uasset" 4761
"C:/Users/Amir sanni/Desktop/Biplo/Roomba-Biplo-Studio/Content/Assets/External/HousePack/Bookshelf_Bookshelf.uexp" 4762
"C:/Users/Amir sanni/Desktop/Biplo/Roomba-Biplo-Studio/Content/Assets/Apartment/Textures/M_RugWithHole.uasset" 4763
"C:/Users/Amir sanni/Desktop/Biplo/Roomba-Biplo-Studio/Content/Assets/Apartment/Textures/M_RugWithHole.uexp" 4764
"C:/Users/Amir sanni/Desktop/Biplo/Roomba-Biplo-Studio/Content/Assets/External/HousePack/Bed_Single.ubulk" 4765
"C:/Users/Amir sanni/Desktop/Biplo/Roomba-Biplo-Studio/Content/Assets/External/HousePack/Bed_Single.uasset" 4766
"C:/Users/Amir sanni/Desktop/Biplo/Roomba-Biplo-Studio/Content/Assets/External/HousePack/Bed_Single.uexp" 4767
"C:/Users/Amir sanni/Desktop/Biplo/Roomba-Biplo-Studio/Content/Assets/External/HousePack/Drawer_1_Drawer_1.ubulk" 4768
"C:/Users/Amir sanni/Desktop/Biplo/Roomba-Biplo-Studio/Content/Assets/External/HousePack/Drawer_1_Drawer_1.uasset" 4769
"C:/Users/Amir sanni/Desktop/Biplo/Roomba-Biplo-Studio/Content/Assets/External/HousePack/Drawer_1_Drawer_1.uexp" 4770
"C:/Users/Amir sanni/Desktop/Biplo/Roomba-Biplo-Studio/Content/Assets/External/HousePack/Door_3.ubulk" 4771
"C:/Users/Amir sanni/Desktop/Biplo/Roomba-Biplo-Studio/Content/Assets/External/HousePack/Door_3.uasset" 4772
"C:/Users/Amir sanni/Desktop/Biplo/Roomba-Biplo-Studio/Content/Assets/External/HousePack/Door_3.uexp" 4773
"C:/Users/Amir sanni/Desktop/Biplo/Roomba-Biplo-Studio/Content/Assets/External/HousePack/Door_4.ubulk" 4774
"C:/Users/Amir sanni/Desktop/Biplo/Roomba-Biplo-Studio/Content/Assets/External/HousePack/Door_4.uasset" 4775
"C:/Users/Amir sanni/Desktop/Biplo/Roomba-Biplo-Studio/Content/Assets/External/HousePack/Door_4.uexp" 4776
"C:/Users/Amir sanni/Desktop/Biplo/Roomba-Biplo-Studio/Content/Assets/Apartment/Textures/Ramp_Wood_Normal.ubulk" 4777
"C:/Users/Amir sanni/Desktop/Biplo/Roomba-Biplo-Studio/Content/Assets/Apartment/Textures/Ramp_Wood_Normal.uasset" 4778
"C:/Users/Amir sanni/Desktop/Biplo/Roomba-Biplo-Studio/Content/Assets/Apartment/Textures/Ramp_Wood_Normal.uexp" 4779
"C:/Users/Amir sanni/Desktop/Biplo/Roomba-Biplo-Studio/Content/Assets/Apartment/Textures/Ramp_Wood_OcclusionRoughnessMetallic.ubulk" 4780
"C:/Users/Amir sanni/Desktop/Biplo/Roomba-Biplo-Studio/Content/Assets/Apartment/Textures/Ramp_Wood_OcclusionRoughnessMetallic.uasset" 4781
"C:/Users/Amir sanni/Desktop/Biplo/Roomba-Biplo-Studio/Content/Assets/Apartment/Textures/Ramp_Wood_OcclusionRoughnessMetallic.uexp" 4782
"C:/Users/Amir sanni/Desktop/Biplo/Roomba-Biplo-Studio/Content/Assets/Apartment/Textures/Ramp_Wood_BaseColor.ubulk" 4783
"C:/Users/Amir sanni/Desktop/Biplo/Roomba-Biplo-Studio/Content/Assets/Apartment/Textures/Ramp_Wood_BaseColor.uasset" 4784
"C:/Users/Amir sanni/Desktop/Biplo/Roomba-Biplo-Studio/Content/Assets/Apartment/Textures/Ramp_Wood_BaseColor.uexp" 4785
"C:/Users/Amir sanni/Desktop/Biplo/Roomba-Biplo-Studio/Content/Assets/Apartment/Textures/M_RampWood.uasset" 4786
"C:/Users/Amir sanni/Desktop/Biplo/Roomba-Biplo-Studio/Content/Assets/Apartment/Textures/M_RampWood.uexp" 4787
"C:/Users/Amir sanni/Desktop/Biplo/Roomba-Biplo-Studio/Content/Assets/Apartment/Textures/Ramp_Road_BaseColor.ubulk" 4788
"C:/Users/Amir sanni/Desktop/Biplo/Roomba-Biplo-Studio/Content/Assets/Apartment/Textures/Ramp_Road_BaseColor.uasset" 4789
"C:/Users/Amir sanni/Desktop/Biplo/Roomba-Biplo-Studio/Content/Assets/Apartment/Textures/Ramp_Road_BaseColor.uexp" 4790
"C:/Users/Amir sanni/Desktop/Biplo/Roomba-Biplo-Studio/Content/Assets/Apartment/Textures/Ramp_Road_Normal.ubulk" 4791
"C:/Users/Amir sanni/Desktop/Biplo/Roomba-Biplo-Studio/Content/Assets/Apartment/Textures/Ramp_Road_Normal.uasset" 4792
"C:/Users/Amir sanni/Desktop/Biplo/Roomba-Biplo-Studio/Content/Assets/Apartment/Textures/Ramp_Road_Normal.uexp" 4793
"C:/Users/Amir sanni/Desktop/Biplo/Roomba-Biplo-Studio/Content/Assets/Apartment/Textures/Ramp_Road_OcclusionRoughnessMetallic.ubulk" 4794
"C:/Users/Amir sanni/Desktop/Biplo/Roomba-Biplo-Studio/Content/Assets/Apartment/Textures/Ramp_Road_OcclusionRoughnessMetallic.uasset" 4795
"C:/Users/Amir sanni/Desktop/Biplo/Roomba-Biplo-Studio/Content/Assets/Apartment/Textures/Ramp_Road_OcclusionRoughnessMetallic.uexp" 4796
"C:/Users/Amir sanni/Desktop/Biplo/Roomba-Biplo-Studio/Content/Assets/Apartment/Textures/M_RampRoad.uasset" 4797
"C:/Users/Amir sanni/Desktop/Biplo/Roomba-Biplo-Studio/Content/Assets/Apartment/Textures/M_RampRoad.uexp" 4798
"C:/Users/Amir sanni/Desktop/Biplo/Roomba-Biplo-Studio/Content/Assets/Apartment/Furniture/Ramp.ubulk" 4799
"C:/Users/Amir sanni/Desktop/Biplo/Roomba-Biplo-Studio/Content/Assets/Apartment/Furniture/Ramp.uasset" 4800
"C:/Users/Amir sanni/Desktop/Biplo/Roomba-Biplo-Studio/Content/Assets/Apartment/Furniture/Ramp.uexp" 4801
"C:/Users/Amir sanni/Desktop/Biplo/Roomba-Biplo-Studio/Content/Assets/External/HousePack/Shelf_Small1_Shelf_Small1.ubulk" 4802
"C:/Users/Amir sanni/Desktop/Biplo/Roomba-Biplo-Studio/Content/Assets/External/HousePack/Shelf_Small1_Shelf_Small1.uasset" 4803
"C:/Users/Amir sanni/Desktop/Biplo/Roomba-Biplo-Studio/Content/Assets/External/HousePack/Shelf_Small1_Shelf_Small1.uexp" 4804
"C:/Users/Amir sanni/Desktop/Biplo/Roomba-Biplo-Studio/Content/Assets/Apartment/Textures/M_Rope.uasset" 4805
"C:/Users/Amir sanni/Desktop/Biplo/Roomba-Biplo-Studio/Content/Assets/Apartment/Textures/M_Rope.uexp" 4806
"C:/Users/Amir sanni/Desktop/Biplo/Roomba-Biplo-Studio/Content/Assets/Apartment/Furniture/PictureFrame1.ubulk" 4807
"C:/Users/Amir sanni/Desktop/Biplo/Roomba-Biplo-Studio/Content/Assets/Apartment/Furniture/PictureFrame1.uasset" 4808
"C:/Users/Amir sanni/Desktop/Biplo/Roomba-Biplo-Studio/Content/Assets/Apartment/Furniture/PictureFrame1.uexp" 4809
"C:/Users/Amir sanni/Desktop/Biplo/Roomba-Biplo-Studio/Content/Assets/Apartment/MF_Grunge.uasset" 4810
"C:/Users/Amir sanni/Desktop/Biplo/Roomba-Biplo-Studio/Content/Assets/Apartment/MF_Grunge.uexp" 4811
"C:/Users/Amir sanni/Desktop/Biplo/Roomba-Biplo-Studio/Content/Assets/Apartment/MF_BaseWall1.uasset" 4812
"C:/Users/Amir sanni/Desktop/Biplo/Roomba-Biplo-Studio/Content/Assets/Apartment/MF_BaseWall1.uexp" 4813
"C:/Users/Amir sanni/Desktop/Biplo/Roomba-Biplo-Studio/Content/Assets/Apartment/MF_Grunge1.uasset" 4814
"C:/Users/Amir sanni/Desktop/Biplo/Roomba-Biplo-Studio/Content/Assets/Apartment/MF_Grunge1.uexp" 4815
"C:/Users/Amir sanni/Desktop/Biplo/Roomba-Biplo-Studio/Content/Assets/Apartment/M_TestWallMat.uasset" 4816
"C:/Users/Amir sanni/Desktop/Biplo/Roomba-Biplo-Studio/Content/Assets/Apartment/M_TestWallMat.uexp" 4817
"C:/Users/Amir sanni/Desktop/Biplo/Roomba-Biplo-Studio/Content/Assets/Apartment/Textures/Bottle_Bottle_BaseColor.ubulk" 4818
"C:/Users/Amir sanni/Desktop/Biplo/Roomba-Biplo-Studio/Content/Assets/Apartment/Textures/Bottle_Bottle_BaseColor.uasset" 4819
"C:/Users/Amir sanni/Desktop/Biplo/Roomba-Biplo-Studio/Content/Assets/Apartment/Textures/Bottle_Bottle_BaseColor.uexp" 4820
"C:/Users/Amir sanni/Desktop/Biplo/Roomba-Biplo-Studio/Content/Assets/Apartment/Furniture/M_BottleBase.uasset" 4821
"C:/Users/Amir sanni/Desktop/Biplo/Roomba-Biplo-Studio/Content/Assets/Apartment/Furniture/M_BottleBase.uexp" 4822
"C:/Users/Amir sanni/Desktop/Biplo/Roomba-Biplo-Studio/Content/Assets/Apartment/Textures/Bottle_Cap_BaseColor.ubulk" 4823
"C:/Users/Amir sanni/Desktop/Biplo/Roomba-Biplo-Studio/Content/Assets/Apartment/Textures/Bottle_Cap_BaseColor.uasset" 4824
"C:/Users/Amir sanni/Desktop/Biplo/Roomba-Biplo-Studio/Content/Assets/Apartment/Textures/Bottle_Cap_BaseColor.uexp" 4825
"C:/Users/Amir sanni/Desktop/Biplo/Roomba-Biplo-Studio/Content/Assets/Apartment/Furniture/M_BottleCap.uasset" 4826
"C:/Users/Amir sanni/Desktop/Biplo/Roomba-Biplo-Studio/Content/Assets/Apartment/Furniture/M_BottleCap.uexp" 4827
"C:/Users/Amir sanni/Desktop/Biplo/Roomba-Biplo-Studio/Content/Assets/Apartment/Furniture/Bottle.ubulk" 4828
"C:/Users/Amir sanni/Desktop/Biplo/Roomba-Biplo-Studio/Content/Assets/Apartment/Furniture/Bottle.uasset" 4829
"C:/Users/Amir sanni/Desktop/Biplo/Roomba-Biplo-Studio/Content/Assets/Apartment/Furniture/Bottle.uexp" 4830
"C:/Users/Amir sanni/Desktop/Biplo/Roomba-Biplo-Studio/Content/Assets/External/HousePack/Table_RoundSmall_Table_RoundSmall.ubulk" 4831
"C:/Users/Amir sanni/Desktop/Biplo/Roomba-Biplo-Studio/Content/Assets/External/HousePack/Table_RoundSmall_Table_RoundSmall.uasset" 4832
"C:/Users/Amir sanni/Desktop/Biplo/Roomba-Biplo-Studio/Content/Assets/External/HousePack/Table_RoundSmall_Table_RoundSmall.uexp" 4833
"C:/Users/Amir sanni/Desktop/Biplo/Roomba-Biplo-Studio/Content/Assets/External/HousePack/Drawer_4_Drawer_4.ubulk" 4834
"C:/Users/Amir sanni/Desktop/Biplo/Roomba-Biplo-Studio/Content/Assets/External/HousePack/Drawer_4_Drawer_4.uasset" 4835
"C:/Users/Amir sanni/Desktop/Biplo/Roomba-Biplo-Studio/Content/Assets/External/HousePack/Drawer_4_Drawer_4.uexp" 4836
"C:/Users/Amir sanni/Desktop/Biplo/Roomba-Biplo-Studio/Content/Assets/External/HousePack/Trashcan_Small1_Trashcan_Small1.ubulk" 4837
"C:/Users/Amir sanni/Desktop/Biplo/Roomba-Biplo-Studio/Content/Assets/External/HousePack/Trashcan_Small1_Trashcan_Small1.uasset" 4838
"C:/Users/Amir sanni/Desktop/Biplo/Roomba-Biplo-Studio/Content/Assets/External/HousePack/Trashcan_Small1_Trashcan_Small1.uexp" 4839
"C:/Users/Amir sanni/Desktop/Biplo/Roomba-Biplo-Studio/Content/Assets/External/HousePack/Shelf_Large_Shelf_Large.ubulk" 4840
"C:/Users/Amir sanni/Desktop/Biplo/Roomba-Biplo-Studio/Content/Assets/External/HousePack/Shelf_Large_Shelf_Large.uasset" 4841
"C:/Users/Amir sanni/Desktop/Biplo/Roomba-Biplo-Studio/Content/Assets/External/HousePack/Shelf_Large_Shelf_Large.uexp" 4842
"C:/Users/Amir sanni/Desktop/Biplo/Roomba-Biplo-Studio/Content/Assets/Apartment/Textures/Calender.uasset" 4843
"C:/Users/Amir sanni/Desktop/Biplo/Roomba-Biplo-Studio/Content/Assets/Apartment/Textures/Calender.uexp" 4844
"C:/Users/Amir sanni/Desktop/Biplo/Roomba-Biplo-Studio/Content/Assets/Apartment/D_Calender.uasset" 4845
"C:/Users/Amir sanni/Desktop/Biplo/Roomba-Biplo-Studio/Content/Assets/Apartment/D_Calender.uexp" 4846
"C:/Users/Amir sanni/Desktop/Biplo/Roomba-Biplo-Studio/Content/Assets/Apartment/Textures/M_LongRug.uasset" 4847
"C:/Users/Amir sanni/Desktop/Biplo/Roomba-Biplo-Studio/Content/Assets/Apartment/Textures/M_LongRug.uexp" 4848
"C:/Users/Amir sanni/Desktop/Biplo/Roomba-Biplo-Studio/Content/Assets/Apartment/Furniture/DAPC.ubulk" 4849
"C:/Users/Amir sanni/Desktop/Biplo/Roomba-Biplo-Studio/Content/Assets/Apartment/Furniture/DAPC.uasset" 4850
"C:/Users/Amir sanni/Desktop/Biplo/Roomba-Biplo-Studio/Content/Assets/Apartment/Furniture/DAPC.uexp" 4851
"C:/Users/Amir sanni/Desktop/Biplo/Roomba-Biplo-Studio/Content/Assets/External/HousePack/Light_Floor2_Light_Floor2.ubulk" 4852
"C:/Users/Amir sanni/Desktop/Biplo/Roomba-Biplo-Studio/Content/Assets/External/HousePack/Light_Floor2_Light_Floor2.uasset" 4853
"C:/Users/Amir sanni/Desktop/Biplo/Roomba-Biplo-Studio/Content/Assets/External/HousePack/Light_Floor2_Light_Floor2.uexp" 4854
"C:/Users/Amir sanni/Desktop/Biplo/Roomba-Biplo-Studio/Content/Assets/Apartment/Textures/PearIsTalking.uasset" 4855
"C:/Users/Amir sanni/Desktop/Biplo/Roomba-Biplo-Studio/Content/Assets/Apartment/Textures/PearIsTalking.uexp" 4856
"C:/Users/Amir sanni/Desktop/Biplo/Roomba-Biplo-Studio/Content/Assets/Apartment/D_Poster1.uasset" 4857
"C:/Users/Amir sanni/Desktop/Biplo/Roomba-Biplo-Studio/Content/Assets/Apartment/D_Poster1.uexp" 4858
"C:/Users/Amir sanni/Desktop/Biplo/Roomba-Biplo-Studio/Content/Assets/External/HousePack/Bathroom_ToiletPaperPile_Bathroom_ToiletPaperPile.ubulk" 4859
"C:/Users/Amir sanni/Desktop/Biplo/Roomba-Biplo-Studio/Content/Assets/External/HousePack/Bathroom_ToiletPaperPile_Bathroom_ToiletPaperPile.uasset" 4860
"C:/Users/Amir sanni/Desktop/Biplo/Roomba-Biplo-Studio/Content/Assets/External/HousePack/Bathroom_ToiletPaperPile_Bathroom_ToiletPaperPile.uexp" 4861
"C:/Users/Amir sanni/Desktop/Biplo/Roomba-Biplo-Studio/Content/Audio/Raw_Audio/LevelSounds/CurtainRaiseFull.ubulk" 4862
"C:/Users/Amir sanni/Desktop/Biplo/Roomba-Biplo-Studio/Content/Audio/Raw_Audio/LevelSounds/CurtainRaiseFull.uasset" 4863
"C:/Users/Amir sanni/Desktop/Biplo/Roomba-Biplo-Studio/Content/Audio/Raw_Audio/LevelSounds/CurtainRaiseFull.uexp" 4864
"C:/Users/Amir sanni/Desktop/Biplo/Roomba-Biplo-Studio/Content/LevelDesign/DavidsCooking/S_GateFallingOff.uasset" 4865
"C:/Users/Amir sanni/Desktop/Biplo/Roomba-Biplo-Studio/Content/LevelDesign/DavidsCooking/S_GateFallingOff.uexp" 4866
"C:/Users/Amir sanni/Desktop/Biplo/Roomba-Biplo-Studio/Content/LevelDesign/Section1Apartment_BuiltData.ubulk" 4867
"C:/Users/Amir sanni/Desktop/Biplo/Roomba-Biplo-Studio/Content/LevelDesign/Section1Apartment_BuiltData.uasset" 4868
"C:/Users/Amir sanni/Desktop/Biplo/Roomba-Biplo-Studio/Content/LevelDesign/Section1Apartment_BuiltData.uexp" 4869
"C:/Users/Amir sanni/Desktop/Biplo/Roomba-Biplo-Studio/Content/LevelDesign/Section1Apartment.uexp" 4870
"C:/Users/Amir sanni/Desktop/Biplo/Roomba-Biplo-Studio/Content/LevelDesign/Section1Apartment.umap" 4871
"C:/Users/Amir sanni/Desktop/Biplo/Roomba-Biplo-Studio/Content/StarterContent/Textures/T_Brick_Clay_New_D.ubulk" 4872
"C:/Users/Amir sanni/Desktop/Biplo/Roomba-Biplo-Studio/Content/StarterContent/Textures/T_Brick_Clay_New_D.uasset" 4873
"C:/Users/Amir sanni/Desktop/Biplo/Roomba-Biplo-Studio/Content/StarterContent/Textures/T_Brick_Clay_New_D.uexp" 4874
"C:/Users/Amir sanni/Desktop/Biplo/Roomba-Biplo-Studio/Content/StarterContent/Textures/T_Brick_Clay_New_M.uasset" 4875
"C:/Users/Amir sanni/Desktop/Biplo/Roomba-Biplo-Studio/Content/StarterContent/Textures/T_Brick_Clay_New_M.uexp" 4876
"C:/Users/Amir sanni/Desktop/Biplo/Roomba-Biplo-Studio/Content/StarterContent/Textures/T_Brick_Clay_New_N.uasset" 4877
"C:/Users/Amir sanni/Desktop/Biplo/Roomba-Biplo-Studio/Content/StarterContent/Textures/T_Brick_Clay_New_N.uexp" 4878
"C:/Users/Amir sanni/Desktop/Biplo/Roomba-Biplo-Studio/Content/StarterContent/Materials/M_Brick_Clay_New.uasset" 4879
"C:/Users/Amir sanni/Desktop/Biplo/Roomba-Biplo-Studio/Content/StarterContent/Materials/M_Brick_Clay_New.uexp" 4880
"C:/Users/Amir sanni/Desktop/Biplo/Roomba-Biplo-Studio/Content/LevelDesign/RandomSideThing.uexp" 4881
"C:/Users/Amir sanni/Desktop/Biplo/Roomba-Biplo-Studio/Content/LevelDesign/RandomSideThing.umap" 4882
"C:/Users/Amir sanni/Desktop/Biplo/Roomba-Biplo-Studio/Content/Menu/End_card.uasset" 4883
"C:/Users/Amir sanni/Desktop/Biplo/Roomba-Biplo-Studio/Content/Menu/End_card.uexp" 4884
"C:/Users/Amir sanni/Desktop/Biplo/Roomba-Biplo-Studio/Content/Menu/Credits_BP.uasset" 4885
"C:/Users/Amir sanni/Desktop/Biplo/Roomba-Biplo-Studio/Content/Menu/Credits_BP.uexp" 4886
"C:/Users/Amir sanni/Desktop/Biplo/Roomba-Biplo-Studio/Content/LevelDesign/End.uexp" 4887
"C:/Users/Amir sanni/Desktop/Biplo/Roomba-Biplo-Studio/Content/LevelDesign/End.umap" 4888
"C:/Users/Amir sanni/Desktop/Biplo/Roomba-Biplo-Studio/Content/ThirdPerson/Maps/ThirdPersonMap1.uexp" 4889
"C:/Users/Amir sanni/Desktop/Biplo/Roomba-Biplo-Studio/Content/ThirdPerson/Maps/ThirdPersonMap1.umap" 4890
"C:/Users/Amir sanni/Desktop/Biplo/Roomba-Biplo-Studio/Content/BiploLoading.uasset" 4891
"C:/Users/Amir sanni/Desktop/Biplo/Roomba-Biplo-Studio/Content/BiploLoading.uexp" 4892
"C:/Users/Amir sanni/Desktop/Biplo/Roomba-Biplo-Studio/Content/Menu/LoadingScreen.uasset" 4893
"C:/Users/Amir sanni/Desktop/Biplo/Roomba-Biplo-Studio/Content/Menu/LoadingScreen.uexp" 4894
"C:/Users/Amir sanni/Desktop/Biplo/Roomba-Biplo-Studio/Content/ThirdPerson/Blueprints/BP_GameMode.uasset" 4895
"C:/Users/Amir sanni/Desktop/Biplo/Roomba-Biplo-Studio/Content/ThirdPerson/Blueprints/BP_GameMode.uexp" 4896
"C:/Users/Amir sanni/Desktop/Biplo/Roomba-Biplo-Studio/Content/ThirdPerson/Maps/ThirdPersonMap.uexp" 4897
"C:/Users/Amir sanni/Desktop/Biplo/Roomba-Biplo-Studio/Content/ThirdPerson/Maps/ThirdPersonMap.umap" 4898
"C:/Users/Amir sanni/Desktop/Biplo/Roomba-Biplo-Studio/Content/StarterContent/Textures/T_Lamp_N.ubulk" 4899
"C:/Users/Amir sanni/Desktop/Biplo/Roomba-Biplo-Studio/Content/StarterContent/Textures/T_Lamp_N.uasset" 4900
"C:/Users/Amir sanni/Desktop/Biplo/Roomba-Biplo-Studio/Content/StarterContent/Textures/T_Lamp_N.uexp" 4901
"C:/Users/Amir sanni/Desktop/Biplo/Roomba-Biplo-Studio/Content/StarterContent/Textures/T_Lamp_M.ubulk" 4902
"C:/Users/Amir sanni/Desktop/Biplo/Roomba-Biplo-Studio/Content/StarterContent/Textures/T_Lamp_M.uasset" 4903
"C:/Users/Amir sanni/Desktop/Biplo/Roomba-Biplo-Studio/Content/StarterContent/Textures/T_Lamp_M.uexp" 4904
"C:/Users/Amir sanni/Desktop/Biplo/Roomba-Biplo-Studio/Content/StarterContent/Props/Materials/M_Lamp.uasset" 4905
"C:/Users/Amir sanni/Desktop/Biplo/Roomba-Biplo-Studio/Content/StarterContent/Props/Materials/M_Lamp.uexp" 4906
"C:/Users/Amir sanni/Desktop/Biplo/Roomba-Biplo-Studio/Content/StarterContent/Props/SM_Lamp_Ceiling.ubulk" 4907
"C:/Users/Amir sanni/Desktop/Biplo/Roomba-Biplo-Studio/Content/StarterContent/Props/SM_Lamp_Ceiling.uasset" 4908
"C:/Users/Amir sanni/Desktop/Biplo/Roomba-Biplo-Studio/Content/StarterContent/Props/SM_Lamp_Ceiling.uexp" 4909
"C:/Users/Amir sanni/Desktop/Biplo/Roomba-Biplo-Studio/Content/StarterContent/Blueprints/Blueprint_CeilingLight.uasset" 4910
"C:/Users/Amir sanni/Desktop/Biplo/Roomba-Biplo-Studio/Content/StarterContent/Blueprints/Blueprint_CeilingLight.uexp" 4911
"../../../Engine/Content/Functions/Engine_MaterialFunctions03/Procedurals/ComputeFilterWidth.uasset" 4912
"../../../Engine/Content/Functions/Engine_MaterialFunctions03/Procedurals/ComputeFilterWidth.uexp" 4913
"../../../Engine/Content/EngineMaterials/AntiAliasedTextMaterialTranslucent.uasset" 4914
"../../../Engine/Content/EngineMaterials/AntiAliasedTextMaterialTranslucent.uexp" 4915
"C:/Users/Amir sanni/Desktop/Biplo/Roomba-Biplo-Studio/Content/StarterContent/Architecture/Wall_Door_400x300.ubulk" 4916
"C:/Users/Amir sanni/Desktop/Biplo/Roomba-Biplo-Studio/Content/StarterContent/Architecture/Wall_Door_400x300.uasset" 4917
"C:/Users/Amir sanni/Desktop/Biplo/Roomba-Biplo-Studio/Content/StarterContent/Architecture/Wall_Door_400x300.uexp" 4918
"C:/Users/Amir sanni/Desktop/Biplo/Roomba-Biplo-Studio/Content/StarterContent/Textures/T_Rock_Smooth_Granite_D.ubulk" 4919
"C:/Users/Amir sanni/Desktop/Biplo/Roomba-Biplo-Studio/Content/StarterContent/Textures/T_Rock_Smooth_Granite_D.uasset" 4920
"C:/Users/Amir sanni/Desktop/Biplo/Roomba-Biplo-Studio/Content/StarterContent/Textures/T_Rock_Smooth_Granite_D.uexp" 4921
"C:/Users/Amir sanni/Desktop/Biplo/Roomba-Biplo-Studio/Content/StarterContent/Textures/T_CobbleStone_Smooth_D.ubulk" 4922
"C:/Users/Amir sanni/Desktop/Biplo/Roomba-Biplo-Studio/Content/StarterContent/Textures/T_CobbleStone_Smooth_D.uasset" 4923
"C:/Users/Amir sanni/Desktop/Biplo/Roomba-Biplo-Studio/Content/StarterContent/Textures/T_CobbleStone_Smooth_D.uexp" 4924
"C:/Users/Amir sanni/Desktop/Biplo/Roomba-Biplo-Studio/Content/StarterContent/Textures/T_Gradinet_01.ubulk" 4925
"C:/Users/Amir sanni/Desktop/Biplo/Roomba-Biplo-Studio/Content/StarterContent/Textures/T_Gradinet_01.uasset" 4926
"C:/Users/Amir sanni/Desktop/Biplo/Roomba-Biplo-Studio/Content/StarterContent/Textures/T_Gradinet_01.uexp" 4927
"C:/Users/Amir sanni/Desktop/Biplo/Roomba-Biplo-Studio/Content/StarterContent/Textures/T_CobbleStone_Smooth_M.ubulk" 4928
"C:/Users/Amir sanni/Desktop/Biplo/Roomba-Biplo-Studio/Content/StarterContent/Textures/T_CobbleStone_Smooth_M.uasset" 4929
"C:/Users/Amir sanni/Desktop/Biplo/Roomba-Biplo-Studio/Content/StarterContent/Textures/T_CobbleStone_Smooth_M.uexp" 4930
"C:/Users/Amir sanni/Desktop/Biplo/Roomba-Biplo-Studio/Content/StarterContent/Textures/T_CobbleStone_Smooth_N.ubulk" 4931
"C:/Users/Amir sanni/Desktop/Biplo/Roomba-Biplo-Studio/Content/StarterContent/Textures/T_CobbleStone_Smooth_N.uasset" 4932
"C:/Users/Amir sanni/Desktop/Biplo/Roomba-Biplo-Studio/Content/StarterContent/Textures/T_CobbleStone_Smooth_N.uexp" 4933
"C:/Users/Amir sanni/Desktop/Biplo/Roomba-Biplo-Studio/Content/StarterContent/Materials/M_CobbleStone_Smooth.uasset" 4934
"C:/Users/Amir sanni/Desktop/Biplo/Roomba-Biplo-Studio/Content/StarterContent/Materials/M_CobbleStone_Smooth.uexp" 4935
"C:/Users/Amir sanni/Desktop/Biplo/Roomba-Biplo-Studio/Content/StarterContent/Textures/T_Rock_Basalt_N.ubulk" 4936
"C:/Users/Amir sanni/Desktop/Biplo/Roomba-Biplo-Studio/Content/StarterContent/Textures/T_Rock_Basalt_N.uasset" 4937
"C:/Users/Amir sanni/Desktop/Biplo/Roomba-Biplo-Studio/Content/StarterContent/Textures/T_Rock_Basalt_N.uexp" 4938
"C:/Users/Amir sanni/Desktop/Biplo/Roomba-Biplo-Studio/Content/StarterContent/Materials/M_Rock_Basalt.uasset" 4939
"C:/Users/Amir sanni/Desktop/Biplo/Roomba-Biplo-Studio/Content/StarterContent/Materials/M_Rock_Basalt.uexp" 4940
"C:/Users/Amir sanni/Desktop/Biplo/Roomba-Biplo-Studio/Content/StarterContent/Props/MaterialSphere.ubulk" 4941
"C:/Users/Amir sanni/Desktop/Biplo/Roomba-Biplo-Studio/Content/StarterContent/Props/MaterialSphere.uasset" 4942
"C:/Users/Amir sanni/Desktop/Biplo/Roomba-Biplo-Studio/Content/StarterContent/Props/MaterialSphere.uexp" 4943
"C:/Users/Amir sanni/Desktop/Biplo/Roomba-Biplo-Studio/Content/StarterContent/Textures/T_Metal_Rust_N.ubulk" 4944
"C:/Users/Amir sanni/Desktop/Biplo/Roomba-Biplo-Studio/Content/StarterContent/Textures/T_Metal_Rust_N.uasset" 4945
"C:/Users/Amir sanni/Desktop/Biplo/Roomba-Biplo-Studio/Content/StarterContent/Textures/T_Metal_Rust_N.uexp" 4946
"C:/Users/Amir sanni/Desktop/Biplo/Roomba-Biplo-Studio/Content/StarterContent/Textures/T_Metal_Rust_D.ubulk" 4947
"C:/Users/Amir sanni/Desktop/Biplo/Roomba-Biplo-Studio/Content/StarterContent/Textures/T_Metal_Rust_D.uasset" 4948
"C:/Users/Amir sanni/Desktop/Biplo/Roomba-Biplo-Studio/Content/StarterContent/Textures/T_Metal_Rust_D.uexp" 4949
"C:/Users/Amir sanni/Desktop/Biplo/Roomba-Biplo-Studio/Content/StarterContent/Materials/M_Metal_Rust.uasset" 4950
"C:/Users/Amir sanni/Desktop/Biplo/Roomba-Biplo-Studio/Content/StarterContent/Materials/M_Metal_Rust.uexp" 4951
"C:/Users/Amir sanni/Desktop/Biplo/Roomba-Biplo-Studio/Content/StarterContent/Textures/T_Rock_Slate_D.ubulk" 4952
"C:/Users/Amir sanni/Desktop/Biplo/Roomba-Biplo-Studio/Content/StarterContent/Textures/T_Rock_Slate_D.uasset" 4953
"C:/Users/Amir sanni/Desktop/Biplo/Roomba-Biplo-Studio/Content/StarterContent/Textures/T_Rock_Slate_D.uexp" 4954
"C:/Users/Amir sanni/Desktop/Biplo/Roomba-Biplo-Studio/Content/StarterContent/Textures/T_Rock_Slate_N.ubulk" 4955
"C:/Users/Amir sanni/Desktop/Biplo/Roomba-Biplo-Studio/Content/StarterContent/Textures/T_Rock_Slate_N.uasset" 4956
"C:/Users/Amir sanni/Desktop/Biplo/Roomba-Biplo-Studio/Content/StarterContent/Textures/T_Rock_Slate_N.uexp" 4957
"C:/Users/Amir sanni/Desktop/Biplo/Roomba-Biplo-Studio/Content/StarterContent/Materials/M_Rock_Slate.uasset" 4958
"C:/Users/Amir sanni/Desktop/Biplo/Roomba-Biplo-Studio/Content/StarterContent/Materials/M_Rock_Slate.uexp" 4959
"C:/Users/Amir sanni/Desktop/Biplo/Roomba-Biplo-Studio/Content/StarterContent/Textures/T_Brick_Clay_Beveled_M.ubulk" 4960
"C:/Users/Amir sanni/Desktop/Biplo/Roomba-Biplo-Studio/Content/StarterContent/Textures/T_Brick_Clay_Beveled_M.uasset" 4961
"C:/Users/Amir sanni/Desktop/Biplo/Roomba-Biplo-Studio/Content/StarterContent/Textures/T_Brick_Clay_Beveled_M.uexp" 4962
"C:/Users/Amir sanni/Desktop/Biplo/Roomba-Biplo-Studio/Content/StarterContent/Textures/T_Brick_Clay_Beveled_N.ubulk" 4963
"C:/Users/Amir sanni/Desktop/Biplo/Roomba-Biplo-Studio/Content/StarterContent/Textures/T_Brick_Clay_Beveled_N.uasset" 4964
"C:/Users/Amir sanni/Desktop/Biplo/Roomba-Biplo-Studio/Content/StarterContent/Textures/T_Brick_Clay_Beveled_N.uexp" 4965
"C:/Users/Amir sanni/Desktop/Biplo/Roomba-Biplo-Studio/Content/StarterContent/Textures/T_Brick_Clay_Beveled_D.ubulk" 4966
"C:/Users/Amir sanni/Desktop/Biplo/Roomba-Biplo-Studio/Content/StarterContent/Textures/T_Brick_Clay_Beveled_D.uasset" 4967
"C:/Users/Amir sanni/Desktop/Biplo/Roomba-Biplo-Studio/Content/StarterContent/Textures/T_Brick_Clay_Beveled_D.uexp" 4968
"C:/Users/Amir sanni/Desktop/Biplo/Roomba-Biplo-Studio/Content/StarterContent/Materials/M_Brick_Clay_Beveled.uasset" 4969
"C:/Users/Amir sanni/Desktop/Biplo/Roomba-Biplo-Studio/Content/StarterContent/Materials/M_Brick_Clay_Beveled.uexp" 4970
"C:/Users/Amir sanni/Desktop/Biplo/Roomba-Biplo-Studio/Content/StarterContent/Materials/M_Tech_Hex_Tile.uasset" 4971
"C:/Users/Amir sanni/Desktop/Biplo/Roomba-Biplo-Studio/Content/StarterContent/Materials/M_Tech_Hex_Tile.uexp" 4972
"../../../Engine/Content/Functions/Engine_MaterialFunctions01/Opacity/AlphaOffset.uasset" 4973
"../../../Engine/Content/Functions/Engine_MaterialFunctions01/Opacity/AlphaOffset.uexp" 4974
"C:/Users/Amir sanni/Desktop/Biplo/Roomba-Biplo-Studio/Content/StarterContent/Materials/M_Wood_Floor_Walnut_Worn.uasset" 4975
"C:/Users/Amir sanni/Desktop/Biplo/Roomba-Biplo-Studio/Content/StarterContent/Materials/M_Wood_Floor_Walnut_Worn.uexp" 4976
"C:/Users/Amir sanni/Desktop/Biplo/Roomba-Biplo-Studio/Content/StarterContent/Textures/T_Ground_Gravel_N.ubulk" 4977
"C:/Users/Amir sanni/Desktop/Biplo/Roomba-Biplo-Studio/Content/StarterContent/Textures/T_Ground_Gravel_N.uasset" 4978
"C:/Users/Amir sanni/Desktop/Biplo/Roomba-Biplo-Studio/Content/StarterContent/Textures/T_Ground_Gravel_N.uexp" 4979
"C:/Users/Amir sanni/Desktop/Biplo/Roomba-Biplo-Studio/Content/StarterContent/Textures/T_Ground_Gravel_D.ubulk" 4980
"C:/Users/Amir sanni/Desktop/Biplo/Roomba-Biplo-Studio/Content/StarterContent/Textures/T_Ground_Gravel_D.uasset" 4981
"C:/Users/Amir sanni/Desktop/Biplo/Roomba-Biplo-Studio/Content/StarterContent/Textures/T_Ground_Gravel_D.uexp" 4982
"C:/Users/Amir sanni/Desktop/Biplo/Roomba-Biplo-Studio/Content/StarterContent/Materials/M_Ground_Gravel.uasset" 4983
"C:/Users/Amir sanni/Desktop/Biplo/Roomba-Biplo-Studio/Content/StarterContent/Materials/M_Ground_Gravel.uexp" 4984
"C:/Users/Amir sanni/Desktop/Biplo/Roomba-Biplo-Studio/Content/StarterContent/Audio/Steam01_Cue.uasset" 4985
"C:/Users/Amir sanni/Desktop/Biplo/Roomba-Biplo-Studio/Content/StarterContent/Audio/Steam01_Cue.uexp" 4986
"C:/Users/Amir sanni/Desktop/Biplo/Roomba-Biplo-Studio/Content/StarterContent/Particles/P_Steam_Lit.uasset" 4987
"C:/Users/Amir sanni/Desktop/Biplo/Roomba-Biplo-Studio/Content/StarterContent/Particles/P_Steam_Lit.uexp" 4988
"C:/Users/Amir sanni/Desktop/Biplo/Roomba-Biplo-Studio/Content/StarterContent/Blueprints/Blueprint_Effect_Steam.uasset" 4989
"C:/Users/Amir sanni/Desktop/Biplo/Roomba-Biplo-Studio/Content/StarterContent/Blueprints/Blueprint_Effect_Steam.uexp" 4990
"C:/Users/Amir sanni/Desktop/Biplo/Roomba-Biplo-Studio/Content/StarterContent/Audio/Fire_Sparks01_Cue.uasset" 4991
"C:/Users/Amir sanni/Desktop/Biplo/Roomba-Biplo-Studio/Content/StarterContent/Audio/Fire_Sparks01_Cue.uexp" 4992
"C:/Users/Amir sanni/Desktop/Biplo/Roomba-Biplo-Studio/Content/StarterContent/Blueprints/Blueprint_Effect_Sparks.uasset" 4993
"C:/Users/Amir sanni/Desktop/Biplo/Roomba-Biplo-Studio/Content/StarterContent/Blueprints/Blueprint_Effect_Sparks.uexp" 4994
"C:/Users/Amir sanni/Desktop/Biplo/Roomba-Biplo-Studio/Content/StarterContent/Textures/T_Water_N.ubulk" 4995
"C:/Users/Amir sanni/Desktop/Biplo/Roomba-Biplo-Studio/Content/StarterContent/Textures/T_Water_N.uasset" 4996
"C:/Users/Amir sanni/Desktop/Biplo/Roomba-Biplo-Studio/Content/StarterContent/Textures/T_Water_N.uexp" 4997
"C:/Users/Amir sanni/Desktop/Biplo/Roomba-Biplo-Studio/Content/StarterContent/Materials/M_Water_Lake.uasset" 4998
"C:/Users/Amir sanni/Desktop/Biplo/Roomba-Biplo-Studio/Content/StarterContent/Materials/M_Water_Lake.uexp" 4999
"C:/Users/Amir sanni/Desktop/Biplo/Roomba-Biplo-Studio/Content/StarterContent/Architecture/Wall_400x200.ubulk" 5000
"C:/Users/Amir sanni/Desktop/Biplo/Roomba-Biplo-Studio/Content/StarterContent/Architecture/Wall_400x200.uasset" 5001
"C:/Users/Amir sanni/Desktop/Biplo/Roomba-Biplo-Studio/Content/StarterContent/Architecture/Wall_400x200.uexp" 5002
"C:/Users/Amir sanni/Desktop/Biplo/Roomba-Biplo-Studio/Content/StarterContent/Textures/T_Checker_Noise_M.ubulk" 5003
"C:/Users/Amir sanni/Desktop/Biplo/Roomba-Biplo-Studio/Content/StarterContent/Textures/T_Checker_Noise_M.uasset" 5004
"C:/Users/Amir sanni/Desktop/Biplo/Roomba-Biplo-Studio/Content/StarterContent/Textures/T_Checker_Noise_M.uexp" 5005
"C:/Users/Amir sanni/Desktop/Biplo/Roomba-Biplo-Studio/Content/StarterContent/Textures/T_Tech_Dot_M.ubulk" 5006
"C:/Users/Amir sanni/Desktop/Biplo/Roomba-Biplo-Studio/Content/StarterContent/Textures/T_Tech_Dot_M.uasset" 5007
"C:/Users/Amir sanni/Desktop/Biplo/Roomba-Biplo-Studio/Content/StarterContent/Textures/T_Tech_Dot_M.uexp" 5008
"C:/Users/Amir sanni/Desktop/Biplo/Roomba-Biplo-Studio/Content/StarterContent/Textures/T_Tech_Dot_N.ubulk" 5009
"C:/Users/Amir sanni/Desktop/Biplo/Roomba-Biplo-Studio/Content/StarterContent/Textures/T_Tech_Dot_N.uasset" 5010
"C:/Users/Amir sanni/Desktop/Biplo/Roomba-Biplo-Studio/Content/StarterContent/Textures/T_Tech_Dot_N.uexp" 5011
"C:/Users/Amir sanni/Desktop/Biplo/Roomba-Biplo-Studio/Content/StarterContent/Textures/T_Single_Tile_N.ubulk" 5012
"C:/Users/Amir sanni/Desktop/Biplo/Roomba-Biplo-Studio/Content/StarterContent/Textures/T_Single_Tile_N.uasset" 5013
"C:/Users/Amir sanni/Desktop/Biplo/Roomba-Biplo-Studio/Content/StarterContent/Textures/T_Single_Tile_N.uexp" 5014
"C:/Users/Amir sanni/Desktop/Biplo/Roomba-Biplo-Studio/Content/StarterContent/Materials/M_Tech_Checker_Dot.uasset" 5015
"C:/Users/Amir sanni/Desktop/Biplo/Roomba-Biplo-Studio/Content/StarterContent/Materials/M_Tech_Checker_Dot.uexp" 5016
"C:/Users/Amir sanni/Desktop/Biplo/Roomba-Biplo-Studio/Content/StarterContent/Architecture/Floor_400x400.ubulk" 5017
"C:/Users/Amir sanni/Desktop/Biplo/Roomba-Biplo-Studio/Content/StarterContent/Architecture/Floor_400x400.uasset" 5018
"C:/Users/Amir sanni/Desktop/Biplo/Roomba-Biplo-Studio/Content/StarterContent/Architecture/Floor_400x400.uexp" 5019
"C:/Users/Amir sanni/Desktop/Biplo/Roomba-Biplo-Studio/Content/StarterContent/Props/SM_GlassWindow.ubulk" 5020
"C:/Users/Amir sanni/Desktop/Biplo/Roomba-Biplo-Studio/Content/StarterContent/Props/SM_GlassWindow.uasset" 5021
"C:/Users/Amir sanni/Desktop/Biplo/Roomba-Biplo-Studio/Content/StarterContent/Props/SM_GlassWindow.uexp" 5022
"C:/Users/Amir sanni/Desktop/Biplo/Roomba-Biplo-Studio/Content/StarterContent/Textures/T_Metal_Gold_N.ubulk" 5023
"C:/Users/Amir sanni/Desktop/Biplo/Roomba-Biplo-Studio/Content/StarterContent/Textures/T_Metal_Gold_N.uasset" 5024
"C:/Users/Amir sanni/Desktop/Biplo/Roomba-Biplo-Studio/Content/StarterContent/Textures/T_Metal_Gold_N.uexp" 5025
"C:/Users/Amir sanni/Desktop/Biplo/Roomba-Biplo-Studio/Content/StarterContent/Textures/T_Rock_Marble_Polished_D.ubulk" 5026
"C:/Users/Amir sanni/Desktop/Biplo/Roomba-Biplo-Studio/Content/StarterContent/Textures/T_Rock_Marble_Polished_D.uasset" 5027
"C:/Users/Amir sanni/Desktop/Biplo/Roomba-Biplo-Studio/Content/StarterContent/Textures/T_Rock_Marble_Polished_D.uexp" 5028
"C:/Users/Amir sanni/Desktop/Biplo/Roomba-Biplo-Studio/Content/StarterContent/Materials/M_Rock_Marble_Polished.uasset" 5029
"C:/Users/Amir sanni/Desktop/Biplo/Roomba-Biplo-Studio/Content/StarterContent/Materials/M_Rock_Marble_Polished.uexp" 5030
"C:/Users/Amir sanni/Desktop/Biplo/Roomba-Biplo-Studio/Content/StarterContent/Textures/T_Concrete_Grime_D.ubulk" 5031
"C:/Users/Amir sanni/Desktop/Biplo/Roomba-Biplo-Studio/Content/StarterContent/Textures/T_Concrete_Grime_D.uasset" 5032
"C:/Users/Amir sanni/Desktop/Biplo/Roomba-Biplo-Studio/Content/StarterContent/Textures/T_Concrete_Grime_D.uexp" 5033
"C:/Users/Amir sanni/Desktop/Biplo/Roomba-Biplo-Studio/Content/StarterContent/Materials/M_Concrete_Grime.uasset" 5034
"C:/Users/Amir sanni/Desktop/Biplo/Roomba-Biplo-Studio/Content/StarterContent/Materials/M_Concrete_Grime.uexp" 5035
"C:/Users/Amir sanni/Desktop/Biplo/Roomba-Biplo-Studio/Content/StarterContent/Textures/T_Ceramic_Tile_M.ubulk" 5036
"C:/Users/Amir sanni/Desktop/Biplo/Roomba-Biplo-Studio/Content/StarterContent/Textures/T_Ceramic_Tile_M.uasset" 5037
"C:/Users/Amir sanni/Desktop/Biplo/Roomba-Biplo-Studio/Content/StarterContent/Textures/T_Ceramic_Tile_M.uexp" 5038
"C:/Users/Amir sanni/Desktop/Biplo/Roomba-Biplo-Studio/Content/StarterContent/Textures/T_Ceramic_Tile_N.ubulk" 5039
"C:/Users/Amir sanni/Desktop/Biplo/Roomba-Biplo-Studio/Content/StarterContent/Textures/T_Ceramic_Tile_N.uasset" 5040
"C:/Users/Amir sanni/Desktop/Biplo/Roomba-Biplo-Studio/Content/StarterContent/Textures/T_Ceramic_Tile_N.uexp" 5041
"C:/Users/Amir sanni/Desktop/Biplo/Roomba-Biplo-Studio/Content/StarterContent/Materials/M_Ceramic_Tile_Checker.uasset" 5042
"C:/Users/Amir sanni/Desktop/Biplo/Roomba-Biplo-Studio/Content/StarterContent/Materials/M_Ceramic_Tile_Checker.uexp" 5043
"C:/Users/Amir sanni/Desktop/Biplo/Roomba-Biplo-Studio/Content/StarterContent/Textures/T_Wood_Walnut_N.ubulk" 5044
"C:/Users/Amir sanni/Desktop/Biplo/Roomba-Biplo-Studio/Content/StarterContent/Textures/T_Wood_Walnut_N.uasset" 5045
"C:/Users/Amir sanni/Desktop/Biplo/Roomba-Biplo-Studio/Content/StarterContent/Textures/T_Wood_Walnut_N.uexp" 5046
"C:/Users/Amir sanni/Desktop/Biplo/Roomba-Biplo-Studio/Content/StarterContent/Textures/T_Wood_Walnut_D.ubulk" 5047
"C:/Users/Amir sanni/Desktop/Biplo/Roomba-Biplo-Studio/Content/StarterContent/Textures/T_Wood_Walnut_D.uasset" 5048
"C:/Users/Amir sanni/Desktop/Biplo/Roomba-Biplo-Studio/Content/StarterContent/Textures/T_Wood_Walnut_D.uexp" 5049
"C:/Users/Amir sanni/Desktop/Biplo/Roomba-Biplo-Studio/Content/StarterContent/Materials/M_Wood_Walnut.uasset" 5050
"C:/Users/Amir sanni/Desktop/Biplo/Roomba-Biplo-Studio/Content/StarterContent/Materials/M_Wood_Walnut.uexp" 5051
"C:/Users/Amir sanni/Desktop/Biplo/Roomba-Biplo-Studio/Content/StarterContent/Audio/Collapse_Cue.uasset" 5052
"C:/Users/Amir sanni/Desktop/Biplo/Roomba-Biplo-Studio/Content/StarterContent/Audio/Collapse_Cue.uexp" 5053
"C:/Users/Amir sanni/Desktop/Biplo/Roomba-Biplo-Studio/Content/StarterContent/Textures/T_Brick_Cut_Stone_N.ubulk" 5054
"C:/Users/Amir sanni/Desktop/Biplo/Roomba-Biplo-Studio/Content/StarterContent/Textures/T_Brick_Cut_Stone_N.uasset" 5055
"C:/Users/Amir sanni/Desktop/Biplo/Roomba-Biplo-Studio/Content/StarterContent/Textures/T_Brick_Cut_Stone_N.uexp" 5056
"C:/Users/Amir sanni/Desktop/Biplo/Roomba-Biplo-Studio/Content/StarterContent/Textures/T_Brick_Cut_Stone_D.ubulk" 5057
"C:/Users/Amir sanni/Desktop/Biplo/Roomba-Biplo-Studio/Content/StarterContent/Textures/T_Brick_Cut_Stone_D.uasset" 5058
"C:/Users/Amir sanni/Desktop/Biplo/Roomba-Biplo-Studio/Content/StarterContent/Textures/T_Brick_Cut_Stone_D.uexp" 5059
"C:/Users/Amir sanni/Desktop/Biplo/Roomba-Biplo-Studio/Content/StarterContent/Materials/M_Brick_Cut_Stone.uasset" 5060
"C:/Users/Amir sanni/Desktop/Biplo/Roomba-Biplo-Studio/Content/StarterContent/Materials/M_Brick_Cut_Stone.uexp" 5061
"C:/Users/Amir sanni/Desktop/Biplo/Roomba-Biplo-Studio/Content/StarterContent/Props/SM_WindowFrame.ubulk" 5062
"C:/Users/Amir sanni/Desktop/Biplo/Roomba-Biplo-Studio/Content/StarterContent/Props/SM_WindowFrame.uasset" 5063
"C:/Users/Amir sanni/Desktop/Biplo/Roomba-Biplo-Studio/Content/StarterContent/Props/SM_WindowFrame.uexp" 5064
"C:/Users/Amir sanni/Desktop/Biplo/Roomba-Biplo-Studio/Content/StarterContent/Textures/T_Metal_Copper_D.ubulk" 5065
"C:/Users/Amir sanni/Desktop/Biplo/Roomba-Biplo-Studio/Content/StarterContent/Textures/T_Metal_Copper_D.uasset" 5066
"C:/Users/Amir sanni/Desktop/Biplo/Roomba-Biplo-Studio/Content/StarterContent/Textures/T_Metal_Copper_D.uexp" 5067
"C:/Users/Amir sanni/Desktop/Biplo/Roomba-Biplo-Studio/Content/StarterContent/Materials/M_Metal_Copper.uasset" 5068
"C:/Users/Amir sanni/Desktop/Biplo/Roomba-Biplo-Studio/Content/StarterContent/Materials/M_Metal_Copper.uexp" 5069
"C:/Users/Amir sanni/Desktop/Biplo/Roomba-Biplo-Studio/Content/StarterContent/Textures/T_Water_M.ubulk" 5070
"C:/Users/Amir sanni/Desktop/Biplo/Roomba-Biplo-Studio/Content/StarterContent/Textures/T_Water_M.uasset" 5071
"C:/Users/Amir sanni/Desktop/Biplo/Roomba-Biplo-Studio/Content/StarterContent/Textures/T_Water_M.uexp" 5072
"C:/Users/Amir sanni/Desktop/Biplo/Roomba-Biplo-Studio/Content/StarterContent/Materials/M_Water_Ocean.uasset" 5073
"C:/Users/Amir sanni/Desktop/Biplo/Roomba-Biplo-Studio/Content/StarterContent/Materials/M_Water_Ocean.uexp" 5074
"C:/Users/Amir sanni/Desktop/Biplo/Roomba-Biplo-Studio/Content/StarterContent/Textures/T_CobbleStone_Pebble_N.ubulk" 5075
"C:/Users/Amir sanni/Desktop/Biplo/Roomba-Biplo-Studio/Content/StarterContent/Textures/T_CobbleStone_Pebble_N.uasset" 5076
"C:/Users/Amir sanni/Desktop/Biplo/Roomba-Biplo-Studio/Content/StarterContent/Textures/T_CobbleStone_Pebble_N.uexp" 5077
"C:/Users/Amir sanni/Desktop/Biplo/Roomba-Biplo-Studio/Content/StarterContent/Textures/T_CobbleStone_Pebble_M.ubulk" 5078
"C:/Users/Amir sanni/Desktop/Biplo/Roomba-Biplo-Studio/Content/StarterContent/Textures/T_CobbleStone_Pebble_M.uasset" 5079
"C:/Users/Amir sanni/Desktop/Biplo/Roomba-Biplo-Studio/Content/StarterContent/Textures/T_CobbleStone_Pebble_M.uexp" 5080
"C:/Users/Amir sanni/Desktop/Biplo/Roomba-Biplo-Studio/Content/StarterContent/Textures/T_CobbleStone_Pebble_D.ubulk" 5081
"C:/Users/Amir sanni/Desktop/Biplo/Roomba-Biplo-Studio/Content/StarterContent/Textures/T_CobbleStone_Pebble_D.uasset" 5082
"C:/Users/Amir sanni/Desktop/Biplo/Roomba-Biplo-Studio/Content/StarterContent/Textures/T_CobbleStone_Pebble_D.uexp" 5083
"C:/Users/Amir sanni/Desktop/Biplo/Roomba-Biplo-Studio/Content/StarterContent/Materials/M_CobbleStone_Pebble.uasset" 5084
"C:/Users/Amir sanni/Desktop/Biplo/Roomba-Biplo-Studio/Content/StarterContent/Materials/M_CobbleStone_Pebble.uexp" 5085
"C:/Users/Amir sanni/Desktop/Biplo/Roomba-Biplo-Studio/Content/StarterContent/Textures/T_Brick_Clay_Old_N.ubulk" 5086
"C:/Users/Amir sanni/Desktop/Biplo/Roomba-Biplo-Studio/Content/StarterContent/Textures/T_Brick_Clay_Old_N.uasset" 5087
"C:/Users/Amir sanni/Desktop/Biplo/Roomba-Biplo-Studio/Content/StarterContent/Textures/T_Brick_Clay_Old_N.uexp" 5088
"C:/Users/Amir sanni/Desktop/Biplo/Roomba-Biplo-Studio/Content/StarterContent/Textures/T_Brick_Clay_Old_D.ubulk" 5089
"C:/Users/Amir sanni/Desktop/Biplo/Roomba-Biplo-Studio/Content/StarterContent/Textures/T_Brick_Clay_Old_D.uasset" 5090
"C:/Users/Amir sanni/Desktop/Biplo/Roomba-Biplo-Studio/Content/StarterContent/Textures/T_Brick_Clay_Old_D.uexp" 5091
"C:/Users/Amir sanni/Desktop/Biplo/Roomba-Biplo-Studio/Content/StarterContent/Materials/M_Brick_Clay_Old.uasset" 5092
"C:/Users/Amir sanni/Desktop/Biplo/Roomba-Biplo-Studio/Content/StarterContent/Materials/M_Brick_Clay_Old.uexp" 5093
"C:/Users/Amir sanni/Desktop/Biplo/Roomba-Biplo-Studio/Content/StarterContent/Textures/T_Metal_Steel_D.ubulk" 5094
"C:/Users/Amir sanni/Desktop/Biplo/Roomba-Biplo-Studio/Content/StarterContent/Textures/T_Metal_Steel_D.uasset" 5095
"C:/Users/Amir sanni/Desktop/Biplo/Roomba-Biplo-Studio/Content/StarterContent/Textures/T_Metal_Steel_D.uexp" 5096
"C:/Users/Amir sanni/Desktop/Biplo/Roomba-Biplo-Studio/Content/StarterContent/Textures/T_Metal_Steel_N.ubulk" 5097
"C:/Users/Amir sanni/Desktop/Biplo/Roomba-Biplo-Studio/Content/StarterContent/Textures/T_Metal_Steel_N.uasset" 5098
"C:/Users/Amir sanni/Desktop/Biplo/Roomba-Biplo-Studio/Content/StarterContent/Textures/T_Metal_Steel_N.uexp" 5099
"C:/Users/Amir sanni/Desktop/Biplo/Roomba-Biplo-Studio/Content/StarterContent/Materials/M_Metal_Steel.uasset" 5100
"C:/Users/Amir sanni/Desktop/Biplo/Roomba-Biplo-Studio/Content/StarterContent/Materials/M_Metal_Steel.uexp" 5101
"C:/Users/Amir sanni/Desktop/Biplo/Roomba-Biplo-Studio/Content/StarterContent/Props/SM_Lamp_Wall.ubulk" 5102
"C:/Users/Amir sanni/Desktop/Biplo/Roomba-Biplo-Studio/Content/StarterContent/Props/SM_Lamp_Wall.uasset" 5103
"C:/Users/Amir sanni/Desktop/Biplo/Roomba-Biplo-Studio/Content/StarterContent/Props/SM_Lamp_Wall.uexp" 5104
"C:/Users/Amir sanni/Desktop/Biplo/Roomba-Biplo-Studio/Content/StarterContent/Blueprints/Blueprint_WallSconce.uasset" 5105
"C:/Users/Amir sanni/Desktop/Biplo/Roomba-Biplo-Studio/Content/StarterContent/Blueprints/Blueprint_WallSconce.uexp" 5106
"C:/Users/Amir sanni/Desktop/Biplo/Roomba-Biplo-Studio/Content/StarterContent/Textures/T_Tech_Panel_N.ubulk" 5107
"C:/Users/Amir sanni/Desktop/Biplo/Roomba-Biplo-Studio/Content/StarterContent/Textures/T_Tech_Panel_N.uasset" 5108
"C:/Users/Amir sanni/Desktop/Biplo/Roomba-Biplo-Studio/Content/StarterContent/Textures/T_Tech_Panel_N.uexp" 5109
"C:/Users/Amir sanni/Desktop/Biplo/Roomba-Biplo-Studio/Content/StarterContent/Textures/T_Tech_Panel_M.ubulk" 5110
"C:/Users/Amir sanni/Desktop/Biplo/Roomba-Biplo-Studio/Content/StarterContent/Textures/T_Tech_Panel_M.uasset" 5111
"C:/Users/Amir sanni/Desktop/Biplo/Roomba-Biplo-Studio/Content/StarterContent/Textures/T_Tech_Panel_M.uexp" 5112
"C:/Users/Amir sanni/Desktop/Biplo/Roomba-Biplo-Studio/Content/StarterContent/Materials/M_Tech_Panel.uasset" 5113
"C:/Users/Amir sanni/Desktop/Biplo/Roomba-Biplo-Studio/Content/StarterContent/Materials/M_Tech_Panel.uexp" 5114
"C:/Users/Amir sanni/Desktop/Biplo/Roomba-Biplo-Studio/Content/StarterContent/Materials/M_Tech_Hex_Tile_Pulse.uasset" 5115
"C:/Users/Amir sanni/Desktop/Biplo/Roomba-Biplo-Studio/Content/StarterContent/Materials/M_Tech_Hex_Tile_Pulse.uexp" 5116
"C:/Users/Amir sanni/Desktop/Biplo/Roomba-Biplo-Studio/Content/StarterContent/Props/SM_PillarFrame.ubulk" 5117
"C:/Users/Amir sanni/Desktop/Biplo/Roomba-Biplo-Studio/Content/StarterContent/Props/SM_PillarFrame.uasset" 5118
"C:/Users/Amir sanni/Desktop/Biplo/Roomba-Biplo-Studio/Content/StarterContent/Props/SM_PillarFrame.uexp" 5119
"C:/Users/Amir sanni/Desktop/Biplo/Roomba-Biplo-Studio/Content/StarterContent/Textures/T_TableRound_N.ubulk" 5120
"C:/Users/Amir sanni/Desktop/Biplo/Roomba-Biplo-Studio/Content/StarterContent/Textures/T_TableRound_N.uasset" 5121
"C:/Users/Amir sanni/Desktop/Biplo/Roomba-Biplo-Studio/Content/StarterContent/Textures/T_TableRound_N.uexp" 5122
"C:/Users/Amir sanni/Desktop/Biplo/Roomba-Biplo-Studio/Content/StarterContent/Textures/T_TableRound_M.ubulk" 5123
"C:/Users/Amir sanni/Desktop/Biplo/Roomba-Biplo-Studio/Content/StarterContent/Textures/T_TableRound_M.uasset" 5124
"C:/Users/Amir sanni/Desktop/Biplo/Roomba-Biplo-Studio/Content/StarterContent/Textures/T_TableRound_M.uexp" 5125
"C:/Users/Amir sanni/Desktop/Biplo/Roomba-Biplo-Studio/Content/StarterContent/Props/Materials/M_TableRound.uasset" 5126
"C:/Users/Amir sanni/Desktop/Biplo/Roomba-Biplo-Studio/Content/StarterContent/Props/Materials/M_TableRound.uexp" 5127
"C:/Users/Amir sanni/Desktop/Biplo/Roomba-Biplo-Studio/Content/StarterContent/Props/SM_TableRound.ubulk" 5128
"C:/Users/Amir sanni/Desktop/Biplo/Roomba-Biplo-Studio/Content/StarterContent/Props/SM_TableRound.uasset" 5129
"C:/Users/Amir sanni/Desktop/Biplo/Roomba-Biplo-Studio/Content/StarterContent/Props/SM_TableRound.uexp" 5130
"C:/Users/Amir sanni/Desktop/Biplo/Roomba-Biplo-Studio/Content/StarterContent/Textures/T_Fire_Tiled_D.ubulk" 5131
"C:/Users/Amir sanni/Desktop/Biplo/Roomba-Biplo-Studio/Content/StarterContent/Textures/T_Fire_Tiled_D.uasset" 5132
"C:/Users/Amir sanni/Desktop/Biplo/Roomba-Biplo-Studio/Content/StarterContent/Textures/T_Fire_Tiled_D.uexp" 5133
"C:/Users/Amir sanni/Desktop/Biplo/Roomba-Biplo-Studio/Content/StarterContent/Textures/T_Fire_SubUV.ubulk" 5134
"C:/Users/Amir sanni/Desktop/Biplo/Roomba-Biplo-Studio/Content/StarterContent/Textures/T_Fire_SubUV.uasset" 5135
"C:/Users/Amir sanni/Desktop/Biplo/Roomba-Biplo-Studio/Content/StarterContent/Textures/T_Fire_SubUV.uexp" 5136
"C:/Users/Amir sanni/Desktop/Biplo/Roomba-Biplo-Studio/Content/StarterContent/Particles/Materials/M_Fire_SubUV.uasset" 5137
"C:/Users/Amir sanni/Desktop/Biplo/Roomba-Biplo-Studio/Content/StarterContent/Particles/Materials/M_Fire_SubUV.uexp" 5138
"C:/Users/Amir sanni/Desktop/Biplo/Roomba-Biplo-Studio/Content/StarterContent/Particles/Materials/M_Heat_Distortion.uasset" 5139
"C:/Users/Amir sanni/Desktop/Biplo/Roomba-Biplo-Studio/Content/StarterContent/Particles/Materials/M_Heat_Distortion.uexp" 5140
"C:/Users/Amir sanni/Desktop/Biplo/Roomba-Biplo-Studio/Content/StarterContent/Particles/P_Fire.uasset" 5141
"C:/Users/Amir sanni/Desktop/Biplo/Roomba-Biplo-Studio/Content/StarterContent/Particles/P_Fire.uexp" 5142
"C:/Users/Amir sanni/Desktop/Biplo/Roomba-Biplo-Studio/Content/StarterContent/Audio/Fire01_Cue.uasset" 5143
"C:/Users/Amir sanni/Desktop/Biplo/Roomba-Biplo-Studio/Content/StarterContent/Audio/Fire01_Cue.uexp" 5144
"C:/Users/Amir sanni/Desktop/Biplo/Roomba-Biplo-Studio/Content/StarterContent/Blueprints/Blueprint_Effect_Fire.uasset" 5145
"C:/Users/Amir sanni/Desktop/Biplo/Roomba-Biplo-Studio/Content/StarterContent/Blueprints/Blueprint_Effect_Fire.uexp" 5146
"C:/Users/Amir sanni/Desktop/Biplo/Roomba-Biplo-Studio/Content/StarterContent/Architecture/Wall_Window_400x300.ubulk" 5147
"C:/Users/Amir sanni/Desktop/Biplo/Roomba-Biplo-Studio/Content/StarterContent/Architecture/Wall_Window_400x300.uasset" 5148
"C:/Users/Amir sanni/Desktop/Biplo/Roomba-Biplo-Studio/Content/StarterContent/Architecture/Wall_Window_400x300.uexp" 5149
"C:/Users/Amir sanni/Desktop/Biplo/Roomba-Biplo-Studio/Content/StarterContent/Textures/T_Brick_Hewn_Stone_N.ubulk" 5150
"C:/Users/Amir sanni/Desktop/Biplo/Roomba-Biplo-Studio/Content/StarterContent/Textures/T_Brick_Hewn_Stone_N.uasset" 5151
"C:/Users/Amir sanni/Desktop/Biplo/Roomba-Biplo-Studio/Content/StarterContent/Textures/T_Brick_Hewn_Stone_N.uexp" 5152
"C:/Users/Amir sanni/Desktop/Biplo/Roomba-Biplo-Studio/Content/StarterContent/Textures/T_Brick_Hewn_Stone_D.ubulk" 5153
"C:/Users/Amir sanni/Desktop/Biplo/Roomba-Biplo-Studio/Content/StarterContent/Textures/T_Brick_Hewn_Stone_D.uasset" 5154
"C:/Users/Amir sanni/Desktop/Biplo/Roomba-Biplo-Studio/Content/StarterContent/Textures/T_Brick_Hewn_Stone_D.uexp" 5155
"C:/Users/Amir sanni/Desktop/Biplo/Roomba-Biplo-Studio/Content/StarterContent/Textures/T_Brick_Hewn_Stone_M.ubulk" 5156
"C:/Users/Amir sanni/Desktop/Biplo/Roomba-Biplo-Studio/Content/StarterContent/Textures/T_Brick_Hewn_Stone_M.uasset" 5157
"C:/Users/Amir sanni/Desktop/Biplo/Roomba-Biplo-Studio/Content/StarterContent/Textures/T_Brick_Hewn_Stone_M.uexp" 5158
"C:/Users/Amir sanni/Desktop/Biplo/Roomba-Biplo-Studio/Content/StarterContent/Materials/M_Brick_Hewn_Stone.uasset" 5159
"C:/Users/Amir sanni/Desktop/Biplo/Roomba-Biplo-Studio/Content/StarterContent/Materials/M_Brick_Hewn_Stone.uexp" 5160
"C:/Users/Amir sanni/Desktop/Biplo/Roomba-Biplo-Studio/Content/StarterContent/Audio/Smoke01_Cue.uasset" 5161
"C:/Users/Amir sanni/Desktop/Biplo/Roomba-Biplo-Studio/Content/StarterContent/Audio/Smoke01_Cue.uexp" 5162
"C:/Users/Amir sanni/Desktop/Biplo/Roomba-Biplo-Studio/Content/StarterContent/Particles/P_Smoke.uasset" 5163
"C:/Users/Amir sanni/Desktop/Biplo/Roomba-Biplo-Studio/Content/StarterContent/Particles/P_Smoke.uexp" 5164
"C:/Users/Amir sanni/Desktop/Biplo/Roomba-Biplo-Studio/Content/StarterContent/Blueprints/Blueprint_Effect_Smoke.uasset" 5165
"C:/Users/Amir sanni/Desktop/Biplo/Roomba-Biplo-Studio/Content/StarterContent/Blueprints/Blueprint_Effect_Smoke.uexp" 5166
"C:/Users/Amir sanni/Desktop/Biplo/Roomba-Biplo-Studio/Content/StarterContent/Textures/T_CobbleStone_Rough_N.ubulk" 5167
"C:/Users/Amir sanni/Desktop/Biplo/Roomba-Biplo-Studio/Content/StarterContent/Textures/T_CobbleStone_Rough_N.uasset" 5168
"C:/Users/Amir sanni/Desktop/Biplo/Roomba-Biplo-Studio/Content/StarterContent/Textures/T_CobbleStone_Rough_N.uexp" 5169
"C:/Users/Amir sanni/Desktop/Biplo/Roomba-Biplo-Studio/Content/StarterContent/Textures/T_CobbleStone_Rough_D.ubulk" 5170
"C:/Users/Amir sanni/Desktop/Biplo/Roomba-Biplo-Studio/Content/StarterContent/Textures/T_CobbleStone_Rough_D.uasset" 5171
"C:/Users/Amir sanni/Desktop/Biplo/Roomba-Biplo-Studio/Content/StarterContent/Textures/T_CobbleStone_Rough_D.uexp" 5172
"C:/Users/Amir sanni/Desktop/Biplo/Roomba-Biplo-Studio/Content/StarterContent/Materials/M_CobbleStone_Rough.uasset" 5173
"C:/Users/Amir sanni/Desktop/Biplo/Roomba-Biplo-Studio/Content/StarterContent/Materials/M_CobbleStone_Rough.uexp" 5174
"C:/Users/Amir sanni/Desktop/Biplo/Roomba-Biplo-Studio/Content/StarterContent/Textures/T_Statue_M.ubulk" 5175
"C:/Users/Amir sanni/Desktop/Biplo/Roomba-Biplo-Studio/Content/StarterContent/Textures/T_Statue_M.uasset" 5176
"C:/Users/Amir sanni/Desktop/Biplo/Roomba-Biplo-Studio/Content/StarterContent/Textures/T_Statue_M.uexp" 5177
"C:/Users/Amir sanni/Desktop/Biplo/Roomba-Biplo-Studio/Content/StarterContent/Textures/T_Statue_N.ubulk" 5178
"C:/Users/Amir sanni/Desktop/Biplo/Roomba-Biplo-Studio/Content/StarterContent/Textures/T_Statue_N.uasset" 5179
"C:/Users/Amir sanni/Desktop/Biplo/Roomba-Biplo-Studio/Content/StarterContent/Textures/T_Statue_N.uexp" 5180
"C:/Users/Amir sanni/Desktop/Biplo/Roomba-Biplo-Studio/Content/StarterContent/Props/Materials/M_Statue.uasset" 5181
"C:/Users/Amir sanni/Desktop/Biplo/Roomba-Biplo-Studio/Content/StarterContent/Props/Materials/M_Statue.uexp" 5182
"C:/Users/Amir sanni/Desktop/Biplo/Roomba-Biplo-Studio/Content/StarterContent/Props/Materials/M_StatueGlass.uasset" 5183
"C:/Users/Amir sanni/Desktop/Biplo/Roomba-Biplo-Studio/Content/StarterContent/Props/Materials/M_StatueGlass.uexp" 5184
"C:/Users/Amir sanni/Desktop/Biplo/Roomba-Biplo-Studio/Content/StarterContent/Props/SM_Statue.ubulk" 5185
"C:/Users/Amir sanni/Desktop/Biplo/Roomba-Biplo-Studio/Content/StarterContent/Props/SM_Statue.uasset" 5186
"C:/Users/Amir sanni/Desktop/Biplo/Roomba-Biplo-Studio/Content/StarterContent/Props/SM_Statue.uexp" 5187
"C:/Users/Amir sanni/Desktop/Biplo/Roomba-Biplo-Studio/Content/StarterContent/Textures/T_ground_Moss_D.ubulk" 5188
"C:/Users/Amir sanni/Desktop/Biplo/Roomba-Biplo-Studio/Content/StarterContent/Textures/T_ground_Moss_D.uasset" 5189
"C:/Users/Amir sanni/Desktop/Biplo/Roomba-Biplo-Studio/Content/StarterContent/Textures/T_ground_Moss_D.uexp" 5190
"C:/Users/Amir sanni/Desktop/Biplo/Roomba-Biplo-Studio/Content/StarterContent/Textures/T_Ground_Moss_N.ubulk" 5191
"C:/Users/Amir sanni/Desktop/Biplo/Roomba-Biplo-Studio/Content/StarterContent/Textures/T_Ground_Moss_N.uasset" 5192
"C:/Users/Amir sanni/Desktop/Biplo/Roomba-Biplo-Studio/Content/StarterContent/Textures/T_Ground_Moss_N.uexp" 5193
"C:/Users/Amir sanni/Desktop/Biplo/Roomba-Biplo-Studio/Content/StarterContent/Materials/M_Ground_Moss.uasset" 5194
"C:/Users/Amir sanni/Desktop/Biplo/Roomba-Biplo-Studio/Content/StarterContent/Materials/M_Ground_Moss.uexp" 5195
"C:/Users/Amir sanni/Desktop/Biplo/Roomba-Biplo-Studio/Content/StarterContent/Props/SM_PillarFrame300.ubulk" 5196
"C:/Users/Amir sanni/Desktop/Biplo/Roomba-Biplo-Studio/Content/StarterContent/Props/SM_PillarFrame300.uasset" 5197
"C:/Users/Amir sanni/Desktop/Biplo/Roomba-Biplo-Studio/Content/StarterContent/Props/SM_PillarFrame300.uexp" 5198
"C:/Users/Amir sanni/Desktop/Biplo/Roomba-Biplo-Studio/Content/StarterContent/Textures/T_Metal_Gold_D.ubulk" 5199
"C:/Users/Amir sanni/Desktop/Biplo/Roomba-Biplo-Studio/Content/StarterContent/Textures/T_Metal_Gold_D.uasset" 5200
"C:/Users/Amir sanni/Desktop/Biplo/Roomba-Biplo-Studio/Content/StarterContent/Textures/T_Metal_Gold_D.uexp" 5201
"C:/Users/Amir sanni/Desktop/Biplo/Roomba-Biplo-Studio/Content/StarterContent/Materials/M_Metal_Gold.uasset" 5202
"C:/Users/Amir sanni/Desktop/Biplo/Roomba-Biplo-Studio/Content/StarterContent/Materials/M_Metal_Gold.uexp" 5203
"C:/Users/Amir sanni/Desktop/Biplo/Roomba-Biplo-Studio/Content/StarterContent/Textures/T_Ground_Grass_D.ubulk" 5204
"C:/Users/Amir sanni/Desktop/Biplo/Roomba-Biplo-Studio/Content/StarterContent/Textures/T_Ground_Grass_D.uasset" 5205
"C:/Users/Amir sanni/Desktop/Biplo/Roomba-Biplo-Studio/Content/StarterContent/Textures/T_Ground_Grass_D.uexp" 5206
"C:/Users/Amir sanni/Desktop/Biplo/Roomba-Biplo-Studio/Content/StarterContent/Textures/T_Ground_Grass_N.ubulk" 5207
"C:/Users/Amir sanni/Desktop/Biplo/Roomba-Biplo-Studio/Content/StarterContent/Textures/T_Ground_Grass_N.uasset" 5208
"C:/Users/Amir sanni/Desktop/Biplo/Roomba-Biplo-Studio/Content/StarterContent/Textures/T_Ground_Grass_N.uexp" 5209
"C:/Users/Amir sanni/Desktop/Biplo/Roomba-Biplo-Studio/Content/StarterContent/Materials/M_Ground_Grass.uasset" 5210
"C:/Users/Amir sanni/Desktop/Biplo/Roomba-Biplo-Studio/Content/StarterContent/Materials/M_Ground_Grass.uexp" 5211
"C:/Users/Amir sanni/Desktop/Biplo/Roomba-Biplo-Studio/Content/StarterContent/Audio/Starter_Background_Cue.uasset" 5212
"C:/Users/Amir sanni/Desktop/Biplo/Roomba-Biplo-Studio/Content/StarterContent/Audio/Starter_Background_Cue.uexp" 5213
"C:/Users/Amir sanni/Desktop/Biplo/Roomba-Biplo-Studio/Content/StarterContent/Maps/StarterMap_BuiltData.ubulk" 5214
"C:/Users/Amir sanni/Desktop/Biplo/Roomba-Biplo-Studio/Content/StarterContent/Maps/StarterMap_BuiltData.uasset" 5215
"C:/Users/Amir sanni/Desktop/Biplo/Roomba-Biplo-Studio/Content/StarterContent/Maps/StarterMap_BuiltData.uexp" 5216
"C:/Users/Amir sanni/Desktop/Biplo/Roomba-Biplo-Studio/Content/StarterContent/Props/SM_CornerFrame.ubulk" 5217
"C:/Users/Amir sanni/Desktop/Biplo/Roomba-Biplo-Studio/Content/StarterContent/Props/SM_CornerFrame.uasset" 5218
"C:/Users/Amir sanni/Desktop/Biplo/Roomba-Biplo-Studio/Content/StarterContent/Props/SM_CornerFrame.uexp" 5219
"C:/Users/Amir sanni/Desktop/Biplo/Roomba-Biplo-Studio/Content/StarterContent/Shapes/Shape_Sphere.ubulk" 5220
"C:/Users/Amir sanni/Desktop/Biplo/Roomba-Biplo-Studio/Content/StarterContent/Shapes/Shape_Sphere.uasset" 5221
"C:/Users/Amir sanni/Desktop/Biplo/Roomba-Biplo-Studio/Content/StarterContent/Shapes/Shape_Sphere.uexp" 5222
"C:/Users/Amir sanni/Desktop/Biplo/Roomba-Biplo-Studio/Content/StarterContent/Audio/Starter_Music_Cue.uasset" 5223
"C:/Users/Amir sanni/Desktop/Biplo/Roomba-Biplo-Studio/Content/StarterContent/Audio/Starter_Music_Cue.uexp" 5224
"C:/Users/Amir sanni/Desktop/Biplo/Roomba-Biplo-Studio/Content/StarterContent/Shapes/Shape_QuadPyramid.ubulk" 5225
"C:/Users/Amir sanni/Desktop/Biplo/Roomba-Biplo-Studio/Content/StarterContent/Shapes/Shape_QuadPyramid.uasset" 5226
"C:/Users/Amir sanni/Desktop/Biplo/Roomba-Biplo-Studio/Content/StarterContent/Shapes/Shape_QuadPyramid.uexp" 5227
"C:/Users/Amir sanni/Desktop/Biplo/Roomba-Biplo-Studio/Content/StarterContent/Textures/T_Metal_Aluminum_D.ubulk" 5228
"C:/Users/Amir sanni/Desktop/Biplo/Roomba-Biplo-Studio/Content/StarterContent/Textures/T_Metal_Aluminum_D.uasset" 5229
"C:/Users/Amir sanni/Desktop/Biplo/Roomba-Biplo-Studio/Content/StarterContent/Textures/T_Metal_Aluminum_D.uexp" 5230
"C:/Users/Amir sanni/Desktop/Biplo/Roomba-Biplo-Studio/Content/StarterContent/Materials/M_Metal_Burnished_Steel.uasset" 5231
"C:/Users/Amir sanni/Desktop/Biplo/Roomba-Biplo-Studio/Content/StarterContent/Materials/M_Metal_Burnished_Steel.uexp" 5232
"C:/Users/Amir sanni/Desktop/Biplo/Roomba-Biplo-Studio/Content/StarterContent/Props/SM_Chair.ubulk" 5233
"C:/Users/Amir sanni/Desktop/Biplo/Roomba-Biplo-Studio/Content/StarterContent/Props/SM_Chair.uasset" 5234
"C:/Users/Amir sanni/Desktop/Biplo/Roomba-Biplo-Studio/Content/StarterContent/Props/SM_Chair.uexp" 5235
"C:/Users/Amir sanni/Desktop/Biplo/Roomba-Biplo-Studio/Content/StarterContent/Maps/StarterMap.uexp" 5236
"C:/Users/Amir sanni/Desktop/Biplo/Roomba-Biplo-Studio/Content/StarterContent/Maps/StarterMap.umap" 5237
"C:/Users/Amir sanni/Desktop/Biplo/Roomba-Biplo-Studio/Content/StarterContent/Maps/Minimal_Default_BuiltData.ubulk" 5238
"C:/Users/Amir sanni/Desktop/Biplo/Roomba-Biplo-Studio/Content/StarterContent/Maps/Minimal_Default_BuiltData.uasset" 5239
"C:/Users/Amir sanni/Desktop/Biplo/Roomba-Biplo-Studio/Content/StarterContent/Maps/Minimal_Default_BuiltData.uexp" 5240
"C:/Users/Amir sanni/Desktop/Biplo/Roomba-Biplo-Studio/Content/StarterContent/Maps/Minimal_Default.uexp" 5241
"C:/Users/Amir sanni/Desktop/Biplo/Roomba-Biplo-Studio/Content/StarterContent/Maps/Minimal_Default.umap" 5242
"C:/Users/Amir sanni/Desktop/Biplo/Roomba-Biplo-Studio/Content/StarterContent/Maps/Advanced_Lighting_BuiltData.ubulk" 5243
"C:/Users/Amir sanni/Desktop/Biplo/Roomba-Biplo-Studio/Content/StarterContent/Maps/Advanced_Lighting_BuiltData.uasset" 5244
"C:/Users/Amir sanni/Desktop/Biplo/Roomba-Biplo-Studio/Content/StarterContent/Maps/Advanced_Lighting_BuiltData.uexp" 5245
"C:/Users/Amir sanni/Desktop/Biplo/Roomba-Biplo-Studio/Content/StarterContent/Materials/M_AssetPlatform.uasset" 5246
"C:/Users/Amir sanni/Desktop/Biplo/Roomba-Biplo-Studio/Content/StarterContent/Materials/M_AssetPlatform.uexp" 5247
"C:/Users/Amir sanni/Desktop/Biplo/Roomba-Biplo-Studio/Content/StarterContent/Architecture/SM_AssetPlatform.ubulk" 5248
"C:/Users/Amir sanni/Desktop/Biplo/Roomba-Biplo-Studio/Content/StarterContent/Architecture/SM_AssetPlatform.uasset" 5249
"C:/Users/Amir sanni/Desktop/Biplo/Roomba-Biplo-Studio/Content/StarterContent/Architecture/SM_AssetPlatform.uexp" 5250
"../../../Engine/Content/MapTemplates/Sky/DaylightAmbientCubemap.uasset" 5251
"../../../Engine/Content/MapTemplates/Sky/DaylightAmbientCubemap.uexp" 5252
"C:/Users/Amir sanni/Desktop/Biplo/Roomba-Biplo-Studio/Content/StarterContent/Blueprints/Assets/M_LightStage_Skybox_Master.uasset" 5253
"C:/Users/Amir sanni/Desktop/Biplo/Roomba-Biplo-Studio/Content/StarterContent/Blueprints/Assets/M_LightStage_Skybox_Master.uexp" 5254
"C:/Users/Amir sanni/Desktop/Biplo/Roomba-Biplo-Studio/Content/StarterContent/Blueprints/Assets/M_LightStage_Skybox_HDRI.uasset" 5255
"C:/Users/Amir sanni/Desktop/Biplo/Roomba-Biplo-Studio/Content/StarterContent/Blueprints/Assets/M_LightStage_Skybox_HDRI.uexp" 5256
"C:/Users/Amir sanni/Desktop/Biplo/Roomba-Biplo-Studio/Content/StarterContent/HDRI/HDRI_Epic_Courtyard_Daylight.uasset" 5257
"C:/Users/Amir sanni/Desktop/Biplo/Roomba-Biplo-Studio/Content/StarterContent/HDRI/HDRI_Epic_Courtyard_Daylight.uexp" 5258
"C:/Users/Amir sanni/Desktop/Biplo/Roomba-Biplo-Studio/Content/StarterContent/Blueprints/Assets/SunlightColorLUT.uasset" 5259
"C:/Users/Amir sanni/Desktop/Biplo/Roomba-Biplo-Studio/Content/StarterContent/Blueprints/Assets/SunlightColorLUT.uexp" 5260
"C:/Users/Amir sanni/Desktop/Biplo/Roomba-Biplo-Studio/Content/StarterContent/Blueprints/Assets/M_LightStage_Skybox_Black.uasset" 5261
"C:/Users/Amir sanni/Desktop/Biplo/Roomba-Biplo-Studio/Content/StarterContent/Blueprints/Assets/M_LightStage_Skybox_Black.uexp" 5262
"C:/Users/Amir sanni/Desktop/Biplo/Roomba-Biplo-Studio/Content/StarterContent/Blueprints/Assets/FogBrightnessLUT.uasset" 5263
"C:/Users/Amir sanni/Desktop/Biplo/Roomba-Biplo-Studio/Content/StarterContent/Blueprints/Assets/FogBrightnessLUT.uexp" 5264
"C:/Users/Amir sanni/Desktop/Biplo/Roomba-Biplo-Studio/Content/StarterContent/Blueprints/Assets/SM_Arrows.ubulk" 5265
"C:/Users/Amir sanni/Desktop/Biplo/Roomba-Biplo-Studio/Content/StarterContent/Blueprints/Assets/SM_Arrows.uasset" 5266
"C:/Users/Amir sanni/Desktop/Biplo/Roomba-Biplo-Studio/Content/StarterContent/Blueprints/Assets/SM_Arrows.uexp" 5267
"C:/Users/Amir sanni/Desktop/Biplo/Roomba-Biplo-Studio/Content/StarterContent/Blueprints/Assets/M_LightStage_Arrows.uasset" 5268
"C:/Users/Amir sanni/Desktop/Biplo/Roomba-Biplo-Studio/Content/StarterContent/Blueprints/Assets/M_LightStage_Arrows.uexp" 5269
"../../../Engine/Content/ArtTools/RenderToTexture/MaterialFunctions/CheckerPattern.uasset" 5270
"../../../Engine/Content/ArtTools/RenderToTexture/MaterialFunctions/CheckerPattern.uexp" 5271
"../../../Engine/Content/Functions/Engine_MaterialFunctions02/ScreenResolution.uasset" 5272
"../../../Engine/Content/Functions/Engine_MaterialFunctions02/ScreenResolution.uexp" 5273
"../../../Engine/Content/Functions/Engine_MaterialFunctions02/Texturing/ScreenAlignedUVs.uasset" 5274
"../../../Engine/Content/Functions/Engine_MaterialFunctions02/Texturing/ScreenAlignedUVs.uexp" 5275
"../../../Engine/Content/EditorMaterials/Thumbnails/SkySphereMaterial.uasset" 5276
"../../../Engine/Content/EditorMaterials/Thumbnails/SkySphereMaterial.uexp" 5277
"C:/Users/Amir sanni/Desktop/Biplo/Roomba-Biplo-Studio/Content/StarterContent/Blueprints/Assets/Skybox.ubulk" 5278
"C:/Users/Amir sanni/Desktop/Biplo/Roomba-Biplo-Studio/Content/StarterContent/Blueprints/Assets/Skybox.uasset" 5279
"C:/Users/Amir sanni/Desktop/Biplo/Roomba-Biplo-Studio/Content/StarterContent/Blueprints/Assets/Skybox.uexp" 5280
"C:/Users/Amir sanni/Desktop/Biplo/Roomba-Biplo-Studio/Content/StarterContent/Blueprints/BP_LightStudio.uasset" 5281
"C:/Users/Amir sanni/Desktop/Biplo/Roomba-Biplo-Studio/Content/StarterContent/Blueprints/BP_LightStudio.uexp" 5282
"../../../Engine/Content/EditorMeshes/ColorCalibrator/M_GreyBall.uasset" 5283
"../../../Engine/Content/EditorMeshes/ColorCalibrator/M_GreyBall.uexp" 5284
"../../../Engine/Content/EditorMeshes/ColorCalibrator/M_ClearCoat.uasset" 5285
"../../../Engine/Content/EditorMeshes/ColorCalibrator/M_ClearCoat.uexp" 5286
"../../../Engine/Content/EditorMeshes/ColorCalibrator/M_ChromeBall.uasset" 5287
"../../../Engine/Content/EditorMeshes/ColorCalibrator/M_ChromeBall.uexp" 5288
"../../../Engine/Content/EditorMeshes/ColorCalibrator/M_ClearCoatBlack.uasset" 5289
"../../../Engine/Content/EditorMeshes/ColorCalibrator/M_ClearCoatBlack.uexp" 5290
"../../../Engine/Content/EditorMeshes/ColorCalibrator/Color_checker.ubulk" 5291
"../../../Engine/Content/EditorMeshes/ColorCalibrator/Color_checker.uasset" 5292
"../../../Engine/Content/EditorMeshes/ColorCalibrator/Color_checker.uexp" 5293
"../../../Engine/Content/EditorMeshes/ColorCalibrator/M_ColorGrid.uasset" 5294
"../../../Engine/Content/EditorMeshes/ColorCalibrator/M_ColorGrid.uexp" 5295
"../../../Engine/Content/EditorMeshes/ColorCalibrator/SM_ColorCalibrator.ubulk" 5296
"../../../Engine/Content/EditorMeshes/ColorCalibrator/SM_ColorCalibrator.uasset" 5297
"../../../Engine/Content/EditorMeshes/ColorCalibrator/SM_ColorCalibrator.uexp" 5298
"C:/Users/Amir sanni/Desktop/Biplo/Roomba-Biplo-Studio/Content/StarterContent/Maps/Advanced_Lighting.uexp" 5299
"C:/Users/Amir sanni/Desktop/Biplo/Roomba-Biplo-Studio/Content/StarterContent/Maps/Advanced_Lighting.umap" 5300
"C:/Users/Amir sanni/Desktop/Biplo/Roomba-Biplo-Studio/Content/LevelDesign/DavidsCooking/PLACEHOLDEROOM.uexp" 5301
"C:/Users/Amir sanni/Desktop/Biplo/Roomba-Biplo-Studio/Content/LevelDesign/DavidsCooking/PLACEHOLDEROOM.umap" 5302
"C:/Users/Amir sanni/Desktop/Biplo/Roomba-Biplo-Studio/Content/Assets/Road/Straight/RoadStraight_lambert1_BaseColor.ubulk" 5303
"C:/Users/Amir sanni/Desktop/Biplo/Roomba-Biplo-Studio/Content/Assets/Road/Straight/RoadStraight_lambert1_BaseColor.uasset" 5304
"C:/Users/Amir sanni/Desktop/Biplo/Roomba-Biplo-Studio/Content/Assets/Road/Straight/RoadStraight_lambert1_BaseColor.uexp" 5305
"C:/Users/Amir sanni/Desktop/Biplo/Roomba-Biplo-Studio/Content/Assets/Road/Straight/RoadStraight_lambert1_Normal.ubulk" 5306
"C:/Users/Amir sanni/Desktop/Biplo/Roomba-Biplo-Studio/Content/Assets/Road/Straight/RoadStraight_lambert1_Normal.uasset" 5307
"C:/Users/Amir sanni/Desktop/Biplo/Roomba-Biplo-Studio/Content/Assets/Road/Straight/RoadStraight_lambert1_Normal.uexp" 5308
"C:/Users/Amir sanni/Desktop/Biplo/Roomba-Biplo-Studio/Content/Assets/Road/Straight/RoadStraight_lambert1_OcclusionRoughnessMetallic.ubulk" 5309
"C:/Users/Amir sanni/Desktop/Biplo/Roomba-Biplo-Studio/Content/Assets/Road/Straight/RoadStraight_lambert1_OcclusionRoughnessMetallic.uasset" 5310
"C:/Users/Amir sanni/Desktop/Biplo/Roomba-Biplo-Studio/Content/Assets/Road/Straight/RoadStraight_lambert1_OcclusionRoughnessMetallic.uexp" 5311
"C:/Users/Amir sanni/Desktop/Biplo/Roomba-Biplo-Studio/Content/Assets/Road/Straight/M_Road.uasset" 5312
"C:/Users/Amir sanni/Desktop/Biplo/Roomba-Biplo-Studio/Content/Assets/Road/Straight/M_Road.uexp" 5313
"C:/Users/Amir sanni/Desktop/Biplo/Roomba-Biplo-Studio/Content/Assets/Road/RoadStraight.ubulk" 5314
"C:/Users/Amir sanni/Desktop/Biplo/Roomba-Biplo-Studio/Content/Assets/Road/RoadStraight.uasset" 5315
"C:/Users/Amir sanni/Desktop/Biplo/Roomba-Biplo-Studio/Content/Assets/Road/RoadStraight.uexp" 5316
"C:/Users/Amir sanni/Desktop/Biplo/Roomba-Biplo-Studio/Content/Assets/Road/Main/RoadMain_lambert1_OcclusionRoughnessMetallic.ubulk" 5317
"C:/Users/Amir sanni/Desktop/Biplo/Roomba-Biplo-Studio/Content/Assets/Road/Main/RoadMain_lambert1_OcclusionRoughnessMetallic.uasset" 5318
"C:/Users/Amir sanni/Desktop/Biplo/Roomba-Biplo-Studio/Content/Assets/Road/Main/RoadMain_lambert1_OcclusionRoughnessMetallic.uexp" 5319
"C:/Users/Amir sanni/Desktop/Biplo/Roomba-Biplo-Studio/Content/Assets/Road/Main/RoadMain_lambert1_BaseColor.ubulk" 5320
"C:/Users/Amir sanni/Desktop/Biplo/Roomba-Biplo-Studio/Content/Assets/Road/Main/RoadMain_lambert1_BaseColor.uasset" 5321
"C:/Users/Amir sanni/Desktop/Biplo/Roomba-Biplo-Studio/Content/Assets/Road/Main/RoadMain_lambert1_BaseColor.uexp" 5322
"C:/Users/Amir sanni/Desktop/Biplo/Roomba-Biplo-Studio/Content/Assets/Road/Main/RoadMain_lambert1_Normal.ubulk" 5323
"C:/Users/Amir sanni/Desktop/Biplo/Roomba-Biplo-Studio/Content/Assets/Road/Main/RoadMain_lambert1_Normal.uasset" 5324
"C:/Users/Amir sanni/Desktop/Biplo/Roomba-Biplo-Studio/Content/Assets/Road/Main/RoadMain_lambert1_Normal.uexp" 5325
"C:/Users/Amir sanni/Desktop/Biplo/Roomba-Biplo-Studio/Content/Assets/Road/Main/M_RoadMain.uasset" 5326
"C:/Users/Amir sanni/Desktop/Biplo/Roomba-Biplo-Studio/Content/Assets/Road/Main/M_RoadMain.uexp" 5327
"C:/Users/Amir sanni/Desktop/Biplo/Roomba-Biplo-Studio/Content/Assets/Road/RoadMain.ubulk" 5328
"C:/Users/Amir sanni/Desktop/Biplo/Roomba-Biplo-Studio/Content/Assets/Road/RoadMain.uasset" 5329
"C:/Users/Amir sanni/Desktop/Biplo/Roomba-Biplo-Studio/Content/Assets/Road/RoadMain.uexp" 5330
"C:/Users/Amir sanni/Desktop/Biplo/Roomba-Biplo-Studio/Content/LevelDesign/AudioTemp/Section1StreetAud.uexp" 5331
"C:/Users/Amir sanni/Desktop/Biplo/Roomba-Biplo-Studio/Content/LevelDesign/AudioTemp/Section1StreetAud.umap" 5332
"C:/Users/Amir sanni/Desktop/Biplo/Roomba-Biplo-Studio/Content/NewAssetsCool/RoombaFinal/roomba_CtrlRig.uasset" 5333
"C:/Users/Amir sanni/Desktop/Biplo/Roomba-Biplo-Studio/Content/NewAssetsCool/RoombaFinal/roomba_CtrlRig.uexp" 5334
"C:/Users/Amir sanni/Desktop/Biplo/Roomba-Biplo-Studio/Content/roomba_CtrlRig_Take1.uasset" 5335
"C:/Users/Amir sanni/Desktop/Biplo/Roomba-Biplo-Studio/Content/roomba_CtrlRig_Take1.uexp" 5336
"C:/Users/Amir sanni/Desktop/Biplo/Roomba-Biplo-Studio/Content/NewAssetsCool/RoombaFinal/Animation/AnimationMakerThing.uexp" 5337
"C:/Users/Amir sanni/Desktop/Biplo/Roomba-Biplo-Studio/Content/NewAssetsCool/RoombaFinal/Animation/AnimationMakerThing.umap" 5338
