"C:/Users/Amir sanni/Desktop/Biplo/Roomba-Biplo-Studio/Roomba.uproject" 1
"C:/Users/Amir sanni/Desktop/Biplo/Roomba-Biplo-Studio/Binaries/Win64/UnrealEditor.modules" 2
"../../../Engine/Plugins/AudioGameplayVolume/AudioGameplayVolume.uplugin" 3
"../../../Engine/Plugins/AudioGameplay/AudioGameplay.uplugin" 4
"../../../Engine/Plugins/AudioInsights/AudioInsights.uplugin" 5
"../../../Engine/Plugins/ChaosVD/ChaosVD.uplugin" 6
"../../../Engine/Plugins/ChaosClothAsset/ChaosClothAsset.uplugin" 7
"../../../Engine/Plugins/CmdLinkServer/CmdLinkServer.uplugin" 8
"../../../Engine/Plugins/FastBuildController/FastBuildController.uplugin" 9
"../../../Engine/Plugins/JsonBlueprintUtilities/JsonBlueprintUtilities.uplugin" 10
"../../../Engine/Plugins/LightWeightInstancesEditor/LightWeightInstancesEditor.uplugin" 11
"../../../Engine/Plugins/MeshPainting/MeshPainting.uplugin" 12
"../../../Engine/Plugins/PCG/PCG.uplugin" 13
"../../../Engine/Plugins/PCGGeometryScriptInterop/PCGGeometryScriptInterop.uplugin" 14
"../../../Engine/Plugins/RenderGraphInsights/RenderGraphInsights.uplugin" 15
"../../../Engine/Plugins/ChaosClothAssetEditor/ChaosClothAssetEditor.uplugin" 16
"../../../Engine/Plugins/MemoryUsageQueries/MemoryUsageQueries.uplugin" 17
"../../../Engine/Plugins/ChaosCloth/ChaosCloth.uplugin" 18
"../../../Engine/Plugins/EnhancedInput/EnhancedInput.uplugin" 19
"../../../Engine/Plugins/ScriptPlugin/ScriptPlugin.uplugin" 20
"../../../Engine/Plugins/TraceUtilities/TraceUtilities.uplugin" 21
"../../../Engine/Plugins/XGEController/XGEController.uplugin" 22
"../../../Engine/Plugins/AI/AISupport/AISupport.uplugin" 23
"../../../Engine/Plugins/Web/HttpBlueprint/HttpBlueprint.uplugin" 24
"../../../Engine/Plugins/DiscoveryBeaconReceiver/DiscoveryBeaconReceiver.uplugin" 25
"../../../Engine/Plugins/BlueprintFileUtils/BlueprintFileUtils.uplugin" 26
"../../../Engine/Plugins/Importers/AlembicImporter/AlembicImporter.uplugin" 27
"../../../Engine/Plugins/Importers/USDMultiUser/USDMultiUser.uplugin" 28
"../../../Engine/Plugins/Importers/USDImporter/USDImporter.uplugin" 29
"../../../Engine/Plugins/AI/MassAI/MassAI.uplugin" 30
"../../../Engine/Plugins/AI/HTNPlanner/HTNPlanner.uplugin" 31
"../../../Engine/Plugins/Animation/AnimationData/AnimationData.uplugin" 32
"../../../Engine/Plugins/WorldMetrics/WorldMetrics.uplugin" 33
"../../../Engine/Plugins/Animation/ACLPlugin/ACLPlugin.uplugin" 34
"../../../Engine/Plugins/AI/EnvironmentQueryEditor/EnvironmentQueryEditor.uplugin" 35
"../../../Engine/Plugins/Animation/AnimationWarping/AnimationWarping.uplugin" 36
"../../../Engine/Plugins/AI/MLAdapter/MLAdapter.uplugin" 37
"../../../Engine/Plugins/Animation/AnimationLocomotionLibrary/AnimationLocomotionLibrary.uplugin" 38
"../../../Engine/Plugins/UbaController/UbaController.uplugin" 39
"../../../Engine/Plugins/Animation/ControlRig/ControlRig.uplugin" 40
"../../../Engine/Plugins/Animation/BlendStack/BlendStack.uplugin" 41
"../../../Engine/Plugins/Animation/BlendSpaceMotionAnalysis/BlendSpaceMotionAnalysis.uplugin" 42
"../../../Engine/Plugins/Importers/AlembicHairImporter/AlembicHairImporter.uplugin" 43
"../../../Engine/Plugins/Animation/LiveLinkHub/LiveLinkHub.uplugin" 44
"../../../Engine/Plugins/Animation/ControlRigModules/ControlRigModules.uplugin" 45
"../../../Engine/Plugins/Animation/LiveLinkCurveDebugUI/LiveLinkCurveDebugUI.uplugin" 46
"../../../Engine/Plugins/Animation/DeformerGraph/DeformerGraph.uplugin" 47
"../../../Engine/Plugins/Animation/IKRig/IKRig.uplugin" 48
"../../../Engine/Plugins/Animation/GameplayInsights/GameplayInsights.uplugin" 49
"../../../Engine/Plugins/Runtime/ActorLayerUtilities/ActorLayerUtilities.uplugin" 50
"../../../Engine/Plugins/AI/MassCrowd/MassCrowd.uplugin" 51
"../../../Engine/Plugins/Animation/RigLogic/RigLogic.uplugin" 52
"../../../Engine/Plugins/Animation/PerformanceCaptureCore/PerformanceCaptureCore.uplugin" 53
"../../../Engine/Plugins/Animation/PoseSearch/PoseSearch.uplugin" 54
"../../../Engine/Plugins/PCGExternalDataInterop/PCGExternalDataInterop.uplugin" 55
"../../../Engine/Plugins/Animation/MotionWarping/MotionWarping.uplugin" 56
"../../../Engine/Plugins/Runtime/AndroidFileServer/AndroidFileServer.uplugin" 57
"../../../Engine/Plugins/Animation/ControlRigSpline/ControlRigSpline.uplugin" 58
"../../../Engine/Plugins/Runtime/AnimationBudgetAllocator/AnimationBudgetAllocator.uplugin" 59
"../../../Engine/Plugins/Runtime/AndroidBackgroundService/AndroidBackgroundService.uplugin" 60
"../../../Engine/Plugins/Runtime/ArchVisCharacter/ArchVisCharacter.uplugin" 61
"../../../Engine/Plugins/Runtime/AssetTags/AssetTags.uplugin" 62
"../../../Engine/Plugins/Runtime/AudioModulation/AudioModulation.uplugin" 63
"../../../Engine/Plugins/Runtime/AndroidDeviceProfileSelector/AndroidDeviceProfileSelector.uplugin" 64
"../../../Engine/Plugins/Runtime/AndroidPermission/AndroidPermission.uplugin" 65
"../../../Engine/Plugins/Animation/LiveLink/LiveLink.uplugin" 66
"../../../Engine/Plugins/Animation/AnimationModifierLibrary/AnimationModifierLibrary.uplugin" 67
"../../../Engine/Plugins/Runtime/AudioCapture/AudioCapture.uplugin" 68
"../../../Engine/Plugins/Runtime/ApexDestruction/ApexDestruction.uplugin" 69
"../../../Engine/Plugins/Runtime/AndroidMoviePlayer/AndroidMoviePlayer.uplugin" 70
"../../../Engine/Plugins/Runtime/AppleImageUtils/AppleImageUtils.uplugin" 71
"../../../Engine/Plugins/Runtime/AudioWidgets/AudioWidgets.uplugin" 72
"../../../Engine/Plugins/Runtime/AudioSynesthesia/AudioSynesthesia.uplugin" 73
"../../../Engine/Plugins/Runtime/AppleMoviePlayer/AppleMoviePlayer.uplugin" 74
"../../../Engine/Plugins/Runtime/ComputeFramework/ComputeFramework.uplugin" 75
"../../../Engine/Plugins/Runtime/CommonUI/CommonUI.uplugin" 76
"../../../Engine/Plugins/Runtime/CableComponent/CableComponent.uplugin" 77
"../../../Engine/Plugins/Runtime/CustomMeshComponent/CustomMeshComponent.uplugin" 78
"../../../Engine/Plugins/Runtime/ChunkDownloader/ChunkDownloader.uplugin" 79
"../../../Engine/Plugins/Runtime/ExampleDeviceProfileSelector/ExampleDeviceProfileSelector.uplugin" 80
"../../../Engine/Plugins/Runtime/GameFeatures/GameFeatures.uplugin" 81
"../../../Engine/Plugins/Runtime/DataRegistry/DataRegistry.uplugin" 82
"../../../Engine/Plugins/Runtime/GameplayBehaviorSmartObjects/GameplayBehaviorSmartObjects.uplugin" 83
"../../../Engine/Plugins/Runtime/GameplayInteractions/GameplayInteractions.uplugin" 84
"../../../Engine/Plugins/Runtime/GameInput/GameInput.uplugin" 85
"../../../Engine/Plugins/Runtime/AudioMotorSim/AudioMotorSim.uplugin" 86
"../../../Engine/Plugins/Runtime/GeometryProcessing/GeometryProcessing.uplugin" 87
"../../../Engine/Plugins/Runtime/GameplayStateTree/GameplayStateTree.uplugin" 88
"../../../Engine/Plugins/Runtime/GeoReferencing/GeoReferencing.uplugin" 89
"../../../Engine/Plugins/Runtime/GeometryScripting/GeometryScripting.uplugin" 90
"../../../Engine/Plugins/Runtime/GooglePAD/GooglePAD.uplugin" 91
"../../../Engine/Plugins/Runtime/HairStrands/HairStrands.uplugin" 92
"../../../Engine/Plugins/Runtime/Harmonix/Harmonix.uplugin" 93
"../../../Engine/Plugins/Runtime/GeometryCache/GeometryCache.uplugin" 94
"../../../Engine/Plugins/Runtime/HDRIBackdrop/HDRIBackdrop.uplugin" 95
"../../../Engine/Plugins/Runtime/HPMotionController/HPMotionController.uplugin" 96
"../../../Engine/Plugins/Runtime/GoogleCloudMessaging/GoogleCloudMessaging.uplugin" 97
"../../../Engine/Plugins/Runtime/HTTPChunkInstaller/HTTPChunkInstaller.uplugin" 98
"../../../Engine/Plugins/Runtime/InputDebugging/InputDebugging.uplugin" 99
"../../../Engine/Plugins/Runtime/IOSDeviceProfileSelector/IOSDeviceProfileSelector.uplugin" 100
"../../../Engine/Plugins/Runtime/LevelStreamingPersistence/LevelStreamingPersistence.uplugin" 101
"../../../Engine/Plugins/Runtime/IOSReplayKit/IOSReplayKit.uplugin" 102
"../../../Engine/Plugins/Runtime/Firebase/Firebase.uplugin" 103
"../../../Engine/Plugins/Runtime/LiveLinkOvernDisplay/LiveLinkOverNDisplay.uplugin" 104
"../../../Engine/Plugins/Runtime/GameplayAbilities/GameplayAbilities.uplugin" 105
"../../../Engine/Plugins/Runtime/LocationServicesAndroidImpl/LocationServicesAndroidImpl.uplugin" 106
"../../../Engine/Plugins/Runtime/LocationServicesBPLibrary/LocationServicesBPLibrary.uplugin" 107
"../../../Engine/Plugins/Runtime/LocationServicesIOSImpl/LocationServicesIOSImpl.uplugin" 108
"../../../Engine/Plugins/Runtime/MassEntity/MassEntity.uplugin" 109
"../../../Engine/Plugins/Runtime/MicrosoftSpatialAudio/MicroSoftSpatialSound.uplugin" 110
"../../../Engine/Plugins/Runtime/MassGameplay/MassGameplay.uplugin" 111
"../../../Engine/Plugins/Runtime/MeshModelingToolset/MeshModelingToolset.uplugin" 112
"../../../Engine/Plugins/Runtime/InstancedActors/InstancedActors.uplugin" 113
"../../../Engine/Plugins/Runtime/Metasound/Metasound.uplugin" 114
"../../../Engine/Plugins/Runtime/MobileFSR/MobileFSR.uplugin" 115
"../../../Engine/Plugins/Runtime/MIDIDevice/MIDIDevice.uplugin" 116
"../../../Engine/Plugins/Runtime/MixedRealityCaptureFramework/MixedRealityCaptureFramework.uplugin" 117
"../../../Engine/Plugins/Runtime/ModelViewViewModel/ModelViewViewModel.uplugin" 118
"../../../Engine/Plugins/Runtime/ModularGameplay/ModularGameplay.uplugin" 119
"../../../Engine/Plugins/Runtime/NavCorridor/NavCorridor.uplugin" 120
"../../../Engine/Plugins/Runtime/nDisplay/nDisplay.uplugin" 121
"../../../Engine/Plugins/Runtime/LinuxDeviceProfileSelector/LinuxDeviceProfileSelector.uplugin" 122
"../../../Engine/Plugins/Runtime/nDisplayModularFeatures/nDisplayModularFeatures.uplugin" 123
"../../../Engine/Plugins/Runtime/MobilePatchingUtils/MobilePatchingUtils.uplugin" 124
"../../../Engine/Plugins/Runtime/NetworkPrediction/NetworkPrediction.uplugin" 125
"../../../Engine/Plugins/Runtime/OpenCV/OpenCV.uplugin" 126
"../../../Engine/Plugins/Runtime/NetworkPredictionExtras/NetworkPredictionExtras.uplugin" 127
"../../../Engine/Plugins/Runtime/OpenXR/OpenXR.uplugin" 128
"../../../Engine/Plugins/Runtime/OpenXRHandTracking/OpenXRHandTracking.uplugin" 129
"../../../Engine/Plugins/Runtime/OpenXREyeTracker/OpenXREyeTracker.uplugin" 130
"../../../Engine/Plugins/Runtime/OpenXRMsftHandInteraction/OpenXRMsftHandInteraction.uplugin" 131
"../../../Engine/Plugins/Runtime/OpenXRViveTracker/OpenXRViveTracker.uplugin" 132
"../../../Engine/Plugins/Runtime/OptionalMobileFeaturesBPLibrary/OptionalMobileFeaturesBPLibrary.uplugin" 133
"../../../Engine/Plugins/Runtime/OSCModulationMixing/OSCModulationMixing.uplugin" 134
"../../../Engine/Plugins/Runtime/OSC/OSC.uplugin" 135
"../../../Engine/Plugins/Runtime/ProceduralMeshComponent/ProceduralMeshComponent.uplugin" 136
"../../../Engine/Plugins/Runtime/PropertyAccess/PropertyAccessEditor.uplugin" 137
"../../../Engine/Plugins/Runtime/PreLoadScreenMoviePlayer/PreLoadScreenMoviePlayer.uplugin" 138
"../../../Engine/Plugins/Runtime/PropertyBindingUtils/PropertyBindingUtils.uplugin" 139
"../../../Engine/Plugins/Runtime/RenderTrace/RenderTrace.uplugin" 140
"../../../Engine/Plugins/Runtime/ReplicationGraph/ReplicationGraph.uplugin" 141
"../../../Engine/Plugins/Runtime/ResonanceAudio/ResonanceAudio.uplugin" 142
"../../../Engine/Plugins/Runtime/RigVM/RigVM.uplugin" 143
"../../../Engine/Plugins/Runtime/ReplicationSystemTestPlugin/ReplicationSystemTestPlugin.uplugin" 144
"../../../Engine/Plugins/Runtime/ScriptableToolsFramework/ScriptableToolsFramework.uplugin" 145
"../../../Engine/Plugins/Runtime/SkeletalMerging/SkeletalMerging.uplugin" 146
"../../../Engine/Plugins/Runtime/SignificanceManager/SignificanceManager.uplugin" 147
"../../../Engine/Plugins/Runtime/SmartObjects/SmartObjects.uplugin" 148
"../../../Engine/Plugins/Runtime/SoundCueTemplates/SoundCueTemplates.uplugin" 149
"../../../Engine/Plugins/Runtime/SoundFields/SoundFields.uplugin" 150
"../../../Engine/Plugins/Runtime/Soundscape/Soundscape.uplugin" 151
"../../../Engine/Plugins/Runtime/SoundMod/SoundMod.uplugin" 152
"../../../Engine/Plugins/Runtime/SoundUtilities/SoundUtilities.uplugin" 153
"../../../Engine/Plugins/Runtime/StateTree/StateTree.uplugin" 154
"../../../Engine/Plugins/Runtime/SunPosition/SunPosition.uplugin" 155
"../../../Engine/Plugins/Runtime/Spatialization/Spatialization.uplugin" 156
"../../../Engine/Plugins/Runtime/Synthesis/Synthesis.uplugin" 157
"../../../Engine/Plugins/Editor/AssetManagerEditor/AssetManagerEditor.uplugin" 158
"../../../Engine/Plugins/Runtime/WarpUtils/WarpUtils.uplugin" 159
"../../../Engine/Plugins/Editor/AssetRegistryExport/AssetRegistryExport.uplugin" 160
"../../../Engine/Plugins/Runtime/WaveTable/WaveTable.uplugin" 161
"../../../Engine/Plugins/Runtime/WebBrowserNativeProxy/WebBrowserNativeProxy.uplugin" 162
"../../../Engine/Plugins/Runtime/WebBrowserWidget/WebBrowserWidget.uplugin" 163
"../../../Engine/Plugins/Editor/AssetSearch/AssetSearch.uplugin" 164
"../../../Engine/Plugins/Editor/AssetReferenceRestrictions/AssetReferenceRestrictions.uplugin" 165
"../../../Engine/Plugins/Runtime/WindowsDeviceProfileSelector/WindowsDeviceProfileSelector.uplugin" 166
"../../../Engine/Plugins/Editor/BlueprintMaterialTextureNodes/BlueprintMaterialTextureNodes.uplugin" 167
"../../../Engine/Plugins/Editor/DataValidation/DataValidation.uplugin" 168
"../../../Engine/Plugins/Editor/ConsoleVariablesEditor/ConsoleVariables.uplugin" 169
"../../../Engine/Plugins/Runtime/WebMMoviePlayer/WebMMoviePlayer.uplugin" 170
"../../../Engine/Plugins/Runtime/WindowsMoviePlayer/WindowsMoviePlayer.uplugin" 171
"../../../Engine/Plugins/Runtime/WorldConditions/WorldConditions.uplugin" 172
"../../../Engine/Plugins/Runtime/ZoneGraphAnnotations/ZoneGraphAnnotations.uplugin" 173
"../../../Engine/Plugins/Runtime/XRBase/XRBase.uplugin" 174
"../../../Engine/Plugins/Editor/CurveEditorTools/CurveEditorTools.uplugin" 175
"../../../Engine/Plugins/Editor/CryptoKeys/CryptoKeys.uplugin" 176
"../../../Engine/Plugins/Runtime/ZoneGraph/ZoneGraph.uplugin" 177
"../../../Engine/Plugins/Editor/ChangelistReview/ChangelistReview.uplugin" 178
"../../../Engine/Plugins/Editor/EditorPerformanceModule/EditorPerformanceModule.uplugin" 179
"../../../Engine/Plugins/Editor/EditorDebugTools/EditorDebugTools.uplugin" 180
"../../../Engine/Plugins/Editor/BlueprintHeaderView/BlueprintHeaderView.uplugin" 181
"../../../Engine/Plugins/Editor/EditorScriptingUtilities/EditorScriptingUtilities.uplugin" 182
"../../../Engine/Plugins/Editor/FacialAnimation/FacialAnimation.uplugin" 183
"../../../Engine/Plugins/Editor/EditorSysConfigAssistant/EditorSysConfigAssistant.uplugin" 184
"../../../Engine/Plugins/Editor/EngineAssetDefinitions/EngineAssetDefinitions.uplugin" 185
"../../../Engine/Plugins/Editor/GuidedTutorials/GuidedTutorials.uplugin" 186
"../../../Engine/Plugins/Editor/GeometryMode/GeometryMode.uplugin" 187
"../../../Engine/Plugins/Editor/MakeCookedEditorAsDLC/MakeCookedEditorAsDLC.uplugin" 188
"../../../Engine/Plugins/Editor/DisplayClusterLaunch/DisplayClusterLaunch.uplugin" 189
"../../../Engine/Plugins/Editor/MaterialAnalyzer/MaterialAnalyzer.uplugin" 190
"../../../Engine/Plugins/Editor/LiveUpdateForSlate/LiveUpdateForSlate.uplugin" 191
"../../../Engine/Plugins/Editor/ModelingToolsEditorMode/ModelingToolsEditorMode.uplugin" 192
"../../../Engine/Plugins/Editor/MobileLauncherProfileWizard/MobileLauncherProfileWizard.uplugin" 193
"../../../Engine/Plugins/Editor/MacGraphicsSwitching/MacGraphicsSwitching.uplugin" 194
"../../../Engine/Plugins/Editor/PluginBrowser/PluginBrowser.uplugin" 195
"../../../Engine/Plugins/Messaging/MessagingDebugger/MessagingDebugger.uplugin" 196
"../../../Engine/Plugins/Messaging/UdpMessaging/UdpMessaging.uplugin" 197
"../../../Engine/Plugins/Editor/MeshLODToolset/MeshLODToolset.uplugin" 198
"../../../Engine/Plugins/Slate/SlateInsights/SlateInsights.uplugin" 199
"../../../Engine/Plugins/Slate/SlateScripting/SlateScripting.uplugin" 200
"../../../Engine/Plugins/Experimental/AbilitySystemGameFeatureActions/AbilitySystemGameFeatureActions.uplugin" 201
"../../../Engine/Plugins/Editor/ProxyLODPlugin/ProxyLODPlugin.uplugin" 202
"../../../Engine/Plugins/Experimental/ActorModifierCore/ActorModifierCore.uplugin" 203
"../../../Engine/Plugins/Editor/SampleToolsEditorMode/SampleToolsEditorMode.uplugin" 204
"../../../Engine/Plugins/Experimental/ActorPalette/ActorPalette.uplugin" 205
"../../../Engine/Plugins/Editor/SequencerAnimTools/SequencerAnimTools.uplugin" 206
"../../../Engine/Plugins/Runtime/MsQuic/MsQuic.uplugin" 207
"../../../Engine/Plugins/Editor/ScriptableToolsEditorMode/ScriptableToolsEditorMode.uplugin" 208
"../../../Engine/Plugins/Editor/SpeedTreeImporter/SpeedTreeImporter.uplugin" 209
"../../../Engine/Plugins/Editor/StylusInput/StylusInput.uplugin" 210
"../../../Engine/Plugins/Editor/WaveformEditor/WaveformEditor.uplugin" 211
"../../../Engine/Plugins/Experimental/AnimNext/AnimNext.uplugin" 212
"../../../Engine/Plugins/Experimental/AdvancedRenamer/AdvancedRenamer.uplugin" 213
"../../../Engine/Plugins/Editor/GameplayTagsEditor/GameplayTagsEditor.uplugin" 214
"../../../Engine/Plugins/Experimental/AppleVision/AppleVision.uplugin" 215
"../../../Engine/Plugins/Experimental/AutomationUtils/AutomationUtils.uplugin" 216
"../../../Engine/Plugins/Experimental/Avalanche/Avalanche.uplugin" 217
"../../../Engine/Plugins/Experimental/BackChannel/BackChannel.uplugin" 218
"../../../Engine/Plugins/Experimental/BlueprintStats/BlueprintStats.uplugin" 219
"../../../Engine/Plugins/Editor/UVEditor/UVEditor.uplugin" 220
"../../../Engine/Plugins/Experimental/Buoyancy/Buoyancy.uplugin" 221
"../../../Engine/Plugins/Editor/StaticMeshEditorModeling/StaticMeshEditorModeling.uplugin" 222
"../../../Engine/Plugins/Experimental/ChaosClothEditor/ChaosClothEditor.uplugin" 223
"../../../Engine/Plugins/Experimental/BlueprintSnapNodes/BlueprintSnapNodes.uplugin" 224
"../../../Engine/Plugins/Experimental/AnimToTexture/AnimToTexture.uplugin" 225
"../../../Engine/Plugins/Experimental/ChaosCachingUSD/ChaosCachingUSD.uplugin" 226
"../../../Engine/Plugins/Experimental/ChaosFlesh/ChaosFlesh.uplugin" 227
"../../../Engine/Plugins/Experimental/ChaosEditor/ChaosEditor.uplugin" 228
"../../../Engine/Plugins/Experimental/ChaosCaching/ChaosCaching.uplugin" 229
"../../../Engine/Plugins/Experimental/ChaosNiagara/ChaosNiagara.uplugin" 230
"../../../Engine/Plugins/Experimental/ChaosSolverPlugin/ChaosSolverPlugin.uplugin" 231
"../../../Engine/Plugins/Experimental/ChaosModularVehicle/ChaosModularVehicle.uplugin" 232
"../../../Engine/Plugins/Experimental/ChaosVehiclesPlugin/ChaosVehiclesPlugin.uplugin" 233
"../../../Engine/Plugins/Experimental/CharacterAI/CharacterAI.uplugin" 234
"../../../Engine/Plugins/Runtime/NetworkPredictionInsights/NetworkPredictionInsights.uplugin" 235
"../../../Engine/Plugins/Experimental/CineCameraSceneCapture/CineCameraSceneCapture.uplugin" 236
"../../../Engine/Plugins/Experimental/ColorCorrectRegions/ColorCorrectRegions.uplugin" 237
"../../../Engine/Plugins/Experimental/CinematicPrestreaming/CinematicPrestreaming.uplugin" 238
"../../../Engine/Plugins/Experimental/CodeView/CodeView.uplugin" 239
"../../../Engine/Plugins/Experimental/CommonConversation/CommonConversation.uplugin" 240
"../../../Engine/Plugins/Experimental/ClonerEffector/ClonerEffector.uplugin" 241
"../../../Engine/Plugins/Messaging/TcpMessaging/TcpMessaging.uplugin" 242
"../../../Engine/Plugins/Experimental/DatasmithCloTranslator/DatasmithCloTranslator.uplugin" 243
"../../../Engine/Plugins/Editor/WorldPartitionHLODUtilities/WorldPartitionHLODUtilities.uplugin" 244
"../../../Engine/Plugins/Experimental/CineCameraRigs/CineCameraRigs.uplugin" 245
"../../../Engine/Plugins/Experimental/DefaultInstallBundleManager/DefaultInstallBundleManager.uplugin" 246
"../../../Engine/Plugins/Experimental/DynamicMaterial/DynamicMaterial.uplugin" 247
"../../../Engine/Plugins/Experimental/ControlFlows/ControlFlows.uplugin" 248
"../../../Engine/Plugins/Experimental/CodeEditor/CodeEditor.uplugin" 249
"../../../Engine/Plugins/Experimental/FloatingProperties/FloatingProperties.uplugin" 250
"../../../Engine/Plugins/Experimental/Dataflow/Dataflow.uplugin" 251
"../../../Engine/Plugins/Experimental/FullBodyIK/FullBodyIK.uplugin" 252
"../../../Engine/Plugins/Experimental/Fracture/Fracture.uplugin" 253
"../../../Engine/Plugins/Experimental/GameplayBehaviors/GameplayBehaviors.uplugin" 254
"../../../Engine/Plugins/Experimental/GeometryCacheAbcFile/GeometryCacheAbcFile.uplugin" 255
"../../../Engine/Plugins/Experimental/Gauntlet/Gauntlet.uplugin" 256
"../../../Engine/Plugins/Experimental/GameplayTargetingSystem/TargetingSystem.uplugin" 257
"../../../Engine/Plugins/Experimental/ChaosUserDataPT/ChaosUserDataPT.uplugin" 258
"../../../Engine/Plugins/Experimental/GeometryMask/GeometryMask.uplugin" 259
"../../../Engine/Plugins/Experimental/FieldSystemPlugin/FieldSystemPlugin.uplugin" 260
"../../../Engine/Plugins/Experimental/GameInputWindows/GameInputWindows.uplugin" 261
"../../../Engine/Plugins/Experimental/GeometryFlow/GeometryFlow.uplugin" 262
"../../../Engine/Plugins/Experimental/GizmoEdMode/GizmoEdMode.uplugin" 263
"../../../Engine/Plugins/Experimental/GameplayGraph/GameplayGraph.uplugin" 264
"../../../Engine/Plugins/Experimental/HairCardGenerator/HairCardGenerator.uplugin" 265
"../../../Engine/Plugins/Experimental/GizmoFramework/GizmoFramework.uplugin" 266
"../../../Engine/Plugins/Experimental/InstanceDataObjectFixupTool/InstanceDataObjectFixupTool.uplugin" 267
"../../../Engine/Plugins/Experimental/Iris/Iris.uplugin" 268
"../../../Engine/Plugins/Experimental/GPULightmass/GPULightmass.uplugin" 269
"../../../Engine/Plugins/Experimental/ImpostorBaker/ImpostorBaker.uplugin" 270
"../../../Engine/Plugins/Experimental/Landmass/Landmass.uplugin" 271
"../../../Engine/Plugins/Experimental/LearningAgents/LearningAgents.uplugin" 272
"../../../Engine/Plugins/Experimental/LiveLinkControlRig/LiveLinkControlRig.uplugin" 273
"../../../Engine/Plugins/Experimental/ImagePlate/ImagePlate.uplugin" 274
"../../../Engine/Plugins/Experimental/LandscapePatch/LandscapePatch.uplugin" 275
"../../../Engine/Plugins/Experimental/LocalizableMessage/LocalizableMessage.uplugin" 276
"../../../Engine/Plugins/Experimental/LiveLinkFaceImporter/LiveLinkFaceImporter.uplugin" 277
"../../../Engine/Plugins/Experimental/Chooser/Chooser.uplugin" 278
"../../../Engine/Plugins/Experimental/MeshModelingToolsetExp/MeshModelingToolsetExp.uplugin" 279
"../../../Engine/Plugins/Experimental/HairModelingToolset/HairModelingToolset.uplugin" 280
"../../../Engine/Plugins/Experimental/MotoSynth/MotoSynth.uplugin" 281
"../../../Engine/Plugins/Experimental/MoverExamples/MoverExamples.uplugin" 282
"../../../Engine/Plugins/Experimental/Mutable/Mutable.uplugin" 283
"../../../Engine/Plugins/Experimental/MoverTests/MoverTests.uplugin" 284
"../../../Engine/Plugins/Experimental/CustomDetailsView/CustomDetailsView.uplugin" 285
"../../../Engine/Plugins/Experimental/NeuralRendering/NeuralRendering.uplugin" 286
"../../../Engine/Plugins/Experimental/NNEDenoiser/NNEDenoiser.uplugin" 287
"../../../Engine/Plugins/Experimental/NNERuntimeBasicCpu/NNERuntimeBasicCpu.uplugin" 288
"../../../Engine/Plugins/Experimental/NNERuntimeRDG/NNERuntimeRDG.uplugin" 289
"../../../Engine/Plugins/Experimental/NNERuntimeIREE/NNERuntimeIREE.uplugin" 290
"../../../Engine/Plugins/Experimental/OperatorStack/OperatorStack.uplugin" 291
"../../../Engine/Plugins/Experimental/PanoramicCapture/PanoramicCapture.uplugin" 292
"../../../Engine/Plugins/Experimental/PCGBiomeSample/PCGBiomeSample.uplugin" 293
"../../../Engine/Plugins/Experimental/NaniteDisplacedMesh/NaniteDisplacedMesh.uplugin" 294
"../../../Engine/Plugins/Experimental/Mover/Mover.uplugin" 295
"../../../Engine/Plugins/Experimental/PCGBiomeCore/PCGBiomeCore.uplugin" 296
"../../../Engine/Plugins/Experimental/OptiXDenoise/OptiXDenoise.uplugin" 297
"../../../Engine/Plugins/Experimental/PlatformCrypto/PlatformCrypto.uplugin" 298
"../../../Engine/Plugins/Experimental/PhysicsControl/PhysicsControl.uplugin" 299
"../../../Engine/Plugins/Experimental/OpenImageDenoise/OpenImageDenoise.uplugin" 300
"../../../Engine/Plugins/Experimental/PlanarCutPlugin/PlanarCut.uplugin" 301
"../../../Engine/Plugins/Experimental/PluginAudit/PluginAudit.uplugin" 302
"../../../Engine/Plugins/Experimental/PluginTemplateTool/PluginTemplateTool.uplugin" 303
"../../../Engine/Plugins/Experimental/PluginReferenceViewer/PluginReferenceViewer.uplugin" 304
"../../../Engine/Plugins/Experimental/PostProcessMaterialChainGraph/PostProcessMaterialChainGraph.uplugin" 305
"../../../Engine/Plugins/Experimental/PythonFoundationPackages/PythonFoundationPackages.uplugin" 306
"../../../Engine/Plugins/Experimental/PythonScriptPlugin/PythonScriptPlugin.uplugin" 307
"../../../Engine/Plugins/Experimental/JWT/JWT.uplugin" 308
"../../../Engine/Plugins/Experimental/QuicMessaging/QuicMessaging.uplugin" 309
"../../../Engine/Plugins/Experimental/RawInput/RawInput.uplugin" 310
"../../../Engine/Plugins/Experimental/RemoteSession/RemoteSession.uplugin" 311
"../../../Engine/Plugins/Experimental/RenderGrid/RenderGrid.uplugin" 312
"../../../Engine/Plugins/Experimental/PropertyAnimator/PropertyAnimator.uplugin" 313
"../../../Engine/Plugins/Experimental/RemoteControlComponents/RemoteControlComponents.uplugin" 314
"../../../Engine/Plugins/Experimental/ScreenReader/ScreenReader.uplugin" 315
"../../../Engine/Plugins/Experimental/SerializationUtils/SerializationUtils.uplugin" 316
"../../../Engine/Plugins/Experimental/Shotgrid/Shotgrid.uplugin" 317
"../../../Engine/Plugins/Experimental/SkeletalReduction/SkeletalReduction.uplugin" 318
"../../../Engine/Plugins/Experimental/SlateScreenReader/SlateScreenReader.uplugin" 319
"../../../Engine/Plugins/Experimental/StateGraph/StateGraph.uplugin" 320
"../../../Engine/Plugins/Experimental/PropertyAnimatorCore/PropertyAnimatorCore.uplugin" 321
"../../../Engine/Plugins/Experimental/SecuritySandbox/SecuritySandbox.uplugin" 322
"../../../Engine/Plugins/Experimental/GeometryCollectionPlugin/GeometryCollectionPlugin.uplugin" 323
"../../../Engine/Plugins/Experimental/StormSyncAvalancheBridge/StormSyncAvalancheBridge.uplugin" 324
"../../../Engine/Plugins/Experimental/StudioTelemetry/StudioTelemetry.uplugin" 325
"../../../Engine/Plugins/Experimental/SimpleHMD/SimpleHMD.uplugin" 326
"../../../Engine/Plugins/Experimental/SVGImporter/SVGImporter.uplugin" 327
"../../../Engine/Plugins/Experimental/StructUtils/StructUtils.uplugin" 328
"../../../Engine/Plugins/Experimental/TargetDeviceServicesScripting/TargetDeviceServicesScripting.uplugin" 329
"../../../Engine/Plugins/Experimental/TetMeshing/TetMeshing.uplugin" 330
"../../../Engine/Plugins/Experimental/MotorSimOutputMotoSynth/MotorSimOutputMotoSynth.uplugin" 331
"../../../Engine/Plugins/Experimental/SlateModelViewViewModel/SlateModelViewViewModel.uplugin" 332
"../../../Engine/Plugins/Experimental/TextToSpeech/TextToSpeech.uplugin" 333
"../../../Engine/Plugins/Experimental/TextureMediaPlayer/TextureMediaPlayer.uplugin" 334
"../../../Engine/Plugins/Experimental/ToolPresets/ToolPresets.uplugin" 335
"../../../Engine/Plugins/Experimental/TypedElementDataStorageEditorUI/TypedElementDataStorageEditorUI.uplugin" 336
"../../../Engine/Plugins/Experimental/TypedElementsDataStorage/TypedElementsDataStorage.uplugin" 337
"../../../Engine/Plugins/Experimental/UIFramework/UIFramework.uplugin" 338
"../../../Engine/Plugins/Experimental/VirtualHeightfieldMesh/VirtualHeightfieldMesh.uplugin" 339
"../../../Engine/Plugins/Experimental/UserToolBoxBasicCommand/UserToolBoxBasicCommand.uplugin" 340
"../../../Engine/Plugins/Protocols/MQTT/MQTT.uplugin" 341
"../../../Engine/Plugins/Cameras/CameraShakePreviewer/CameraShakePreviewer.uplugin" 342
"../../../Engine/Plugins/Experimental/VirtualScouting/VirtualScouting.uplugin" 343
"../../../Engine/Plugins/Cameras/GameplayCameras/GameplayCameras.uplugin" 344
"../../../Engine/Plugins/Experimental/VirtualProductionUtilities/VirtualProductionUtilities.uplugin" 345
"../../../Engine/Plugins/Experimental/WaterExtras/WaterExtras.uplugin" 346
"../../../Engine/Plugins/Enterprise/AxFImporter/AxFImporter.uplugin" 347
"../../../Engine/Plugins/Experimental/WebSocketMessaging/WebSocketMessaging.uplugin" 348
"../../../Engine/Plugins/Experimental/XRCreativeFramework/XRCreativeFramework.uplugin" 349
"../../../Engine/Plugins/Experimental/Volumetrics/Volumetrics.uplugin" 350
"../../../Engine/Plugins/Experimental/WaveFunctionCollapse/WaveFunctionCollapse.uplugin" 351
"../../../Engine/Plugins/Enterprise/DataprepEditor/DataprepEditor.uplugin" 352
"../../../Engine/Plugins/Enterprise/DatasmithC4DImporter/DatasmithC4DImporter.uplugin" 353
"../../../Engine/Plugins/Enterprise/DatasmithContent/DatasmithContent.uplugin" 354
"../../../Engine/Plugins/Enterprise/DatasmithCADImporter/DatasmithCADImporter.uplugin" 355
"../../../Engine/Plugins/MovieScene/ActorSequence/ActorSequence.uplugin" 356
"../../../Engine/Plugins/Enterprise/DatasmithFBXImporter/DatasmithFBXImporter.uplugin" 357
"../../../Engine/Plugins/Experimental/SurfaceEffects/SurfaceEffects.uplugin" 358
"../../../Engine/Plugins/Enterprise/LidarPointCloud/LidarPointCloud.uplugin" 359
"../../../Engine/Plugins/Experimental/WebSocketNetworking/WebSocketNetworking.uplugin" 360
"../../../Engine/Plugins/Enterprise/DatasmithImporter/DatasmithImporter.uplugin" 361
"../../../Engine/Plugins/Experimental/PCGWaterInterop/PCGWaterInterop.uplugin" 362
"../../../Engine/Plugins/Enterprise/VariantManager/VariantManager.uplugin" 363
"../../../Engine/Plugins/MovieScene/CustomizableSequencerTracks/CustomizableSequencerTracks.uplugin" 364
"../../../Engine/Plugins/Enterprise/MDLImporter/MDLImporter.uplugin" 365
"../../../Engine/Plugins/Experimental/TextureGraph/TextureGraph.uplugin" 366
"../../../Engine/Plugins/MovieScene/MovieSceneTextTrack/MovieSceneTextTrack.uplugin" 367
"../../../Engine/Plugins/Enterprise/VariantManagerContent/VariantManagerContent.uplugin" 368
"../../../Engine/Plugins/MovieScene/LevelSequenceEditor/LevelSequenceEditor.uplugin" 369
"../../../Engine/Plugins/MovieScene/ReplayTracks/ReplayTracks.uplugin" 370
"../../../Engine/Plugins/MovieScene/MovieRenderPipeline/MovieRenderPipeline.uplugin" 371
"../../../Engine/Plugins/MovieScene/MoviePipelineMaskRenderPass/MoviePipelineMaskRenderPass.uplugin" 372
"../../../Engine/Plugins/MovieScene/SequencerScripting/SequencerScripting.uplugin" 373
"../../../Engine/Plugins/Tests/CQTest/CQTest.uplugin" 374
"../../../Engine/Plugins/MovieScene/TemplateSequence/TemplateSequence.uplugin" 375
"../../../Engine/Plugins/Tests/AutomationDriverTests/AutomationDriverTests.uplugin" 376
"../../../Engine/Plugins/FX/CascadeToNiagaraConverter/CascadeToNiagaraConverter.uplugin" 377
"../../../Engine/Plugins/FX/Niagara/Niagara.uplugin" 378
"../../../Engine/Plugins/FX/ExampleCustomDataInterface/ExampleCustomDataInterface.uplugin" 379
"../../../Engine/Plugins/FX/NiagaraFluids/NiagaraFluids.uplugin" 380
"../../../Engine/Plugins/FX/NiagaraSimCaching/NiagaraSimCaching.uplugin" 381
"../../../Engine/Plugins/FX/NiagaraMRQ/NiagaraMRQ.uplugin" 382
"../../../Engine/Plugins/Tests/FbxAutomationTestBuilder/FbxAutomationTestBuilder.uplugin" 383
"../../../Engine/Plugins/Online/EOSShared/EOSShared.uplugin" 384
"../../../Engine/Plugins/Tests/FunctionalTestingEditor/FunctionalTestingEditor.uplugin" 385
"../../../Engine/Plugins/Tests/EditorTests/EditorTests.uplugin" 386
"../../../Engine/Plugins/Tests/PythonAutomationTest/PythonAutomationTest.uplugin" 387
"../../../Engine/Plugins/Experimental/Text3D/Text3D.uplugin" 388
"../../../Engine/Plugins/Tests/InterchangeTests/InterchangeTests.uplugin" 389
"../../../Engine/Plugins/Tests/RHITests/RHITests.uplugin" 390
"../../../Engine/Plugins/Tests/WidgetAutomationTests/WidgetAutomationTests.uplugin" 391
"../../../Engine/Plugins/Tests/TestFramework/TestFramework.uplugin" 392
"../../../Engine/Plugins/Tests/TestSamples/TestSamples.uplugin" 393
"../../../Engine/Plugins/Tests/RuntimeTests/RuntimeTests.uplugin" 394
"../../../Engine/Plugins/Online/OnlineFramework/OnlineFramework.uplugin" 395
"../../../Engine/Plugins/Experimental/StormSync/StormSync.uplugin" 396
"../../../Engine/Plugins/Online/OnlineBase/OnlineBase.uplugin" 397
"../../../Engine/Plugins/Online/EOSOverlayInputProvider/EOSOverlayInputProvider.uplugin" 398
"../../../Engine/Plugins/Online/OnlineServicesEOSGS/OnlineServicesEOSGS.uplugin" 399
"../../../Engine/Plugins/Experimental/PixelStreamingPlayer/PixelStreamingPlayer.uplugin" 400
"../../../Engine/Plugins/Online/OnlineServicesEOS/OnlineServicesEOS.uplugin" 401
"../../../Engine/Plugins/Experimental/Water/Water.uplugin" 402
"../../../Engine/Plugins/Online/OnlineSubsystemApple/OnlineSubsystemApple.uplugin" 403
"../../../Engine/Plugins/Online/OnlineServicesOSSAdapter/OnlineServicesOSSAdapter.uplugin" 404
"../../../Engine/Plugins/Online/OnlineSubsystemAmazon/OnlineSubsystemAmazon.uplugin" 405
"../../../Engine/Plugins/Online/OnlineSubsystem/OnlineSubsystem.uplugin" 406
"../../../Engine/Plugins/Online/OnlineSubsystemFacebook/OnlineSubsystemFacebook.uplugin" 407
"../../../Engine/Plugins/Online/OnlineSubsystemGoogle/OnlineSubsystemGoogle.uplugin" 408
"../../../Engine/Plugins/VirtualProduction/CompositePlane/CompositePlane.uplugin" 409
"../../../Engine/Plugins/Experimental/UserToolBoxCore/UserToolBoxCore.uplugin" 410
"../../../Engine/Plugins/Online/OnlineSubsystemSteam/OnlineSubsystemSteam.uplugin" 411
"../../../Engine/Plugins/Enterprise/GLTFExporter/GLTFExporter.uplugin" 412
"../../../Engine/Plugins/VirtualProduction/CameraCalibration/CameraCalibration.uplugin" 413
"../../../Engine/Plugins/VirtualProduction/CameraCalibrationCore/CameraCalibrationCore.uplugin" 414
"../../../Engine/Plugins/VirtualProduction/DataCharts/DataCharts.uplugin" 415
"../../../Engine/Plugins/Online/OnlineSubsystemTencent/OnlineSubsystemTencent.uplugin" 416
"../../../Engine/Plugins/Online/OnlineServicesNull/OnlineServicesNull.uplugin" 417
"../../../Engine/Plugins/Online/OnlineSubsystemUtils/OnlineSubsystemUtils.uplugin" 418
"../../../Engine/Plugins/Online/SocketSubsystemEOS/SocketSubsystemEOS.uplugin" 419
"../../../Engine/Plugins/Online/WebAuth/WebAuth.uplugin" 420
"../../../Engine/Plugins/Online/OnlineSubsystemEOS/OnlineSubsystemEOS.uplugin" 421
"../../../Engine/Plugins/VirtualProduction/EpicStageApp/EpicStageApp.uplugin" 422
"../../../Engine/Plugins/Online/OnlineSubsystemOculus/OnlineSubsystemOculus.uplugin" 423
"../../../Engine/Plugins/VirtualProduction/LensComponent/LensComponent.uplugin" 424
"../../../Engine/Plugins/VirtualProduction/LevelSnapshots/LevelSnapshots.uplugin" 425
"../../../Engine/Plugins/Online/OnlineServices/OnlineServices.uplugin" 426
"../../../Engine/Plugins/VirtualProduction/LiveLinkFreeD/LiveLinkFreeD.uplugin" 427
"../../../Engine/Plugins/VirtualProduction/LiveLinkInputDevice/LiveLinkInputDevice.uplugin" 428
"../../../Engine/Plugins/VirtualProduction/LiveLinkCamera/LiveLinkCamera.uplugin" 429
"../../../Engine/Plugins/Experimental/WidgetEditorToolPalette/WidgetEditorToolPalette.uplugin" 430
"../../../Engine/Plugins/VirtualProduction/LiveLinkMasterLockit/LiveLinkMasterLockit.uplugin" 431
"../../../Engine/Plugins/Online/OnlineSubsystemNull/OnlineSubsystemNull.uplugin" 432
"../../../Engine/Plugins/VirtualProduction/LiveLinkPrestonMDR/LiveLinkPrestonMDR.uplugin" 433
"../../../Engine/Plugins/VirtualProduction/MultiUserTakes/MultiUserTakes.uplugin" 434
"../../../Engine/Plugins/VirtualProduction/LiveLinkVRPN/LiveLinkVRPN.uplugin" 435
"../../../Engine/Plugins/VirtualProduction/LiveLinkXR/LiveLinkXR.uplugin" 436
"../../../Engine/Plugins/VirtualProduction/RemoteControlInterception/RemoteControlInterception.uplugin" 437
"../../../Engine/Plugins/VirtualProduction/RemoteControl/RemoteControl.uplugin" 438
"../../../Engine/Plugins/VirtualProduction/RemoteControlProtocolDMX/RemoteControlProtocolDMX.uplugin" 439
"../../../Engine/Plugins/Interchange/Runtime/Interchange.uplugin" 440
"../../../Engine/Plugins/NetcodeUnitTest/NUTUnrealEngine/NUTUnrealEngine.uplugin" 441
"../../../Engine/Plugins/Interchange/Editor/InterchangeEditor.uplugin" 442
"../../../Engine/Plugins/Compositing/Composure/Composure.uplugin" 443
"../../../Engine/Plugins/Compositing/LensDistortion/LensDistortion.uplugin" 444
"../../../Engine/Plugins/Portal/LauncherChunkInstaller/LauncherChunkInstaller.uplugin" 445
"../../../Engine/Plugins/Compositing/OpenCVLensDistortion/OpenCVLensDistortion.uplugin" 446
"../../../Engine/Plugins/VirtualProduction/RemoteControlProtocolMIDI/RemoteControlProtocolMIDI.uplugin" 447
"../../../Engine/Plugins/Compositing/OpenColorIO/OpenColorIO.uplugin" 448
"../../../Engine/Plugins/Compression/OodleNetwork/OodleNetwork.uplugin" 449
"../../../Engine/Plugins/VirtualProduction/RemoteControlProtocolOSC/RemoteControlProtocolOSC.uplugin" 450
"../../../Engine/Plugins/VirtualProduction/ICVFXTesting/ICVFXTesting.uplugin" 451
"../../../Engine/Plugins/VirtualProduction/SequencerPlaylists/SequencerPlaylists.uplugin" 452
"../../../Engine/Plugins/Performance/PerformanceMonitor/PerformanceMonitor.uplugin" 453
"../../../Engine/Plugins/Developer/AnimationSharing/AnimationSharing.uplugin" 454
"../../../Engine/Plugins/VirtualProduction/TextureShare/TextureShare.uplugin" 455
"../../../Engine/Plugins/VirtualProduction/VirtualCamera/VirtualCamera.uplugin" 456
"../../../Engine/Plugins/VirtualProduction/Switchboard/Switchboard.uplugin" 457
"../../../Engine/Plugins/VirtualProduction/StageMonitoring/StageMonitoring.uplugin" 458
"../../../Engine/Plugins/Developer/CLionSourceCodeAccess/CLionSourceCodeAccess.uplugin" 459
"../../../Engine/Plugins/VirtualProduction/ICVFX/ICVFX.uplugin" 460
"../../../Engine/Plugins/Developer/BlankPlugin/BlankPlugin.uplugin" 461
"../../../Engine/Plugins/VirtualProduction/LiveLinkLens/LiveLinkLens.uplugin" 462
"../../../Engine/Plugins/NetcodeUnitTest/NetcodeUnitTest/NetcodeUnitTest.uplugin" 463
"../../../Engine/Plugins/Developer/N10XSourceCodeAccess/N10XSourceCodeAccess.uplugin" 464
"../../../Engine/Plugins/Developer/GitSourceControl/GitSourceControl.uplugin" 465
"../../../Engine/Plugins/VirtualProduction/RemoteControlWebInterface/RemoteControlWebInterface.uplugin" 466
"../../../Engine/Plugins/Developer/PixWinPlugin/PixWinPlugin.uplugin" 467
"../../../Engine/Plugins/Developer/NullSourceCodeAccess/NullSourceCodeAccess.uplugin" 468
"../../../Engine/Plugins/Developer/OneSkyLocalizationService/OneSkyLocalizationService.uplugin" 469
"../../../Engine/Plugins/Developer/KDevelopSourceCodeAccess/KDevelopSourceCodeAccess.uplugin" 470
"../../../Engine/Plugins/Developer/PerforceSourceControl/PerforceSourceControl.uplugin" 471
"../../../Engine/Plugins/VirtualProduction/Takes/Takes.uplugin" 472
"../../../Engine/Plugins/Media/AjaMedia/AjaMedia.uplugin" 473
"../../../Engine/Plugins/Media/AndroidCamera/AndroidCamera.uplugin" 474
"../../../Engine/Plugins/Media/AppleProResDecoderElectra/AppleProResDecoderElectra.uplugin" 475
"../../../Engine/Plugins/Developer/PluginUtils/PluginUtils.uplugin" 476
"../../../Engine/Plugins/Developer/PropertyAccessNode/PropertyAccessNode.uplugin" 477
"../../../Engine/Plugins/Media/AndroidMedia/AndroidMedia.uplugin" 478
"../../../Engine/Plugins/Media/AppleProResMedia/AppleProResMedia.uplugin" 479
"../../../Engine/Plugins/Media/AudioCaptureTimecodeProvider/AudioCaptureTimecodeProvider.uplugin" 480
"../../../Engine/Plugins/Developer/DumpGPUServices/DumpGPUServices.uplugin" 481
"../../../Engine/Plugins/Developer/SubversionSourceControl/SubversionSourceControl.uplugin" 482
"../../../Engine/Plugins/Developer/TextureFormatOodle/TextureFormatOodle.uplugin" 483
"../../../Engine/Plugins/Media/AvidDNxMedia/AvidDNxMedia.uplugin" 484
"../../../Engine/Plugins/VirtualProduction/TimedDataMonitor/TimedDataMonitor.uplugin" 485
"../../../Engine/Plugins/Developer/VisualStudioSourceCodeAccess/VisualStudioSourceCodeAccess.uplugin" 486
"../../../Engine/Plugins/Developer/VisualStudioCodeSourceCodeAccess/VisualStudioCodeSourceCodeAccess.uplugin" 487
"../../../Engine/Plugins/Media/BinkMedia/BinkMedia.uplugin" 488
"../../../Engine/Plugins/Developer/XCodeSourceCodeAccess/XCodeSourceCodeAccess.uplugin" 489
"../../../Engine/Plugins/Developer/TraceSourceFiltering/TraceSourceFilters.uplugin" 490
"../../../Engine/Plugins/Media/AvidDNxHDDecoderElectra/AvidDNxHDDecoderElectra.uplugin" 491
"../../../Engine/Plugins/Developer/UObjectPlugin/UObjectPlugin.uplugin" 492
"../../../Engine/Plugins/Media/BlackmagicMedia/BlackmagicMedia.uplugin" 493
"../../../Engine/Plugins/Media/ElectraCodecs/ElectraCodecs.uplugin" 494
"../../../Engine/Plugins/Developer/RiderSourceCodeAccess/RiderSourceCodeAccess.uplugin" 495
"../../../Engine/Plugins/Developer/XcodeGPUDebuggerPlugin/XcodeGPUDebuggerPlugin.uplugin" 496
"../../../Engine/Plugins/Media/ElectraPlayer/ElectraPlayer.uplugin" 497
"../../../Engine/Plugins/Media/ElectraCDM/ElectraCDM.uplugin" 498
"../../../Engine/Plugins/Media/ElectraUtil/ElectraUtil.uplugin" 499
"../../../Engine/Plugins/Developer/RenderDocPlugin/RenderDocPlugin.uplugin" 500
"../../../Engine/Plugins/Media/ElectraSubtitles/ElectraSubtitles.uplugin" 501
"../../../Engine/Plugins/Media/HAPMedia/HAPMedia.uplugin" 502
"../../../Engine/Plugins/Media/HAPDecoderElectra/HAPDecoderElectra.uplugin" 503
"../../../Engine/Plugins/Media/AvfMedia/AvfMedia.uplugin" 504
"../../../Engine/Plugins/VirtualProduction/VirtualCameraCore/VirtualCameraCore.uplugin" 505
"../../../Engine/Plugins/Media/MediaFrameworkUtilities/MediaFrameworkUtilities.uplugin" 506
"../../../Engine/Plugins/Media/MediaMovieStreamer/MediaMovieStreamer.uplugin" 507
"../../../Engine/Plugins/Developer/CodeLiteSourceCodeAccess/CodeLiteSourceCodeAccess.uplugin" 508
"../../../Engine/Plugins/Media/MediaPlate/MediaPlate.uplugin" 509
"../../../Engine/Plugins/Media/HardwareEncoders/HardwareEncoders.uplugin" 510
"../../../Engine/Plugins/NNE/NNERuntimeORT/NNERuntimeORT.uplugin" 511
"../../../Engine/Plugins/Media/MediaPlayerEditor/MediaPlayerEditor.uplugin" 512
"../../../Engine/Plugins/Media/MfMedia/MfMedia.uplugin" 513
"../../../Engine/Plugins/Media/ImgMedia/ImgMedia.uplugin" 514
"../../../Engine/Plugins/Media/PixelStreaming/PixelStreaming.uplugin" 515
"../../../Engine/Plugins/Media/PixelCapture/PixelCapture.uplugin" 516
"../../../Engine/Plugins/Media/WebMMedia/WebMMedia.uplugin" 517
"../../../Engine/Plugins/Developer/TraceDataFiltering/TraceDataFilters.uplugin" 518
"../../../Engine/Plugins/Media/OpusDecoderElectra/OpusDecoderElectra.uplugin" 519
"../../../Engine/Plugins/Media/WmfMedia/WmfMedia.uplugin" 520
"../../../Engine/Plugins/Runtime/MeshReconstruction/DummyMeshReconstructor/DummyMeshReconstructor.uplugin" 521
"../../../Engine/Plugins/Experimental/Web/WebAPI/WebAPI.uplugin" 522
"../../../Engine/Plugins/Experimental/VirtualProduction/VPRoles/VPRoles.uplugin" 523
"../../../Engine/Plugins/Experimental/VirtualProduction/VPSettings/VPSettings.uplugin" 524
"../../../Engine/Plugins/Media/MediaIOFramework/MediaIOFramework.uplugin" 525
"../../../Engine/Plugins/Runtime/XR/XRVisualization/XRVisualization.uplugin" 526
"../../../Engine/Plugins/Online/VoiceChat/EOSVoiceChat/EOSVoiceChat.uplugin" 527
"../../../Engine/Plugins/Media/TimecodeSynchronizer/TimecodeSynchronizer.uplugin" 528
"../../../Engine/Plugins/Media/VPxDecoderElectra/VPxDecoderElectra.uplugin" 529
"../../../Engine/Plugins/Developer/PlasticSourceControl/PlasticSourceControl.uplugin" 530
"../../../Engine/Plugins/Runtime/XR/XRScribe/XRScribe.uplugin" 531
"../../../Engine/Plugins/Marketplace/Developer/RiderLink/RiderLink.uplugin" 532
"../../../Engine/Plugins/Media/MediaCompositing/MediaCompositing.uplugin" 533
"../../../Engine/Plugins/Media/LinearTimecode/LinearTimecode.uplugin" 534
"../../../Engine/Plugins/Editor/ContentBrowser/ContentBrowserAssetDataSource/ContentBrowserAssetDataSource.uplugin" 535
"../../../Engine/Plugins/Experimental/Animation/ContextualAnimation/ContextualAnimation.uplugin" 536
"../../../Engine/Plugins/Experimental/VirtualProduction/LedWallCalibration/LedWallCalibration.uplugin" 537
"../../../Engine/Plugins/Experimental/CharacterFXEditor/ExampleCharacterFXEditor/ExampleCharacterFXEditor.uplugin" 538
"../../../Engine/Plugins/Experimental/CharacterFXEditor/BaseCharacterFXEditor/BaseCharacterFXEditor.uplugin" 539
"../../../Engine/Plugins/Experimental/MetaHuman/MetaHumanProjectUtilities/MetaHumanProjectUtilities.uplugin" 540
"../../../Engine/Plugins/Runtime/Advertising/IOSTapJoy/IOSTapJoy.uplugin" 541
"../../../Engine/Plugins/Experimental/Animation/MotionTrajectory/MotionTrajectory.uplugin" 542
"../../../Engine/Plugins/Editor/Localization/PortableObjectFileDataSource/PortableObjectFileDataSource.uplugin" 543
"../../../Engine/Plugins/Experimental/Animation/Optimus/Optimus.uplugin" 544
"../../../Engine/Plugins/Experimental/Animation/CurveExpression/CurveExpression.uplugin" 545
"../../../Engine/Plugins/Editor/ContentBrowser/ContentBrowserFileDataSource/ContentBrowserFileDataSource.uplugin" 546
"../../../Engine/Plugins/Experimental/Animation/SkeletalMeshModelingTools/SkeletalMeshModelingTools.uplugin" 547
"../../../Engine/Plugins/Editor/ContentBrowser/ContentBrowserClassDataSource/ContentBrowserClassDataSource.uplugin" 548
"../../../Engine/Plugins/Runtime/Database/DatabaseSupport/DatabaseSupport.uplugin" 549
"../../../Engine/Plugins/Runtime/Analytics/AnalyticsMulticast/AnalyticsMulticast.uplugin" 550
"../../../Engine/Plugins/Runtime/Analytics/Adjust/Adjust.uplugin" 551
"../../../Engine/Plugins/2D/Paper2D/Paper2D.uplugin" 552
"../../../Engine/Plugins/Runtime/Analytics/Flurry/Flurry.uplugin" 553
"../../../Engine/Plugins/Experimental/Enterprise/DatasmithInterchange/DatasmithInterchange.uplugin" 554
"../../../Engine/Plugins/Runtime/Database/ADOSupport/ADOSupport.uplugin" 555
"../../../Engine/Plugins/Experimental/AVCodecs/AMFCodecs/AMFCodecs.uplugin" 556
"../../../Engine/Plugins/Experimental/Enterprise/DatasmithRuntime/DatasmithRuntime.uplugin" 557
"../../../Engine/Plugins/Runtime/Database/SQLiteCore/SQLiteCore.uplugin" 558
"../../../Engine/Plugins/Online/IOS/OnlineSubsystemIOS/OnlineSubsystemIOS.uplugin" 559
"../../../Engine/Plugins/Runtime/Database/SQLiteSupport/SQLiteSupport.uplugin" 560
"../../../Engine/Plugins/Experimental/Enterprise/DataprepGeometryOperations/DataprepGeometryOperations.uplugin" 561
"../../../Engine/Plugins/Experimental/AVCodecs/AVCodecsCore/AVCodecsCore.uplugin" 562
"../../../Engine/Plugins/Experimental/AVCodecs/NVCodecs/NVCodecs.uplugin" 563
"../../../Engine/Plugins/Experimental/AVCodecs/WMFCodecs/WMFCodecs.uplugin" 564
"../../../Engine/Plugins/Online/VoiceChat/VoiceChat/VoiceChat.uplugin" 565
"../../../Engine/Plugins/Runtime/PacketHandlers/AESGCMHandlerComponent/AESGCMHandlerComponent.uplugin" 566
"../../../Engine/Plugins/Experimental/AVCodecs/VTCodecs/VTCodecs.uplugin" 567
"../../../Engine/Plugins/Runtime/Database/RemoteDatabaseSupport/RemoteDatabaseSupport.uplugin" 568
"../../../Engine/Plugins/Editor/ObjectMixer/LightMixer/LightMixer.uplugin" 569
"../../../Engine/Plugins/Runtime/Analytics/AnalyticsBlueprintLibrary/AnalyticsBlueprintLibrary.uplugin" 570
"../../../Engine/Plugins/Runtime/Analytics/FileLogging/FileLogging.uplugin" 571
"../../../Engine/Plugins/Runtime/AR/AzureSpatialAnchorsForARKit/AzureSpatialAnchorsForARKit.uplugin" 572
"../../../Engine/Plugins/Runtime/AR/AzureSpatialAnchorsForARCore/AzureSpatialAnchorsForARCore.uplugin" 573
"../../../Engine/Plugins/Runtime/AR/ARUtilities/ARUtilities.uplugin" 574
"../../../Engine/Plugins/Editor/ObjectMixer/ObjectMixer/ObjectMixer.uplugin" 575
"../../../Engine/Plugins/Runtime/Steam/SteamAudio/SteamAudio.uplugin" 576
"../../../Engine/Plugins/Runtime/PacketHandlers/DTLSHandlerComponent/DTLSHandlerComponent.uplugin" 577
"../../../Engine/Plugins/Online/Android/AndroidFetchBackgroundDownload/AndroidFetchBackgroundDownload.uplugin" 578
"../../../Engine/Plugins/Online/Android/OnlineSubsystemGooglePlay/OnlineSubsystemGooglePlay.uplugin" 579
"../../../Engine/Plugins/Runtime/Steam/SteamController/SteamController.uplugin" 580
"../../../Engine/Plugins/Animation/MLDeformer/ChaosClothGenerator/ChaosClothGenerator.uplugin" 581
"../../../Engine/Plugins/VirtualProduction/Rivermax/RivermaxCore/RivermaxCore.uplugin" 582
"../../../Engine/Plugins/Runtime/Steam/SteamSockets/SteamSockets.uplugin" 583
"../../../Engine/Plugins/Runtime/Steam/SteamShared/SteamShared.uplugin" 584
"../../../Engine/Plugins/Animation/MLDeformer/MLDeformerFramework/MLDeformerFramework.uplugin" 585
"../../../Engine/Plugins/Runtime/Nvidia/Reflex/Reflex.uplugin" 586
"../../../Engine/Plugins/Runtime/Windows/WinDualShock/WinDualShock.uplugin" 587
"../../../Engine/Plugins/Runtime/Nvidia/GeForceNOWWrapper/GeForceNOWWrapper.uplugin" 588
"../../../Engine/Plugins/Runtime/Windows/XInputDevice/XInputDevice.uplugin" 589
"../../../Engine/Plugins/Animation/MLDeformer/NeuralMorphModel/NeuralMorphModel.uplugin" 590
"../../../Engine/Plugins/Animation/MLDeformer/NearestNeighborModel/NearestNeighborModel.uplugin" 591
"../../../Engine/Plugins/Animation/MLDeformer/VertexDeltaModel/VertexDeltaModel.uplugin" 592
"../../../Engine/Plugins/Developer/Concert/ConcertMain/ConcertMain.uplugin" 593
"../../../Engine/Plugins/VirtualProduction/DMX/DMXDisplayCluster/DMXDisplayCluster.uplugin" 594
"../../../Engine/Plugins/VirtualProduction/DMX/DMXControlConsole/DMXControlConsole.uplugin" 595
"../../../Engine/Plugins/VirtualProduction/DMX/DMXFixtures/DMXFixtures.uplugin" 596
"../../../Engine/Plugins/VirtualProduction/DMX/DMXModularFeatures/DMXModularFeatures.uplugin" 597
"../../../Engine/Plugins/VirtualProduction/DMX/DMXEngine/DMXEngine.uplugin" 598
"../../../Engine/Plugins/VirtualProduction/DMX/DMXPixelMapping/DMXPixelMapping.uplugin" 599
"../../../Engine/Plugins/VirtualProduction/DMX/DMXProtocol/DMXProtocol.uplugin" 600
"../../../Engine/Plugins/Runtime/AR/Google/GoogleARCore/GoogleARCore.uplugin" 601
"../../../Engine/Plugins/Runtime/AR/Google/GoogleARCoreServices/GoogleARCoreServices.uplugin" 602
"../../../Engine/Plugins/Developer/Concert/ConcertApp/MultiUserServer/MultiUserServer.uplugin" 603
"../../../Engine/Plugins/Editor/ContentBrowser/ContentBrowserAliasDataSoure/ContentBrowserAliasDataSource.uplugin" 604
"../../../Engine/Plugins/Developer/Concert/ConcertApp/MultiUserClient/MultiUserClient.uplugin" 605
"../../../Engine/Plugins/Runtime/AR/AzureSpatialAnchors/AzureSpatialAnchors.uplugin" 606
"../../../Engine/Plugins/Developer/Concert/ConcertSync/ConcertSyncCore/ConcertSyncCore.uplugin" 607
"../../../Engine/Plugins/Developer/Concert/ConcertSync/ConcertSyncServer/ConcertSyncServer.uplugin" 608
"../../../Engine/Plugins/Runtime/PacketHandlers/AESHandlerComponent/AESHandlerComponent.uplugin" 609
"../../../Engine/Plugins/Developer/Concert/ConcertScripting/ConcertReplicationScripting/ConcertReplicationScripting.uplugin" 610
"../../../Engine/Plugins/Runtime/AR/AppleAR/AppleARKitFaceSupport/AppleARKitFaceSupport.uplugin" 611
"../../../Engine/Plugins/Developer/Concert/ConcertSync/ConcertSyncTest/ConcertSyncTest.uplugin" 612
"../../../Engine/Plugins/VirtualProduction/Rivermax/RivermaxMedia/RivermaxMedia.uplugin" 613
"../../../Engine/Plugins/Developer/Concert/ConcertUI/ConcertSharedSlate/ConcertSharedSlate.uplugin" 614
"../../../Engine/Plugins/Developer/Concert/ConcertUI/ConcertClientSharedSlate/ConcertClientSharedSlate.uplugin" 615
"../../../Engine/Plugins/Developer/Concert/ConcertSync/ConcertSyncClient/ConcertSyncClient.uplugin" 616
"../../../Engine/Plugins/VirtualProduction/DMX/DatasmithMVR/DatasmithMVR.uplugin" 617
"../../../Engine/Plugins/Runtime/AR/AppleAR/AppleARKit/AppleARKit.uplugin" 618
"../../../Engine/Plugins/VirtualProduction/Rivermax/RivermaxSync/RivermaxSync.uplugin" 619
"../../../Engine/Plugins/Developer/Concert/ConcertApp/DisasterRecoveryClient/DisasterRecoveryClient.uplugin" 620
"../../../Engine/Platforms/VisionOS/Plugins/Compression/OodleNetwork/OodleNetwork_VisionOS.uplugin" 621
"../../../Engine/Platforms/VisionOS/Plugins/Runtime/OpenXRHandTracking/OpenXRHandTracking_VisionOS.uplugin" 622
"../../../Engine/Platforms/VisionOS/Plugins/Runtime/OpenXR/OpenXR_VisionOS.uplugin" 623
"../../../Engine/Platforms/VisionOS/Plugins/Runtime/OpenXRVisionOS/OpenXRVisionOS.uplugin" 624
"../../../Engine/Content/Internationalization/icudt64l/cnvalias.icu" 625
"../../../Engine/Content/Internationalization/icudt64l/res_index.res" 626
"../../../Engine/Content/Internationalization/icudt64l/plurals.res" 627
"../../../Engine/Content/Internationalization/icudt64l/lang/en.res" 628
"../../../Engine/Content/Internationalization/icudt64l/lang/pool.res" 629
"../../../Engine/Content/Internationalization/icudt64l/lang/root.res" 630
"../../../Engine/Content/Internationalization/icudt64l/region/en.res" 631
"../../../Engine/Content/Internationalization/icudt64l/region/pool.res" 632
"../../../Engine/Content/Internationalization/icudt64l/region/root.res" 633
"../../../Engine/Content/Internationalization/icudt64l/lang/en_GB.res" 634
"../../../Engine/Content/Internationalization/icudt64l/lang/en_001.res" 635
"../../../Engine/Content/Internationalization/icudt64l/region/en_GB.res" 636
"../../../Engine/Content/Internationalization/icudt64l/windowsZones.res" 637
"../../../Engine/Content/Internationalization/icudt64l/zoneinfo64.res" 638
"../../../Engine/Content/Internationalization/icudt64l/keyTypeData.res" 639
"../../../Engine/Content/Internationalization/icudt64l/timezoneTypes.res" 640
"../../../Engine/Content/Internationalization/icudt64l/likelySubtags.res" 641
"../../../Engine/Content/Internationalization/icudt64l/en_GB.res" 642
"../../../Engine/Content/Internationalization/icudt64l/pool.res" 643
"../../../Engine/Content/Internationalization/icudt64l/en_001.res" 644
"../../../Engine/Content/Internationalization/icudt64l/en.res" 645
"../../../Engine/Content/Internationalization/icudt64l/root.res" 646
"../../../Engine/Content/Internationalization/icudt64l/supplementalData.res" 647
"../../../Engine/Config/ConfigRedirects.ini" 648
"C:/Users/Amir sanni/AppData/Local/UnrealEngine/5.4/Saved/Config/WindowsEditor/Manifest.ini" 649
"../../../Engine/Config/BaseEngine.ini" 650
"../../../Engine/Config/Windows/BaseWindowsEngine.ini" 651
"C:/Users/Amir sanni/Desktop/Biplo/Roomba-Biplo-Studio/Config/DefaultEngine.ini" 652
"../../../Engine/Config/Windows/WindowsEngine.ini" 653
"../../../Engine/Config/BaseGame.ini" 654
"C:/Users/Amir sanni/Desktop/Biplo/Roomba-Biplo-Studio/Config/DefaultGame.ini" 655
"../../../Engine/Config/Windows/WindowsGame.ini" 656
"C:/Users/Amir sanni/Desktop/Biplo/Roomba-Biplo-Studio/Saved/Config/WindowsEditor/Game.ini" 657
"../../../Engine/Config/BaseInput.ini" 658
"C:/Users/Amir sanni/Desktop/Biplo/Roomba-Biplo-Studio/Config/DefaultInput.ini" 659
"../../../Engine/Config/Windows/WindowsInput.ini" 660
"../../../Engine/Config/BaseDeviceProfiles.ini" 661
"../../../Engine/Config/BaseGameUserSettings.ini" 662
"C:/Users/Amir sanni/Desktop/Biplo/Roomba-Biplo-Studio/Saved/Config/WindowsEditor/GameUserSettings.ini" 663
"../../../Engine/Config/BaseScalability.ini" 664
"../../../Engine/Config/BaseRuntimeOptions.ini" 665
"../../../Engine/Config/BaseInstallBundle.ini" 666
"../../../Engine/Config/BaseHardware.ini" 667
"../../../Engine/Config/BaseCompat.ini" 668
"../../../Engine/Config/BaseLightmass.ini" 669
"../../../Engine/Config/BaseEditor.ini" 670
"C:/Users/Amir sanni/Desktop/Biplo/Roomba-Biplo-Studio/Config/DefaultEditor.ini" 671
"C:/Users/Amir sanni/Desktop/Biplo/Roomba-Biplo-Studio/Saved/Config/WindowsEditor/Editor.ini" 672
"../../../Engine/Config/BaseEditorPerProjectUserSettings.ini" 673
"C:/Users/Amir sanni/Desktop/Biplo/Roomba-Biplo-Studio/Config/DefaultEditorPerProjectUserSettings.ini" 674
"../../../Engine/Config/Windows/WindowsEditorPerProjectUserSettings.ini" 675
"C:/Users/Amir sanni/Desktop/Biplo/Roomba-Biplo-Studio/Saved/Config/WindowsEditor/EditorPerProjectUserSettings.ini" 676
"../../../Engine/Config/BaseEditorSettings.ini" 677
"C:/Users/Amir sanni/AppData/Local/UnrealEngine/5.4/Saved/Config/WindowsEditor/EditorSettings.ini" 678
"../../../Engine/Config/BaseEditorKeyBindings.ini" 679
"C:/Users/Amir sanni/AppData/Local/UnrealEngine/5.4/Saved/Config/WindowsEditor/EditorLayout.ini" 680
"../../../Engine/Config/Mac/BaseMacEngine.ini" 681
"../../../Engine/Config/IOS/BaseIOSEngine.ini" 682
"../../../Engine/Config/LinuxArm64/BaseLinuxArm64Engine.ini" 683
"../../../Engine/Platforms/VisionOS/Config/BaseVisionOSEngine.ini" 684
"../../../Engine/Config/Unix/UnixEngine.ini" 685
"../../../Engine/Config/Android/BaseAndroidEngine.ini" 686
"C:/Users/Amir sanni/Desktop/Biplo/Roomba-Biplo-Studio/Binaries/Win64/Roomba-Win64-Shipping.target" 687
"../../../Engine/Config/TVOS/TVOSEngine.ini" 688
"../../../Engine/Config/Linux/BaseLinuxEngine.ini" 689
"../../../Engine/Config/LinuxArm64/LinuxArm64Engine.ini" 690
"../../../Engine/Config/Android/AndroidEngine.ini" 691
"../../../Engine/Config/Linux/LinuxEngine.ini" 692
"../../../Engine/Config/IOS/BaseIOSGame.ini" 693
"../../../Engine/Config/Mac/MacGame.ini" 694
"../../../Engine/Config/IOS/IOSGame.ini" 695
"../../../Engine/Config/Mac/BaseMacInput.ini" 696
"../../../Engine/Config/Android/BaseAndroidGame.ini" 697
"C:/Users/Amir sanni/Desktop/Biplo/Roomba-Biplo-Studio/Binaries/Win64/RoombaEditor.target" 698
"../../../Engine/Config/Linux/LinuxGame.ini" 699
"../../../Engine/Config/IOS/IOSScalability.ini" 700
"../../../Engine/Config/Android/AndroidScalability.ini" 701
"../../../Engine/Config/Android/BaseAndroidInstallBundle.ini" 702
"../../../Engine/Config/PluginBase.ini" 703
"../../../Engine/Plugins/ChaosVD/Config/Engine.ini" 704
"../../../Engine/Plugins/EnhancedInput/Config/BaseEnhancedInput.ini" 705
"../../../Engine/Plugins/EnhancedInput/Config/Input.ini" 706
"../../../Engine/Plugins/TraceUtilities/Config/BaseTraceUtilities.ini" 707
"../../../Engine/Plugins/Animation/ControlRig/Config/BaseControlRig.ini" 708
"../../../Engine/Plugins/Animation/IKRig/Config/BaseIKRig.ini" 709
"../../../Engine/Plugins/Runtime/InputDebugging/Config/Input.ini" 710
"../../../Engine/Plugins/Runtime/Metasound/Config/BaseMetasound.ini" 711
"../../../Engine/Plugins/Runtime/Metasound/Config/DefaultMetasound.ini" 712
"../../../Engine/Plugins/Runtime/Synthesis/Config/BaseSynthesis.ini" 713
"../../../Engine/Plugins/Editor/EditorScriptingUtilities/Config/BaseEditorScriptingUtilities.ini" 714
"../../../Engine/Plugins/Editor/WaveformEditor/Config/BaseWaveformEditor.ini" 715
"../../../Engine/Plugins/Experimental/FullBodyIK/Config/BaseFullBodyIK.ini" 716
"../../../Engine/Plugins/Experimental/StructUtils/Config/BaseStructUtils.ini" 717
"../../../Engine/Plugins/Experimental/ToolPresets/Config/BaseToolPresets.ini" 718
"../../../Engine/Plugins/Enterprise/DatasmithContent/Config/BaseDatasmithContent.ini" 719
"../../../Engine/Plugins/Enterprise/GLTFExporter/Config/BaseGLTFExporter.ini" 720
"../../../Engine/Plugins/Enterprise/GLTFExporter/Config/DefaultGLTFExporter.ini" 721
"../../../Engine/Plugins/Enterprise/VariantManagerContent/Config/BaseVariantManagerContent.ini" 722
"../../../Engine/Plugins/FX/Niagara/Config/BaseNiagara.ini" 723
"C:/Users/Amir sanni/Desktop/Biplo/Roomba-Biplo-Studio/Saved/Config/WindowsEditor/Niagara.ini" 724
"../../../Engine/Plugins/FX/NiagaraFluids/Config/BaseNiagaraFluids.ini" 725
"../../../Engine/Plugins/Interchange/Runtime/Config/BaseInterchange.ini" 726
"../../../Engine/Plugins/Developer/TraceDataFiltering/Config/BaseTraceDataFilters.ini" 727
"../../../Engine/Plugins/2D/Paper2D/Config/BasePaper2D.ini" 728
"../../../Engine/Plugins/Editor/ModelingToolsEditorMode/Binaries/Win64/UnrealEditor.modules" 729
"../../../Engine/Plugins/Runtime/MeshModelingToolset/Binaries/Win64/UnrealEditor.modules" 730
"../../../Engine/Plugins/Experimental/MeshModelingToolsetExp/Binaries/Win64/UnrealEditor.modules" 731
"../../../Engine/Plugins/Editor/MeshLODToolset/Binaries/Win64/UnrealEditor.modules" 732
"../../../Engine/Plugins/Experimental/ToolPresets/Binaries/Win64/UnrealEditor.modules" 733
"../../../Engine/Plugins/Runtime/GeometryProcessing/Binaries/Win64/UnrealEditor.modules" 734
"../../../Engine/Plugins/Editor/ProxyLODPlugin/Binaries/Win64/UnrealEditor.modules" 735
"../../../Engine/Plugins/Experimental/PlanarCutPlugin/Binaries/Win64/UnrealEditor.modules" 736
"../../../Engine/Plugins/Experimental/GeometryFlow/Binaries/Win64/UnrealEditor.modules" 737
"../../../Engine/Plugins/Editor/EditorScriptingUtilities/Binaries/Win64/UnrealEditor.modules" 738
"../../../Engine/Plugins/Editor/WaveformEditor/Binaries/Win64/UnrealEditor.modules" 739
"../../../Engine/Plugins/Runtime/AudioSynesthesia/Binaries/Win64/UnrealEditor.modules" 740
"../../../Engine/Plugins/Runtime/AudioWidgets/Binaries/Win64/UnrealEditor.modules" 741
"../../../Engine/Plugins/FX/NiagaraFluids/Binaries/Win64/UnrealEditor.modules" 742
"../../../Engine/Plugins/FX/Niagara/Binaries/Win64/UnrealEditor.modules" 743
"../../../Engine/Plugins/Experimental/PythonScriptPlugin/Binaries/Win64/UnrealEditor.modules" 744
"../../../Engine/Plugins/Editor/ContentBrowser/ContentBrowserFileDataSource/Binaries/Win64/UnrealEditor.modules" 745
"../../../Engine/Plugins/ChaosCloth/Binaries/Win64/UnrealEditor.modules" 746
"../../../Engine/Plugins/Experimental/ChaosCaching/Binaries/Win64/UnrealEditor.modules" 747
"../../../Engine/Plugins/VirtualProduction/Takes/Binaries/Win64/UnrealEditor.modules" 748
"../../../Engine/Plugins/Runtime/AudioCapture/Binaries/Win64/UnrealEditor.modules" 749
"../../../Engine/Plugins/MovieScene/LevelSequenceEditor/Binaries/Win64/UnrealEditor.modules" 750
"../../../Engine/Plugins/MovieScene/SequencerScripting/Binaries/Win64/UnrealEditor.modules" 751
"../../../Engine/Plugins/ChaosVD/Binaries/Win64/UnrealEditor.modules" 752
"../../../Engine/Plugins/CmdLinkServer/Binaries/Win64/UnrealEditor.modules" 753
"../../../Engine/Plugins/EnhancedInput/Binaries/Win64/UnrealEditor.modules" 754
"../../../Engine/Plugins/FastBuildController/Binaries/Win64/UnrealEditor.modules" 755
"../../../Engine/Plugins/MeshPainting/Binaries/Win64/UnrealEditor.modules" 756
"../../../Engine/Plugins/Interchange/Editor/Binaries/Win64/UnrealEditor.modules" 757
"../../../Engine/Plugins/Interchange/Runtime/Binaries/Win64/UnrealEditor.modules" 758
"../../../Engine/Plugins/Enterprise/VariantManagerContent/Binaries/Win64/UnrealEditor.modules" 759
"../../../Engine/Plugins/Enterprise/VariantManager/Binaries/Win64/UnrealEditor.modules" 760
"../../../Engine/Plugins/RenderGraphInsights/Binaries/Win64/UnrealEditor.modules" 761
"../../../Engine/Plugins/TraceUtilities/Binaries/Win64/UnrealEditor.modules" 762
"../../../Engine/Plugins/WorldMetrics/Binaries/Win64/UnrealEditor.modules" 763
"../../../Engine/Plugins/XGEController/Binaries/Win64/UnrealEditor.modules" 764
"../../../Engine/Plugins/AI/AISupport/Binaries/Win64/UnrealEditor.modules" 765
"../../../Engine/Plugins/AI/EnvironmentQueryEditor/Binaries/Win64/UnrealEditor.modules" 766
"../../../Engine/Plugins/Importers/AlembicImporter/Binaries/Win64/UnrealEditor.modules" 767
"../../../Engine/Plugins/Runtime/GeometryCache/Binaries/Win64/UnrealEditor.modules" 768
"../../../Engine/Plugins/Animation/AnimationData/Binaries/Win64/UnrealEditor.modules" 769
"../../../Engine/Plugins/Animation/ControlRig/Binaries/Win64/UnrealEditor.modules" 770
"../../../Engine/Plugins/Runtime/RigVM/Binaries/Win64/UnrealEditor.modules" 771
"../../../Engine/Plugins/Runtime/PropertyAccess/Binaries/Win64/UnrealEditor.modules" 772
"../../../Engine/Plugins/Experimental/StructUtils/Binaries/Win64/UnrealEditor.modules" 773
"../../../Engine/Plugins/Animation/ACLPlugin/Binaries/Win64/UnrealEditor.modules" 774
"../../../Engine/Plugins/Animation/AnimationModifierLibrary/Binaries/Win64/UnrealEditor.modules" 775
"../../../Engine/Plugins/Animation/ControlRigSpline/Binaries/Win64/UnrealEditor.modules" 776
"../../../Engine/Plugins/Animation/BlendSpaceMotionAnalysis/Binaries/Win64/UnrealEditor.modules" 777
"../../../Engine/Plugins/Runtime/ActorLayerUtilities/Binaries/Win64/UnrealEditor.modules" 778
"../../../Engine/Plugins/Animation/IKRig/Binaries/Win64/UnrealEditor.modules" 779
"../../../Engine/Plugins/Experimental/FullBodyIK/Binaries/Win64/UnrealEditor.modules" 780
"../../../Engine/Plugins/Runtime/AndroidDeviceProfileSelector/Binaries/Win64/UnrealEditor.modules" 781
"../../../Engine/Plugins/Runtime/AndroidFileServer/Binaries/Win64/UnrealEditor.modules" 782
"../../../Engine/Plugins/Runtime/AndroidPermission/Binaries/Win64/UnrealEditor.modules" 783
"../../../Engine/Plugins/Runtime/AppleImageUtils/Binaries/Win64/UnrealEditor.modules" 784
"../../../Engine/Plugins/Runtime/ArchVisCharacter/Binaries/Win64/UnrealEditor.modules" 785
"../../../Engine/Plugins/Runtime/AssetTags/Binaries/Win64/UnrealEditor.modules" 786
"../../../Engine/Plugins/Runtime/CableComponent/Binaries/Win64/UnrealEditor.modules" 787
"../../../Engine/Plugins/Runtime/ChunkDownloader/Binaries/Win64/UnrealEditor.modules" 788
"../../../Engine/Plugins/Runtime/CustomMeshComponent/Binaries/Win64/UnrealEditor.modules" 789
"../../../Engine/Plugins/Runtime/ExampleDeviceProfileSelector/Binaries/Win64/UnrealEditor.modules" 790
"../../../Engine/Plugins/Runtime/GooglePAD/Binaries/Win64/UnrealEditor.modules" 791
"../../../Engine/Plugins/Runtime/InputDebugging/Binaries/Win64/UnrealEditor.modules" 792
"../../../Engine/Plugins/Runtime/LocationServicesBPLibrary/Binaries/Win64/UnrealEditor.modules" 793
"../../../Engine/Plugins/Runtime/Metasound/Binaries/Win64/UnrealEditor.modules" 794
"../../../Engine/Plugins/Runtime/WaveTable/Binaries/Win64/UnrealEditor.modules" 795
"../../../Engine/Plugins/Runtime/MobilePatchingUtils/Binaries/Win64/UnrealEditor.modules" 796
"../../../Engine/Plugins/Runtime/MsQuic/Binaries/Win64/UnrealEditor.modules" 797
"../../../Engine/Plugins/Runtime/ProceduralMeshComponent/Binaries/Win64/UnrealEditor.modules" 798
"../../../Engine/Plugins/Runtime/ResonanceAudio/Binaries/Win64/UnrealEditor.modules" 799
"../../../Engine/Plugins/Runtime/SoundFields/Binaries/Win64/UnrealEditor.modules" 800
"../../../Engine/Plugins/Runtime/Synthesis/Binaries/Win64/UnrealEditor.modules" 801
"../../../Engine/Plugins/Editor/AssetManagerEditor/Binaries/Win64/UnrealEditor.modules" 802
"../../../Engine/Plugins/Editor/BlueprintHeaderView/Binaries/Win64/UnrealEditor.modules" 803
"../../../Engine/Plugins/Runtime/WebMMoviePlayer/Binaries/Win64/UnrealEditor.modules" 804
"../../../Engine/Plugins/Media/WebMMedia/Binaries/Win64/UnrealEditor.modules" 805
"../../../Engine/Plugins/Runtime/WindowsDeviceProfileSelector/Binaries/Win64/UnrealEditor.modules" 806
"../../../Engine/Plugins/Editor/DataValidation/Binaries/Win64/UnrealEditor.modules" 807
"../../../Engine/Plugins/Runtime/WindowsMoviePlayer/Binaries/Win64/UnrealEditor.modules" 808
"../../../Engine/Plugins/Editor/CurveEditorTools/Binaries/Win64/UnrealEditor.modules" 809
"../../../Engine/Plugins/Editor/CryptoKeys/Binaries/Win64/UnrealEditor.modules" 810
"../../../Engine/Plugins/Editor/ChangelistReview/Binaries/Win64/UnrealEditor.modules" 811
"../../../Engine/Plugins/Editor/EditorDebugTools/Binaries/Win64/UnrealEditor.modules" 812
"../../../Engine/Plugins/Editor/FacialAnimation/Binaries/Win64/UnrealEditor.modules" 813
"../../../Engine/Plugins/Editor/EngineAssetDefinitions/Binaries/Win64/UnrealEditor.modules" 814
"../../../Engine/Plugins/Editor/GameplayTagsEditor/Binaries/Win64/UnrealEditor.modules" 815
"../../../Engine/Plugins/Editor/GeometryMode/Binaries/Win64/UnrealEditor.modules" 816
"../../../Engine/Plugins/Editor/MaterialAnalyzer/Binaries/Win64/UnrealEditor.modules" 817
"../../../Engine/Plugins/Editor/MobileLauncherProfileWizard/Binaries/Win64/UnrealEditor.modules" 818
"../../../Engine/Plugins/Editor/PluginBrowser/Binaries/Win64/UnrealEditor.modules" 819
"../../../Engine/Plugins/Developer/PluginUtils/Binaries/Win64/UnrealEditor.modules" 820
"../../../Engine/Plugins/Messaging/TcpMessaging/Binaries/Win64/UnrealEditor.modules" 821
"../../../Engine/Plugins/Messaging/UdpMessaging/Binaries/Win64/UnrealEditor.modules" 822
"../../../Engine/Plugins/Editor/SequencerAnimTools/Binaries/Win64/UnrealEditor.modules" 823
"../../../Engine/Plugins/Editor/SpeedTreeImporter/Binaries/Win64/UnrealEditor.modules" 824
"../../../Engine/Plugins/Editor/WorldPartitionHLODUtilities/Binaries/Win64/UnrealEditor.modules" 825
"../../../Engine/Plugins/Editor/UVEditor/Binaries/Win64/UnrealEditor.modules" 826
"../../../Engine/Plugins/Experimental/AutomationUtils/Binaries/Win64/UnrealEditor.modules" 827
"../../../Engine/Plugins/Experimental/BackChannel/Binaries/Win64/UnrealEditor.modules" 828
"../../../Engine/Plugins/Experimental/ChaosEditor/Binaries/Win64/UnrealEditor.modules" 829
"../../../Engine/Plugins/Experimental/GeometryCollectionPlugin/Binaries/Win64/UnrealEditor.modules" 830
"../../../Engine/Plugins/Experimental/Fracture/Binaries/Win64/UnrealEditor.modules" 831
"../../../Engine/Plugins/Experimental/ChaosSolverPlugin/Binaries/Win64/UnrealEditor.modules" 832
"../../../Engine/Plugins/Experimental/Dataflow/Binaries/Win64/UnrealEditor.modules" 833
"../../../Engine/Plugins/Experimental/CharacterFXEditor/BaseCharacterFXEditor/Binaries/Win64/UnrealEditor.modules" 834
"../../../Engine/Plugins/Experimental/ChaosNiagara/Binaries/Win64/UnrealEditor.modules" 835
"../../../Engine/Plugins/Experimental/ChaosUserDataPT/Binaries/Win64/UnrealEditor.modules" 836
"../../../Engine/Plugins/Experimental/CharacterAI/Binaries/Win64/UnrealEditor.modules" 837
"../../../Engine/Plugins/Experimental/LocalizableMessage/Binaries/Win64/UnrealEditor.modules" 838
"../../../Engine/Plugins/Experimental/OpenImageDenoise/Binaries/Win64/UnrealEditor.modules" 839
"../../../Engine/Plugins/Experimental/PlatformCrypto/Binaries/Win64/UnrealEditor.modules" 840
"../../../Engine/Plugins/Experimental/SkeletalReduction/Binaries/Win64/UnrealEditor.modules" 841
"../../../Engine/Plugins/Experimental/StudioTelemetry/Binaries/Win64/UnrealEditor.modules" 842
"../../../Engine/Plugins/Cameras/CameraShakePreviewer/Binaries/Win64/UnrealEditor.modules" 843
"../../../Engine/Plugins/Cameras/GameplayCameras/Binaries/Win64/UnrealEditor.modules" 844
"../../../Engine/Plugins/MovieScene/TemplateSequence/Binaries/Win64/UnrealEditor.modules" 845
"../../../Engine/Plugins/Enterprise/DatasmithContent/Binaries/Win64/UnrealEditor.modules" 846
"../../../Engine/Plugins/MovieScene/ActorSequence/Binaries/Win64/UnrealEditor.modules" 847
"../../../Engine/Plugins/Enterprise/GLTFExporter/Binaries/Win64/UnrealEditor.modules" 848
"../../../Engine/Plugins/FX/NiagaraSimCaching/Binaries/Win64/UnrealEditor.modules" 849
"../../../Engine/Plugins/Tests/InterchangeTests/Binaries/Win64/UnrealEditor.modules" 850
"../../../Engine/Plugins/Online/OnlineBase/Binaries/Win64/UnrealEditor.modules" 851
"../../../Engine/Plugins/Online/OnlineSubsystem/Binaries/Win64/UnrealEditor.modules" 852
"../../../Engine/Plugins/Online/OnlineSubsystemNull/Binaries/Win64/UnrealEditor.modules" 853
"../../../Engine/Plugins/Online/OnlineSubsystemUtils/Binaries/Win64/UnrealEditor.modules" 854
"../../../Engine/Plugins/Online/OnlineServices/Binaries/Win64/UnrealEditor.modules" 855
"../../../Engine/Plugins/Portal/LauncherChunkInstaller/Binaries/Win64/UnrealEditor.modules" 856
"../../../Engine/Plugins/Compression/OodleNetwork/Binaries/Win64/UnrealEditor.modules" 857
"../../../Engine/Plugins/Developer/AnimationSharing/Binaries/Win64/UnrealEditor.modules" 858
"../../../Engine/Plugins/Runtime/SignificanceManager/Binaries/Win64/UnrealEditor.modules" 859
"../../../Engine/Plugins/Developer/CLionSourceCodeAccess/Binaries/Win64/UnrealEditor.modules" 860
"../../../Engine/Plugins/Developer/DumpGPUServices/Binaries/Win64/UnrealEditor.modules" 861
"../../../Engine/Plugins/Developer/N10XSourceCodeAccess/Binaries/Win64/UnrealEditor.modules" 862
"../../../Engine/Plugins/Developer/GitSourceControl/Binaries/Win64/UnrealEditor.modules" 863
"../../../Engine/Plugins/Developer/PixWinPlugin/Binaries/Win64/UnrealEditor.modules" 864
"../../../Engine/Plugins/Developer/PlasticSourceControl/Binaries/Win64/UnrealEditor.modules" 865
"../../../Engine/Plugins/Developer/PerforceSourceControl/Binaries/Win64/UnrealEditor.modules" 866
"../../../Engine/Plugins/Developer/PropertyAccessNode/Binaries/Win64/UnrealEditor.modules" 867
"../../../Engine/Plugins/Media/AndroidMedia/Binaries/Win64/UnrealEditor.modules" 868
"../../../Engine/Plugins/Developer/RenderDocPlugin/Binaries/Win64/UnrealEditor.modules" 869
"../../../Engine/Plugins/Media/AvfMedia/Binaries/Win64/UnrealEditor.modules" 870
"../../../Engine/Plugins/Developer/RiderSourceCodeAccess/Binaries/Win64/UnrealEditor.modules" 871
"../../../Engine/Plugins/Developer/SubversionSourceControl/Binaries/Win64/UnrealEditor.modules" 872
"../../../Engine/Plugins/Developer/TextureFormatOodle/Binaries/Win64/UnrealEditor.modules" 873
"../../../Engine/Plugins/Developer/TraceDataFiltering/Binaries/Win64/UnrealEditor.modules" 874
"../../../Engine/Plugins/Developer/UObjectPlugin/Binaries/Win64/UnrealEditor.modules" 875
"../../../Engine/Plugins/Developer/VisualStudioSourceCodeAccess/Binaries/Win64/UnrealEditor.modules" 876
"../../../Engine/Plugins/Developer/VisualStudioCodeSourceCodeAccess/Binaries/Win64/UnrealEditor.modules" 877
"../../../Engine/Plugins/Media/ImgMedia/Binaries/Win64/UnrealEditor.modules" 878
"../../../Engine/Plugins/Media/MediaPlayerEditor/Binaries/Win64/UnrealEditor.modules" 879
"../../../Engine/Plugins/Media/MediaCompositing/Binaries/Win64/UnrealEditor.modules" 880
"../../../Engine/Plugins/2D/Paper2D/Binaries/Win64/UnrealEditor.modules" 881
"../../../Engine/Plugins/Media/MediaPlate/Binaries/Win64/UnrealEditor.modules" 882
"../../../Engine/Plugins/Media/WmfMedia/Binaries/Win64/UnrealEditor.modules" 883
"../../../Engine/Plugins/Editor/Localization/PortableObjectFileDataSource/Binaries/Win64/UnrealEditor.modules" 884
"../../../Engine/Plugins/Marketplace/Developer/RiderLink/Binaries/Win64/UnrealEditor.modules" 885
"../../../Engine/Plugins/Editor/ContentBrowser/ContentBrowserAssetDataSource/Binaries/Win64/UnrealEditor.modules" 886
"../../../Engine/Plugins/Editor/ContentBrowser/ContentBrowserClassDataSource/Binaries/Win64/UnrealEditor.modules" 887
"../../../Engine/Plugins/Editor/ObjectMixer/LightMixer/Binaries/Win64/UnrealEditor.modules" 888
"../../../Engine/Plugins/Editor/ObjectMixer/ObjectMixer/Binaries/Win64/UnrealEditor.modules" 889
"../../../Engine/Plugins/Runtime/Windows/XInputDevice/Binaries/Win64/UnrealEditor.modules" 890
"../../../Engine/Config/BaseSourceControlSettings.ini" 891
"C:/Users/Amir sanni/AppData/Local/UnrealEngine/5.4/Saved/Config/WindowsEditor/SourceControlSettings.ini" 892
"../../../Engine/Content/Internationalization/icudt64l/coll/ucadata.icu" 893
"../../../Engine/Content/Internationalization/icudt64l/coll/en.res" 894
"../../../Engine/Content/Internationalization/icudt64l/coll/root.res" 895
"../../../Engine/Content/Certificates/ThirdParty/cacert.pem" 896
"../../../Engine/Config/ConsoleVariables.ini" 897
"../../../Engine/Binaries/Win64/Android/UnrealEditor.modules" 898
"../../../Engine/Binaries/Win64/IOS/UnrealEditor.modules" 899
"../../../Engine/Binaries/Win64/Linux/UnrealEditor.modules" 900
"../../../Engine/Binaries/Win64/LinuxArm64/UnrealEditor.modules" 901
"../../../Engine/Content/Localization/Editor/en/Editor.locres" 902
"../../../Engine/Content/Localization/EditorTutorials/en/EditorTutorials.locres" 903
"../../../Engine/Content/Localization/Keywords/en/Keywords.locres" 904
"../../../Engine/Content/Localization/Category/en/Category.locres" 905
"../../../Engine/Content/Localization/ToolTips/en/ToolTips.locres" 906
"../../../Engine/Content/Localization/PropertyNames/en/PropertyNames.locres" 907
"../../../Engine/Content/Localization/Engine/en/Engine.locres" 908
"../../../Engine/Plugins/Online/OnlineSubsystem/Content/Localization/OnlineSubsystem/en/OnlineSubsystem.locres" 909
"../../../Engine/Plugins/Online/OnlineSubsystemUtils/Content/Localization/OnlineSubsystemUtils/en/OnlineSubsystemUtils.locres" 910
"../../../Engine/Plugins/Online/IOS/OnlineSubsystemIOS/Content/Localization/OnlineSubsystemIOS/en/OnlineSubsystemIOS.locres" 911
"../../../Engine/Plugins/Online/Android/OnlineSubsystemGooglePlay/Content/Localization/OnlineSubsystemGooglePlay/en/OnlineSubsystemGooglePlay.locres" 912
"../../../Engine/Content/Internationalization/icudt64l/en_US.res" 913
"../../../Engine/Content/Internationalization/icudt64l/numberingSystems.res" 914
"../../../Engine/Content/Internationalization/icudt64l/curr/supplementalData.res" 915
"../../../Engine/Content/Internationalization/icudt64l/curr/en.res" 916
"../../../Engine/Content/Internationalization/icudt64l/curr/pool.res" 917
"../../../Engine/Content/Internationalization/icudt64l/curr/root.res" 918
"../../../Engine/Content/Internationalization/icudt64l/lang/af.res" 919
"../../../Engine/Content/Internationalization/icudt64l/region/af.res" 920
"../../../Engine/Content/Internationalization/icudt64l/lang/agq.res" 921
"../../../Engine/Content/Internationalization/icudt64l/region/agq.res" 922
"../../../Engine/Content/Internationalization/icudt64l/lang/ak.res" 923
"../../../Engine/Content/Internationalization/icudt64l/region/ak.res" 924
"../../../Engine/Content/Internationalization/icudt64l/lang/am.res" 925
"../../../Engine/Content/Internationalization/icudt64l/region/am.res" 926
"../../../Engine/Content/Internationalization/icudt64l/lang/ar.res" 927
"../../../Engine/Content/Internationalization/icudt64l/region/ar.res" 928
"../../../Engine/Content/Internationalization/icudt64l/region/ar_AE.res" 929
"../../../Engine/Content/Internationalization/icudt64l/lang/ar_EG.res" 930
"../../../Engine/Content/Internationalization/icudt64l/lang/ar_LY.res" 931
"../../../Engine/Content/Internationalization/icudt64l/region/ar_LY.res" 932
"../../../Engine/Content/Internationalization/icudt64l/lang/ar_SA.res" 933
"../../../Engine/Content/Internationalization/icudt64l/region/ar_SA.res" 934
"../../../Engine/Content/Internationalization/icudt64l/lang/as.res" 935
"../../../Engine/Content/Internationalization/icudt64l/region/as.res" 936
"../../../Engine/Content/Internationalization/icudt64l/lang/asa.res" 937
"../../../Engine/Content/Internationalization/icudt64l/region/asa.res" 938
"../../../Engine/Content/Internationalization/icudt64l/lang/ast.res" 939
"../../../Engine/Content/Internationalization/icudt64l/region/ast.res" 940
"../../../Engine/Content/Internationalization/icudt64l/lang/az.res" 941
"../../../Engine/Content/Internationalization/icudt64l/lang/az_Cyrl.res" 942
"../../../Engine/Content/Internationalization/icudt64l/lang/az_AZ.res" 943
"../../../Engine/Content/Internationalization/icudt64l/lang/az_Latn_AZ.res" 944
"../../../Engine/Content/Internationalization/icudt64l/lang/az_Latn.res" 945
"../../../Engine/Content/Internationalization/icudt64l/region/az_AZ.res" 946
"../../../Engine/Content/Internationalization/icudt64l/region/az_Latn_AZ.res" 947
"../../../Engine/Content/Internationalization/icudt64l/region/az_Latn.res" 948
"../../../Engine/Content/Internationalization/icudt64l/region/az.res" 949
"../../../Engine/Content/Internationalization/icudt64l/region/az_Cyrl.res" 950
"../../../Engine/Content/Internationalization/icudt64l/lang/bas.res" 951
"../../../Engine/Content/Internationalization/icudt64l/region/bas.res" 952
"../../../Engine/Content/Internationalization/icudt64l/lang/be.res" 953
"../../../Engine/Content/Internationalization/icudt64l/region/be.res" 954
"../../../Engine/Content/Internationalization/icudt64l/lang/bem.res" 955
"../../../Engine/Content/Internationalization/icudt64l/region/bem.res" 956
"../../../Engine/Content/Internationalization/icudt64l/lang/bez.res" 957
"../../../Engine/Content/Internationalization/icudt64l/region/bez.res" 958
"../../../Engine/Content/Internationalization/icudt64l/lang/bg.res" 959
"../../../Engine/Content/Internationalization/icudt64l/region/bg.res" 960
"../../../Engine/Content/Internationalization/icudt64l/lang/bm.res" 961
"../../../Engine/Content/Internationalization/icudt64l/region/bm.res" 962
"../../../Engine/Content/Internationalization/icudt64l/lang/bn.res" 963
"../../../Engine/Content/Internationalization/icudt64l/region/bn.res" 964
"../../../Engine/Content/Internationalization/icudt64l/lang/bn_IN.res" 965
"../../../Engine/Content/Internationalization/icudt64l/region/bn_IN.res" 966
"../../../Engine/Content/Internationalization/icudt64l/lang/bo.res" 967
"../../../Engine/Content/Internationalization/icudt64l/region/bo.res" 968
"../../../Engine/Content/Internationalization/icudt64l/region/bo_IN.res" 969
"../../../Engine/Content/Internationalization/icudt64l/lang/br.res" 970
"../../../Engine/Content/Internationalization/icudt64l/region/br.res" 971
"../../../Engine/Content/Internationalization/icudt64l/lang/brx.res" 972
"../../../Engine/Content/Internationalization/icudt64l/region/brx.res" 973
"../../../Engine/Content/Internationalization/icudt64l/lang/bs.res" 974
"../../../Engine/Content/Internationalization/icudt64l/lang/bs_Cyrl.res" 975
"../../../Engine/Content/Internationalization/icudt64l/lang/bs_BA.res" 976
"../../../Engine/Content/Internationalization/icudt64l/lang/bs_Latn_BA.res" 977
"../../../Engine/Content/Internationalization/icudt64l/lang/bs_Latn.res" 978
"../../../Engine/Content/Internationalization/icudt64l/region/bs_BA.res" 979
"../../../Engine/Content/Internationalization/icudt64l/region/bs_Latn_BA.res" 980
"../../../Engine/Content/Internationalization/icudt64l/region/bs_Latn.res" 981
"../../../Engine/Content/Internationalization/icudt64l/region/bs.res" 982
"../../../Engine/Content/Internationalization/icudt64l/region/bs_Cyrl.res" 983
"../../../Engine/Content/Internationalization/icudt64l/lang/ca.res" 984
"../../../Engine/Content/Internationalization/icudt64l/region/ca.res" 985
"../../../Engine/Content/Internationalization/icudt64l/lang/ccp.res" 986
"../../../Engine/Content/Internationalization/icudt64l/region/ccp.res" 987
"../../../Engine/Content/Internationalization/icudt64l/lang/ce.res" 988
"../../../Engine/Content/Internationalization/icudt64l/region/ce.res" 989
"../../../Engine/Content/Internationalization/icudt64l/lang/ceb.res" 990
"../../../Engine/Content/Internationalization/icudt64l/region/ceb.res" 991
"../../../Engine/Content/Internationalization/icudt64l/lang/cgg.res" 992
"../../../Engine/Content/Internationalization/icudt64l/region/cgg.res" 993
"../../../Engine/Content/Internationalization/icudt64l/lang/chr.res" 994
"../../../Engine/Content/Internationalization/icudt64l/region/chr.res" 995
"../../../Engine/Content/Internationalization/icudt64l/lang/ckb.res" 996
"../../../Engine/Content/Internationalization/icudt64l/region/ckb.res" 997
"../../../Engine/Content/Internationalization/icudt64l/lang/cs.res" 998
"../../../Engine/Content/Internationalization/icudt64l/region/cs.res" 999
"../../../Engine/Content/Internationalization/icudt64l/lang/cy.res" 1000
"../../../Engine/Content/Internationalization/icudt64l/region/cy.res" 1001
"../../../Engine/Content/Internationalization/icudt64l/lang/da.res" 1002
"../../../Engine/Content/Internationalization/icudt64l/region/da.res" 1003
"../../../Engine/Content/Internationalization/icudt64l/lang/dav.res" 1004
"../../../Engine/Content/Internationalization/icudt64l/region/dav.res" 1005
"../../../Engine/Content/Internationalization/icudt64l/lang/de.res" 1006
"../../../Engine/Content/Internationalization/icudt64l/lang/de_AT.res" 1007
"../../../Engine/Content/Internationalization/icudt64l/region/de_AT.res" 1008
"../../../Engine/Content/Internationalization/icudt64l/region/de.res" 1009
"../../../Engine/Content/Internationalization/icudt64l/lang/de_CH.res" 1010
"../../../Engine/Content/Internationalization/icudt64l/region/de_CH.res" 1011
"../../../Engine/Content/Internationalization/icudt64l/lang/de_LU.res" 1012
"../../../Engine/Content/Internationalization/icudt64l/lang/dje.res" 1013
"../../../Engine/Content/Internationalization/icudt64l/region/dje.res" 1014
"../../../Engine/Content/Internationalization/icudt64l/lang/dsb.res" 1015
"../../../Engine/Content/Internationalization/icudt64l/region/dsb.res" 1016
"../../../Engine/Content/Internationalization/icudt64l/lang/dua.res" 1017
"../../../Engine/Content/Internationalization/icudt64l/region/dua.res" 1018
"../../../Engine/Content/Internationalization/icudt64l/lang/dyo.res" 1019
"../../../Engine/Content/Internationalization/icudt64l/region/dyo.res" 1020
"../../../Engine/Content/Internationalization/icudt64l/lang/dz.res" 1021
"../../../Engine/Content/Internationalization/icudt64l/region/dz.res" 1022
"../../../Engine/Content/Internationalization/icudt64l/lang/ebu.res" 1023
"../../../Engine/Content/Internationalization/icudt64l/region/ebu.res" 1024
"../../../Engine/Content/Internationalization/icudt64l/lang/ee.res" 1025
"../../../Engine/Content/Internationalization/icudt64l/region/ee.res" 1026
"../../../Engine/Content/Internationalization/icudt64l/lang/el.res" 1027
"../../../Engine/Content/Internationalization/icudt64l/region/el.res" 1028
"../../../Engine/Content/Internationalization/icudt64l/lang/en_150.res" 1029
"../../../Engine/Content/Internationalization/icudt64l/region/en_150.res" 1030
"../../../Engine/Content/Internationalization/icudt64l/lang/en_AG.res" 1031
"../../../Engine/Content/Internationalization/icudt64l/region/en_AG.res" 1032
"../../../Engine/Content/Internationalization/icudt64l/lang/en_AI.res" 1033
"../../../Engine/Content/Internationalization/icudt64l/region/en_AI.res" 1034
"../../../Engine/Content/Internationalization/icudt64l/lang/en_AT.res" 1035
"../../../Engine/Content/Internationalization/icudt64l/region/en_AT.res" 1036
"../../../Engine/Content/Internationalization/icudt64l/lang/en_AU.res" 1037
"../../../Engine/Content/Internationalization/icudt64l/region/en_AU.res" 1038
"../../../Engine/Content/Internationalization/icudt64l/lang/en_BB.res" 1039
"../../../Engine/Content/Internationalization/icudt64l/region/en_BB.res" 1040
"../../../Engine/Content/Internationalization/icudt64l/lang/en_BE.res" 1041
"../../../Engine/Content/Internationalization/icudt64l/region/en_BE.res" 1042
"../../../Engine/Content/Internationalization/icudt64l/lang/en_BM.res" 1043
"../../../Engine/Content/Internationalization/icudt64l/region/en_BM.res" 1044
"../../../Engine/Content/Internationalization/icudt64l/lang/en_BS.res" 1045
"../../../Engine/Content/Internationalization/icudt64l/region/en_BS.res" 1046
"../../../Engine/Content/Internationalization/icudt64l/lang/en_BW.res" 1047
"../../../Engine/Content/Internationalization/icudt64l/region/en_BW.res" 1048
"../../../Engine/Content/Internationalization/icudt64l/lang/en_BZ.res" 1049
"../../../Engine/Content/Internationalization/icudt64l/region/en_BZ.res" 1050
"../../../Engine/Content/Internationalization/icudt64l/lang/en_CA.res" 1051
"../../../Engine/Content/Internationalization/icudt64l/region/en_CA.res" 1052
"../../../Engine/Content/Internationalization/icudt64l/lang/en_CC.res" 1053
"../../../Engine/Content/Internationalization/icudt64l/region/en_CC.res" 1054
"../../../Engine/Content/Internationalization/icudt64l/lang/en_CH.res" 1055
"../../../Engine/Content/Internationalization/icudt64l/region/en_CH.res" 1056
"../../../Engine/Content/Internationalization/icudt64l/lang/en_CK.res" 1057
"../../../Engine/Content/Internationalization/icudt64l/region/en_CK.res" 1058
"../../../Engine/Content/Internationalization/icudt64l/lang/en_CM.res" 1059
"../../../Engine/Content/Internationalization/icudt64l/region/en_CM.res" 1060
"../../../Engine/Content/Internationalization/icudt64l/lang/en_CX.res" 1061
"../../../Engine/Content/Internationalization/icudt64l/region/en_CX.res" 1062
"../../../Engine/Content/Internationalization/icudt64l/lang/en_CY.res" 1063
"../../../Engine/Content/Internationalization/icudt64l/region/en_CY.res" 1064
"../../../Engine/Content/Internationalization/icudt64l/lang/en_DE.res" 1065
"../../../Engine/Content/Internationalization/icudt64l/region/en_DE.res" 1066
"../../../Engine/Content/Internationalization/icudt64l/lang/en_DG.res" 1067
"../../../Engine/Content/Internationalization/icudt64l/region/en_DG.res" 1068
"../../../Engine/Content/Internationalization/icudt64l/lang/en_DK.res" 1069
"../../../Engine/Content/Internationalization/icudt64l/region/en_DK.res" 1070
"../../../Engine/Content/Internationalization/icudt64l/lang/en_DM.res" 1071
"../../../Engine/Content/Internationalization/icudt64l/region/en_DM.res" 1072
"../../../Engine/Content/Internationalization/icudt64l/lang/en_ER.res" 1073
"../../../Engine/Content/Internationalization/icudt64l/region/en_ER.res" 1074
"../../../Engine/Content/Internationalization/icudt64l/lang/en_FI.res" 1075
"../../../Engine/Content/Internationalization/icudt64l/region/en_FI.res" 1076
"../../../Engine/Content/Internationalization/icudt64l/lang/en_FJ.res" 1077
"../../../Engine/Content/Internationalization/icudt64l/region/en_FJ.res" 1078
"../../../Engine/Content/Internationalization/icudt64l/lang/en_FK.res" 1079
"../../../Engine/Content/Internationalization/icudt64l/region/en_FK.res" 1080
"../../../Engine/Content/Internationalization/icudt64l/lang/en_FM.res" 1081
"../../../Engine/Content/Internationalization/icudt64l/region/en_FM.res" 1082
"../../../Engine/Content/Internationalization/icudt64l/lang/en_GD.res" 1083
"../../../Engine/Content/Internationalization/icudt64l/region/en_GD.res" 1084
"../../../Engine/Content/Internationalization/icudt64l/lang/en_GG.res" 1085
"../../../Engine/Content/Internationalization/icudt64l/region/en_GG.res" 1086
"../../../Engine/Content/Internationalization/icudt64l/lang/en_GH.res" 1087
"../../../Engine/Content/Internationalization/icudt64l/region/en_GH.res" 1088
"../../../Engine/Content/Internationalization/icudt64l/lang/en_GI.res" 1089
"../../../Engine/Content/Internationalization/icudt64l/region/en_GI.res" 1090
"../../../Engine/Content/Internationalization/icudt64l/lang/en_GM.res" 1091
"../../../Engine/Content/Internationalization/icudt64l/region/en_GM.res" 1092
"../../../Engine/Content/Internationalization/icudt64l/lang/en_GY.res" 1093
"../../../Engine/Content/Internationalization/icudt64l/region/en_GY.res" 1094
"../../../Engine/Content/Internationalization/icudt64l/lang/en_HK.res" 1095
"../../../Engine/Content/Internationalization/icudt64l/region/en_HK.res" 1096
"../../../Engine/Content/Internationalization/icudt64l/lang/en_IE.res" 1097
"../../../Engine/Content/Internationalization/icudt64l/region/en_IE.res" 1098
"../../../Engine/Content/Internationalization/icudt64l/lang/en_IL.res" 1099
"../../../Engine/Content/Internationalization/icudt64l/region/en_IL.res" 1100
"../../../Engine/Content/Internationalization/icudt64l/lang/en_IM.res" 1101
"../../../Engine/Content/Internationalization/icudt64l/region/en_IM.res" 1102
"../../../Engine/Content/Internationalization/icudt64l/lang/en_IN.res" 1103
"../../../Engine/Content/Internationalization/icudt64l/region/en_IN.res" 1104
"../../../Engine/Content/Internationalization/icudt64l/lang/en_IO.res" 1105
"../../../Engine/Content/Internationalization/icudt64l/region/en_IO.res" 1106
"../../../Engine/Content/Internationalization/icudt64l/lang/en_JE.res" 1107
"../../../Engine/Content/Internationalization/icudt64l/region/en_JE.res" 1108
"../../../Engine/Content/Internationalization/icudt64l/lang/en_JM.res" 1109
"../../../Engine/Content/Internationalization/icudt64l/region/en_JM.res" 1110
"../../../Engine/Content/Internationalization/icudt64l/lang/en_KE.res" 1111
"../../../Engine/Content/Internationalization/icudt64l/region/en_KE.res" 1112
"../../../Engine/Content/Internationalization/icudt64l/lang/en_KI.res" 1113
"../../../Engine/Content/Internationalization/icudt64l/region/en_KI.res" 1114
"../../../Engine/Content/Internationalization/icudt64l/lang/en_KN.res" 1115
"../../../Engine/Content/Internationalization/icudt64l/region/en_KN.res" 1116
"../../../Engine/Content/Internationalization/icudt64l/lang/en_KY.res" 1117
"../../../Engine/Content/Internationalization/icudt64l/region/en_KY.res" 1118
"../../../Engine/Content/Internationalization/icudt64l/lang/en_LC.res" 1119
"../../../Engine/Content/Internationalization/icudt64l/region/en_LC.res" 1120
"../../../Engine/Content/Internationalization/icudt64l/lang/en_LR.res" 1121
"../../../Engine/Content/Internationalization/icudt64l/region/en_LR.res" 1122
"../../../Engine/Content/Internationalization/icudt64l/lang/en_LS.res" 1123
"../../../Engine/Content/Internationalization/icudt64l/region/en_LS.res" 1124
"../../../Engine/Content/Internationalization/icudt64l/lang/en_MG.res" 1125
"../../../Engine/Content/Internationalization/icudt64l/region/en_MG.res" 1126
"../../../Engine/Content/Internationalization/icudt64l/lang/en_MO.res" 1127
"../../../Engine/Content/Internationalization/icudt64l/region/en_MO.res" 1128
"../../../Engine/Content/Internationalization/icudt64l/lang/en_MS.res" 1129
"../../../Engine/Content/Internationalization/icudt64l/region/en_MS.res" 1130
"../../../Engine/Content/Internationalization/icudt64l/lang/en_MT.res" 1131
"../../../Engine/Content/Internationalization/icudt64l/region/en_MT.res" 1132
"../../../Engine/Content/Internationalization/icudt64l/lang/en_MU.res" 1133
"../../../Engine/Content/Internationalization/icudt64l/region/en_MU.res" 1134
"../../../Engine/Content/Internationalization/icudt64l/lang/en_MW.res" 1135
"../../../Engine/Content/Internationalization/icudt64l/region/en_MW.res" 1136
"../../../Engine/Content/Internationalization/icudt64l/lang/en_MY.res" 1137
"../../../Engine/Content/Internationalization/icudt64l/region/en_MY.res" 1138
"../../../Engine/Content/Internationalization/icudt64l/lang/en_NA.res" 1139
"../../../Engine/Content/Internationalization/icudt64l/region/en_NA.res" 1140
"../../../Engine/Content/Internationalization/icudt64l/lang/en_NF.res" 1141
"../../../Engine/Content/Internationalization/icudt64l/region/en_NF.res" 1142
"../../../Engine/Content/Internationalization/icudt64l/lang/en_NG.res" 1143
"../../../Engine/Content/Internationalization/icudt64l/region/en_NG.res" 1144
"../../../Engine/Content/Internationalization/icudt64l/lang/en_NL.res" 1145
"../../../Engine/Content/Internationalization/icudt64l/region/en_NL.res" 1146
"../../../Engine/Content/Internationalization/icudt64l/lang/en_NR.res" 1147
"../../../Engine/Content/Internationalization/icudt64l/region/en_NR.res" 1148
"../../../Engine/Content/Internationalization/icudt64l/lang/en_NU.res" 1149
"../../../Engine/Content/Internationalization/icudt64l/region/en_NU.res" 1150
"../../../Engine/Content/Internationalization/icudt64l/lang/en_NZ.res" 1151
"../../../Engine/Content/Internationalization/icudt64l/region/en_NZ.res" 1152
"../../../Engine/Content/Internationalization/icudt64l/lang/en_PG.res" 1153
"../../../Engine/Content/Internationalization/icudt64l/region/en_PG.res" 1154
"../../../Engine/Content/Internationalization/icudt64l/lang/en_PH.res" 1155
"../../../Engine/Content/Internationalization/icudt64l/region/en_PH.res" 1156
"../../../Engine/Content/Internationalization/icudt64l/lang/en_PK.res" 1157
"../../../Engine/Content/Internationalization/icudt64l/region/en_PK.res" 1158
"../../../Engine/Content/Internationalization/icudt64l/lang/en_PN.res" 1159
"../../../Engine/Content/Internationalization/icudt64l/region/en_PN.res" 1160
"../../../Engine/Content/Internationalization/icudt64l/lang/en_PW.res" 1161
"../../../Engine/Content/Internationalization/icudt64l/region/en_PW.res" 1162
"../../../Engine/Content/Internationalization/icudt64l/lang/en_RW.res" 1163
"../../../Engine/Content/Internationalization/icudt64l/region/en_RW.res" 1164
"../../../Engine/Content/Internationalization/icudt64l/lang/en_SB.res" 1165
"../../../Engine/Content/Internationalization/icudt64l/region/en_SB.res" 1166
"../../../Engine/Content/Internationalization/icudt64l/lang/en_SC.res" 1167
"../../../Engine/Content/Internationalization/icudt64l/region/en_SC.res" 1168
"../../../Engine/Content/Internationalization/icudt64l/lang/en_SD.res" 1169
"../../../Engine/Content/Internationalization/icudt64l/region/en_SD.res" 1170
"../../../Engine/Content/Internationalization/icudt64l/lang/en_SE.res" 1171
"../../../Engine/Content/Internationalization/icudt64l/region/en_SE.res" 1172
"../../../Engine/Content/Internationalization/icudt64l/lang/en_SG.res" 1173
"../../../Engine/Content/Internationalization/icudt64l/region/en_SG.res" 1174
"../../../Engine/Content/Internationalization/icudt64l/lang/en_SH.res" 1175
"../../../Engine/Content/Internationalization/icudt64l/region/en_SH.res" 1176
"../../../Engine/Content/Internationalization/icudt64l/lang/en_SI.res" 1177
"../../../Engine/Content/Internationalization/icudt64l/region/en_SI.res" 1178
"../../../Engine/Content/Internationalization/icudt64l/lang/en_SL.res" 1179
"../../../Engine/Content/Internationalization/icudt64l/region/en_SL.res" 1180
"../../../Engine/Content/Internationalization/icudt64l/lang/en_SS.res" 1181
"../../../Engine/Content/Internationalization/icudt64l/region/en_SS.res" 1182
"../../../Engine/Content/Internationalization/icudt64l/lang/en_SX.res" 1183
"../../../Engine/Content/Internationalization/icudt64l/region/en_SX.res" 1184
"../../../Engine/Content/Internationalization/icudt64l/lang/en_SZ.res" 1185
"../../../Engine/Content/Internationalization/icudt64l/region/en_SZ.res" 1186
"../../../Engine/Content/Internationalization/icudt64l/lang/en_TC.res" 1187
"../../../Engine/Content/Internationalization/icudt64l/region/en_TC.res" 1188
"../../../Engine/Content/Internationalization/icudt64l/lang/en_TK.res" 1189
"../../../Engine/Content/Internationalization/icudt64l/region/en_TK.res" 1190
"../../../Engine/Content/Internationalization/icudt64l/lang/en_TO.res" 1191
"../../../Engine/Content/Internationalization/icudt64l/region/en_TO.res" 1192
"../../../Engine/Content/Internationalization/icudt64l/lang/en_TT.res" 1193
"../../../Engine/Content/Internationalization/icudt64l/region/en_TT.res" 1194
"../../../Engine/Content/Internationalization/icudt64l/lang/en_TV.res" 1195
"../../../Engine/Content/Internationalization/icudt64l/region/en_TV.res" 1196
"../../../Engine/Content/Internationalization/icudt64l/lang/en_TZ.res" 1197
"../../../Engine/Content/Internationalization/icudt64l/region/en_TZ.res" 1198
"../../../Engine/Content/Internationalization/icudt64l/lang/en_UG.res" 1199
"../../../Engine/Content/Internationalization/icudt64l/region/en_UG.res" 1200
"../../../Engine/Content/Internationalization/icudt64l/lang/en_VC.res" 1201
"../../../Engine/Content/Internationalization/icudt64l/region/en_VC.res" 1202
"../../../Engine/Content/Internationalization/icudt64l/lang/en_VG.res" 1203
"../../../Engine/Content/Internationalization/icudt64l/region/en_VG.res" 1204
"../../../Engine/Content/Internationalization/icudt64l/lang/en_VU.res" 1205
"../../../Engine/Content/Internationalization/icudt64l/region/en_VU.res" 1206
"../../../Engine/Content/Internationalization/icudt64l/lang/en_WS.res" 1207
"../../../Engine/Content/Internationalization/icudt64l/region/en_WS.res" 1208
"../../../Engine/Content/Internationalization/icudt64l/lang/en_ZA.res" 1209
"../../../Engine/Content/Internationalization/icudt64l/region/en_ZA.res" 1210
"../../../Engine/Content/Internationalization/icudt64l/lang/en_ZM.res" 1211
"../../../Engine/Content/Internationalization/icudt64l/region/en_ZM.res" 1212
"../../../Engine/Content/Internationalization/icudt64l/lang/en_ZW.res" 1213
"../../../Engine/Content/Internationalization/icudt64l/region/en_ZW.res" 1214
"../../../Engine/Content/Internationalization/icudt64l/lang/eo.res" 1215
"../../../Engine/Content/Internationalization/icudt64l/region/eo.res" 1216
"../../../Engine/Content/Internationalization/icudt64l/lang/es.res" 1217
"../../../Engine/Content/Internationalization/icudt64l/lang/es_419.res" 1218
"../../../Engine/Content/Internationalization/icudt64l/region/es_419.res" 1219
"../../../Engine/Content/Internationalization/icudt64l/region/es.res" 1220
"../../../Engine/Content/Internationalization/icudt64l/lang/es_AR.res" 1221
"../../../Engine/Content/Internationalization/icudt64l/region/es_AR.res" 1222
"../../../Engine/Content/Internationalization/icudt64l/lang/es_BO.res" 1223
"../../../Engine/Content/Internationalization/icudt64l/region/es_BO.res" 1224
"../../../Engine/Content/Internationalization/icudt64l/lang/es_BR.res" 1225
"../../../Engine/Content/Internationalization/icudt64l/region/es_BR.res" 1226
"../../../Engine/Content/Internationalization/icudt64l/lang/es_BZ.res" 1227
"../../../Engine/Content/Internationalization/icudt64l/region/es_BZ.res" 1228
"../../../Engine/Content/Internationalization/icudt64l/lang/es_CL.res" 1229
"../../../Engine/Content/Internationalization/icudt64l/region/es_CL.res" 1230
"../../../Engine/Content/Internationalization/icudt64l/lang/es_CO.res" 1231
"../../../Engine/Content/Internationalization/icudt64l/region/es_CO.res" 1232
"../../../Engine/Content/Internationalization/icudt64l/lang/es_CR.res" 1233
"../../../Engine/Content/Internationalization/icudt64l/region/es_CR.res" 1234
"../../../Engine/Content/Internationalization/icudt64l/lang/es_CU.res" 1235
"../../../Engine/Content/Internationalization/icudt64l/region/es_CU.res" 1236
"../../../Engine/Content/Internationalization/icudt64l/lang/es_DO.res" 1237
"../../../Engine/Content/Internationalization/icudt64l/region/es_DO.res" 1238
"../../../Engine/Content/Internationalization/icudt64l/lang/es_EC.res" 1239
"../../../Engine/Content/Internationalization/icudt64l/region/es_EC.res" 1240
"../../../Engine/Content/Internationalization/icudt64l/lang/es_GT.res" 1241
"../../../Engine/Content/Internationalization/icudt64l/region/es_GT.res" 1242
"../../../Engine/Content/Internationalization/icudt64l/lang/es_HN.res" 1243
"../../../Engine/Content/Internationalization/icudt64l/region/es_HN.res" 1244
"../../../Engine/Content/Internationalization/icudt64l/lang/es_MX.res" 1245
"../../../Engine/Content/Internationalization/icudt64l/region/es_MX.res" 1246
"../../../Engine/Content/Internationalization/icudt64l/lang/es_NI.res" 1247
"../../../Engine/Content/Internationalization/icudt64l/region/es_NI.res" 1248
"../../../Engine/Content/Internationalization/icudt64l/lang/es_PA.res" 1249
"../../../Engine/Content/Internationalization/icudt64l/region/es_PA.res" 1250
"../../../Engine/Content/Internationalization/icudt64l/lang/es_PE.res" 1251
"../../../Engine/Content/Internationalization/icudt64l/region/es_PE.res" 1252
"../../../Engine/Content/Internationalization/icudt64l/lang/es_PR.res" 1253
"../../../Engine/Content/Internationalization/icudt64l/region/es_PR.res" 1254
"../../../Engine/Content/Internationalization/icudt64l/lang/es_PY.res" 1255
"../../../Engine/Content/Internationalization/icudt64l/region/es_PY.res" 1256
"../../../Engine/Content/Internationalization/icudt64l/lang/es_SV.res" 1257
"../../../Engine/Content/Internationalization/icudt64l/region/es_SV.res" 1258
"../../../Engine/Content/Internationalization/icudt64l/lang/es_US.res" 1259
"../../../Engine/Content/Internationalization/icudt64l/region/es_US.res" 1260
"../../../Engine/Content/Internationalization/icudt64l/lang/es_UY.res" 1261
"../../../Engine/Content/Internationalization/icudt64l/region/es_UY.res" 1262
"../../../Engine/Content/Internationalization/icudt64l/lang/es_VE.res" 1263
"../../../Engine/Content/Internationalization/icudt64l/region/es_VE.res" 1264
"../../../Engine/Content/Internationalization/icudt64l/lang/et.res" 1265
"../../../Engine/Content/Internationalization/icudt64l/region/et.res" 1266
"../../../Engine/Content/Internationalization/icudt64l/lang/eu.res" 1267
"../../../Engine/Content/Internationalization/icudt64l/region/eu.res" 1268
"../../../Engine/Content/Internationalization/icudt64l/lang/ewo.res" 1269
"../../../Engine/Content/Internationalization/icudt64l/region/ewo.res" 1270
"../../../Engine/Content/Internationalization/icudt64l/lang/fa.res" 1271
"../../../Engine/Content/Internationalization/icudt64l/lang/fa_AF.res" 1272
"../../../Engine/Content/Internationalization/icudt64l/region/fa_AF.res" 1273
"../../../Engine/Content/Internationalization/icudt64l/region/fa.res" 1274
"../../../Engine/Content/Internationalization/icudt64l/lang/ff.res" 1275
"../../../Engine/Content/Internationalization/icudt64l/lang/ff_Latn.res" 1276
"../../../Engine/Content/Internationalization/icudt64l/region/ff.res" 1277
"../../../Engine/Content/Internationalization/icudt64l/region/ff_Latn.res" 1278
"../../../Engine/Content/Internationalization/icudt64l/lang/ff_CM.res" 1279
"../../../Engine/Content/Internationalization/icudt64l/lang/ff_Latn_CM.res" 1280
"../../../Engine/Content/Internationalization/icudt64l/region/ff_CM.res" 1281
"../../../Engine/Content/Internationalization/icudt64l/region/ff_Latn_CM.res" 1282
"../../../Engine/Content/Internationalization/icudt64l/lang/ff_GN.res" 1283
"../../../Engine/Content/Internationalization/icudt64l/lang/ff_Latn_GN.res" 1284
"../../../Engine/Content/Internationalization/icudt64l/region/ff_GN.res" 1285
"../../../Engine/Content/Internationalization/icudt64l/region/ff_Latn_GN.res" 1286
"../../../Engine/Content/Internationalization/icudt64l/lang/ff_MR.res" 1287
"../../../Engine/Content/Internationalization/icudt64l/lang/ff_Latn_MR.res" 1288
"../../../Engine/Content/Internationalization/icudt64l/region/ff_MR.res" 1289
"../../../Engine/Content/Internationalization/icudt64l/region/ff_Latn_MR.res" 1290
"../../../Engine/Content/Internationalization/icudt64l/lang/ff_SN.res" 1291
"../../../Engine/Content/Internationalization/icudt64l/lang/ff_Latn_SN.res" 1292
"../../../Engine/Content/Internationalization/icudt64l/region/ff_SN.res" 1293
"../../../Engine/Content/Internationalization/icudt64l/region/ff_Latn_SN.res" 1294
"../../../Engine/Content/Internationalization/icudt64l/lang/fi.res" 1295
"../../../Engine/Content/Internationalization/icudt64l/region/fi.res" 1296
"../../../Engine/Content/Internationalization/icudt64l/lang/fil.res" 1297
"../../../Engine/Content/Internationalization/icudt64l/lang/fil_PH.res" 1298
"../../../Engine/Content/Internationalization/icudt64l/region/fil_PH.res" 1299
"../../../Engine/Content/Internationalization/icudt64l/region/fil.res" 1300
"../../../Engine/Content/Internationalization/icudt64l/lang/fo.res" 1301
"../../../Engine/Content/Internationalization/icudt64l/region/fo.res" 1302
"../../../Engine/Content/Internationalization/icudt64l/lang/fr.res" 1303
"../../../Engine/Content/Internationalization/icudt64l/lang/fr_BE.res" 1304
"../../../Engine/Content/Internationalization/icudt64l/region/fr_BE.res" 1305
"../../../Engine/Content/Internationalization/icudt64l/region/fr.res" 1306
"../../../Engine/Content/Internationalization/icudt64l/lang/fr_CA.res" 1307
"../../../Engine/Content/Internationalization/icudt64l/region/fr_CA.res" 1308
"../../../Engine/Content/Internationalization/icudt64l/lang/fr_CH.res" 1309
"../../../Engine/Content/Internationalization/icudt64l/lang/fur.res" 1310
"../../../Engine/Content/Internationalization/icudt64l/region/fur.res" 1311
"../../../Engine/Content/Internationalization/icudt64l/lang/fy.res" 1312
"../../../Engine/Content/Internationalization/icudt64l/region/fy.res" 1313
"../../../Engine/Content/Internationalization/icudt64l/lang/ga.res" 1314
"../../../Engine/Content/Internationalization/icudt64l/region/ga.res" 1315
"../../../Engine/Content/Internationalization/icudt64l/lang/gd.res" 1316
"../../../Engine/Content/Internationalization/icudt64l/region/gd.res" 1317
"../../../Engine/Content/Internationalization/icudt64l/lang/gl.res" 1318
"../../../Engine/Content/Internationalization/icudt64l/region/gl.res" 1319
"../../../Engine/Content/Internationalization/icudt64l/lang/gsw.res" 1320
"../../../Engine/Content/Internationalization/icudt64l/region/gsw.res" 1321
"../../../Engine/Content/Internationalization/icudt64l/lang/gu.res" 1322
"../../../Engine/Content/Internationalization/icudt64l/region/gu.res" 1323
"../../../Engine/Content/Internationalization/icudt64l/lang/guz.res" 1324
"../../../Engine/Content/Internationalization/icudt64l/region/guz.res" 1325
"../../../Engine/Content/Internationalization/icudt64l/lang/gv.res" 1326
"../../../Engine/Content/Internationalization/icudt64l/region/gv.res" 1327
"../../../Engine/Content/Internationalization/icudt64l/lang/ha.res" 1328
"../../../Engine/Content/Internationalization/icudt64l/region/ha.res" 1329
"../../../Engine/Content/Internationalization/icudt64l/lang/ha_NE.res" 1330
"../../../Engine/Content/Internationalization/icudt64l/region/ha_NE.res" 1331
"../../../Engine/Content/Internationalization/icudt64l/lang/haw.res" 1332
"../../../Engine/Content/Internationalization/icudt64l/region/haw.res" 1333
"../../../Engine/Content/Internationalization/icudt64l/lang/he.res" 1334
"../../../Engine/Content/Internationalization/icudt64l/lang/he_IL.res" 1335
"../../../Engine/Content/Internationalization/icudt64l/region/he_IL.res" 1336
"../../../Engine/Content/Internationalization/icudt64l/region/he.res" 1337
"../../../Engine/Content/Internationalization/icudt64l/lang/hi.res" 1338
"../../../Engine/Content/Internationalization/icudt64l/region/hi.res" 1339
"../../../Engine/Content/Internationalization/icudt64l/lang/hr.res" 1340
"../../../Engine/Content/Internationalization/icudt64l/region/hr.res" 1341
"../../../Engine/Content/Internationalization/icudt64l/lang/hsb.res" 1342
"../../../Engine/Content/Internationalization/icudt64l/region/hsb.res" 1343
"../../../Engine/Content/Internationalization/icudt64l/lang/hu.res" 1344
"../../../Engine/Content/Internationalization/icudt64l/region/hu.res" 1345
"../../../Engine/Content/Internationalization/icudt64l/lang/hy.res" 1346
"../../../Engine/Content/Internationalization/icudt64l/region/hy.res" 1347
"../../../Engine/Content/Internationalization/icudt64l/lang/ia.res" 1348
"../../../Engine/Content/Internationalization/icudt64l/region/ia.res" 1349
"../../../Engine/Content/Internationalization/icudt64l/lang/id.res" 1350
"../../../Engine/Content/Internationalization/icudt64l/lang/id_ID.res" 1351
"../../../Engine/Content/Internationalization/icudt64l/region/id_ID.res" 1352
"../../../Engine/Content/Internationalization/icudt64l/region/id.res" 1353
"../../../Engine/Content/Internationalization/icudt64l/lang/ig.res" 1354
"../../../Engine/Content/Internationalization/icudt64l/region/ig.res" 1355
"../../../Engine/Content/Internationalization/icudt64l/lang/ii.res" 1356
"../../../Engine/Content/Internationalization/icudt64l/region/ii.res" 1357
"../../../Engine/Content/Internationalization/icudt64l/lang/is.res" 1358
"../../../Engine/Content/Internationalization/icudt64l/region/is.res" 1359
"../../../Engine/Content/Internationalization/icudt64l/lang/it.res" 1360
"../../../Engine/Content/Internationalization/icudt64l/region/it.res" 1361
"../../../Engine/Content/Internationalization/icudt64l/lang/ja.res" 1362
"../../../Engine/Content/Internationalization/icudt64l/lang/ja_JP.res" 1363
"../../../Engine/Content/Internationalization/icudt64l/region/ja_JP.res" 1364
"../../../Engine/Content/Internationalization/icudt64l/region/ja.res" 1365
"../../../Engine/Content/Internationalization/icudt64l/lang/jgo.res" 1366
"../../../Engine/Content/Internationalization/icudt64l/region/jgo.res" 1367
"../../../Engine/Content/Internationalization/icudt64l/lang/jmc.res" 1368
"../../../Engine/Content/Internationalization/icudt64l/region/jmc.res" 1369
"../../../Engine/Content/Internationalization/icudt64l/lang/jv.res" 1370
"../../../Engine/Content/Internationalization/icudt64l/region/jv.res" 1371
"../../../Engine/Content/Internationalization/icudt64l/lang/ka.res" 1372
"../../../Engine/Content/Internationalization/icudt64l/region/ka.res" 1373
"../../../Engine/Content/Internationalization/icudt64l/lang/kab.res" 1374
"../../../Engine/Content/Internationalization/icudt64l/region/kab.res" 1375
"../../../Engine/Content/Internationalization/icudt64l/lang/kam.res" 1376
"../../../Engine/Content/Internationalization/icudt64l/region/kam.res" 1377
"../../../Engine/Content/Internationalization/icudt64l/lang/kde.res" 1378
"../../../Engine/Content/Internationalization/icudt64l/region/kde.res" 1379
"../../../Engine/Content/Internationalization/icudt64l/lang/kea.res" 1380
"../../../Engine/Content/Internationalization/icudt64l/region/kea.res" 1381
"../../../Engine/Content/Internationalization/icudt64l/lang/khq.res" 1382
"../../../Engine/Content/Internationalization/icudt64l/region/khq.res" 1383
"../../../Engine/Content/Internationalization/icudt64l/lang/ki.res" 1384
"../../../Engine/Content/Internationalization/icudt64l/region/ki.res" 1385
"../../../Engine/Content/Internationalization/icudt64l/lang/kk.res" 1386
"../../../Engine/Content/Internationalization/icudt64l/region/kk.res" 1387
"../../../Engine/Content/Internationalization/icudt64l/lang/kkj.res" 1388
"../../../Engine/Content/Internationalization/icudt64l/region/kkj.res" 1389
"../../../Engine/Content/Internationalization/icudt64l/lang/kl.res" 1390
"../../../Engine/Content/Internationalization/icudt64l/region/kl.res" 1391
"../../../Engine/Content/Internationalization/icudt64l/lang/kln.res" 1392
"../../../Engine/Content/Internationalization/icudt64l/region/kln.res" 1393
"../../../Engine/Content/Internationalization/icudt64l/lang/km.res" 1394
"../../../Engine/Content/Internationalization/icudt64l/region/km.res" 1395
"../../../Engine/Content/Internationalization/icudt64l/lang/kn.res" 1396
"../../../Engine/Content/Internationalization/icudt64l/region/kn.res" 1397
"../../../Engine/Content/Internationalization/icudt64l/lang/ko.res" 1398
"../../../Engine/Content/Internationalization/icudt64l/region/ko_KP.res" 1399
"../../../Engine/Content/Internationalization/icudt64l/region/ko.res" 1400
"../../../Engine/Content/Internationalization/icudt64l/lang/kok.res" 1401
"../../../Engine/Content/Internationalization/icudt64l/region/kok.res" 1402
"../../../Engine/Content/Internationalization/icudt64l/lang/ks.res" 1403
"../../../Engine/Content/Internationalization/icudt64l/region/ks.res" 1404
"../../../Engine/Content/Internationalization/icudt64l/lang/ksb.res" 1405
"../../../Engine/Content/Internationalization/icudt64l/region/ksb.res" 1406
"../../../Engine/Content/Internationalization/icudt64l/lang/ksf.res" 1407
"../../../Engine/Content/Internationalization/icudt64l/region/ksf.res" 1408
"../../../Engine/Content/Internationalization/icudt64l/lang/ksh.res" 1409
"../../../Engine/Content/Internationalization/icudt64l/region/ksh.res" 1410
"../../../Engine/Content/Internationalization/icudt64l/lang/ku.res" 1411
"../../../Engine/Content/Internationalization/icudt64l/region/ku.res" 1412
"../../../Engine/Content/Internationalization/icudt64l/lang/kw.res" 1413
"../../../Engine/Content/Internationalization/icudt64l/region/kw.res" 1414
"../../../Engine/Content/Internationalization/icudt64l/lang/ky.res" 1415
"../../../Engine/Content/Internationalization/icudt64l/region/ky.res" 1416
"../../../Engine/Content/Internationalization/icudt64l/lang/lag.res" 1417
"../../../Engine/Content/Internationalization/icudt64l/region/lag.res" 1418
"../../../Engine/Content/Internationalization/icudt64l/lang/lb.res" 1419
"../../../Engine/Content/Internationalization/icudt64l/region/lb.res" 1420
"../../../Engine/Content/Internationalization/icudt64l/lang/lg.res" 1421
"../../../Engine/Content/Internationalization/icudt64l/region/lg.res" 1422
"../../../Engine/Content/Internationalization/icudt64l/lang/lkt.res" 1423
"../../../Engine/Content/Internationalization/icudt64l/region/lkt.res" 1424
"../../../Engine/Content/Internationalization/icudt64l/lang/ln.res" 1425
"../../../Engine/Content/Internationalization/icudt64l/region/ln.res" 1426
"../../../Engine/Content/Internationalization/icudt64l/lang/lo.res" 1427
"../../../Engine/Content/Internationalization/icudt64l/region/lo.res" 1428
"../../../Engine/Content/Internationalization/icudt64l/lang/lrc.res" 1429
"../../../Engine/Content/Internationalization/icudt64l/region/lrc.res" 1430
"../../../Engine/Content/Internationalization/icudt64l/lang/lt.res" 1431
"../../../Engine/Content/Internationalization/icudt64l/region/lt.res" 1432
"../../../Engine/Content/Internationalization/icudt64l/lang/lu.res" 1433
"../../../Engine/Content/Internationalization/icudt64l/region/lu.res" 1434
"../../../Engine/Content/Internationalization/icudt64l/lang/luo.res" 1435
"../../../Engine/Content/Internationalization/icudt64l/region/luo.res" 1436
"../../../Engine/Content/Internationalization/icudt64l/lang/luy.res" 1437
"../../../Engine/Content/Internationalization/icudt64l/region/luy.res" 1438
"../../../Engine/Content/Internationalization/icudt64l/lang/lv.res" 1439
"../../../Engine/Content/Internationalization/icudt64l/region/lv.res" 1440
"../../../Engine/Content/Internationalization/icudt64l/lang/mas.res" 1441
"../../../Engine/Content/Internationalization/icudt64l/region/mas.res" 1442
"../../../Engine/Content/Internationalization/icudt64l/lang/mer.res" 1443
"../../../Engine/Content/Internationalization/icudt64l/region/mer.res" 1444
"../../../Engine/Content/Internationalization/icudt64l/lang/mfe.res" 1445
"../../../Engine/Content/Internationalization/icudt64l/region/mfe.res" 1446
"../../../Engine/Content/Internationalization/icudt64l/lang/mg.res" 1447
"../../../Engine/Content/Internationalization/icudt64l/region/mg.res" 1448
"../../../Engine/Content/Internationalization/icudt64l/lang/mgh.res" 1449
"../../../Engine/Content/Internationalization/icudt64l/region/mgh.res" 1450
"../../../Engine/Content/Internationalization/icudt64l/lang/mgo.res" 1451
"../../../Engine/Content/Internationalization/icudt64l/region/mgo.res" 1452
"../../../Engine/Content/Internationalization/icudt64l/lang/mi.res" 1453
"../../../Engine/Content/Internationalization/icudt64l/region/mi.res" 1454
"../../../Engine/Content/Internationalization/icudt64l/lang/mk.res" 1455
"../../../Engine/Content/Internationalization/icudt64l/region/mk.res" 1456
"../../../Engine/Content/Internationalization/icudt64l/lang/ml.res" 1457
"../../../Engine/Content/Internationalization/icudt64l/region/ml.res" 1458
"../../../Engine/Content/Internationalization/icudt64l/lang/mn.res" 1459
"../../../Engine/Content/Internationalization/icudt64l/region/mn.res" 1460
"../../../Engine/Content/Internationalization/icudt64l/lang/mr.res" 1461
"../../../Engine/Content/Internationalization/icudt64l/region/mr.res" 1462
"../../../Engine/Content/Internationalization/icudt64l/lang/ms.res" 1463
"../../../Engine/Content/Internationalization/icudt64l/region/ms.res" 1464
"../../../Engine/Content/Internationalization/icudt64l/lang/mt.res" 1465
"../../../Engine/Content/Internationalization/icudt64l/region/mt.res" 1466
"../../../Engine/Content/Internationalization/icudt64l/lang/mua.res" 1467
"../../../Engine/Content/Internationalization/icudt64l/region/mua.res" 1468
"../../../Engine/Content/Internationalization/icudt64l/lang/my.res" 1469
"../../../Engine/Content/Internationalization/icudt64l/region/my.res" 1470
"../../../Engine/Content/Internationalization/icudt64l/lang/mzn.res" 1471
"../../../Engine/Content/Internationalization/icudt64l/region/mzn.res" 1472
"../../../Engine/Content/Internationalization/icudt64l/lang/naq.res" 1473
"../../../Engine/Content/Internationalization/icudt64l/region/naq.res" 1474
"../../../Engine/Content/Internationalization/icudt64l/lang/nb.res" 1475
"../../../Engine/Content/Internationalization/icudt64l/lang/nb_NO.res" 1476
"../../../Engine/Content/Internationalization/icudt64l/region/nb_NO.res" 1477
"../../../Engine/Content/Internationalization/icudt64l/region/nb.res" 1478
"../../../Engine/Content/Internationalization/icudt64l/lang/nd.res" 1479
"../../../Engine/Content/Internationalization/icudt64l/region/nd.res" 1480
"../../../Engine/Content/Internationalization/icudt64l/lang/nds.res" 1481
"../../../Engine/Content/Internationalization/icudt64l/region/nds.res" 1482
"../../../Engine/Content/Internationalization/icudt64l/lang/ne.res" 1483
"../../../Engine/Content/Internationalization/icudt64l/region/ne.res" 1484
"../../../Engine/Content/Internationalization/icudt64l/lang/nl.res" 1485
"../../../Engine/Content/Internationalization/icudt64l/region/nl.res" 1486
"../../../Engine/Content/Internationalization/icudt64l/lang/nmg.res" 1487
"../../../Engine/Content/Internationalization/icudt64l/region/nmg.res" 1488
"../../../Engine/Content/Internationalization/icudt64l/lang/nn.res" 1489
"../../../Engine/Content/Internationalization/icudt64l/lang/nn_NO.res" 1490
"../../../Engine/Content/Internationalization/icudt64l/region/nn_NO.res" 1491
"../../../Engine/Content/Internationalization/icudt64l/region/nn.res" 1492
"../../../Engine/Content/Internationalization/icudt64l/lang/nnh.res" 1493
"../../../Engine/Content/Internationalization/icudt64l/region/nnh.res" 1494
"../../../Engine/Content/Internationalization/icudt64l/lang/nus.res" 1495
"../../../Engine/Content/Internationalization/icudt64l/region/nus.res" 1496
"../../../Engine/Content/Internationalization/icudt64l/lang/nyn.res" 1497
"../../../Engine/Content/Internationalization/icudt64l/region/nyn.res" 1498
"../../../Engine/Content/Internationalization/icudt64l/lang/om.res" 1499
"../../../Engine/Content/Internationalization/icudt64l/region/om.res" 1500
"../../../Engine/Content/Internationalization/icudt64l/lang/or.res" 1501
"../../../Engine/Content/Internationalization/icudt64l/region/or.res" 1502
"../../../Engine/Content/Internationalization/icudt64l/lang/os.res" 1503
"../../../Engine/Content/Internationalization/icudt64l/region/os.res" 1504
"../../../Engine/Content/Internationalization/icudt64l/lang/pa.res" 1505
"../../../Engine/Content/Internationalization/icudt64l/lang/pa_Arab.res" 1506
"../../../Engine/Content/Internationalization/icudt64l/lang/pa_PK.res" 1507
"../../../Engine/Content/Internationalization/icudt64l/lang/pa_Arab_PK.res" 1508
"../../../Engine/Content/Internationalization/icudt64l/region/pa_PK.res" 1509
"../../../Engine/Content/Internationalization/icudt64l/region/pa_Arab_PK.res" 1510
"../../../Engine/Content/Internationalization/icudt64l/region/pa_Arab.res" 1511
"../../../Engine/Content/Internationalization/icudt64l/lang/pa_Guru.res" 1512
"../../../Engine/Content/Internationalization/icudt64l/lang/pa_IN.res" 1513
"../../../Engine/Content/Internationalization/icudt64l/lang/pa_Guru_IN.res" 1514
"../../../Engine/Content/Internationalization/icudt64l/region/pa_IN.res" 1515
"../../../Engine/Content/Internationalization/icudt64l/region/pa_Guru_IN.res" 1516
"../../../Engine/Content/Internationalization/icudt64l/region/pa_Guru.res" 1517
"../../../Engine/Content/Internationalization/icudt64l/region/pa.res" 1518
"../../../Engine/Content/Internationalization/icudt64l/lang/pl.res" 1519
"../../../Engine/Content/Internationalization/icudt64l/region/pl.res" 1520
"../../../Engine/Content/Internationalization/icudt64l/lang/ps.res" 1521
"../../../Engine/Content/Internationalization/icudt64l/region/ps.res" 1522
"../../../Engine/Content/Internationalization/icudt64l/lang/ps_PK.res" 1523
"../../../Engine/Content/Internationalization/icudt64l/region/ps_PK.res" 1524
"../../../Engine/Content/Internationalization/icudt64l/lang/pt.res" 1525
"../../../Engine/Content/Internationalization/icudt64l/lang/pt_AO.res" 1526
"../../../Engine/Content/Internationalization/icudt64l/lang/pt_PT.res" 1527
"../../../Engine/Content/Internationalization/icudt64l/region/pt_AO.res" 1528
"../../../Engine/Content/Internationalization/icudt64l/region/pt_PT.res" 1529
"../../../Engine/Content/Internationalization/icudt64l/region/pt.res" 1530
"../../../Engine/Content/Internationalization/icudt64l/lang/pt_CH.res" 1531
"../../../Engine/Content/Internationalization/icudt64l/region/pt_CH.res" 1532
"../../../Engine/Content/Internationalization/icudt64l/lang/pt_CV.res" 1533
"../../../Engine/Content/Internationalization/icudt64l/region/pt_CV.res" 1534
"../../../Engine/Content/Internationalization/icudt64l/lang/pt_GQ.res" 1535
"../../../Engine/Content/Internationalization/icudt64l/region/pt_GQ.res" 1536
"../../../Engine/Content/Internationalization/icudt64l/lang/pt_GW.res" 1537
"../../../Engine/Content/Internationalization/icudt64l/region/pt_GW.res" 1538
"../../../Engine/Content/Internationalization/icudt64l/lang/pt_LU.res" 1539
"../../../Engine/Content/Internationalization/icudt64l/region/pt_LU.res" 1540
"../../../Engine/Content/Internationalization/icudt64l/lang/pt_MO.res" 1541
"../../../Engine/Content/Internationalization/icudt64l/region/pt_MO.res" 1542
"../../../Engine/Content/Internationalization/icudt64l/lang/pt_MZ.res" 1543
"../../../Engine/Content/Internationalization/icudt64l/region/pt_MZ.res" 1544
"../../../Engine/Content/Internationalization/icudt64l/lang/pt_ST.res" 1545
"../../../Engine/Content/Internationalization/icudt64l/region/pt_ST.res" 1546
"../../../Engine/Content/Internationalization/icudt64l/lang/pt_TL.res" 1547
"../../../Engine/Content/Internationalization/icudt64l/region/pt_TL.res" 1548
"../../../Engine/Content/Internationalization/icudt64l/lang/qu.res" 1549
"../../../Engine/Content/Internationalization/icudt64l/region/qu.res" 1550
"../../../Engine/Content/Internationalization/icudt64l/lang/rm.res" 1551
"../../../Engine/Content/Internationalization/icudt64l/region/rm.res" 1552
"../../../Engine/Content/Internationalization/icudt64l/lang/rn.res" 1553
"../../../Engine/Content/Internationalization/icudt64l/region/rn.res" 1554
"../../../Engine/Content/Internationalization/icudt64l/lang/ro.res" 1555
"../../../Engine/Content/Internationalization/icudt64l/lang/ro_MD.res" 1556
"../../../Engine/Content/Internationalization/icudt64l/region/ro_MD.res" 1557
"../../../Engine/Content/Internationalization/icudt64l/region/ro.res" 1558
"../../../Engine/Content/Internationalization/icudt64l/lang/rof.res" 1559
"../../../Engine/Content/Internationalization/icudt64l/region/rof.res" 1560
"../../../Engine/Content/Internationalization/icudt64l/lang/ru.res" 1561
"../../../Engine/Content/Internationalization/icudt64l/region/ru.res" 1562
"../../../Engine/Content/Internationalization/icudt64l/region/ru_UA.res" 1563
"../../../Engine/Content/Internationalization/icudt64l/lang/rw.res" 1564
"../../../Engine/Content/Internationalization/icudt64l/region/rw.res" 1565
"../../../Engine/Content/Internationalization/icudt64l/lang/rwk.res" 1566
"../../../Engine/Content/Internationalization/icudt64l/region/rwk.res" 1567
"../../../Engine/Content/Internationalization/icudt64l/lang/sah.res" 1568
"../../../Engine/Content/Internationalization/icudt64l/region/sah.res" 1569
"../../../Engine/Content/Internationalization/icudt64l/lang/saq.res" 1570
"../../../Engine/Content/Internationalization/icudt64l/region/saq.res" 1571
"../../../Engine/Content/Internationalization/icudt64l/lang/sbp.res" 1572
"../../../Engine/Content/Internationalization/icudt64l/region/sbp.res" 1573
"../../../Engine/Content/Internationalization/icudt64l/lang/sd.res" 1574
"../../../Engine/Content/Internationalization/icudt64l/region/sd.res" 1575
"../../../Engine/Content/Internationalization/icudt64l/lang/se.res" 1576
"../../../Engine/Content/Internationalization/icudt64l/lang/se_FI.res" 1577
"../../../Engine/Content/Internationalization/icudt64l/region/se_FI.res" 1578
"../../../Engine/Content/Internationalization/icudt64l/region/se.res" 1579
"../../../Engine/Content/Internationalization/icudt64l/lang/seh.res" 1580
"../../../Engine/Content/Internationalization/icudt64l/region/seh.res" 1581
"../../../Engine/Content/Internationalization/icudt64l/lang/ses.res" 1582
"../../../Engine/Content/Internationalization/icudt64l/region/ses.res" 1583
"../../../Engine/Content/Internationalization/icudt64l/lang/sg.res" 1584
"../../../Engine/Content/Internationalization/icudt64l/region/sg.res" 1585
"../../../Engine/Content/Internationalization/icudt64l/lang/shi.res" 1586
"../../../Engine/Content/Internationalization/icudt64l/lang/shi_Latn.res" 1587
"../../../Engine/Content/Internationalization/icudt64l/lang/shi_MA.res" 1588
"../../../Engine/Content/Internationalization/icudt64l/lang/shi_Tfng_MA.res" 1589
"../../../Engine/Content/Internationalization/icudt64l/lang/shi_Tfng.res" 1590
"../../../Engine/Content/Internationalization/icudt64l/region/shi_MA.res" 1591
"../../../Engine/Content/Internationalization/icudt64l/region/shi_Tfng_MA.res" 1592
"../../../Engine/Content/Internationalization/icudt64l/region/shi_Tfng.res" 1593
"../../../Engine/Content/Internationalization/icudt64l/region/shi.res" 1594
"../../../Engine/Content/Internationalization/icudt64l/region/shi_Latn.res" 1595
"../../../Engine/Content/Internationalization/icudt64l/lang/si.res" 1596
"../../../Engine/Content/Internationalization/icudt64l/region/si.res" 1597
"../../../Engine/Content/Internationalization/icudt64l/lang/sk.res" 1598
"../../../Engine/Content/Internationalization/icudt64l/region/sk.res" 1599
"../../../Engine/Content/Internationalization/icudt64l/lang/sl.res" 1600
"../../../Engine/Content/Internationalization/icudt64l/region/sl.res" 1601
"../../../Engine/Content/Internationalization/icudt64l/lang/smn.res" 1602
"../../../Engine/Content/Internationalization/icudt64l/region/smn.res" 1603
"../../../Engine/Content/Internationalization/icudt64l/lang/sn.res" 1604
"../../../Engine/Content/Internationalization/icudt64l/region/sn.res" 1605
"../../../Engine/Content/Internationalization/icudt64l/lang/so.res" 1606
"../../../Engine/Content/Internationalization/icudt64l/region/so.res" 1607
"../../../Engine/Content/Internationalization/icudt64l/lang/sq.res" 1608
"../../../Engine/Content/Internationalization/icudt64l/region/sq.res" 1609
"../../../Engine/Content/Internationalization/icudt64l/lang/sr.res" 1610
"../../../Engine/Content/Internationalization/icudt64l/lang/sr_Cyrl.res" 1611
"../../../Engine/Content/Internationalization/icudt64l/lang/sr_BA.res" 1612
"../../../Engine/Content/Internationalization/icudt64l/lang/sr_Cyrl_BA.res" 1613
"../../../Engine/Content/Internationalization/icudt64l/region/sr_BA.res" 1614
"../../../Engine/Content/Internationalization/icudt64l/region/sr_Cyrl_BA.res" 1615
"../../../Engine/Content/Internationalization/icudt64l/region/sr_Cyrl.res" 1616
"../../../Engine/Content/Internationalization/icudt64l/region/sr.res" 1617
"../../../Engine/Content/Internationalization/icudt64l/lang/sr_ME.res" 1618
"../../../Engine/Content/Internationalization/icudt64l/lang/sr_Latn_ME.res" 1619
"../../../Engine/Content/Internationalization/icudt64l/lang/sr_Latn.res" 1620
"../../../Engine/Content/Internationalization/icudt64l/region/sr_ME.res" 1621
"../../../Engine/Content/Internationalization/icudt64l/region/sr_Latn_ME.res" 1622
"../../../Engine/Content/Internationalization/icudt64l/region/sr_Latn.res" 1623
"../../../Engine/Content/Internationalization/icudt64l/lang/sr_Cyrl_ME.res" 1624
"../../../Engine/Content/Internationalization/icudt64l/region/sr_Cyrl_ME.res" 1625
"../../../Engine/Content/Internationalization/icudt64l/lang/sr_RS.res" 1626
"../../../Engine/Content/Internationalization/icudt64l/lang/sr_Cyrl_RS.res" 1627
"../../../Engine/Content/Internationalization/icudt64l/region/sr_RS.res" 1628
"../../../Engine/Content/Internationalization/icudt64l/region/sr_Cyrl_RS.res" 1629
"../../../Engine/Content/Internationalization/icudt64l/lang/sr_XK.res" 1630
"../../../Engine/Content/Internationalization/icudt64l/lang/sr_Cyrl_XK.res" 1631
"../../../Engine/Content/Internationalization/icudt64l/region/sr_XK.res" 1632
"../../../Engine/Content/Internationalization/icudt64l/region/sr_Cyrl_XK.res" 1633
"../../../Engine/Content/Internationalization/icudt64l/lang/sr_Latn_BA.res" 1634
"../../../Engine/Content/Internationalization/icudt64l/region/sr_Latn_BA.res" 1635
"../../../Engine/Content/Internationalization/icudt64l/lang/sr_Latn_RS.res" 1636
"../../../Engine/Content/Internationalization/icudt64l/region/sr_Latn_RS.res" 1637
"../../../Engine/Content/Internationalization/icudt64l/lang/sr_Latn_XK.res" 1638
"../../../Engine/Content/Internationalization/icudt64l/region/sr_Latn_XK.res" 1639
"../../../Engine/Content/Internationalization/icudt64l/lang/sv.res" 1640
"../../../Engine/Content/Internationalization/icudt64l/region/sv.res" 1641
"../../../Engine/Content/Internationalization/icudt64l/lang/sv_FI.res" 1642
"../../../Engine/Content/Internationalization/icudt64l/lang/sw.res" 1643
"../../../Engine/Content/Internationalization/icudt64l/lang/sw_CD.res" 1644
"../../../Engine/Content/Internationalization/icudt64l/region/sw_CD.res" 1645
"../../../Engine/Content/Internationalization/icudt64l/region/sw.res" 1646
"../../../Engine/Content/Internationalization/icudt64l/lang/sw_KE.res" 1647
"../../../Engine/Content/Internationalization/icudt64l/region/sw_KE.res" 1648
"../../../Engine/Content/Internationalization/icudt64l/lang/ta.res" 1649
"../../../Engine/Content/Internationalization/icudt64l/region/ta.res" 1650
"../../../Engine/Content/Internationalization/icudt64l/lang/te.res" 1651
"../../../Engine/Content/Internationalization/icudt64l/region/te.res" 1652
"../../../Engine/Content/Internationalization/icudt64l/lang/teo.res" 1653
"../../../Engine/Content/Internationalization/icudt64l/region/teo.res" 1654
"../../../Engine/Content/Internationalization/icudt64l/lang/tg.res" 1655
"../../../Engine/Content/Internationalization/icudt64l/region/tg.res" 1656
"../../../Engine/Content/Internationalization/icudt64l/lang/th.res" 1657
"../../../Engine/Content/Internationalization/icudt64l/lang/th_TH.res" 1658
"../../../Engine/Content/Internationalization/icudt64l/region/th_TH.res" 1659
"../../../Engine/Content/Internationalization/icudt64l/region/th.res" 1660
"../../../Engine/Content/Internationalization/icudt64l/lang/ti.res" 1661
"../../../Engine/Content/Internationalization/icudt64l/region/ti.res" 1662
"../../../Engine/Content/Internationalization/icudt64l/lang/tk.res" 1663
"../../../Engine/Content/Internationalization/icudt64l/region/tk.res" 1664
"../../../Engine/Content/Internationalization/icudt64l/lang/to.res" 1665
"../../../Engine/Content/Internationalization/icudt64l/region/to.res" 1666
"../../../Engine/Content/Internationalization/icudt64l/lang/tr.res" 1667
"../../../Engine/Content/Internationalization/icudt64l/region/tr.res" 1668
"../../../Engine/Content/Internationalization/icudt64l/lang/tt.res" 1669
"../../../Engine/Content/Internationalization/icudt64l/region/tt.res" 1670
"../../../Engine/Content/Internationalization/icudt64l/lang/twq.res" 1671
"../../../Engine/Content/Internationalization/icudt64l/region/twq.res" 1672
"../../../Engine/Content/Internationalization/icudt64l/lang/tzm.res" 1673
"../../../Engine/Content/Internationalization/icudt64l/region/tzm.res" 1674
"../../../Engine/Content/Internationalization/icudt64l/lang/ug.res" 1675
"../../../Engine/Content/Internationalization/icudt64l/region/ug.res" 1676
"../../../Engine/Content/Internationalization/icudt64l/lang/uk.res" 1677
"../../../Engine/Content/Internationalization/icudt64l/region/uk.res" 1678
"../../../Engine/Content/Internationalization/icudt64l/lang/ur.res" 1679
"../../../Engine/Content/Internationalization/icudt64l/lang/ur_IN.res" 1680
"../../../Engine/Content/Internationalization/icudt64l/region/ur_IN.res" 1681
"../../../Engine/Content/Internationalization/icudt64l/region/ur.res" 1682
"../../../Engine/Content/Internationalization/icudt64l/lang/uz.res" 1683
"../../../Engine/Content/Internationalization/icudt64l/lang/uz_Arab.res" 1684
"../../../Engine/Content/Internationalization/icudt64l/lang/uz_AF.res" 1685
"../../../Engine/Content/Internationalization/icudt64l/lang/uz_Arab_AF.res" 1686
"../../../Engine/Content/Internationalization/icudt64l/region/uz_AF.res" 1687
"../../../Engine/Content/Internationalization/icudt64l/region/uz_Arab_AF.res" 1688
"../../../Engine/Content/Internationalization/icudt64l/region/uz_Arab.res" 1689
"../../../Engine/Content/Internationalization/icudt64l/lang/uz_Cyrl.res" 1690
"../../../Engine/Content/Internationalization/icudt64l/lang/uz_UZ.res" 1691
"../../../Engine/Content/Internationalization/icudt64l/lang/uz_Latn_UZ.res" 1692
"../../../Engine/Content/Internationalization/icudt64l/lang/uz_Latn.res" 1693
"../../../Engine/Content/Internationalization/icudt64l/region/uz_UZ.res" 1694
"../../../Engine/Content/Internationalization/icudt64l/region/uz_Latn_UZ.res" 1695
"../../../Engine/Content/Internationalization/icudt64l/region/uz_Latn.res" 1696
"../../../Engine/Content/Internationalization/icudt64l/region/uz.res" 1697
"../../../Engine/Content/Internationalization/icudt64l/region/uz_Cyrl.res" 1698
"../../../Engine/Content/Internationalization/icudt64l/lang/vai.res" 1699
"../../../Engine/Content/Internationalization/icudt64l/lang/vai_Latn.res" 1700
"../../../Engine/Content/Internationalization/icudt64l/lang/vai_LR.res" 1701
"../../../Engine/Content/Internationalization/icudt64l/lang/vai_Vaii_LR.res" 1702
"../../../Engine/Content/Internationalization/icudt64l/lang/vai_Vaii.res" 1703
"../../../Engine/Content/Internationalization/icudt64l/region/vai_LR.res" 1704
"../../../Engine/Content/Internationalization/icudt64l/region/vai_Vaii_LR.res" 1705
"../../../Engine/Content/Internationalization/icudt64l/region/vai_Vaii.res" 1706
"../../../Engine/Content/Internationalization/icudt64l/region/vai.res" 1707
"../../../Engine/Content/Internationalization/icudt64l/region/vai_Latn.res" 1708
"../../../Engine/Content/Internationalization/icudt64l/lang/vi.res" 1709
"../../../Engine/Content/Internationalization/icudt64l/region/vi.res" 1710
"../../../Engine/Content/Internationalization/icudt64l/lang/vun.res" 1711
"../../../Engine/Content/Internationalization/icudt64l/region/vun.res" 1712
"../../../Engine/Content/Internationalization/icudt64l/lang/wae.res" 1713
"../../../Engine/Content/Internationalization/icudt64l/region/wae.res" 1714
"../../../Engine/Content/Internationalization/icudt64l/lang/wo.res" 1715
"../../../Engine/Content/Internationalization/icudt64l/region/wo.res" 1716
"../../../Engine/Content/Internationalization/icudt64l/lang/xh.res" 1717
"../../../Engine/Content/Internationalization/icudt64l/region/xh.res" 1718
"../../../Engine/Content/Internationalization/icudt64l/lang/xog.res" 1719
"../../../Engine/Content/Internationalization/icudt64l/region/xog.res" 1720
"../../../Engine/Content/Internationalization/icudt64l/lang/yav.res" 1721
"../../../Engine/Content/Internationalization/icudt64l/region/yav.res" 1722
"../../../Engine/Content/Internationalization/icudt64l/lang/yi.res" 1723
"../../../Engine/Content/Internationalization/icudt64l/region/yi.res" 1724
"../../../Engine/Content/Internationalization/icudt64l/lang/yo.res" 1725
"../../../Engine/Content/Internationalization/icudt64l/lang/yo_BJ.res" 1726
"../../../Engine/Content/Internationalization/icudt64l/region/yo_BJ.res" 1727
"../../../Engine/Content/Internationalization/icudt64l/region/yo.res" 1728
"../../../Engine/Content/Internationalization/icudt64l/lang/yue.res" 1729
"../../../Engine/Content/Internationalization/icudt64l/lang/yue_Hans.res" 1730
"../../../Engine/Content/Internationalization/icudt64l/lang/yue_CN.res" 1731
"../../../Engine/Content/Internationalization/icudt64l/lang/yue_Hans_CN.res" 1732
"../../../Engine/Content/Internationalization/icudt64l/region/yue_CN.res" 1733
"../../../Engine/Content/Internationalization/icudt64l/region/yue_Hans_CN.res" 1734
"../../../Engine/Content/Internationalization/icudt64l/region/yue_Hans.res" 1735
"../../../Engine/Content/Internationalization/icudt64l/lang/yue_Hant.res" 1736
"../../../Engine/Content/Internationalization/icudt64l/lang/yue_HK.res" 1737
"../../../Engine/Content/Internationalization/icudt64l/lang/yue_Hant_HK.res" 1738
"../../../Engine/Content/Internationalization/icudt64l/region/yue_HK.res" 1739
"../../../Engine/Content/Internationalization/icudt64l/region/yue_Hant_HK.res" 1740
"../../../Engine/Content/Internationalization/icudt64l/region/yue_Hant.res" 1741
"../../../Engine/Content/Internationalization/icudt64l/region/yue.res" 1742
"../../../Engine/Content/Internationalization/icudt64l/lang/zgh.res" 1743
"../../../Engine/Content/Internationalization/icudt64l/region/zgh.res" 1744
"../../../Engine/Content/Internationalization/icudt64l/lang/zh.res" 1745
"../../../Engine/Content/Internationalization/icudt64l/lang/zh_Hans.res" 1746
"../../../Engine/Content/Internationalization/icudt64l/lang/zh_CN.res" 1747
"../../../Engine/Content/Internationalization/icudt64l/lang/zh_Hans_CN.res" 1748
"../../../Engine/Content/Internationalization/icudt64l/region/zh_CN.res" 1749
"../../../Engine/Content/Internationalization/icudt64l/region/zh_Hans_CN.res" 1750
"../../../Engine/Content/Internationalization/icudt64l/region/zh_Hans.res" 1751
"../../../Engine/Content/Internationalization/icudt64l/region/zh.res" 1752
"../../../Engine/Content/Internationalization/icudt64l/lang/zh_HK.res" 1753
"../../../Engine/Content/Internationalization/icudt64l/lang/zh_Hant_HK.res" 1754
"../../../Engine/Content/Internationalization/icudt64l/lang/zh_Hant.res" 1755
"../../../Engine/Content/Internationalization/icudt64l/region/zh_HK.res" 1756
"../../../Engine/Content/Internationalization/icudt64l/region/zh_Hant_HK.res" 1757
"../../../Engine/Content/Internationalization/icudt64l/region/zh_Hant.res" 1758
"../../../Engine/Content/Internationalization/icudt64l/lang/zh_MO.res" 1759
"../../../Engine/Content/Internationalization/icudt64l/lang/zh_Hant_MO.res" 1760
"../../../Engine/Content/Internationalization/icudt64l/region/zh_MO.res" 1761
"../../../Engine/Content/Internationalization/icudt64l/region/zh_Hant_MO.res" 1762
"../../../Engine/Content/Internationalization/icudt64l/lang/zh_SG.res" 1763
"../../../Engine/Content/Internationalization/icudt64l/lang/zh_Hans_SG.res" 1764
"../../../Engine/Content/Internationalization/icudt64l/region/zh_SG.res" 1765
"../../../Engine/Content/Internationalization/icudt64l/region/zh_Hans_SG.res" 1766
"../../../Engine/Content/Internationalization/icudt64l/lang/zh_TW.res" 1767
"../../../Engine/Content/Internationalization/icudt64l/lang/zh_Hant_TW.res" 1768
"../../../Engine/Content/Internationalization/icudt64l/region/zh_TW.res" 1769
"../../../Engine/Content/Internationalization/icudt64l/region/zh_Hant_TW.res" 1770
"../../../Engine/Content/Internationalization/icudt64l/lang/zu.res" 1771
"../../../Engine/Content/Internationalization/icudt64l/region/zu.res" 1772
"../../../Engine/Content/Internationalization/icudt64l/lang/no.res" 1773
"../../../Engine/Content/Internationalization/icudt64l/lang/tl.res" 1774
"../../../Engine/Config/Android/DataDrivenPlatformInfo.ini" 1775
"../../../Engine/Config/IOS/DataDrivenPlatformInfo.ini" 1776
"../../../Engine/Config/Linux/DataDrivenPlatformInfo.ini" 1777
"../../../Engine/Config/LinuxArm64/DataDrivenPlatformInfo.ini" 1778
"../../../Engine/Config/Mac/DataDrivenPlatformInfo.ini" 1779
"../../../Engine/Config/TVOS/DataDrivenPlatformInfo.ini" 1780
"../../../Engine/Config/Unix/DataDrivenPlatformInfo.ini" 1781
"../../../Engine/Config/VulkanPC/DataDrivenPlatformInfo.ini" 1782
"../../../Engine/Config/Windows/DataDrivenPlatformInfo.ini" 1783
"../../../Engine/Platforms/VisionOS/Config/DataDrivenPlatformInfo.ini" 1784
"../../../Engine/DerivedDataCache/Compressed.ddp" 1785
"C:/Users/Amir sanni/AppData/Local/UnrealEngine/5.4/Saved/Zen/zen.version" 1786
"C:/Users/Amir sanni/AppData/Local/UnrealEngine/Common/Zen/Install/zen.version" 1787
"C:/Users/Amir sanni/AppData/Local/UnrealEngine/Common/Zen/Install/zenserver.runcontext" 1788
"C:/Users/Amir sanni/AppData/Local/UnrealEngine/Common/DerivedDataCache/TestData/0/TestData_4kb.dat" 1789
"C:/Users/Amir sanni/AppData/Local/UnrealEngine/Common/DerivedDataCache/TestData/1/TestData_4kb.dat" 1790
"C:/Users/Amir sanni/AppData/Local/UnrealEngine/Common/DerivedDataCache/TestData/0/TestData_8kb.dat" 1791
"C:/Users/Amir sanni/AppData/Local/UnrealEngine/Common/DerivedDataCache/TestData/1/TestData_8kb.dat" 1792
"C:/Users/Amir sanni/AppData/Local/UnrealEngine/Common/DerivedDataCache/TestData/0/TestData_16kb.dat" 1793
"C:/Users/Amir sanni/AppData/Local/UnrealEngine/Common/DerivedDataCache/TestData/1/TestData_16kb.dat" 1794
"C:/Users/Amir sanni/AppData/Local/UnrealEngine/Common/DerivedDataCache/TestData/0/TestData_64kb.dat" 1795
"C:/Users/Amir sanni/AppData/Local/UnrealEngine/Common/DerivedDataCache/TestData/1/TestData_64kb.dat" 1796
"C:/Users/Amir sanni/AppData/Local/UnrealEngine/Common/DerivedDataCache/TestData/0/TestData_128kb.dat" 1797
"C:/Users/Amir sanni/AppData/Local/UnrealEngine/Common/DerivedDataCache/TestData/1/TestData_128kb.dat" 1798
"C:/Users/Amir sanni/AppData/Local/UnrealEngine/Common/DerivedDataCache/TestData/0/TestData_256kb.dat" 1799
"C:/Users/Amir sanni/AppData/Local/UnrealEngine/Common/DerivedDataCache/TestData/1/TestData_256kb.dat" 1800
"C:/Users/Amir sanni/Desktop/Biplo/Roomba-Biplo-Studio/Intermediate/ShaderAutogen/PCD3D_SM5/AutogenShaderHeaders.ush" 1801
"../../../Engine/Plugins/FX/Niagara/Shaders/Private/NiagaraSpriteVertexFactory.ush" 1802
"../../../Engine/Shaders/Private/VertexFactoryCommon.ush" 1803
"../../../Engine/Shaders/Private/Common.ush" 1804
"../../../Engine/Shaders/Public/Platform.ush" 1805
"../../../Engine/Shaders/Public/FP16Math.ush" 1806
"../../../Engine/Shaders/Public/Platform/D3D/D3DCommon.ush" 1807
"../../../Engine/Shaders/Shared/HLSLReservedSpaces.h" 1808
"../../../Engine/Shaders/Public/BindlessResources.ush" 1809
"../../../Engine/Shaders/Public/OverloadMacros.ush" 1810
"../../../Engine/Shaders/Public/ShaderVersion.ush" 1811
"../../../Engine/Shaders/Private/PackUnpack.ush" 1812
"../../../Engine/Shaders/Private/GeneratedUniformBufferTypes.ush" 1813
"../../../Engine/Shaders/Private/Nanite/NanitePackedNaniteView.ush" 1814
"../../../Engine/Shaders/Private/HairStrands/HairStrandsVisibilityCommonStruct.ush" 1815
"../../../Engine/Shaders/Private/HairStrands/HairStrandsVoxelPageCommonStruct.ush" 1816
"../../../Engine/Shaders/Private/HairStrands/HairStrandsDeepShadowCommonStruct.ush" 1817
"../../../Engine/Shaders/Shared/LightSceneData.h" 1818
"../../../Engine/Shaders/Shared/HLSLTypeAliases.h" 1819
"../../../Engine/Shaders/Private/LargeWorldCoordinates.ush" 1820
"../../../Engine/Shaders/Private/DoubleFloat.ush" 1821
"../../../Engine/Shaders/Private/DoubleFloatOperations.ush" 1822
"../../../Engine/Shaders/Private/DoubleFloatVectorDefinition.ush" 1823
"../../../Engine/Shaders/Private/LWCOperations.ush" 1824
"../../../Engine/Shaders/Private/CommonViewUniformBuffer.ush" 1825
"../../../Engine/Shaders/Private/InstancedStereo.ush" 1826
"../../../Engine/Shaders/Private/Definitions.usf" 1827
"../../../Engine/Shaders/Private/AssertionMacros.ush" 1828
"../../../Engine/Shaders/Private/FastMath.ush" 1829
"../../../Engine/Shaders/Private/FastMathThirdParty.ush" 1830
"../../../Engine/Shaders/Private/Random.ush" 1831
"../../../Engine/Shaders/Private/SceneData.ush" 1832
"../../../Engine/Shaders/Private/OctahedralCommon.ush" 1833
"../../../Engine/Shaders/Private/WaveOpUtil.ush" 1834
"../../../Engine/Shaders/Shared/SceneDefinitions.h" 1835
"../../../Engine/Shaders/Private/SceneDataMobileLoader.ush" 1836
"../../../Engine/Shaders/Private/ParticleVertexFactoryCommon.ush" 1837
"../../../Engine/Plugins/FX/Niagara/Shaders/Private/NiagaraVFCommon.usf" 1838
"../../../Engine/Plugins/FX/Niagara/Shaders/Private/NiagaraVFParticleAccess.usf" 1839
"../../../Engine/Plugins/FX/Niagara/Shaders/Private/NiagaraParticleAccess.ush" 1840
"../../../Engine/Shaders/Private/VertexFactoryDefaultInterface.ush" 1841
"../../../Engine/Plugins/FX/Niagara/Shaders/Private/NiagaraRibbonVertexFactory.ush" 1842
"../../../Engine/Plugins/FX/Niagara/Shaders/Private/NiagaraMeshVertexFactory.ush" 1843
"../../../Engine/Plugins/FX/Niagara/Shaders/Private/NiagaraCommon.ush" 1844
"../../../Engine/Plugins/FX/Niagara/Shaders/Private/NiagaraMeshParticleUtils.ush" 1845
"../../../Engine/Shaders/Private/RayTracing/RayTracingCommon.ush" 1846
"../../../Engine/Shaders/Private/ShadingCommon.ush" 1847
"../../../Engine/Shaders/Shared/RayTracingDefinitions.h" 1848
"../../../Engine/Shaders/Shared/RayTracingPayloadType.h" 1849
"../../../Engine/Shaders/Shared/HLSLStaticAssert.h" 1850
"../../../Engine/Shaders/Private/RayTracing/RayTracingRayCone.ush" 1851
"../../../Engine/Shaders/Private/Substrate/Substrate.ush" 1852
"../../../Engine/Shaders/Private/ShadingEnergyConservation.ush" 1853
"../../../Engine/Shaders/Private/ShadingEnergyConservationTemplate.ush" 1854
"../../../Engine/Shaders/Private/BRDF.ush" 1855
"../../../Engine/Shaders/Private/ColorSpace.ush" 1856
"../../../Engine/Shaders/Private/DeferredShadingCommon.ush" 1857
"../../../Engine/Shaders/Private/LightAccumulator.ush" 1858
"../../../Engine/Shaders/Private/SceneTexturesCommon.ush" 1859
"../../../Engine/Shaders/Private/MonteCarlo.ush" 1860
"../../../Engine/Shaders/Private/GBufferHelpers.ush" 1861
"../../../Engine/Shaders/Private/SceneTextureParameters.ush" 1862
"../../../Engine/Shaders/Private/ParticipatingMediaCommon.ush" 1863
"../../../Engine/Shaders/Private/ThinFilmBSDF.ush" 1864
"../../../Engine/Shaders/Private/MortonCode.ush" 1865
"../../../Engine/Shaders/Private/SubsurfaceProfileCommon.ush" 1866
"../../../Engine/Shaders/Private/BurleyNormalizedSSSCommon.ush" 1867
"../../../Engine/Shaders/Private/GammaCorrectionCommon.ush" 1868
"../../../Engine/Shaders/Shared/SubstrateDefinitions.h" 1869
"../../../Engine/Shaders/Private/Substrate/SubstrateStatisticalOperators.ush" 1870
"../../../Engine/Shaders/Private/Substrate/SubstrateSubsurface.ush" 1871
"../../../Engine/Shaders/Private/TransmissionCommon.ush" 1872
"../../../Engine/Shaders/Private/RayTracing/RayTracingCommonMetal.ush" 1873
"../../../Engine/Shaders/Private/PositionReconstructionCommon.ush" 1874
"../../../Engine/Shaders/Private/RayTracing/TraceRayInline.ush" 1875
"../../../Engine/Shaders/Private/RayTracing/TraceRayInlineCommon.ush" 1876
"../../../Engine/Shaders/Private/RayTracing/TraceRayInlineVulkan.ush" 1877
"../../../Engine/Shaders/Private/RayTracing/TraceRayInlineMetal.ush" 1878
"../../../Engine/Shaders/Private/RayTracing/RayTracingHitGroupCommon.ush" 1879
"../../../Engine/Shaders/Shared/RayTracingBuiltInResources.h" 1880
"../../../Engine/Shaders/Private/Nanite/NaniteDataDecode.ush" 1881
"../../../Engine/Shaders/Private/BitPacking.ush" 1882
"../../../Engine/Shaders/Private/BitStreamReaderImplementation.ush" 1883
"../../../Engine/Shaders/Shared/NaniteDefinitions.h" 1884
"../../../Engine/Shaders/Private/Nanite/NaniteAttributeDecode.ush" 1885
"../../../Engine/Shaders/Private/Barycentrics.ush" 1886
"../../../Engine/Shaders/Private/DualNumber.ush" 1887
"../../../Engine/Shaders/Private/VectorFieldVisualizationVertexFactory.ush" 1888
"../../../Engine/Shaders/Private/Nanite/NaniteVertexFactory.ush" 1889
"../../../Engine/Shaders/Private/LightmapData.ush" 1890
"../../../Engine/Shaders/Private/SplineMeshCommon.ush" 1891
"../../../Engine/Shaders/Shared/SplineMeshShaderParams.h" 1892
"../../../Engine/Shaders/Private/Quaternion.ush" 1893
"../../../Engine/Shaders/Private/ShaderPrint.ush" 1894
"../../../Engine/Shaders/Private/ShaderPrintCommon.ush" 1895
"../../../Engine/Shaders/Private/MiniFontCommon.ush" 1896
"../../../Engine/Shaders/Private/Nanite/NaniteVertexDeformation.ush" 1897
"../../../Engine/Shaders/Private/ParticleSpriteVertexFactory.ush" 1898
"../../../Engine/Shaders/Private/ParticleGPUSpriteVertexFactory.ush" 1899
"../../../Engine/Shaders/Private/ParticleSimulationCommon.ush" 1900
"../../../Engine/Shaders/Private/ParticleBeamTrailVertexFactory.ush" 1901
"../../../Engine/Shaders/Private/MeshParticleVertexFactory.ush" 1902
"../../../Engine/Shaders/Private/LocalVertexFactory.ush" 1903
"../../../Engine/Shaders/Private/LocalVertexFactoryCommon.ush" 1904
"../../../Engine/Shaders/Private/GpuSkinCommon.ush" 1905
"../../../Engine/Shaders/Private/GpuSkinVertexFactory.ush" 1906
"../../../Engine/Shaders/Private/GeometryCollectionVertexFactory.ush" 1907
"../../../Engine/Shaders/Private/GeometryCacheVertexFactory.ush" 1908
"../../../Engine/Shaders/Private/LandscapeVertexFactory.ush" 1909
"../../../Engine/Plugins/Media/WmfMedia/Shaders/Private/MediaHardwareVideoDecoding.usf" 1910
"../../../Engine/Shaders/Private/ColorUtils.ush" 1911
"../../../Engine/Plugins/Media/ImgMedia/Shaders/Private/ExrSwizzler.usf" 1912
"../../../Engine/Plugins/FX/Niagara/Shaders/Private/Stateless/NiagaraStatelessSimulationExample1.usf" 1913
"../../../Engine/Plugins/FX/Niagara/Shaders/Private/Stateless/NiagaraStatelessSimulationTemplate.ush" 1914
"../../../Engine/Plugins/FX/Niagara/Shaders/Private/Stateless/NiagaraStatelessCommon.ush" 1915
"../../../Engine/Plugins/FX/Niagara/Shaders/Private/NiagaraQuaternionUtils.ush" 1916
"../../../Engine/Plugins/FX/Niagara/Shaders/Private/Stateless/NiagaraStatelessDistribution.ush" 1917
"../../../Engine/Plugins/FX/Niagara/Shaders/Private/Stateless/Modules/NiagaraStatelessModule_CalculateAccurateVelocity.ush" 1918
"../../../Engine/Plugins/FX/Niagara/Shaders/Private/Stateless/Modules/NiagaraStatelessModule_CameraOffset.ush" 1919
"../../../Engine/Plugins/FX/Niagara/Shaders/Private/Stateless/Modules/NiagaraStatelessModule_DynamicMaterialParameters.ush" 1920
"../../../Engine/Plugins/FX/Niagara/Shaders/Private/Stateless/Modules/NiagaraStatelessModule_InitializeParticle.ush" 1921
"../../../Engine/Plugins/FX/Niagara/Shaders/Private/Stateless/Modules/NiagaraStatelessModule_InitialMeshOrientation.ush" 1922
"../../../Engine/Plugins/FX/Niagara/Shaders/Private/Stateless/Modules/NiagaraStatelessModule_MeshIndex.ush" 1923
"../../../Engine/Plugins/FX/Niagara/Shaders/Private/Stateless/Modules/NiagaraStatelessModule_MeshRotationRate.ush" 1924
"../../../Engine/Plugins/FX/Niagara/Shaders/Private/Stateless/Modules/NiagaraStatelessModule_RotateAroundPoint.ush" 1925
"../../../Engine/Plugins/FX/Niagara/Shaders/Private/Stateless/Modules/NiagaraStatelessModule_ShapeLocation.ush" 1926
"../../../Engine/Plugins/FX/Niagara/Shaders/Private/Stateless/Modules/NiagaraStatelessModule_ScaleColor.ush" 1927
"../../../Engine/Plugins/FX/Niagara/Shaders/Private/Stateless/Modules/NiagaraStatelessModule_ScaleSpriteSize.ush" 1928
"../../../Engine/Plugins/FX/Niagara/Shaders/Private/Stateless/Modules/NiagaraStatelessModule_ScaleSpriteSizeBySpeed.ush" 1929
"../../../Engine/Plugins/FX/Niagara/Shaders/Private/Stateless/Modules/NiagaraStatelessModule_ScaleMeshSize.ush" 1930
"../../../Engine/Plugins/FX/Niagara/Shaders/Private/Stateless/Modules/NiagaraStatelessModule_ScaleMeshSizebySpeed.ush" 1931
"../../../Engine/Plugins/FX/Niagara/Shaders/Private/Stateless/Modules/NiagaraStatelessModule_SolveVelocitiesAndForces.ush" 1932
"../../../Engine/Plugins/FX/Niagara/Shaders/Private/Stateless/Modules/NiagaraStatelessModule_SpriteFacingAndAlignment.ush" 1933
"../../../Engine/Plugins/FX/Niagara/Shaders/Private/Stateless/Modules/NiagaraStatelessModule_SpriteRotationRate.ush" 1934
"../../../Engine/Plugins/FX/Niagara/Shaders/Private/Stateless/Modules/NiagaraStatelessModule_SubUVAnimation.ush" 1935
"../../../Engine/Plugins/FX/Niagara/Shaders/Private/Stateless/NiagaraStatelessSimulationDefault.usf" 1936
"../../../Engine/Plugins/FX/Niagara/Shaders/Private/NiagaraSVTToDenseBuffer.usf" 1937
"../../../Engine/Shaders/Private/SparseVolumeTexture/SparseVolumeTextureCommon.ush" 1938
"../../../Engine/Plugins/FX/Niagara/Shaders/Private/NiagaraFillIntBuffer.usf" 1939
"../../../Engine/Plugins/FX/Niagara/Shaders/Private/NiagaraComputeFreeIDs.usf" 1940
"../../../Engine/Plugins/FX/Niagara/Shaders/Private/NiagaraInitFreeIDBuffer.usf" 1941
"../../../Engine/Plugins/FX/Niagara/Shaders/Private/NiagaraEmitterInstanceShader.usf" 1942
"../../../Engine/Plugins/FX/Niagara/Shaders/Private/NiagaraShaderVersion.ush" 1943
"../../../Engine/Shaders/Private/DistanceField/GlobalDistanceFieldShared.ush" 1944
"../../../Engine/Plugins/FX/Niagara/Shaders/Private/NiagaraPhysicsCommon.ush" 1945
"../../../Engine/Plugins/FX/Niagara/Shaders/Private/Ribbons/NiagaraRibbonGenerateIndices.usf" 1946
"../../../Engine/Plugins/FX/Niagara/Shaders/Private/Ribbons/NiagaraRibbonCommon.ush" 1947
"../../../Engine/Plugins/FX/Niagara/Shaders/Private/Ribbons/NiagaraRibbonInitializeIndices.usf" 1948
"../../../Engine/Plugins/FX/Niagara/Shaders/Private/Ribbons/NiagaraRibbonRibbonUVParamCalculation.usf" 1949
"../../../Engine/Plugins/FX/Niagara/Shaders/Private/Ribbons/NiagaraRibbonVertexReductionFinalization.usf" 1950
"../../../Engine/Plugins/FX/Niagara/Shaders/Private/Ribbons/NiagaraRibbonVertexReductionPropagation.usf" 1951
"../../../Engine/Plugins/FX/Niagara/Shaders/Private/Ribbons/NiagaraRibbonVertexReductionInitialization.usf" 1952
"../../../Engine/Plugins/FX/Niagara/Shaders/Private/Ribbons/NiagaraRibbonSortParticles.usf" 1953
"../../../Engine/Plugins/FX/Niagara/Shaders/Private/NiagaraUpdateMeshGPUSceneInstances.usf" 1954
"../../../Engine/Shaders/Private/ComputeShaderUtils.ush" 1955
"../../../Engine/Shaders/Private/GPUScene/GPUSceneWriter.ush" 1956
"../../../Engine/Plugins/FX/Niagara/Shaders/Private/NiagaraGenerateMips.usf" 1957
"../../../Engine/Plugins/FX/Niagara/Shaders/Private/NiagaraDebugDraw.usf" 1958
"../../../Engine/Plugins/FX/Niagara/Shaders/Private/NiagaraDebugDraw.ush" 1959
"../../../Engine/Plugins/FX/Niagara/Shaders/Private/NiagaraVisualizeTexture.usf" 1960
"../../../Engine/Plugins/FX/Niagara/Shaders/Private/NiagaraClearCounts.usf" 1961
"../../../Engine/Plugins/FX/Niagara/Shaders/Private/NiagaraBatchedElements.usf" 1962
"../../../Engine/Plugins/FX/Niagara/Shaders/Private/NiagaraRayTracingShaders.usf" 1963
"../../../Engine/Plugins/FX/Niagara/Shaders/Private/NiagaraAsyncGpuTraceCommon.ush" 1964
"../../../Engine/Shaders/Private/HashTable.ush" 1965
"../../../Engine/Shaders/Private/Hash.ush" 1966
"../../../Engine/Shaders/Private/RayTracing/VFXTraceRay.ush" 1967
"../../../Engine/Plugins/FX/Niagara/Shaders/Private/NiagaraRayMarchingShaders.usf" 1968
"../../../Engine/Plugins/FX/Niagara/Shaders/Private/NiagaraRayTraceCollisionGroupShaders.usf" 1969
"../../../Engine/Plugins/FX/Niagara/Shaders/Private/NiagaraAsyncGpuTraceUtils.usf" 1970
"../../../Engine/Plugins/FX/Niagara/Shaders/Private/NiagaraSortKeyGen.usf" 1971
"../../../Engine/Plugins/FX/Niagara/Shaders/Private/NiagaraGPURayTracingTransforms.usf" 1972
"../../../Engine/Plugins/FX/Niagara/Shaders/Private/NiagaraDrawIndirectArgsGen.usf" 1973
"../../../Engine/Plugins/FX/Niagara/Shaders/Private/NiagaraDispatchIndirectArgsGen.usf" 1974
"../../../Engine/Plugins/Enterprise/GLTFExporter/Shaders/Private/SimpleTexture2DPS.usf" 1975
"../../../Engine/Shaders/Private/SimpleElementNormalMapPixelShader.usf" 1976
"../../../Engine/Shaders/Private/TranslucentLightingShaders.usf" 1977
"../../../Engine/Shaders/Private/SHCommon.ush" 1978
"../../../Engine/Shaders/Private/ShadowProjectionCommon.ush" 1979
"../../../Engine/Shaders/Private/CubemapCommon.ush" 1980
"../../../Engine/Shaders/Private/VectorFieldCompositeShaders.usf" 1981
"../../../Engine/Shaders/Private/UpdateTextureShaders.usf" 1982
"../../../Engine/Shaders/Private/StereoLayerShader.usf" 1983
"../../../Engine/Shaders/Private/SparseVolumeTexture/UpdateSparseVolumeTexture.usf" 1984
"../../../Engine/Shaders/Private/MorphTargets.usf" 1985
"../../../Engine/Shaders/Private/SimpleElementColorChannelMaskPixelShader.usf" 1986
"../../../Engine/Shaders/Private/SimpleElementHitProxyPixelShader.usf" 1987
"../../../Engine/Shaders/Private/SimpleElementPixelShader.usf" 1988
"../../../Engine/Shaders/Private/IESLightProfilesCommon.ush" 1989
"../../../Engine/Shaders/Private/SimpleElementVertexShader.usf" 1990
"../../../Engine/Shaders/Private/ScreenPixelShaderOES.usf" 1991
"../../../Engine/Shaders/Private/ScreenVertexShader.usf" 1992
"../../../Engine/Shaders/Private/ScreenPixelShader.usf" 1993
"../../../Engine/Shaders/Private/SSProfilePreIntegratedMobile.usf" 1994
"../../../Engine/Shaders/Private/SpecularProfile.usf" 1995
"../../../Engine/Shaders/Private/Nanite/NaniteStreaming.usf" 1996
"../../../Engine/Shaders/Private/Nanite/NaniteStreaming.ush" 1997
"../../../Engine/Shaders/Private/Nanite/NaniteTranscode.usf" 1998
"../../../Engine/Shaders/Private/VolumetricLightmapStreaming.usf" 1999
"../../../Engine/Shaders/Private/PhysicsFieldReset.usf" 2000
"../../../Engine/Shaders/Private/PhysicsFieldBuilder.usf" 2001
"../../../Engine/Shaders/Private/PhysicsFieldEval.ush" 2002
"../../../Engine/Shaders/Private/ParticleSortKeyGen.usf" 2003
"../../../Engine/Shaders/Private/ParticleBoundsShader.usf" 2004
"../../../Engine/Shaders/Private/ParticleSimVisualizeShader.usf" 2005
"../../../Engine/Shaders/Private/ParticleInjectionShader.usf" 2006
"../../../Engine/Shaders/Private/ParticleSimulationShader.usf" 2007
"../../../Engine/Shaders/Private/ParticleCurveInjectionShader.usf" 2008
"../../../Engine/Shaders/Private/CopyUIntBuffer.usf" 2009
"../../../Engine/Shaders/Private/RadixSortShaders.usf" 2010
"../../../Engine/Shaders/Private/RecomputeTangentsPerVertexPass.usf" 2011
"../../../Engine/Shaders/Private/RecomputeTangentsCommon.ush" 2012
"../../../Engine/Shaders/Private/RecomputeTangentsPerTrianglePass.usf" 2013
"../../../Engine/Shaders/Private/GpuSkinCacheComputeShader.usf" 2014
"../../../Engine/Shaders/Private/HeightFieldAtlasManagement.usf" 2015
"../../../Engine/Shaders/Private/LandscapePhysicalMaterial.usf" 2016
"../../../Engine/Shaders/Private/MaterialTemplate.ush" 2017
"../../../Engine/Shaders/Private/WorldSpaceMath.ush" 2018
"../../../Engine/Shaders/Private/EyeAdaptationCommon.ush" 2019
"../../../Engine/Shaders/Private/SobolRandom.ush" 2020
"../../../Engine/Shaders/Private/DepthOfFieldCommon.ush" 2021
"../../../Engine/Shaders/Private/CircleDOFCommon.ush" 2022
"../../../Engine/Shaders/Private/PhysicsFieldSampler.ush" 2023
"../../../Engine/Shaders/Private/PhysicsFieldShared.ush" 2024
"../../../Engine/Shaders/Private/HairShadingCommon.ush" 2025
"../../../Engine/Shaders/Private/HairStrands/HairCardsAttributeCommon.ush" 2026
"../../../Engine/Shaders/Shared/HairStrandsDefinitions.h" 2027
"../../../Engine/Shaders/Private/HairStrands/HairStrandsVertexFactoryCommon.ush" 2028
"../../../Engine/Shaders/Private/HairStrands/HairStrandsPack.ush" 2029
"../../../Engine/Shaders/Private/HairStrands/HairStrandsAttributeCommon.ush" 2030
"../../../Engine/Shaders/Private/HairStrands/HairStrandsAttributeTemplate.ush" 2031
"../../../Engine/Shaders/Shared/EnvironmentComponentsFlags.h" 2032
"../../../Engine/Shaders/Private/SpeedTreeCommon.ush" 2033
"../../../Engine/Shaders/Private/VirtualTextureCommon.ush" 2034
"../../../Engine/Shaders/Private/MaterialTexture.ush" 2035
"../../../Engine/Shaders/Private/MinMaterialTexCoords.ush" 2036
"../../../Engine/Shaders/Private/SkyAtmosphereCommon.ush" 2037
"../../../Engine/Shaders/Private/SingleLayerWaterCommon.ush" 2038
"../../../Engine/Shaders/Private/TextureSampling.ush" 2039
"../../../Engine/Shaders/Private/PaniniProjection.ush" 2040
"../../../Engine/Shaders/Private/DBufferNormalReprojection.ush" 2041
"../../../Engine/Shaders/Private/Substrate/SubstrateTree.ush" 2042
"../../../Engine/Shaders/Private/Substrate/SubstrateEvaluation.ush" 2043
"../../../Engine/Shaders/Private/Substrate/Glint/GlintThirdParty.ush" 2044
"../../../Engine/Shaders/Private/BlueNoise.ush" 2045
"../../../Engine/Shaders/Private/ShadingModels.ush" 2046
"../../../Engine/Shaders/Private/CapsuleLight.ush" 2047
"../../../Engine/Shaders/Private/RectLight.ush" 2048
"../../../Engine/Shaders/Private/LightData.ush" 2049
"../../../Engine/Shaders/Shared/LightDefinitions.h" 2050
"../../../Engine/Shaders/Private/AreaLightCommon.ush" 2051
"../../../Engine/Shaders/Private/HairBsdf.ush" 2052
"../../../Engine/Shaders/Private/MobileGGX.ush" 2053
"../../../Engine/Shaders/Private/ShadingModelsSampling.ush" 2054
"../../../Engine/Shaders/Private/HairStrands/HairBsdfSample.ush" 2055
"../../../Engine/Shaders/Private/HairStrands/HairStrandsCommon.ush" 2056
"../../../Engine/Shaders/Private/HairStrands/HairStrandsDeepTransmittanceCommon.ush" 2057
"../../../Engine/Shaders/Private/HairStrands/HairStrandsDeepTransmittanceDualScattering.ush" 2058
"../../../Engine/Shaders/Private/HairStrands/HairStrandsEnvironmentLightingCommon.ush" 2059
"../../../Engine/Shaders/Private/Substrate/SubstrateLegacyConversion.ush" 2060
"../../../Engine/Shaders/Private/DBufferDecalShared.ush" 2061
"../../../Engine/Shaders/Private/LandscapeGrassWeight.usf" 2062
"../../../Engine/Shaders/Private/Landscape/LandscapeLayersWeightmapsPS.usf" 2063
"../../../Engine/Shaders/Private/Landscape/LandscapeLayersHeightmapsPS.usf" 2064
"../../../Engine/Shaders/Private/Landscape/LandscapeCommon.ush" 2065
"../../../Engine/Shaders/Private/LandscapeLayersCS.usf" 2066
"../../../Engine/Shaders/Private/LandscapeLayersPS.usf" 2067
"../../../Engine/Shaders/Private/LandscapeLayersVS.usf" 2068
"../../../Engine/Shaders/Private/Landscape/LandscapeCulling.usf" 2069
"../../../Engine/Shaders/Private/Nanite/NaniteHZBCull.ush" 2070
"../../../Engine/Shaders/Private/Landscape/LandscapeMergeTexturesPS.usf" 2071
"../../../Engine/Shaders/Private/WideCustomResolveShaders.usf" 2072
"../../../Engine/Shaders/Private/WideCustomResolve_Wide.ush" 2073
"../../../Engine/Shaders/Private/WideCustomResolve_Wider.ush" 2074
"../../../Engine/Shaders/Private/WideCustomResolve_Widest.ush" 2075
"../../../Engine/Shaders/Private/WaterInfoTextureBlur.usf" 2076
"../../../Engine/Shaders/Private/WaterInfoTextureMerge.usf" 2077
"../../../Engine/Shaders/Private/PageTableUpdate.usf" 2078
"../../../Engine/Shaders/Private/VirtualTextureCompress.usf" 2079
"../../../Engine/Shaders/Private/BlockCompressionCommon.ush" 2080
"../../../Engine/Shaders/Private/BCCompressionCommon.ush" 2081
"../../../Engine/Shaders/Private/ETCCompressionCommon.ush" 2082
"../../../Engine/Shaders/Private/VirtualTextureMaterial.usf" 2083
"../../../Engine/Shaders/Private/PixelShaderOutputCommon.ush" 2084
"../../../Engine/Shaders/Private/ShaderOutputCommon.ush" 2085
"../../../Engine/Shaders/Private/VolumetricRenderTarget.usf" 2086
"../../../Engine/Shaders/Private/VolumetricFogVoxelization.usf" 2087
"../../../Engine/Shaders/Private/VolumetricCloudMaterialPixelCommon.ush" 2088
"../../../Engine/Shaders/Private/VolumetricFogLightFunction.usf" 2089
"../../../Engine/Shaders/Private/LightFunctionCommon.ush" 2090
"../../../Engine/Shaders/Private/VolumetricFog.usf" 2091
"../../../Engine/Shaders/Private/DeferredLightingCommon.ush" 2092
"../../../Engine/Shaders/Private/DynamicLightingCommon.ush" 2093
"../../../Engine/Shaders/Private/CapsuleLightIntegrate.ush" 2094
"../../../Engine/Shaders/Private/CapsuleLightSampling.ush" 2095
"../../../Engine/Shaders/Private/RectLightIntegrate.ush" 2096
"../../../Engine/Shaders/Private/ScreenSpaceShadowRayCast.ush" 2097
"../../../Engine/Shaders/Private/LightFunctionAtlas/LightFunctionAtlasCommon.usf" 2098
"../../../Engine/Shaders/Private/HeterogeneousVolumes/HeterogeneousVolumesAdaptiveVolumetricShadowMapSampling.ush" 2099
"../../../Engine/Shaders/Private/HeterogeneousVolumes/HeterogeneousVolumesAdaptiveVolumetricShadowMapUtils.ush" 2100
"../../../Engine/Shaders/Private/HeterogeneousVolumes/HeterogeneousVolumesRayMarchingUtils.ush" 2101
"../../../Engine/Shaders/Private/HeterogeneousVolumes/HeterogeneousVolumesRayMarchingTypes.ush" 2102
"../../../Engine/Shaders/Private/PathTracing/Utilities/PathTracingRandomSequence.ush" 2103
"../../../Engine/Shaders/Private/HeterogeneousVolumes/HeterogeneousVolumesTracingUtils.ush" 2104
"../../../Engine/Shaders/Private/VelocityCommon.ush" 2105
"../../../Engine/Shaders/Private/HeterogeneousVolumes/HeterogeneousVolumesTransmittanceVolumeUtils.ush" 2106
"../../../Engine/Shaders/Private/ForwardShadowingCommon.ush" 2107
"../../../Engine/Shaders/Private/ShadowFilteringCommon.ush" 2108
"../../../Engine/Shaders/Private/PixelQuadMessagePassing.ush" 2109
"../../../Engine/Shaders/Private/VolumeLightingCommon.ush" 2110
"../../../Engine/Shaders/Private/VolumeLightingCommonSampling.ush" 2111
"../../../Engine/Shaders/Private/Lumen/LumenTranslucencyVolumeShared.ush" 2112
"../../../Engine/Shaders/Private/Lumen/LumenRadianceCacheInterpolation.ush" 2113
"../../../Engine/Shaders/Private/HeightFogCommon.ush" 2114
"../../../Engine/Shaders/Private/LightGridCommon.ush" 2115
"../../../Engine/Shaders/Private/DistanceFieldAOShared.ush" 2116
"../../../Engine/Shaders/Private/VolumetricLightmapShared.ush" 2117
"../../../Engine/Shaders/Private/ReflectionEnvironmentShared.ush" 2118
"../../../Engine/Shaders/Private/LightDataUniforms.ush" 2119
"../../../Engine/Shaders/Private/VirtualShadowMaps/VirtualShadowMapProjectionCommon.ush" 2120
"../../../Engine/Shaders/Private/VirtualShadowMaps/VirtualShadowMapPageAccessCommon.ush" 2121
"../../../Engine/Shaders/Shared/VirtualShadowMapDefinitions.h" 2122
"../../../Engine/Shaders/Private/VirtualShadowMaps/VirtualShadowMapProjectionStructs.ush" 2123
"../../../Engine/Shaders/Private/LocalFogVolumes/LocalFogVolumeCommon.ush" 2124
"../../../Engine/Shaders/Private/VolumetricCloudCommon.ush" 2125
"../../../Engine/Shaders/Private/VolumetricCloud.usf" 2126
"../../../Engine/Shaders/Private/ColorMap.ush" 2127
"../../../Engine/Shaders/Private/VisualizeVolumetricLightmap.usf" 2128
"../../../Engine/Shaders/Private/VirtualShadowMaps/VirtualShadowMapProjectionComposite.usf" 2129
"../../../Engine/Shaders/Private/LightShaderParameters.ush" 2130
"../../../Engine/Shaders/Private/VirtualShadowMaps/VirtualShadowMapMaskBitsCommon.ush" 2131
"../../../Engine/Shaders/Private/VirtualShadowMaps/VirtualShadowMapLightGrid.ush" 2132
"../../../Engine/Shaders/Private/VirtualShadowMaps/VirtualShadowMapProjection.usf" 2133
"../../../Engine/Shaders/Private/HairStrands/HairStrandsVisibilityCommon.ush" 2134
"../../../Engine/Shaders/Private/Visualization.ush" 2135
"../../../Engine/Shaders/Private/VirtualShadowMaps/VirtualShadowMapProjectionFilter.ush" 2136
"../../../Engine/Shaders/Private/VirtualShadowMaps/VirtualShadowMapProjectionDirectional.ush" 2137
"../../../Engine/Shaders/Private/VirtualShadowMaps/VirtualShadowMapSMRTCommon.ush" 2138
"../../../Engine/Shaders/Private/VirtualShadowMaps/VirtualShadowMapSMRTTemplate.ush" 2139
"../../../Engine/Shaders/Private/VirtualShadowMaps/VirtualShadowMapProjectionSpot.ush" 2140
"../../../Engine/Shaders/Private/VirtualShadowMaps/VirtualShadowMapTransmissionCommon.ush" 2141
"../../../Engine/Shaders/Private/HairStrands/HairStrandsVoxelPageCommon.ush" 2142
"../../../Engine/Shaders/Private/HairStrands/HairStrandsVoxelPageTraversal.ush" 2143
"../../../Engine/Shaders/Private/VirtualShadowMaps/VirtualShadowMapCacheLoadBalancer.usf" 2144
"../../../Engine/Shaders/Private/VirtualShadowMaps/VirtualShadowMapPageCacheCommon.ush" 2145
"../../../Engine/Shaders/Private/VirtualShadowMaps/VirtualShadowMapCacheInvalidation.ush" 2146
"../../../Engine/Shaders/Private/VirtualShadowMaps/VirtualShadowMapPageOverlap.ush" 2147
"../../../Engine/Shaders/Private/ScreenSpaceDenoise/SSDDefinitions.ush" 2148
"../../../Engine/Shaders/Private/InstanceCulling/InstanceCullingLoadBalancer.ush" 2149
"../../../Engine/Shaders/Private/VirtualShadowMaps/VirtualShadowMapCopyStats.usf" 2150
"../../../Engine/Shaders/Private/VirtualShadowMaps/VirtualShadowMapStats.ush" 2151
"../../../Engine/Shaders/Private/VirtualShadowMaps/VirtualShadowMapPhysicalPageManagement.usf" 2152
"../../../Engine/Shaders/Private/ReductionCommon.ush" 2153
"../../../Engine/Shaders/Private/GPUMessaging.ush" 2154
"../../../Engine/Shaders/Private/ThreadGroupPrefixSum.ush" 2155
"../../../Engine/Shaders/Private/VirtualShadowMaps/VirtualShadowMapBuildPerPageDrawCommands.usf" 2156
"../../../Engine/Shaders/Private/Nanite/NaniteCullingCommon.ush" 2157
"../../../Engine/Shaders/Private/Nanite/NaniteCulling.ush" 2158
"../../../Engine/Shaders/Private/Nanite/NaniteHierarchyTraversalCommon.ush" 2159
"../../../Engine/Shaders/Private/InstanceCulling/InstanceCullingCommon.ush" 2160
"../../../Engine/Shaders/Private/VirtualShadowMaps/VirtualShadowMapPrintStats.usf" 2161
"../../../Engine/Shaders/Private/VirtualShadowMaps/VirtualShadowMapDebug.usf" 2162
"../../../Engine/Shaders/Private/VirtualShadowMaps/VirtualShadowMapPageManagement.usf" 2163
"../../../Engine/Shaders/Private/VirtualShadowMaps/VirtualShadowMapPageMarking.usf" 2164
"../../../Engine/Shaders/Shared/SingleLayerWaterDefinitions.h" 2165
"../../../Engine/Shaders/Private/HairStrands/HairStrandsTileCommon.ush" 2166
"../../../Engine/Shaders/Private/VariableRateShading/VRSShadingRatePreview.usf" 2167
"../../../Engine/Shaders/Private/VariableRateShading/VRSShadingRateCommon.ush" 2168
"../../../Engine/Shaders/Private/VariableRateShading/VRSShadingRateCombine.usf" 2169
"../../../Engine/Shaders/Private/VariableRateShading/VRSShadingRateFoveated.usf" 2170
"../../../Engine/Shaders/Private/VariableRateShading/VRSShadingRateReproject.usf" 2171
"../../../Engine/Shaders/Private/VariableRateShading/VRSShadingRateCalculate.usf" 2172
"../../../Engine/Shaders/Private/TranslucencyUpsampling.usf" 2173
"../../../Engine/Shaders/Private/ScreenPass.ush" 2174
"../../../Engine/Shaders/Private/ComposeSeparateTranslucency.usf" 2175
"../../../Engine/Shaders/Private/SeparateTranslucency.ush" 2176
"../../../Engine/Shaders/Private/TranslucentLightInjectionShaders.usf" 2177
"../../../Engine/Shaders/Private/TranslucentShadowDepthShaders.usf" 2178
"../../../Engine/Shaders/Private/ShadowDepthCommon.ush" 2179
"../../../Engine/Shaders/Private/RayTracing/RayTracingTest.usf" 2180
"../../../Engine/Shaders/Private/PostProcessSubsurfaceTile.usf" 2181
"../../../Engine/Shaders/Private/Substrate/SubstrateVisualize.usf" 2182
"../../../Engine/Shaders/Private/Substrate/SubstrateTile.ush" 2183
"../../../Engine/Shaders/Private/SkyLightingDiffuseShared.ush" 2184
"../../../Engine/Shaders/Private/SkyLightingShared.ush" 2185
"../../../Engine/Shaders/Private/ClearCoatCommon.ush" 2186
"../../../Engine/Shaders/Private/ReflectionEnvironmentComposite.ush" 2187
"../../../Engine/Shaders/Private/Substrate/SubstrateLightingCommon.ush" 2188
"../../../Engine/Shaders/Private/Substrate/SubstrateRoughRefraction.usf" 2189
"../../../Engine/Shaders/Private/PathTracing/Material/PathTracingFresnel.ush" 2190
"../../../Engine/Shaders/Private/PathTracing/Material/PathTracingGlossy.ush" 2191
"../../../Engine/Shaders/Private/Substrate/SubstrateTile.usf" 2192
"../../../Engine/Shaders/Private/Substrate/SubstrateMaterialClassification.usf" 2193
"../../../Engine/Shaders/Private/Substrate/SubstrateDBuffer.usf" 2194
"../../../Engine/Shaders/Private/SplineMeshSceneTexture.usf" 2195
"../../../Engine/Shaders/Private/SparseVolumeTexture/VisualizeSparseVolumeTexture.usf" 2196
"../../../Engine/Shaders/Private/SkyAtmosphere.usf" 2197
"../../../Engine/Shaders/Private/CopyDepthTexture.usf" 2198
"../../../Engine/Shaders/Private/SingleLayerWaterComposite.usf" 2199
"../../../Engine/Shaders/Private/ScreenSpaceShadows.usf" 2200
"../../../Engine/Shaders/Private/bend_sss_gpu.ush" 2201
"../../../Engine/Shaders/Private/ShadowFactorsUpsampleCommon.ush" 2202
"../../../Engine/Shaders/Private/ShadowProjectionVertexShader.usf" 2203
"../../../Engine/Shaders/Private/ShadowProjectionPixelShader.usf" 2204
"../../../Engine/Shaders/Private/ShadowPercentageCloserFiltering.ush" 2205
"../../../Engine/Shaders/Private/TransmissionThickness.ush" 2206
"../../../Engine/Shaders/Private/CopyShadowMaps.usf" 2207
"../../../Engine/Shaders/Private/ShadowDepthPixelShader.usf" 2208
"../../../Engine/Shaders/Private/ShadowDepthVertexShader.usf" 2209
"../../../Engine/Shaders/Private/ShadingEnergyConservationTable.usf" 2210
"../../../Engine/Shaders/Shared/PathTracingDefinitions.h" 2211
"../../../Engine/Shaders/Private/ShadingFurnaceTest.usf" 2212
"../../../Engine/Shaders/Private/Substrate/SubstrateDeferredLighting.ush" 2213
"../../../Engine/Shaders/Private/ShaderPrintDraw.usf" 2214
"../../../Engine/Shaders/Private/ShaderPrintDrawPrimitive.usf" 2215
"../../../Engine/Shaders/Private/DefaultSSRTiles.usf" 2216
"../../../Engine/Shaders/Private/ScreenSpaceReflectionTileCommons.ush" 2217
"../../../Engine/Shaders/Private/SSRT/SSRTDiffuseIndirect.usf" 2218
"../../../Engine/Shaders/Private/SSRT/SSRTRayCast.ush" 2219
"../../../Engine/Shaders/Private/SSRT/SSRTTileClassificationBuffer.ush" 2220
"../../../Engine/Shaders/Private/SSRT/SSRTReflections.usf" 2221
"../../../Engine/Shaders/Private/ScreenSpaceDenoise/SSDPublic.ush" 2222
"../../../Engine/Shaders/Private/SSRT/SSRTTileClassification.usf" 2223
"../../../Engine/Shaders/Private/SSRT/SSRTPrevFrameReduction.usf" 2224
"../../../Engine/Shaders/Private/ScreenSpaceDenoise/SSDComposeHarmonics.usf" 2225
"../../../Engine/Shaders/Private/ScreenSpaceDenoise/SSDPublicHarmonics.ush" 2226
"../../../Engine/Shaders/Private/ScreenSpaceDenoise/SSDSignalFramework.ush" 2227
"../../../Engine/Shaders/Private/ScreenSpaceDenoise/SSDCommon.ush" 2228
"../../../Engine/Shaders/Private/SphericalGaussian.ush" 2229
"../../../Engine/Shaders/Public/WaveBroadcastIntrinsics.ush" 2230
"../../../Engine/Shaders/Private/ScreenSpaceDenoise/SSDMetadata.ush" 2231
"../../../Engine/Shaders/Private/ScreenSpaceDenoise/SSDSignalCore.ush" 2232
"../../../Engine/Shaders/Private/ScreenSpaceDenoise/DenoisingCommon.ush" 2233
"../../../Engine/Shaders/Private/ScreenSpaceDenoise/SSDSignalArray.ush" 2234
"../../../Engine/Shaders/Private/ScreenSpaceDenoise/SSDSignalBufferEncoding.ush" 2235
"../../../Engine/Shaders/Private/ScreenSpaceDenoise/SSDPublicBufferEncoding.ush" 2236
"../../../Engine/Shaders/Private/Lumen/LumenBufferEncoding.ush" 2237
"../../../Engine/Shaders/Private/ScreenSpaceDenoise/SSDTemporalAccumulation.usf" 2238
"../../../Engine/Shaders/Private/ScreenSpaceDenoise/SSDSpatialKernel.ush" 2239
"../../../Engine/Shaders/Private/ScreenSpaceDenoise/SSDSignalAccumulatorArray.ush" 2240
"../../../Engine/Shaders/Private/ScreenSpaceDenoise/SSDSignalAccumulator.ush" 2241
"../../../Engine/Shaders/Private/ScreenSpaceDenoise/SSDSignalCompression.ush" 2242
"../../../Engine/Shaders/Private/ScreenSpaceDenoise/SSDSpatialAccumulation.usf" 2243
"../../../Engine/Shaders/Private/ScreenSpaceDenoise/SSDInjest.usf" 2244
"../../../Engine/Shaders/Private/ScreenSpaceDenoise/SSDCompressMetadata.usf" 2245
"../../../Engine/Shaders/Private/DownsampleDepthPixelShader.usf" 2246
"../../../Engine/Shaders/Private/ScreenPass.usf" 2247
"../../../Engine/Shaders/Private/HZB.usf" 2248
"../../../Engine/Shaders/Private/OcclusionFeedbackShaders.usf" 2249
"../../../Engine/Shaders/Private/HZBOcclusion.usf" 2250
"../../../Engine/Shaders/Private/OcclusionQueryPixelShader.usf" 2251
"../../../Engine/Shaders/Private/OcclusionQueryVertexShader.usf" 2252
"../../../Engine/Shaders/Private/HitProxyPixelShader.usf" 2253
"../../../Engine/Shaders/Private/HitProxyVertexShader.usf" 2254
"../../../Engine/Shaders/Private/SceneCulling/SceneCullingDebugRender.usf" 2255
"../../../Engine/Shaders/Private/SceneCulling/SceneCulling.ush" 2256
"../../../Engine/Shaders/Shared/SceneCullingDefinitions.h" 2257
"../../../Engine/Shaders/Private/SceneCulling/SceneCullingBuildExplicitBounds.usf" 2258
"../../../Engine/Shaders/Private/SceneCapturePixelShader.usf" 2259
"../../../Engine/Shaders/Private/RTWriteMaskDecode.usf" 2260
"../../../Engine/Shaders/Private/ReflectionEnvironmentShaders.usf" 2261
"../../../Engine/Shaders/Private/RectLightAtlas.usf" 2262
"../../../Engine/Shaders/Private/RayTracing/TraceRayInlineStatistics.usf" 2263
"../../../Engine/Shaders/Private/RayTracing/CompositeSkyLightPS.usf" 2264
"../../../Engine/Shaders/Private/RayTracing/GenerateSkyLightVisibilityRaysCS.usf" 2265
"../../../Engine/Shaders/Private/RayTracing/RayTracingSkyLightCommon.ush" 2266
"../../../Engine/Shaders/Private/RayTracing/SkyLightVisibilityRaysData.ush" 2267
"../../../Engine/Shaders/Private/Raytracing/RaytracingSkylightRGS.usf" 2268
"../../../Engine/Shaders/Private/HairStrands/HairStrandsRaytracing.ush" 2269
"../../../Engine/Shaders/Private/Raytracing/RayTracingSkyLightEvaluation.ush" 2270
"../../../Engine/Shaders/Private/Raytracing/RayTracingDeferredShadingCommon.ush" 2271
"../../../Engine/Shaders/Private/RayTracing/RayTracingOcclusionRGS.usf" 2272
"../../../Engine/Shaders/Private/RayTracing/RayTracingDirectionalLight.ush" 2273
"../../../Engine/Shaders/Private/RayTracing/RayTracingRectLight.ush" 2274
"../../../Engine/Shaders/Private/RayTracing/RayTracingSphereLight.ush" 2275
"../../../Engine/Shaders/Private/RayTracing/RayTracingCapsuleLight.ush" 2276
"../../../Engine/Shaders/Private/RayTracing/RayTracingPrimaryRays.usf" 2277
"../../../Engine/Shaders/Shared/RayTracingTypes.h" 2278
"../../../Engine/Shaders/Private/RayTracing/RayTracingLightingCommon.ush" 2279
"../../../Engine/Shaders/Private/RayTracing/RayTracingLightCullingCommon.ush" 2280
"../../../Engine/Shaders/Private/RayTracing/RayTracingMaterialDefaultHitShaders.usf" 2281
"../../../Engine/Shaders/Private/RayTracing/RayTracingMaterialHitShaders.usf" 2282
"../../../Engine/Shaders/Private/RayTracing/RayTracingShaderUtils.ush" 2283
"../../../Engine/Shaders/Private/RayTracing/RayTracingCalcInterpolants.ush" 2284
"../../../Engine/Shaders/Private/LightmapCommon.ush" 2285
"../../../Engine/Shaders/Private/Lumen/LumenHardwareRayTracingPayloadCommon.ush" 2286
"../../../Engine/Shaders/Shared/LumenDefinitions.h" 2287
"../../../Engine/Shaders/Private/Substrate/SubstrateExport.ush" 2288
"../../../Engine/Shaders/Private/RayTracing/RayTracingLightingMS.usf" 2289
"../../../Engine/Shaders/Private/RayTracing/RayTracingLightFunctionCommon.ush" 2290
"../../../Engine/Shaders/Private/RayTracing/RayTracingBuildLightGrid.usf" 2291
"../../../Engine/Shaders/Private/Raytracing/RayTracingInstanceBufferUtil.usf" 2292
"../../../Engine/Shaders/Private/RayTracing/RayTracingDynamicMesh.usf" 2293
"../../../Engine/Shaders/Private/RayTracing/RayTracingDefaultDecalHitShader.usf" 2294
"../../../Engine/Shaders/Private/RayTracing/RayTracingDecalMaterialShader.usf" 2295
"../../../Engine/Shaders/Private/PathTracing/PathTracingShaderUtils.ush" 2296
"../../../Engine/Shaders/Private/PathTracing/PathTracingCommon.ush" 2297
"../../../Engine/Shaders/Private/PathTracing/Material/PathTracingMaterialCommon.ush" 2298
"../../../Engine/Shaders/Private/RayTracing/RayTracingBuildDecalGrid.usf" 2299
"../../../Engine/Shaders/Private/RayTracing/RayTracingDebugHitStatsUtils.usf" 2300
"../../../Engine/Shaders/Private/RayTracing/RayTracingDebugInstanceOverlap.usf" 2301
"../../../Engine/Shaders/Private/RayTracing/RayTracingDebugPicking.usf" 2302
"../../../Engine/Shaders/Private/RayTracing/RayTracingDebugUtils.ush" 2303
"../../../Engine/Shaders/Shared/RayTracingDebugTypes.h" 2304
"../../../Engine/Shaders/Private/RayTracing/RayTracingDebugTraversal.usf" 2305
"../../../Engine/Shaders/Private/RayTracing/RayTracingDeferredMaterials.ush" 2306
"../../../Engine/Shaders/Shared/ThirdParty/AMD/ags_shader_intrinsics_dx12.h" 2307
"../../../Engine/Shaders/Shared/RayTracingDebugDefinitions.h" 2308
"../../../Engine/Shaders/Private/RayTracing/RayTracingDebugHitStatsCHS.usf" 2309
"../../../Engine/Shaders/Private/RayTracing/RayTracingDebugHitStats.usf" 2310
"../../../Engine/Shaders/Private/RayTracing/RayTracingDebugMS.usf" 2311
"../../../Engine/Shaders/Private/RayTracing/RayTracingDebugCHS.usf" 2312
"../../../Engine/Shaders/Private/RayTracing/RayTracingDebug.usf" 2313
"../../../Engine/Shaders/Private/RayTracing/RayTracingBuiltInShaders.usf" 2314
"../../../Engine/Shaders/Private/RayTracing/RayTracingBarycentrics.usf" 2315
"../../../Engine/Shaders/Private/RayTracing/RayTracingAmbientOcclusionRGS.usf" 2316
"../../../Engine/Shaders/Private/VisualizeShadingModels.usf" 2317
"../../../Engine/Shaders/Private/PostProcessCommon.ush" 2318
"../../../Engine/Shaders/Private/MotionBlur/VisualizeMotionVectors.usf" 2319
"../../../Engine/Shaders/Private/TemporalSuperResolution/TSRVisualize.usf" 2320
"../../../Engine/Shaders/Private/TemporalSuperResolution/TSRCommon.ush" 2321
"../../../Engine/Shaders/Public/DualPixelVectorization.ush" 2322
"../../../Engine/Shaders/Private/TemporalSuperResolution/TSRResolveHistory.usf" 2323
"../../../Engine/Shaders/Private/TemporalSuperResolution/TSRConvolutionNetwork.ush" 2324
"../../../Engine/Shaders/Public/LaneVectorization.ush" 2325
"../../../Engine/Shaders/Private/TemporalSuperResolution/TSRUpdateHistory.usf" 2326
"../../../Engine/Shaders/Private/TemporalSuperResolution/TSRSpatialAntiAliasing.usf" 2327
"../../../Engine/Shaders/Private/TemporalSuperResolution/TSRRejectShading.usf" 2328
"../../../Engine/Shaders/Private/TemporalSuperResolution/TSRShadingAnalysis.ush" 2329
"../../../Engine/Shaders/Private/TemporalSuperResolution/TSRConvolutionNetworkPass.ush" 2330
"../../../Engine/Shaders/Private/TemporalSuperResolution/TSRDecimateHistory.usf" 2331
"../../../Engine/Shaders/Private/TemporalSuperResolution/TSRDilateVelocity.usf" 2332
"../../../Engine/Shaders/Private/MotionBlur/MotionBlurVelocityFlatten.ush" 2333
"../../../Engine/Shaders/Private/MotionBlur/MotionBlurCommon.ush" 2334
"../../../Engine/Shaders/Private/TemporalSuperResolution/TSRClearPrevTextures.usf" 2335
"../../../Engine/Shaders/Private/TemporalSuperResolution/TSRMeasureFlickeringLuma.usf" 2336
"../../../Engine/Shaders/Private/TemporalAA.usf" 2337
"../../../Engine/Shaders/Private/FilterPixelShader.usf" 2338
"../../../Engine/Shaders/Private/FilterVertexShader.usf" 2339
"../../../Engine/Shaders/Private/PostProcessVisualizeBuffer.usf" 2340
"../../../Engine/Shaders/Private/PostProcessVisualizeLocalExposure.usf" 2341
"../../../Engine/Shaders/Private/PostProcessHistogramCommon.ush" 2342
"../../../Engine/Shaders/Private/TonemapCommon.ush" 2343
"../../../Engine/Shaders/Private/ACES.ush" 2344
"../../../Engine/Shaders/Private/PostProcessVisualizeLevelInstance.usf" 2345
"../../../Engine/Shaders/Private/PostProcessVisualizeHDR.usf" 2346
"../../../Engine/Shaders/Private/ShaderComplexityApplyPixelShader.usf" 2347
"../../../Engine/Shaders/Private/QuadOverdraw.ush" 2348
"../../../Engine/Shaders/Private/PostProcessUpscale.usf" 2349
"../../../Engine/Shaders/Private/PostProcessTonemap.usf" 2350
"../../../Engine/Shaders/Private/PostProcessing/FilmGrainPackConstants.usf" 2351
"../../../Engine/Shaders/Private/PostProcessing/FilmGrainReduce.usf" 2352
"../../../Engine/Shaders/Private/PostProcessTestImage.usf" 2353
"../../../Engine/Shaders/Private/PostProcessSubsurface.usf" 2354
"../../../Engine/Shaders/Private/SeparableSSS.ush" 2355
"../../../Engine/Shaders/Private/SubsurfaceBurleyNormalized.ush" 2356
"../../../Engine/Shaders/Private/PostProcessSelectionOutline.usf" 2357
"../../../Engine/Shaders/Private/PostProcessPixelProjectedReflectionMobile.usf" 2358
"../../../Engine/Shaders/Private/MotionBlur/MotionBlurVisualize.usf" 2359
"../../../Engine/Shaders/Private/MotionBlur/MotionBlurApply.usf" 2360
"../../../Engine/Shaders/Private/MotionBlur/MotionBlurFilterTileClassify.usf" 2361
"../../../Engine/Shaders/Private/MotionBlur/MotionBlurTileScatter.usf" 2362
"../../../Engine/Shaders/Private/MotionBlur/MotionBlurTileGather.usf" 2363
"../../../Engine/Shaders/Private/MotionBlur/MotionBlurVelocityFlatten.usf" 2364
"../../../Engine/Shaders/Private/PostProcessMobile.usf" 2365
"../../../Engine/Shaders/Private/PostProcessMitchellNetravali.usf" 2366
"../../../Engine/Shaders/Private/PostProcessMaterialShaders.usf" 2367
"../../../Engine/Shaders/Private/NeuralPostProcessCommon.usf" 2368
"../../../Engine/Shaders/Private/PostProcessLocalExposure.usf" 2369
"../../../Engine/Shaders/Private/PostProcessLensFlares.usf" 2370
"../../../Engine/Shaders/Private/PostProcessGBufferHints.usf" 2371
"../../../Engine/Shaders/Private/PostProcessHMD.usf" 2372
"../../../Engine/Shaders/Private/Histogram.usf" 2373
"../../../Engine/Shaders/Private/PostProcessHistogramReduce.usf" 2374
"../../../Engine/Shaders/Private/PostProcessHistogram.usf" 2375
"../../../Engine/Shaders/Private/Bloom/BloomFinalizeApplyConstants.usf" 2376
"../../../Engine/Shaders/Private/Bloom/BloomCommon.ush" 2377
"../../../Engine/Shaders/Private/Bloom/BloomResizeKernel.usf" 2378
"../../../Engine/Shaders/Private/Bloom/BloomDownsampleKernel.usf" 2379
"../../../Engine/Shaders/Private/Bloom/BloomClampKernel.usf" 2380
"../../../Engine/Shaders/Private/Bloom/BloomPackKernelConstants.usf" 2381
"../../../Engine/Shaders/Private/Bloom/BloomSumScatterDispersionEnergy.usf" 2382
"../../../Engine/Shaders/Private/Bloom/BloomReduceKernelSurvey.usf" 2383
"../../../Engine/Shaders/Private/Bloom/BloomSurveyKernelCenterEnergy.usf" 2384
"../../../Engine/Shaders/Private/Bloom/BloomSurveyMaxScatterDispersion.usf" 2385
"../../../Engine/Shaders/Private/Bloom/BloomFindKernelCenter.usf" 2386
"../../../Engine/Shaders/Private/PostProcessEyeAdaptation.usf" 2387
"../../../Engine/Shaders/Private/TranslucencyVolumeCommon.ush" 2388
"../../../Engine/Shaders/Private/PostProcessDownsample.usf" 2389
"../../../Engine/Shaders/Private/PostProcessDOF.usf" 2390
"../../../Engine/Shaders/Private/PostProcessDeviceEncodingOnly.usf" 2391
"../../../Engine/Shaders/Private/PostProcessCompositePrimitives.usf" 2392
"../../../Engine/Shaders/Private/PostProcessCombineLUTs.usf" 2393
"../../../Engine/Shaders/Private/PostProcessVisualizeDOF.usf" 2394
"../../../Engine/Shaders/Private/PostProcessBloom.usf" 2395
"../../../Engine/Shaders/Private/PostProcessAmbientOcclusionMobile.usf" 2396
"../../../Engine/Shaders/Private/PostProcessAmbientOcclusionCommon.ush" 2397
"../../../Engine/Shaders/Private/FXAAShader.usf" 2398
"../../../Engine/Shaders/Private/Fxaa3_11.ush" 2399
"../../../Engine/Shaders/Private/DiaphragmDOF/DOFRecombine.usf" 2400
"../../../Engine/Shaders/Private/DiaphragmDOF/DOFCommon.ush" 2401
"../../../Engine/Shaders/Private/DiaphragmDOF/DOFHybridScatterPixelShader.usf" 2402
"../../../Engine/Shaders/Private/DiaphragmDOF/DOFHybridScatterCommon.ush" 2403
"../../../Engine/Shaders/Private/DiaphragmDOF/DOFHybridScatterVertexShader.usf" 2404
"../../../Engine/Shaders/Private/DiaphragmDOF/DOFPostfiltering.usf" 2405
"../../../Engine/Shaders/Private/DiaphragmDOF/DOFGatherTileSuggest.ush" 2406
"../../../Engine/Shaders/Private/DiaphragmDOF/DOFCocTileCommon.ush" 2407
"../../../Engine/Shaders/Private/DiaphragmDOF/DOFGatherPass.usf" 2408
"../../../Engine/Shaders/Private/DiaphragmDOF/DOFGatherCommon.ush" 2409
"../../../Engine/Shaders/Private/DiaphragmDOF/DOFGatherAccumulator.ush" 2410
"../../../Engine/Shaders/Private/DiaphragmDOF/DOFGatherKernel.ush" 2411
"../../../Engine/Shaders/Private/DiaphragmDOF/DOFBokehLUT.usf" 2412
"../../../Engine/Shaders/Private/DiaphragmDOF/DOFHybridScatterCompilation.usf" 2413
"../../../Engine/Shaders/Private/DiaphragmDOF/DOFReduce.usf" 2414
"../../../Engine/Shaders/Private/DiaphragmDOF/DOFDownsample.ush" 2415
"../../../Engine/Shaders/Private/DiaphragmDOF/DOFHybridScatterCompilation.ush" 2416
"../../../Engine/Shaders/Private/DiaphragmDOF/DOFDownsample.usf" 2417
"../../../Engine/Shaders/Private/DiaphragmDOF/DOFCocTileDilate.usf" 2418
"../../../Engine/Shaders/Private/DiaphragmDOF/DOFCocTileFlatten.usf" 2419
"../../../Engine/Shaders/Private/DiaphragmDOF/DOFSetup.usf" 2420
"../../../Engine/Shaders/Private/Tools/DebugAlphaChannel.usf" 2421
"../../../Engine/Shaders/Private/PlanarReflectionShaders.usf" 2422
"../../../Engine/Shaders/Private/PlanarReflectionShared.ush" 2423
"../../../Engine/Shaders/Private/PhysicsFieldVisualizer.usf" 2424
"../../../Engine/Shaders/Private/PathTracing/PathTracingSpatialTemporalDenoising.usf" 2425
"../../../Engine/Shaders/Private/ColorDifference.ush" 2426
"../../../Engine/Shaders/Private/PathTracing/PathTracingCompositingPixelShader.usf" 2427
"../../../Engine/Shaders/Private/PathTracing/PathTracingAdaptiveUtils.ush" 2428
"../../../Engine/Shaders/Private/PathTracing/PathTracingDefaultHitShader.usf" 2429
"../../../Engine/Shaders/Private/PathTracing/PathTracingGPULightmassMaterialHitShader.usf" 2430
"../../../Engine/Shaders/Private/PathTracing/PathTracingMaterialHitShader.usf" 2431
"../../../Engine/Shaders/Private/PathTracing/PathTracingLightingMissShader.usf" 2432
"../../../Engine/Shaders/Private/PathTracing/PathTracingMissShader.usf" 2433
"../../../Engine/Shaders/Private/PathTracing/PathTracingAdaptiveStart.usf" 2434
"../../../Engine/Shaders/Private/PathTracing/PathTracingBuildAdaptiveError.usf" 2435
"../../../Engine/Shaders/Private/PathTracing/PathTracingBuildAtmosphereLUT.usf" 2436
"../../../Engine/Shaders/Private/PathTracing/Volume/PathTracingAtmosphereCommon.ush" 2437
"../../../Engine/Shaders/Private/PathTracing/PathTracingSwizzleScanlines.usf" 2438
"../../../Engine/Shaders/Private/PathTracing/PathTracingInitExtinctionCoefficient.usf" 2439
"../../../Engine/Shaders/Private/PathTracing/PathTracing.usf" 2440
"../../../Engine/Shaders/Private/PathTracing/PathTracingCore.ush" 2441
"../../../Engine/Shaders/Private/HeterogeneousVolumes/HeterogeneousVolumesVoxelGridTypes.ush" 2442
"../../../Engine/Shaders/Private/RayTracing/RayTracingDecalGrid.ush" 2443
"../../../Engine/Shaders/Private/PathTracing/Utilities/PathTracingRIS.ush" 2444
"../../../Engine/Shaders/Private/PathTracing/Light/PathTracingLightSampling.ush" 2445
"../../../Engine/Shaders/Private/PathTracing/Light/PathTracingLightCommon.ush" 2446
"../../../Engine/Shaders/Private/PathTracing/Light/PathTracingDirectionalLight.ush" 2447
"../../../Engine/Shaders/Private/PathTracing/Light/PathTracingPointLight.ush" 2448
"../../../Engine/Shaders/Private/PathTracing/Light/PathTracingCapsuleLight.ush" 2449
"../../../Engine/Shaders/Private/PathTracing/Light/PathTracingRectLight.ush" 2450
"../../../Engine/Shaders/Private/PathTracing/Light/PathTracingSkyLight.ush" 2451
"../../../Engine/Shaders/Private/PathTracing/Light/PathTracingLightGrid.ush" 2452
"../../../Engine/Shaders/Private/PathTracing/Material/PathTracingMaterialSampling.ush" 2453
"../../../Engine/Shaders/Private/PathTracing/Material/PathTracingLambert.ush" 2454
"../../../Engine/Shaders/Private/PathTracing/Material/PathTracingSubstrate.ush" 2455
"../../../Engine/Shaders/Private/PathTracing/Material/PathTracingSubstrateCommon.ush" 2456
"../../../Engine/Shaders/Private/PathTracing/Material/PathTracingSubstrateSolidGlass.ush" 2457
"../../../Engine/Shaders/Private/PathTracing/Material/PathTracingSubstrateThinGlass.ush" 2458
"../../../Engine/Shaders/Private/PathTracing/Material/PathTracingSolidGlass.ush" 2459
"../../../Engine/Shaders/Private/PathTracing/Material/PathTracingEnergyConservation.ush" 2460
"../../../Engine/Shaders/Private/PathTracing/Material/PathTracingThinGlass.ush" 2461
"../../../Engine/Shaders/Private/PathTracing/Material/PathTracingDefaultLit.ush" 2462
"../../../Engine/Shaders/Private/PathTracing/Material/PathTracingClearCoat.ush" 2463
"../../../Engine/Shaders/Private/PathTracing/Material/PathTracingTwoSidedFoliage.ush" 2464
"../../../Engine/Shaders/Private/PathTracing/Material/PathTracingCloth.ush" 2465
"../../../Engine/Shaders/Private/PathTracing/Material/PathTracingSubsurfaceProfile.ush" 2466
"../../../Engine/Shaders/Private/PathTracing/Material/PathTracingEye.ush" 2467
"../../../Engine/Shaders/Private/PathTracing/Material/PathTracingHair.ush" 2468
"../../../Engine/Shaders/Private/PathTracing/Material/PathTracingMedium.ush" 2469
"../../../Engine/Shaders/Private/PathTracing/Volume/PathTracingVolume.ush" 2470
"../../../Engine/Shaders/Private/PathTracing/Volume/PathTracingVolumeCommon.ush" 2471
"../../../Engine/Shaders/Private/PathTracing/Volume/PathTracingAtmosphere.ush" 2472
"../../../Engine/Shaders/Private/PathTracing/Volume/PathTracingFog.ush" 2473
"../../../Engine/Shaders/Private/PathTracing/Volume/PathTracingHeterogeneousVolumes.ush" 2474
"../../../Engine/Shaders/Private/HeterogeneousVolumes/HeterogeneousVolumesVoxelGridTraversal.ush" 2475
"../../../Engine/Shaders/Private/HeterogeneousVolumes/HeterogeneousVolumesVoxelGridUtils.ush" 2476
"../../../Engine/Shaders/Private/HeterogeneousVolumes/HeterogeneousVolumesFrustumVoxelGridUtils.ush" 2477
"../../../Engine/Shaders/Private/PathTracing/Volume/PathTracingVolumeSampling.ush" 2478
"../../../Engine/Shaders/Private/PathTracing/PathTracingBuildLightGrid.usf" 2479
"../../../Engine/Shaders/Private/PathTracing/PathTracingSkylightMISCompensation.usf" 2480
"../../../Engine/Shaders/Private/PathTracing/PathTracingSkylightPrepare.usf" 2481
"../../../Engine/Shaders/Private/OIT/OITSorting.usf" 2482
"../../../Engine/Shaders/Private/OITCombine.usf" 2483
"../../../Engine/Shaders/Private/OITCommon.ush" 2484
"../../../Engine/Shaders/Private/Nanite/Voxel/RasterizeBricks.usf" 2485
"../../../Engine/Shaders/Private/Nanite/Voxel/Brick.ush" 2486
"../../../Engine/Shaders/Private/Nanite/Voxel/Voxel.ush" 2487
"../../../Engine/Shaders/Private/Nanite/Voxel/ScatterBricks.usf" 2488
"../../../Engine/Shaders/Private/Nanite/Voxel/TileBricks.usf" 2489
"../../../Engine/Shaders/Private/Nanite/Voxel/AutoVoxel.usf" 2490
"../../../Engine/Shaders/Private/Nanite/NaniteDebugViews.usf" 2491
"../../../Engine/Shaders/Private/Nanite/NaniteDepthDecode.usf" 2492
"../../../Engine/Shaders/Private/HTileEncoding.ush" 2493
"../../../Engine/Shaders/Private/Nanite/NaniteVisualize.usf" 2494
"../../../Engine/Shaders/Private/Nanite/NaniteStreamOut.usf" 2495
"../../../Engine/Shaders/Private/Nanite/NaniteHierarchyTraversal.ush" 2496
"../../../Engine/Shaders/Private/Nanite/NaniteShadeBinning.usf" 2497
"../../../Engine/Shaders/Private/Nanite/NaniteShadeCommon.ush" 2498
"../../../Engine/Shaders/Private/Nanite/NaniteFastClear.usf" 2499
"../../../Engine/Shaders/Private/Nanite/NaniteMaterialCulling.usf" 2500
"../../../Engine/Shaders/Private/Nanite/NaniteExportGBuffer.usf" 2501
"../../../Engine/Shaders/Private/Nanite/NaniteClusterCulling.usf" 2502
"../../../Engine/Shaders/Private/Nanite/NanitePrintStats.usf" 2503
"../../../Engine/Shaders/Private/Nanite/NaniteRasterizer.usf" 2504
"../../../Engine/Shaders/Private/Nanite/NaniteRasterizationCommon.ush" 2505
"../../../Engine/Shaders/Private/Nanite/NaniteRasterizer.ush" 2506
"../../../Engine/Shaders/Private/Nanite/NaniteWritePixel.ush" 2507
"../../../Engine/Shaders/Private/Nanite/NaniteTessellation.ush" 2508
"../../../Engine/Shaders/Private/WorkDistribution.ush" 2509
"../../../Engine/Shaders/Private/Nanite/NaniteDice.ush" 2510
"../../../Engine/Shaders/Private/Nanite/NaniteSplit.usf" 2511
"../../../Engine/Shaders/Private/Nanite/NaniteRasterBinning.usf" 2512
"../../../Engine/Shaders/Private/Nanite/NaniteInstanceCulling.usf" 2513
"../../../Engine/Shaders/Private/Nanite/NaniteImposter.ush" 2514
"../../../Engine/Shaders/Private/Nanite/NaniteInstanceHierarchyCulling.usf" 2515
"../../../Engine/Shaders/Private/Nanite/NanitePrimitiveFilter.usf" 2516
"../../../Engine/Shaders/Private/Nanite/NaniteRasterClear.usf" 2517
"../../../Engine/Shaders/Private/Nanite/NaniteDepthExport.usf" 2518
"../../../Engine/Shaders/Private/Nanite/NaniteEmitShadow.usf" 2519
"../../../Engine/Shaders/Private/MobileDeferredUtils.usf" 2520
"../../../Engine/Shaders/Private/MobileLocalLightsBuffer.usf" 2521
"../../../Engine/Shaders/Private/MobileLightingCommon.ush" 2522
"../../../Engine/Shaders/Private/MobileFog.usf" 2523
"../../../Engine/Shaders/Private/DistortApplyScreenPS.usf" 2524
"../../../Engine/Shaders/Private/MobileDeferredShading.usf" 2525
"../../../Engine/Shaders/Private/MobileBasePassPixelShader.usf" 2526
"../../../Engine/Shaders/Private/MobileBasePassCommon.ush" 2527
"../../../Engine/Shaders/Private/BasePassCommon.ush" 2528
"../../../Engine/Shaders/Private/ShadingModelsMaterial.ush" 2529
"../../../Engine/Shaders/Private/ThinTranslucentCommon.ush" 2530
"../../../Engine/Shaders/Private/SingleLayerWaterShading.ush" 2531
"../../../Engine/Shaders/Private/DistortionCommon.ush" 2532
"../../../Engine/Shaders/Private/Substrate/SubstrateMobileForwardLighting.ush" 2533
"../../../Engine/Shaders/Private/MobileBasePassVertexShader.usf" 2534
"../../../Engine/Shaders/Private/ManyLights/ManyLightsRayTracing.usf" 2535
"../../../Engine/Shaders/Private/DistanceField/GlobalDistanceFieldUtils.ush" 2536
"../../../Engine/Shaders/Private/Lumen/LumenScreenTracing.ush" 2537
"../../../Engine/Shaders/Private/Lumen/LumenMaterial.ush" 2538
"../../../Engine/Shaders/Private/Lumen/LumenPosition.ush" 2539
"../../../Engine/Shaders/Private/ManyLights/ManyLights.ush" 2540
"../../../Engine/Shaders/Private/ManyLights/ManyLightsRayTracing.ush" 2541
"../../../Engine/Shaders/Private/ManyLights/ManyLightsHardwareRayTracing.usf" 2542
"../../../Engine/Shaders/Private/Lumen/LumenHardwareRayTracingCommon.ush" 2543
"../../../Engine/Shaders/Private/RayTracing/RayTracingReflectionEnvironment.ush" 2544
"../../../Engine/Shaders/Private/Lumen/LumenHardwareRayTracingPlatformCommon.ush" 2545
"../../../Engine/Shaders/Private/Lumen/LumenReflectionsCombine.ush" 2546
"../../../Engine/Shaders/Private/Lumen/LumenTracingCommon.ush" 2547
"../../../Engine/Shaders/Private/Lumen/SurfaceCache/LumenSurfaceCacheSampling.ush" 2548
"../../../Engine/Shaders/Private/Lumen/SurfaceCache/LumenSurfaceCache.ush" 2549
"../../../Engine/Shaders/Private/Lumen/LumenCardCommon.ush" 2550
"../../../Engine/Shaders/Private/ManyLights/ManyLightsDenoiserSpatial.usf" 2551
"../../../Engine/Shaders/Private/ManyLights/ManyLightsDenoiserTemporal.usf" 2552
"../../../Engine/Shaders/Private/ManyLights/ManyLightsShading.usf" 2553
"../../../Engine/Shaders/Private/ManyLights/ManyLightsResolve.usf" 2554
"../../../Engine/Shaders/Private/ManyLights/ManyLights.usf" 2555
"../../../Engine/Shaders/Private/ManyLights/ManyLightsSampling.usf" 2556
"../../../Engine/Shaders/Private/Lumen/LumenVisualizeRadianceCache.usf" 2557
"../../../Engine/Shaders/Private/Lumen/LumenRadianceCacheCommon.ush" 2558
"../../../Engine/Shaders/Private/Lumen/LumenVisualizeHardwareRayTracing.usf" 2559
"../../../Engine/Shaders/Private/Lumen/LumenVisualize.ush" 2560
"../../../Engine/Shaders/Private/Lumen/LumenHairTracing.ush" 2561
"../../../Engine/Shaders/Private/Lumen/LumenVisualize.usf" 2562
"../../../Engine/Shaders/Private/Lumen/LumenSoftwareRayTracing.ush" 2563
"../../../Engine/Shaders/Private/DistanceField/GlobalDistanceFieldObjectGrid.ush" 2564
"../../../Engine/Shaders/Private/DistanceFieldLightingShared.ush" 2565
"../../../Engine/Shaders/Private/Lumen/LumenVisualizeTraces.ush" 2566
"../../../Engine/Shaders/Private/Lumen/LumenTranslucencyVolumeLighting.usf" 2567
"../../../Engine/Shaders/Private/Lumen/LumenRadianceCacheMarkCommon.ush" 2568
"../../../Engine/Shaders/Private/Lumen/LumenTranslucencyVolumeLightingShared.ush" 2569
"../../../Engine/Shaders/Private/Lumen/LumenScreenProbeCommon.ush" 2570
"../../../Engine/Shaders/Private/Lumen/LumenTranslucencyVolumeHardwareRayTracing.usf" 2571
"../../../Engine/Shaders/Private/Lumen/LumenTranslucencyRadianceCacheMarkShaders.usf" 2572
"../../../Engine/Shaders/Private/Lumen/SurfaceCache/LumenSurfaceCacheFeedback.usf" 2573
"../../../Engine/Shaders/Private/Lumen/SurfaceCache/LumenSurfaceCache.usf" 2574
"../../../Engine/Shaders/Private/Lumen/LumenShortRangeAOHardwareRayTracing.usf" 2575
"../../../Engine/Shaders/Private/Lumen/LumenScreenSpaceBentNormal.usf" 2576
"../../../Engine/Shaders/Private/Lumen/LumenScreenProbeTracing.usf" 2577
"../../../Engine/Shaders/Private/Lumen/LumenScreenProbeTracingCommon.ush" 2578
"../../../Engine/Shaders/Private/Lumen/LumenScreenProbeImportanceSampling.usf" 2579
"../../../Engine/Shaders/Private/Lumen/LumenScreenProbeImportanceSamplingShared.ush" 2580
"../../../Engine/Shaders/Private/Lumen/LumenScreenProbeHardwareRayTracing.usf" 2581
"../../../Engine/Shaders/Private/Lumen/LumenDenoising.usf" 2582
"../../../Engine/Shaders/Private/Lumen/LumenScreenProbeGather.usf" 2583
"../../../Engine/Shaders/Private/Lumen/LumenScreenSpaceBentNormal.ush" 2584
"../../../Engine/Shaders/Private/Lumen/LumenScreenProbeLightSampling.usf" 2585
"../../../Engine/Shaders/Private/Lumen/LumenScreenProbeFiltering.usf" 2586
"../../../Engine/Shaders/Private/Lumen/LumenSceneLighting.usf" 2587
"../../../Engine/Shaders/Private/Lumen/LumenCardTile.ush" 2588
"../../../Engine/Shaders/Private/Lumen/LumenSceneLighting.ush" 2589
"../../../Engine/Shaders/Private/Lumen/Radiosity/LumenRadiosity.ush" 2590
"../../../Engine/Shaders/Private/Lumen/LumenSceneLightingDebug.usf" 2591
"../../../Engine/Shaders/Private/Lumen/LumenScene.usf" 2592
"../../../Engine/Shaders/Private/Lumen/LumenSceneDirectLightingHardwareRayTracing.usf" 2593
"../../../Engine/Shaders/Private/Lumen/LumenReflectionCommon.ush" 2594
"../../../Engine/Shaders/Private/Lumen/LumenSceneDirectLighting.ush" 2595
"../../../Engine/Shaders/Private/Lumen/LumenSceneDirectLightingSoftwareRayTracing.usf" 2596
"../../../Engine/Shaders/Private/DistanceFieldShadowingShared.ush" 2597
"../../../Engine/Shaders/Private/Lumen/LumenSceneDirectLightingPerLightShadowCommon.ush" 2598
"../../../Engine/Shaders/Private/Lumen/LumenSceneDirectLightingShadowMask.usf" 2599
"../../../Engine/Shaders/Private/Lumen/LumenSceneDirectLighting.usf" 2600
"../../../Engine/Shaders/Private/Lumen/LumenSceneDirectLightingCulling.usf" 2601
"../../../Engine/Shaders/Private/Lumen/LumenCardComputeShader.usf" 2602
"../../../Engine/Shaders/Private/Lumen/LumenCardPixelShader.usf" 2603
"../../../Engine/Shaders/Private/Lumen/LumenCardVertexShader.usf" 2604
"../../../Engine/Shaders/Private/Lumen/LumenReSTIRGather.usf" 2605
"../../../Engine/Shaders/Private/Lumen/LumenReflectionTracing.usf" 2606
"../../../Engine/Shaders/Private/Lumen/LumenReflections.usf" 2607
"../../../Engine/Shaders/Private/Lumen/LumenReflectionHardwareRayTracing.usf" 2608
"../../../Engine/Shaders/Private/Lumen/Radiosity/LumenVisualizeRadiosityProbes.usf" 2609
"../../../Engine/Shaders/Private/Lumen/Radiosity/LumenRadiosity.usf" 2610
"../../../Engine/Shaders/Private/RayTracing/RayGenUtils.ush" 2611
"../../../Engine/Shaders/Private/Lumen/Radiosity/LumenRadiosityHardwareRayTracing.usf" 2612
"../../../Engine/Shaders/Private/Lumen/Radiosity/LumenRadiosityCulling.usf" 2613
"../../../Engine/Shaders/Private/Lumen/LumenRadianceCacheHardwareRayTracing.usf" 2614
"../../../Engine/Shaders/Private/Lumen/LumenRadianceCacheTracingCommon.ush" 2615
"../../../Engine/Shaders/Private/Lumen/LumenRadianceCache.usf" 2616
"../../../Engine/Shaders/Private/Lumen/LumenRadianceCacheUpdate.ush" 2617
"../../../Engine/Shaders/Private/Lumen/LumenRadianceCacheDebug.usf" 2618
"../../../Engine/Shaders/Private/Lumen/LumenRadianceCacheUpdate.usf" 2619
"../../../Engine/Shaders/Private/Lumen/LumenMeshSDFCulling.usf" 2620
"../../../Engine/Shaders/Private/HybridIndirectLighting.ush" 2621
"../../../Engine/Shaders/Private/MeshDistanceFieldCommon.ush" 2622
"../../../Engine/Shaders/Private/Lumen/LumenIrradianceFieldGather.usf" 2623
"../../../Engine/Shaders/Private/Lumen/LumenHardwareRayTracingMaterials.usf" 2624
"../../../Engine/Shaders/Private/Lumen/LumenFrontLayerTranslucency.usf" 2625
"../../../Engine/Shaders/Private/LocalFogVolumes/LocalFogVolumeSplat.usf" 2626
"../../../Engine/Shaders/Private/LocalFogVolumes/LocalFogVolumeTiledCulling.usf" 2627
"../../../Engine/Shaders/Private/LightShaftShader.usf" 2628
"../../../Engine/Shaders/Private/StationaryLightOverlapShaders.usf" 2629
"../../../Engine/Shaders/Private/DeferredLightPixelShaders.usf" 2630
"../../../Engine/Shaders/Private/HairStrands/HairStrandsVisibilityUtils.ush" 2631
"../../../Engine/Shaders/Private/DeferredLightVertexShaders.usf" 2632
"../../../Engine/Shaders/Private/LightMapDensityShader.usf" 2633
"../../../Engine/Shaders/Private/LightGridInjection.usf" 2634
"../../../Engine/Shaders/Private/LightFunctionPixelShader.usf" 2635
"../../../Engine/Shaders/Private/LightFunctionVertexShader.usf" 2636
"../../../Engine/Shaders/Private/LightFunctionAtlas/LightFunctionAtlasRender.usf" 2637
"../../../Engine/Shaders/Private/InstanceCulling/InstanceCullingOcclusionQuery.usf" 2638
"../../../Engine/Shaders/Private/InstanceCulling/BuildInstanceDrawCommands.usf" 2639
"../../../Engine/Shaders/Private/InstanceCulling/InstanceCompactionCommon.ush" 2640
"../../../Engine/Shaders/Private/SceneDataMobileWriter.ush" 2641
"../../../Engine/Shaders/Private/InstanceCulling/CompactVisibleInstances.usf" 2642
"../../../Engine/Shaders/Private/ReflectionEnvironmentPixelShader.usf" 2643
"../../../Engine/Shaders/Private/AmbientCubemapComposite.usf" 2644
"../../../Engine/Shaders/Private/DiffuseIndirectComposite.usf" 2645
"../../../Engine/Shaders/Private/IESAtlas.usf" 2646
"../../../Engine/Shaders/Private/HeterogeneousVolumes/HeterogeneousVolumesVoxelGridShadows.usf" 2647
"../../../Engine/Shaders/Private/HeterogeneousVolumes/HeterogeneousVolumesVoxelGridRenderingUtils.ush" 2648
"../../../Engine/Shaders/Private/HeterogeneousVolumes/HeterogeneousVolumesLightingUtils.ush" 2649
"../../../Engine/Shaders/Private/HeterogeneousVolumes/HeterogeneousVolumesVoxelGridRendering.usf" 2650
"../../../Engine/Shaders/Private/HeterogeneousVolumes/HeterogeneousVolumesVoxelGridPipeline.usf" 2651
"../../../Engine/Shaders/Private/HeterogeneousVolumes/HeterogeneousVolumesMaterialBakingPipeline.usf" 2652
"../../../Engine/Shaders/Private/HeterogeneousVolumes/HeterogeneousVolumesLiveShadingUtils.ush" 2653
"../../../Engine/Shaders/Private/HeterogeneousVolumes/HeterogeneousVolumesFrustumVoxelGrid.usf" 2654
"../../../Engine/Shaders/Private/HeterogeneousVolumes/HeterogeneousVolumesSparseVoxelPipeline.usf" 2655
"../../../Engine/Shaders/Private/HeterogeneousVolumes/HeterogeneousVolumesSparseVoxelUtils.ush" 2656
"../../../Engine/Shaders/Private/HeterogeneousVolumes/HeterogeneousVolumesSparseVoxelUniformBufferUtils.ush" 2657
"../../../Engine/Shaders/Private/HeterogeneousVolumes/HeterogeneousVolumesPreshadingPipeline.usf" 2658
"../../../Engine/Shaders/Private/HeterogeneousVolumes/HeterogeneousVolumesLiveShadingShadows.usf" 2659
"../../../Engine/Shaders/Private/HeterogeneousVolumes/HeterogeneousVolumesLiveShadingPipeline.usf" 2660
"../../../Engine/Shaders/Private/HeterogeneousVolumes/HeterogeneousVolumesHardwareRayTracing.usf" 2661
"../../../Engine/Shaders/Private/HeterogeneousVolumes/HeterogeneousVolumesComposite.usf" 2662
"../../../Engine/Shaders/Private/HdrCustomResolveShaders.usf" 2663
"../../../Engine/Shaders/Private/HairStrands/HairStrandsVoxelRasterCompute.usf" 2664
"../../../Engine/Shaders/Private/Matrices.ush" 2665
"../../../Engine/Shaders/Private/HairStrands/HairStrandsAABBCommon.ush" 2666
"../../../Engine/Shaders/Private/HairStrands/HairStrandsClusterCommon.ush" 2667
"../../../Engine/Shaders/Private/HairStrands/HairStrandsRaytracingGeometry.usf" 2668
"../../../Engine/Shaders/Private/HairStrands/HairStrandsHitProxy.usf" 2669
"../../../Engine/Shaders/Private/HairStrands/HairStrandsVisibilityRasterComputeNaive.usf" 2670
"../../../Engine/Shaders/Private/HairStrands/HairStrandsVisibilityRasterHW.usf" 2671
"../../../Engine/Shaders/Private/HairStrands/HairStrandsVisibilityRasterCompute.usf" 2672
"../../../Engine/Shaders/Private/HairStrands/HairStrandsVisibilityRasterClassification.usf" 2673
"../../../Engine/Shaders/Private/HairStrands/HairStrandsCoverage.usf" 2674
"../../../Engine/Shaders/Private/HairStrands/HairStrandsVisibilityDepthPS.usf" 2675
"../../../Engine/Shaders/Private/HairStrands/HairStrandsVisibilityTransmittanceDepthPS.usf" 2676
"../../../Engine/Shaders/Private/HairStrands/HairStrandsVisibilityFillOpaqueDepthPS.usf" 2677
"../../../Engine/Shaders/Private/HairStrands/HairStrandsVisibilityCompactionComputeRaster.usf" 2678
"../../../Engine/Shaders/Private/HairStrands/HairStrandsVisibilityCompaction.usf" 2679
"../../../Engine/Shaders/Private/HairStrands/HairStrandsVisibilityCopyIndirectArg.usf" 2680
"../../../Engine/Shaders/Private/HairStrands/HairStrandsVisibilityClearPS.usf" 2681
"../../../Engine/Shaders/Private/HairStrands/HairStrandsVisibilityPS.usf" 2682
"../../../Engine/Shaders/Private/HairStrands/HairStrandsVisibilityVS.usf" 2683
"../../../Engine/Shaders/Private/HairStrands/HairStrandsVelocity.usf" 2684
"../../../Engine/Shaders/Private/HairStrands/HairStrandsDebug.usf" 2685
"../../../Engine/Shaders/Private/HairStrands/HairStrandsBindingCommon.ush" 2686
"../../../Engine/Shaders/Private/HairStrands/HairStrandsDeepShadowCommon.ush" 2687
"../../../Engine/Shaders/Private/HairStrands/HairStrandsDebugCommonStruct.ush" 2688
"../../../Engine/Shaders/Private/HairStrands/HairStrandsVisibilityComputeSampleCoverage.usf" 2689
"../../../Engine/Shaders/Private/HairStrands/HairStrandsMaterialPS.usf" 2690
"../../../Engine/Shaders/Private/HairStrands/HairStrandsMaterialCommon.ush" 2691
"../../../Engine/Shaders/Private/HairStrands/HairStrandsMaterialVS.usf" 2692
"../../../Engine/Shaders/Private/HairStrands/HairStrandsLightSample.usf" 2693
"../../../Engine/Shaders/Private/HairStrands/HairStrandsMesh.usf" 2694
"../../../Engine/Shaders/Private/HairStrands/HairStrandsDeepShadowMask.usf" 2695
"../../../Engine/Shaders/Private/HairStrands/HairStrandsDeepTransmittanceMask.usf" 2696
"../../../Engine/Shaders/Private/HairStrands/HairStrandsVisibilityTile.usf" 2697
"../../../Engine/Shaders/Private/HairStrands/HairStrandsDeepShadowPS.usf" 2698
"../../../Engine/Shaders/Private/HairStrands/HairStrandsDeepShadowVS.usf" 2699
"../../../Engine/Shaders/Private/HairStrands/HairStrandsAABB.usf" 2700
"../../../Engine/Shaders/Private/HairStrands/HairStrandsLUT.usf" 2701
"../../../Engine/Shaders/Private/HairStrands/HairStrandsForwardRaster.usf" 2702
"../../../Engine/Shaders/Private/HairStrands/HairStrandsForwardCulling.usf" 2703
"../../../Engine/Shaders/Private/HairStrands/HairStrandsEnvironmentLighting.usf" 2704
"../../../Engine/Shaders/Private/HairStrands/HairStrandsEnvironmentAO.usf" 2705
"../../../Engine/Shaders/Private/HairStrands/HairStrandsDeepShadowAllocation.usf" 2706
"../../../Engine/Shaders/Private/HairStrands/HairStrandsVoxelDebug.usf" 2707
"../../../Engine/Shaders/Private/HairStrands/HairStrandsComposition.usf" 2708
"../../../Engine/Shaders/Private/HairStrands/HairStrandsGBufferCommon.ush" 2709
"../../../Engine/Shaders/Private/GPUScene/GPUSceneDataManagement.usf" 2710
"../../../Engine/Shaders/Private/GPUSceneDebugRender.usf" 2711
"../../../Engine/Shaders/Private/GPUFastFourierTransform.usf" 2712
"../../../Engine/Shaders/Private/GPUFastFourierTransform2DCore.ush" 2713
"../../../Engine/Shaders/Private/GPUFastFourierTransformCore.ush" 2714
"../../../Engine/Shaders/Private/GPUBenchmark.usf" 2715
"../../../Engine/Shaders/Private/DistanceField/GlobalDistanceFieldDebug.usf" 2716
"../../../Engine/Shaders/Private/DistanceField/GlobalDistanceFieldUpdate.ush" 2717
"../../../Engine/Shaders/Private/DistanceField/GlobalDistanceFieldMip.usf" 2718
"../../../Engine/Shaders/Private/DistanceField/GlobalDistanceField.usf" 2719
"../../../Engine/Shaders/Private/DistanceField/GlobalDistanceFieldCompositeObjects.usf" 2720
"../../../Engine/Shaders/Private/DistanceField/GlobalDistanceFieldHeightfields.usf" 2721
"../../../Engine/Shaders/Private/HeightfieldLightingShared.ush" 2722
"../../../Engine/Shaders/Private/GenerateConservativeDepth.usf" 2723
"../../../Engine/Shaders/Private/HeightFogPixelShader.usf" 2724
"../../../Engine/Shaders/Private/HeightFogVertexShader.usf" 2725
"../../../Engine/Shaders/Private/DistortFiltering.usf" 2726
"../../../Engine/Shaders/Private/DistortAccumulatePS.usf" 2727
"../../../Engine/Shaders/Private/DistortAccumulateVS.usf" 2728
"../../../Engine/Shaders/Private/DistanceFieldVisualization.usf" 2729
"../../../Engine/Shaders/Private/DistanceFieldStreaming.usf" 2730
"../../../Engine/Shaders/Private/DistanceFieldShadowing.usf" 2731
"../../../Engine/Shaders/Private/DistanceFieldScreenGridLighting.usf" 2732
"../../../Engine/Shaders/Private/DistanceFieldObjectCulling.usf" 2733
"../../../Engine/Shaders/Private/DistanceFieldLightingPost.usf" 2734
"../../../Engine/Shaders/Private/DitheredTransitionStencil.usf" 2735
"../../../Engine/Shaders/Private/CopyDepthTextureCS.usf" 2736
"../../../Engine/Shaders/Private/DeferredDecal.usf" 2737
"../../../Engine/Shaders/Private/DecalCommon.ush" 2738
"../../../Engine/Shaders/Private/DebugViewModeVertexShader.usf" 2739
"../../../Engine/Shaders/Private/DebugViewModeCommon.ush" 2740
"../../../Engine/Shaders/Private/DebugViewModePixelShader.usf" 2741
"../../../Engine/Shaders/Private/DebugProbes.usf" 2742
"../../../Engine/Shaders/Private/MeshDecals.usf" 2743
"../../../Engine/Shaders/Private/PostProcessAmbientOcclusion.usf" 2744
"../../../Engine/Shaders/Private/ClusteredDeferredShadingPixelShader.usf" 2745
"../../../Engine/Shaders/Private/ClusteredDeferredShadingVertexShader.usf" 2746
"../../../Engine/Shaders/Private/CapsuleShadowShaders.usf" 2747
"../../../Engine/Shaders/Private/BasePassPixelShader.usf" 2748
"../../../Engine/Shaders/Private/ForwardLightingCommon.ush" 2749
"../../../Engine/Shaders/Private/Substrate/SubstrateForwardLighting.ush" 2750
"../../../Engine/Shaders/Private/ComputeShaderOutputCommon.ush" 2751
"../../../Engine/Shaders/Private/BasePassVertexShader.usf" 2752
"../../../Engine/Shaders/Private/BasePassVertexCommon.ush" 2753
"../../../Engine/Shaders/Private/SimpleElementVolumeTexturePreviewPixelShader.usf" 2754
"../../../Engine/Shaders/Private/SimpleElementTexture2DPreviewPixelShader.usf" 2755
"../../../Engine/Shaders/Private/meshpaintdilatepixelshader.usf" 2756
"../../../Engine/Shaders/Private/meshpaintdilatevertexshader.usf" 2757
"../../../Engine/Shaders/Private/MeshPaintPixelShader.usf" 2758
"../../../Engine/Shaders/Private/MeshPaintVertexShader.usf" 2759
"../../../Engine/Shaders/Private/SlateElementPixelShader.usf" 2760
"../../../Engine/Shaders/Private/SlateShaderCommon.ush" 2761
"../../../Engine/Shaders/Private/CompositeUIPixelShader.usf" 2762
"../../../Engine/Shaders/Private/ColorDeficiency.ush" 2763
"../../../Engine/Shaders/Private/SlateMaskingShader.usf" 2764
"../../../Engine/Shaders/Private/SlatePostProcessColorDeficiencyPixelShader.usf" 2765
"../../../Engine/Shaders/Private/SlatePostProcessPixelShader.usf" 2766
"../../../Engine/Shaders/Private/SlateVertexShader.usf" 2767
"../../../Engine/Shaders/Private/Tools/VisualizeTexture.usf" 2768
"../../../Engine/Shaders/Private/ByteBuffer.usf" 2769
"../../../Engine/Shaders/Private/ShaderBundleDispatch.usf" 2770
"../../../Engine/Shaders/Private/ResolveVertexShader.usf" 2771
"../../../Engine/Shaders/Private/ResolvePixelShader.usf" 2772
"../../../Engine/Shaders/Private/Tools/SetupIndirectArgs.usf" 2773
"../../../Engine/Shaders/Private/ClearReplacementShaders.usf" 2774
"../../../Engine/Shaders/Private/Tools/DrawTexture.usf" 2775
"../../../Engine/Shaders/Private/RayTracing/RayTracingValidation.usf" 2776
"../../../Engine/Shaders/Private/RenderGraphUtilities.usf" 2777
"../../../Engine/Shaders/Private/OneColorShader.usf" 2778
"../../../Engine/Shaders/Private/OculusShaders.usf" 2779
"../../../Engine/Shaders/Private/MediaShaders.usf" 2780
"../../../Engine/Shaders/Private/GPUMessaging.usf" 2781
"../../../Engine/Shaders/Private/Tools/GPUDebugCrashUtils.usf" 2782
"../../../Engine/Shaders/Private/NullPixelShader.usf" 2783
"../../../Engine/Shaders/Private/ComputeGenerateMips.usf" 2784
"../../../Engine/Shaders/Private/Tools/DumpTexture.usf" 2785
"../../../Engine/Shaders/Private/CopyTextureShaders.usf" 2786
"../../../Engine/Shaders/Private/Tools/FullscreenVertexShader.usf" 2787
"../../../Engine/Shaders/Private/RayTracing/RayTracingDispatchDesc.usf" 2788
"../../../Engine/Shaders/Private/Bink.usf" 2789
"../../../Engine/Shaders/Private/VelocityShader.usf" 2790
"../../../Engine/Shaders/Private/DepthOnlyPixelShader.usf" 2791
"../../../Engine/Shaders/Private/PositionOnlyDepthVertexShader.usf" 2792
"../../../Engine/Shaders/Private/DepthOnlyVertexShader.usf" 2793
"../../../Engine/Shaders/Private/AnisotropyPassShader.usf" 2794
"../../../Engine/Content/EditorResources/S_Actor.uasset" 2795
"C:/Users/Amir sanni/Desktop/Biplo/Roomba-Biplo-Studio/Intermediate/ShaderAutogen/PCD3D_SM6/AutogenShaderHeaders.ush" 2796
"../../../Engine/Content/EditorResources/S_BoxReflectionCapture.uasset" 2797
"../../../Engine/Content/EngineResources/DefaultTexture.uasset" 2798
"../../../Engine/Content/EngineResources/DefaultTextureCube.uasset" 2799
"../../../Engine/Content/EngineResources/DefaultVolumeTexture.uasset" 2800
"../../../Engine/Content/EngineResources/DefaultVolumeTexture2D.uasset" 2801
"../../../Engine/Content/EngineFonts/RobotoDistanceField.uasset" 2802
"../../../Engine/Content/EngineMaterials/DefaultTextMaterialOpaque.uasset" 2803
"../../../Engine/Content/Functions/Engine_MaterialFunctions01/Shading/PowerToRoughness.uasset" 2804
"../../../Engine/Content/Functions/Engine_MaterialFunctions01/Shading/ConvertFromDiffSpec.uasset" 2805
"../../../Engine/Content/EngineMaterials/WorldGridMaterial.uasset" 2806
"../../../Engine/Content/Functions/Engine_MaterialFunctions01/Opacity/CameraDepthFade.uasset" 2807
"../../../Engine/Content/EngineMaterials/T_Default_Material_Grid_M.uasset" 2808
"../../../Engine/Content/EngineMaterials/T_Default_Material_Grid_N.uasset" 2809
"../../../Engine/Content/EngineMaterials/DefaultDeferredDecalMaterial.uasset" 2810
"../../../Engine/Content/EngineMaterials/DefaultDiffuse.uasset" 2811
"../../../Engine/Content/EngineMaterials/DefaultLightFunctionMaterial.uasset" 2812
"../../../Engine/Content/EngineMaterials/DefaultPostProcessMaterial.uasset" 2813
"../../../Engine/Content/Functions/Engine_MaterialFunctions02/Utility/BreakOutFloat2Components.uasset" 2814
"../../../Engine/Content/EditorResources/S_Trigger.uasset" 2815
"../../../Engine/Content/EditorResources/S_TriggerBox.uasset" 2816
"../../../Engine/Content/EditorResources/S_TriggerCapsule.uasset" 2817
"../../../Engine/Content/EditorResources/S_TriggerSphere.uasset" 2818
"../../../Engine/Content/EngineDamageTypes/DmgTypeBP_Environmental.uasset" 2819
"../../../Engine/Content/EngineSky/VolumetricClouds/m_SimpleVolumetricCloud_Inst.uasset" 2820
"../../../Engine/Content/EngineSky/VolumetricClouds/m_SimpleVolumetricCloud.uasset" 2821
"../../../Engine/Content/Functions/Engine_MaterialFunctions02/Utility/MakeFloat2.uasset" 2822
"../../../Engine/Content/EngineSky/VolumetricClouds/CloudGradientTexture.uasset" 2823
"../../../Engine/Content/EngineSky/VolumetricClouds/CloudWeatherTexture.uasset" 2824
"../../../Engine/Content/EngineSky/VolumetricClouds/T_VolumeNoiseErosion32.uasset" 2825
"../../../Engine/Content/EngineSky/VolumetricClouds/T_NoiseErosion.uasset" 2826
"../../../Engine/Content/EngineSky/VolumetricClouds/T_VolumeNoiseShape64.uasset" 2827
"../../../Engine/Content/EngineSky/VolumetricClouds/T_NoiseShape64.uasset" 2828
"../../../Engine/Content/EngineMeshes/Sphere.uasset" 2829
"../../../Engine/Content/EngineResources/WhiteSquareTexture.uasset" 2830
"../../../Engine/Content/EngineResources/GradientTexture0.uasset" 2831
"../../../Engine/Content/EngineResources/Black.uasset" 2832
"../../../Engine/Content/EngineMaterials/Widget3DPassThrough_Translucent.uasset" 2833
"../../../Engine/Content/EngineMaterials/Widget3DPassThrough.uasset" 2834
"../../../Engine/Content/EngineMaterials/Widget3DPassThrough_Translucent_OneSided.uasset" 2835
"../../../Engine/Content/EngineMaterials/Widget3DPassThrough_Opaque.uasset" 2836
"../../../Engine/Content/EngineMaterials/Widget3DPassThrough_Opaque_OneSided.uasset" 2837
"../../../Engine/Content/EngineMaterials/Widget3DPassThrough_Masked.uasset" 2838
"../../../Engine/Content/EngineMaterials/Widget3DPassThrough_Masked_OneSided.uasset" 2839
"../../../Engine/Content/VREditor/ViewportInteractionAssetContainerData.uasset" 2840
"../../../Engine/Content/VREditor/SnapGrid/SnapGridMaterial.uasset" 2841
"../../../Engine/Content/Functions/Engine_MaterialFunctions02/Math/Transform3x3Matrix.uasset" 2842
"../../../Engine/Content/Functions/Engine_MaterialFunctions02/Utility/BreakOutFloat3Components.uasset" 2843
"../../../Engine/Content/Functions/Engine_MaterialFunctions02/SplitComponents.uasset" 2844
"../../../Engine/Content/Functions/Engine_MaterialFunctions02/Utility/MakeFloat3.uasset" 2845
"../../../Engine/Content/VREditor/TransformGizmo/TransformGizmoMaterial_Inst.uasset" 2846
"../../../Engine/Content/VREditor/TransformGizmo/TransformGizmoMaterial.uasset" 2847
"../../../Engine/Content/VREditor/LaserPointer/VR_LaserPower_01.uasset" 2848
"../../../Engine/Content/VREditor/TransformGizmo/TranslucentTransformGizmoMaterial_Inst.uasset" 2849
"../../../Engine/Content/VREditor/TransformGizmo/TranslucentTransformGizmoMaterial.uasset" 2850
"../../../Engine/Content/VREditor/SnapGrid/SnapGridPlaneMesh.uasset" 2851
"../../../Engine/Content/VREditor/Sounds/UI/Drop_Item_From_ContentBrowser.uasset" 2852
"../../../Engine/Content/VREditor/Sounds/UI/Gizmo_Handle_Clicked.uasset" 2853
"../../../Engine/Content/VREditor/Sounds/UI/Object_PickUp.uasset" 2854
"../../../Engine/Content/VREditor/Sounds/UI/Object_Snaps_To_Another_Actor.uasset" 2855
"../../../Engine/Content/VREditor/Sounds/UI/Object_Snaps_To_Grid.uasset" 2856
"../../../Engine/Content/VREditor/Sounds/UI/Scaling_Down.uasset" 2857
"../../../Engine/Content/VREditor/Sounds/UI/Scaling_Up.uasset" 2858
"../../../Engine/Content/VREditor/Sounds/UI/Selection_Changes.uasset" 2859
"../../../Engine/Content/VREditor/TransformGizmo/PlaneTranslationHandle.uasset" 2860
"../../../Engine/Content/VREditor/TransformGizmo/RotationHandleFull.uasset" 2861
"../../../Engine/Content/VREditor/TransformGizmo/RotationHandleIndicator.uasset" 2862
"../../../Engine/Content/VREditor/TransformGizmo/RotationHandleQuarter.uasset" 2863
"../../../Engine/Content/VREditor/TransformGizmo/StartRotationHandleIndicator.uasset" 2864
"../../../Engine/Content/VREditor/TransformGizmo/TransformGizmoFreeRotation.uasset" 2865
"../../../Engine/Content/VREditor/TransformGizmo/TranslateArrowHandle.uasset" 2866
"../../../Engine/Content/VREditor/TransformGizmo/UniformScaleHandle.uasset" 2867
"../../../Engine/Content/VREditor/TransformGizmo/BoundingBoxCorner.uasset" 2868
"../../../Engine/Content/VREditor/TransformGizmo/BoundingBoxEdge.uasset" 2869
"../../../Engine/Content/VREditor/TransformGizmo/SM_Sequencer_Node.uasset" 2870
"../../../Engine/Content/VREditor/TransformGizmo/Main.uasset" 2871
"../../../Engine/Content/VREditor/TransformGizmo/Xray.uasset" 2872
"../../../Engine/Content/EditorResources/S_Solver.uasset" 2873
"../../../Engine/Content/EngineDebugMaterials/VolumeToRender.uasset" 2874
"../../../Engine/Content/EngineDebugMaterials/M_VolumeRenderSphereTracePP.uasset" 2875
"../../../Engine/Content/Functions/Engine_MaterialFunctions02/Utility/CameraDirectionVector.uasset" 2876
"../../../Engine/Content/EditorMeshes/Camera/SM_CraneRig_Base.uasset" 2877
"../../../Engine/Content/EditorMaterials/Camera/MI_CineMat_Rig.uasset" 2878
"../../../Engine/Content/EditorMaterials/Camera/CineMat.uasset" 2879
"../../../Engine/Content/EditorMeshes/Camera/SM_CraneRig_Arm.uasset" 2880
"../../../Engine/Content/EditorMeshes/Camera/SM_CraneRig_Mount.uasset" 2881
"../../../Engine/Content/EditorMeshes/Camera/SM_CraneRig_Body.uasset" 2882
"../../../Engine/Content/EditorMeshes/Camera/SM_RailRig_Track.uasset" 2883
"../../../Engine/Content/EditorMeshes/Camera/SM_RailRig_Mount.uasset" 2884
"../../../Engine/Content/ArtTools/RenderToTexture/Meshes/S_1_Unit_Plane.uasset" 2885
"../../../Engine/Content/EngineDebugMaterials/M_SimpleUnlitTranslucent.uasset" 2886
"../../../Engine/Content/EngineFonts/Roboto.uasset" 2887
"../../../Engine/Content/EngineFonts/Faces/DroidSansFallback.uasset" 2888
"../../../Engine/Content/EngineFonts/Faces/RobotoBold.uasset" 2889
"../../../Engine/Content/EngineFonts/Faces/RobotoBoldItalic.uasset" 2890
"../../../Engine/Content/EngineFonts/Faces/RobotoItalic.uasset" 2891
"../../../Engine/Content/EngineFonts/Faces/RobotoLight.uasset" 2892
"../../../Engine/Content/EngineFonts/Faces/RobotoRegular.uasset" 2893
"../../../Engine/Content/EditorMaterials/ParticleSystems/PSysThumbnail_NoImage.uasset" 2894
"../../../Engine/Content/EditorMaterials/ParticleSystems/PSysThumbnail_OOD.uasset" 2895
"../../../Engine/Content/EditorLandscapeResources/SplineEditorMesh.uasset" 2896
"../../../Engine/Content/EditorLandscapeResources/SplineEditorMeshMat.uasset" 2897
"../../../Engine/Content/EditorLandscapeResources/DataLayer.uasset" 2898
"../../Plugins/Animation/ACLPlugin/Content/ACLAnimBoneCompressionSettings.uasset" 2899
"../../../Engine/Content/Animation/DefaultRecorderBoneCompression.uasset" 2900
"../../Plugins/Animation/ACLPlugin/Content/ACLAnimCurveCompressionSettings.uasset" 2901
"../../../Engine/Content/Animation/DefaultVariableFrameStrippingSettings.uasset" 2902
"../../Plugins/Animation/ControlRig/Content/Controls/ControlRigXRayMaterial.uasset" 2903
"../../Plugins/Animation/ControlRig/Content/Controls/DefaultGizmoLibraryNormalized.uasset" 2904
"../../Plugins/Animation/ControlRig/Content/M_Manip.uasset" 2905
"../../../Engine/Content/Functions/Engine_MaterialFunctions02/WorldPositionOffset/CameraOffset.uasset" 2906
"../../Plugins/Interchange/Runtime/Content/gltf/MaterialBodies/MF_Default_Body.uasset" 2907
"../../Plugins/Interchange/Runtime/Content/gltf/MaterialFunctions/MF_BaseColor.uasset" 2908
"../../Plugins/Interchange/Runtime/Content/gltf/Textures/T_White_srgb.uasset" 2909
"../../Plugins/Interchange/Runtime/Content/gltf/MaterialFunctions/MF_Emissive.uasset" 2910
"../../Plugins/Interchange/Runtime/Content/gltf/MaterialFunctions/MF_IOR.uasset" 2911
"../../Plugins/Interchange/Runtime/Content/gltf/MaterialFunctions/MF_Iridescence.uasset" 2912
"../../Plugins/Interchange/Runtime/Content/Functions/MF_Iridescence.uasset" 2913
"../../../Engine/Content/Functions/Engine_MaterialFunctions03/Math/RemapValueRange.uasset" 2914
"../../Plugins/Interchange/Runtime/Content/Utilities/New_LUT.uasset" 2915
"../../Plugins/Interchange/Runtime/Content/gltf/MaterialFunctions/MF_MetallicRoughness.uasset" 2916
"../../Plugins/Interchange/Runtime/Content/gltf/Textures/T_White_Linear.uasset" 2917
"../../Plugins/Interchange/Runtime/Content/gltf/MaterialFunctions/MF_Normals.uasset" 2918
"../../Plugins/Interchange/Runtime/Content/gltf/MaterialFunctions/MF_RotateNormals_TS.uasset" 2919
"../../Plugins/Interchange/Runtime/Content/gltf/Textures/T_Generic_N.uasset" 2920
"../../Plugins/Interchange/Runtime/Content/gltf/MaterialFunctions/MF_Occlusion.uasset" 2921
"../../Plugins/Interchange/Runtime/Content/gltf/MaterialFunctions/MF_Specular.uasset" 2922
"../../Plugins/Interchange/Runtime/Content/gltf/MaterialFunctions/MF_TransformUVs.uasset" 2923
"../../Plugins/Interchange/Runtime/Content/gltf/MaterialFunctions/MF_RotateV2.uasset" 2924
"../../Plugins/Interchange/Runtime/Content/gltf/MaterialBodies/MF_Unlit_Body.uasset" 2925
"../../Plugins/Interchange/Runtime/Content/gltf/MaterialBodies/MF_ClearCoat_Body.uasset" 2926
"../../Plugins/Interchange/Runtime/Content/gltf/MaterialFunctions/MF_Clearcoat.uasset" 2927
"../../../Engine/Content/Functions/Engine_MaterialFunctions01/Texturing/FlattenNormal.uasset" 2928
"../../Plugins/Interchange/Runtime/Content/gltf/MaterialBodies/MF_Sheen_Body.uasset" 2929
"../../Plugins/Interchange/Runtime/Content/gltf/MaterialFunctions/MF_Sheen.uasset" 2930
"../../Plugins/Interchange/Runtime/Content/gltf/MaterialBodies/MF_Transmission_Body.uasset" 2931
"../../Plugins/Interchange/Runtime/Content/gltf/MaterialFunctions/MF_Fresnel_DS.uasset" 2932
"../../Plugins/Interchange/Runtime/Content/gltf/MaterialFunctions/MF_Temporal_Blur.uasset" 2933
"../../../Engine/Content/Functions/Engine_MaterialFunctions02/Texturing/ScreenAlignedPixelToPixelUVs.uasset" 2934
"../../../Engine/Content/EngineMaterials/Good64x64TilingNoiseHighFreq.uasset" 2935
"../../Plugins/Interchange/Runtime/Content/gltf/MaterialFunctions/MF_Transmission.uasset" 2936
"../../Plugins/Interchange/Runtime/Content/gltf/MaterialBodies/MF_SpecularGlossiness_Body.uasset" 2937
"../../Plugins/Interchange/Runtime/Content/gltf/MaterialFunctions/MF_DiffuseSpecGloss.uasset" 2938
"../../Plugins/Interchange/Runtime/Content/gltf/MaterialFunctions/MF_SpecGlossToMetalRoughness.uasset" 2939
"../../Plugins/Interchange/Runtime/Content/gltf/MaterialFunctions/MF_PerceivedBrightness.uasset" 2940
"../../../Engine/Content/Functions/Engine_MaterialFunctions02/Math/AddComponents.uasset" 2941
"../../Plugins/2D/Paper2D/Content/MaskedUnlitSpriteMaterial.uasset" 2942
"../../Plugins/2D/Paper2D/Content/DefaultSpriteMaterial.uasset" 2943
"../../Plugins/2D/Paper2D/Content/PlaceholderTextures/DummySpriteTexture.uasset" 2944
"../../Plugins/2D/Paper2D/Content/OpaqueUnlitSpriteMaterial.uasset" 2945
"../../Plugins/2D/Paper2D/Content/DefaultPaperTerrainMaterial.uasset" 2946
"../../Plugins/2D/Paper2D/Content/DummySprite.uasset" 2947
"../../Plugins/Editor/SpeedTreeImporter/Content/SpeedTree9/SpeedTreeMaster.uasset" 2948
"../../../Engine/Content/Functions/Engine_MaterialFunctions02/ObjectLocalBounds.uasset" 2949
"../../../Engine/Content/Functions/Engine_MaterialFunctions02/SafeNormalize.uasset" 2950
"../../../Engine/Content/Functions/Engine_MaterialFunctions02/Utility/VectorLength.uasset" 2951
"../../../Engine/Content/Functions/Engine_MaterialFunctions02/UVs/BoundingBoxBased_0-1_UVW.uasset" 2952
"../../../Engine/Content/Functions/Engine_MaterialFunctions02/WorldPositionOffset/ObjectScale.uasset" 2953
"../../Plugins/Editor/SpeedTreeImporter/Content/SpeedTree9/SpeedTreeBranchMotion.uasset" 2954
"../../Plugins/Editor/SpeedTreeImporter/Content/SpeedTree9/SpeedTreeWindMotion.uasset" 2955
"../../Plugins/Editor/SpeedTreeImporter/Content/SpeedTree9/game_wind_noise.uasset" 2956
"../../Plugins/Editor/SpeedTreeImporter/Content/SpeedTree9/UnpackDirection.uasset" 2957
"../../Plugins/Editor/SpeedTreeImporter/Content/SpeedTree9/UnpackInteger3.uasset" 2958
"../../Plugins/Editor/SpeedTreeImporter/Content/SpeedTree9/SpeedTreeCameraFacing.uasset" 2959
"../../Plugins/Editor/SpeedTreeImporter/Content/SpeedTree9/SpeedTreeWind.uasset" 2960
"../../Plugins/Editor/SpeedTreeImporter/Content/SpeedTree9/Empty.uasset" 2961
"../../Plugins/Editor/SpeedTreeImporter/Content/SpeedTree9/EmptyNormal.uasset" 2962
"../../Plugins/Editor/SpeedTreeImporter/Content/SpeedTree9/SpeedTreeBillboardMaster.uasset" 2963
"../../Plugins/Editor/SpeedTreeImporter/Content/SpeedTree9/SpeedTreeBillboard.uasset" 2964
"../../../Engine/Content/BasicShapes/BasicShapeMaterial.uasset" 2965
"../../../Engine/Content/EditorMaterials/Dataflow/DataflowVertexMaterial.uasset" 2966
"../../../Engine/Intermediate/ProjectFiles/PrimaryProjectPath.txt" 2967
"../../Plugins/Media/MediaPlate/Content/SM_MediaPlateScreen.uasset" 2968
"C:/Users/Amir sanni/AppData/Local/UnrealEngine/Editor/UInteractiveToolsPresetCollectionAsset_DefaultCollection.json" 2969
"../../../Engine/Content/EngineMaterials/NaniteHiddenSectionMaterial.uasset" 2970
"../../../Engine/Content/EngineMaterials/RemoveSurfaceMaterial.uasset" 2971
"../../../Engine/Content/EngineDebugMaterials/DebugMeshMaterial.uasset" 2972
"../../../Engine/Content/EngineMaterials/EmissiveMeshMaterial.uasset" 2973
"../../../Engine/Content/EngineMaterials/DefaultWhiteGrid_Low.uasset" 2974
"../../../Engine/Content/EngineMaterials/M_InvalidLightmapSettings.uasset" 2975
"../../../Engine/Content/EngineMaterials/InvalidLightmapSettings.uasset" 2976
"../../../Engine/Content/EngineMaterials/GizmoMaterial.uasset" 2977
"../../../Engine/Content/EngineMaterials/PhAT_JointLimitMaterial.uasset" 2978
"../../../Engine/Content/EngineMaterials/FlattenMaterial.uasset" 2979
"../../../Engine/Content/EngineMaterials/BaseFlattenDiffuseMap.uasset" 2980
"../../../Engine/Content/EngineMaterials/BaseFlattenEmissiveMap.uasset" 2981
"../../../Engine/Content/EngineMaterials/BaseFlattenGrayscaleMap.uasset" 2982
"../../../Engine/Content/EngineMaterials/BaseFlattenLinearColor.uasset" 2983
"../../../Engine/Content/EngineMaterials/BaseFlattenNormalMap.uasset" 2984
"../../../Engine/Content/Functions/Engine_MaterialFunctions02/PivotPainter2/Black_1x1_EXR_Texture.uasset" 2985
"../../../Engine/Content/EngineMaterials/FlattenMaterial_VT.uasset" 2986
"../../../Engine/Content/EngineMaterials/BaseFlattenDiffuseMap_VT.uasset" 2987
"../../../Engine/Content/EngineMaterials/BaseFlattenEmissiveMap_VT.uasset" 2988
"../../../Engine/Content/EngineMaterials/BaseFlattenGrayscaleMap_VT.uasset" 2989
"../../../Engine/Content/EngineMaterials/BaseFlattenLinearColor_VT.uasset" 2990
"../../../Engine/Content/EngineMaterials/BaseFlattenNormalMap_VT.uasset" 2991
"../../../Engine/Content/EngineMaterials/Black_1x1_EXR_Texture_VT.uasset" 2992
"../../../Engine/Content/EngineMaterials/FlattenMaterial_WS_Normal_VT.uasset" 2993
"../../../Engine/Content/EngineMaterials/DefaultBokeh.uasset" 2994
"../../../Engine/Content/EngineMaterials/MiniFont.uasset" 2995
"../../../Engine/Content/EngineMaterials/WeightMapPlaceholderTexture.uasset" 2996
"../../../Engine/Content/EngineMaterials/WeightMapArrayPlaceholderTexture.uasset" 2997
"../../../Engine/Content/EngineMaterials/DefaultWhiteGrid.uasset" 2998
"../../../Engine/Content/EngineMaterials/PreintegratedSkinBRDF.uasset" 2999
"../../../Engine/Content/EngineMaterials/DefaultPhysicalMaterial.uasset" 3000
"../../../Engine/Content/EngineMaterials/DefaultDestructiblePhysicalMaterial.uasset" 3001
"C:/Users/Amir sanni/AppData/Local/UnrealEngine/5.4/Saved/AutoLoadProject.txt" 3002
"../../Plugins/Runtime/MeshModelingToolset/Content/Materials/M_DynamicMeshComponentVtxColor.uasset" 3003
"../../Plugins/FX/Niagara/Content/ParameterDefinitions/SpriteRenderer.uasset" 3004
"../../Plugins/FX/Niagara/Content/ParameterDefinitions/RibbonRenderer.uasset" 3005
"../../Plugins/FX/Niagara/Content/ParameterDefinitions/MeshRenderer.uasset" 3006
"../../Plugins/FX/Niagara/Content/ParameterDefinitions/LightRenderer.uasset" 3007
"../../Plugins/FX/Niagara/Content/ParameterDefinitions/DecalRenderer.uasset" 3008
"../../Plugins/FX/Niagara/Content/ParameterDefinitions/CoreParameters.uasset" 3009
"../../../Engine/Content/BasicShapes/Cube.uasset" 3010
"../../../Engine/Content/BasicShapes/Sphere.uasset" 3011
"../../../Engine/Content/EngineMaterials/DefaultMaterial.uasset" 3012
"../../../Engine/Content/BasicShapes/Cylinder.uasset" 3013
"../../../Engine/Content/BasicShapes/Cone.uasset" 3014
"../../../Engine/Content/BasicShapes/Plane.uasset" 3015
"../../../Engine/Content/EditorResources/SequenceRecorder/Countdown.uasset" 3016
"../../../Engine/Content/EditorResources/SequenceRecorder/RecordingIndicator.uasset" 3017
"../../../Engine/Content/EditorMaterials/PhAT_UnselectedMaterial.uasset" 3018
"../../../Engine/Content/EditorMaterials/PhAT_NoCollisionMaterial.uasset" 3019
"../../../Engine/Content/EditorLandscapeResources/DefaultAlphaTexture.uasset" 3020
"../../../Engine/Content/EditorResources/S_Terrain.uasset" 3021
"../../Plugins/FX/NiagaraFluids/Content/NDC_Grid3D_Gas.uasset" 3022
"../../../Engine/Plugins/Interchange/Runtime/Content/Functions/MX_SubsurfaceBSDF.uasset" 3023
"../../../Engine/Plugins/Interchange/Runtime/Content/Functions/MX_AnisotropicVDF.uasset" 3024
"../../../Engine/Plugins/Interchange/Runtime/Content/Functions/MX_DielectricBSDF.uasset" 3025
"../../../Engine/Plugins/Interchange/Runtime/Content/Functions/MX_ThinFilmBSDF.uasset" 3026
"../../../Engine/Plugins/Interchange/Runtime/Content/Functions/MX_UniformEDF.uasset" 3027
"../../../Engine/Plugins/Interchange/Runtime/Content/Functions/MX_GeneralizedSchlickBSDF.uasset" 3028
"../../../Engine/Plugins/Animation/ControlRig/Content/Controls/ControlRigGizmoMaterial.uasset" 3029
"../../../Engine/Plugins/Interchange/Runtime/Content/Functions/MX_MeasuredEDF.uasset" 3030
"../../../Engine/Plugins/Interchange/Runtime/Content/Functions/MX_ConicalEDF.uasset" 3031
"../../../Engine/Plugins/Interchange/Runtime/Content/Functions/MX_ConductorBSDF.uasset" 3032
"../../../Engine/Plugins/Interchange/Runtime/Content/Functions/MX_BurleyDiffuseBSDF.uasset" 3033
"../../../Engine/Plugins/Interchange/Runtime/Content/Functions/MX_TranslucentBSDF.uasset" 3034
"../../../Engine/Plugins/Interchange/Runtime/Content/Pipelines/DefaultSceneLevelPipeline.uasset" 3035
"../../../Engine/Content/EngineSounds/Master.uasset" 3036
"../../../Engine/Content/EngineMaterials/STBlueNoise_vec2_128x128x64.uasset" 3037
"../../../Engine/Plugins/Interchange/Runtime/Content/Functions/MX_AbsorptionVDF.uasset" 3038
"../../../Engine/Content/EngineMaterials/STBlueNoise_scalar_128x128x64.uasset" 3039
"../../../Engine/Content/EngineDebugMaterials/DebugEditorMaterial.uasset" 3040
"../../../Engine/Plugins/Interchange/Runtime/Content/Functions/MX_SheenBSDF.uasset" 3041
"../../../Engine/Content/EngineMaterials/DefaultBloomKernel.uasset" 3042
"../../../Engine/Plugins/Interchange/Runtime/Content/Pipelines/DefaultTexturePipeline.uasset" 3043
"../../../Engine/Plugins/Interchange/Runtime/Content/Pipelines/DefaultSceneAssetsPipeline.uasset" 3044
"../../../Engine/Plugins/Interchange/Runtime/Content/Functions/MX_SurfaceUnlit.uasset" 3045
"../../../Engine/Plugins/Interchange/Runtime/Content/Pipelines/DefaultMaterialXPipeline.uasset" 3046
"../../../Engine/Plugins/Interchange/Runtime/Content/Pipelines/DefaultGLTFSceneAssetsPipeline.uasset" 3047
"../../../Engine/Plugins/Interchange/Runtime/Content/Functions/MX_OrenNayarBSDF.uasset" 3048
"../../../Engine/Plugins/Interchange/Runtime/Content/Pipelines/DefaultAssetsPipeline.uasset" 3049
"../../../Engine/Plugins/Interchange/Runtime/Content/Pipelines/DefaultGLTFPipeline.uasset" 3050
"../../../Engine/Plugins/Interchange/Runtime/Content/Pipelines/DefaultMaterialPipeline.uasset" 3051
"../../../Engine/Plugins/Interchange/Runtime/Content/Functions/MX_UsdPreviewSurface.uasset" 3052
"../../../Engine/Content/EngineResources/FilmGrains/Marcie_Grain_v3_128_M2_000.uasset" 3053
"../../../Engine/Plugins/Interchange/Runtime/Content/Pipelines/DefaultGLTFAssetsPipeline.uasset" 3054
"../../../Engine/Content/EditorResources/BSPVertex.uasset" 3055
"../../../Engine/Plugins/FX/NiagaraFluids/Content/NDC_Grid3D_Gas.uasset" 3056
"../../../Engine/Plugins/FX/Niagara/Content/ParameterDefinitions/CoreParameters.uasset" 3057
"../../../Engine/Plugins/FX/Niagara/Content/ParameterDefinitions/DecalRenderer.uasset" 3058
"../../../Engine/Plugins/FX/Niagara/Content/ParameterDefinitions/LightRenderer.uasset" 3059
"../../../Engine/Plugins/FX/Niagara/Content/ParameterDefinitions/MeshRenderer.uasset" 3060
"../../../Engine/Plugins/FX/Niagara/Content/ParameterDefinitions/RibbonRenderer.uasset" 3061
"../../../Engine/Plugins/FX/Niagara/Content/ParameterDefinitions/SpriteRenderer.uasset" 3062
"../../../Engine/Plugins/Runtime/MeshModelingToolset/Content/Materials/M_DynamicMeshComponentVtxColor.uasset" 3063
"C:/Users/Amir sanni/Desktop/Biplo/Roomba-Biplo-Studio/Content/ThirdPerson/Shader/CellShading.uasset" 3064
"C:/Users/Amir sanni/Desktop/Biplo/Roomba-Biplo-Studio/Content/ThirdPerson/Maps/ThirdPersonMap_BuiltData.uasset" 3065
"C:/Users/Amir sanni/Desktop/Biplo/Roomba-Biplo-Studio/Content/ThirdPerson/Input/CraneActions/SwitchToPlayer.uasset" 3066
"C:/Users/Amir sanni/Desktop/Biplo/Roomba-Biplo-Studio/Content/ThirdPerson/Input/CraneActions/RotateRight.uasset" 3067
"C:/Users/Amir sanni/Desktop/Biplo/Roomba-Biplo-Studio/Content/ThirdPerson/Input/CraneActions/RotateLeft.uasset" 3068
"C:/Users/Amir sanni/Desktop/Biplo/Roomba-Biplo-Studio/Content/ThirdPerson/Input/CraneActions/MoveUp.uasset" 3069
"C:/Users/Amir sanni/Desktop/Biplo/Roomba-Biplo-Studio/Content/ThirdPerson/Input/CraneActions/MoveDown.uasset" 3070
"C:/Users/Amir sanni/Desktop/Biplo/Roomba-Biplo-Studio/Content/ThirdPerson/Input/Actions/IA_SpeedBoost.uasset" 3071
"C:/Users/Amir sanni/Desktop/Biplo/Roomba-Biplo-Studio/Content/ThirdPerson/Input/Actions/IA_Pause.uasset" 3072
"C:/Users/Amir sanni/Desktop/Biplo/Roomba-Biplo-Studio/Content/ThirdPerson/Input/Actions/IA_Move.uasset" 3073
"C:/Users/Amir sanni/Desktop/Biplo/Roomba-Biplo-Studio/Content/ThirdPerson/Input/Actions/IA_Look.uasset" 3074
"C:/Users/Amir sanni/Desktop/Biplo/Roomba-Biplo-Studio/Content/ThirdPerson/Input/Actions/IA_Jump.uasset" 3075
"C:/Users/Amir sanni/Desktop/Biplo/Roomba-Biplo-Studio/Content/ThirdPerson/Input/Actions/IA_Interact.uasset" 3076
"C:/Users/Amir sanni/Desktop/Biplo/Roomba-Biplo-Studio/Content/ThirdPerson/Input/Actions/IA_DashSpeed.uasset" 3077
"C:/Users/Amir sanni/Desktop/Biplo/Roomba-Biplo-Studio/Content/ThirdPerson/Blueprints/WorldMechanics/RampOnTable_BP/NewLevelSequence.uasset" 3078
"C:/Users/Amir sanni/Desktop/Biplo/Roomba-Biplo-Studio/Content/ThirdPerson/Blueprints/SunLight_Controller_BP/BP_SunLight_Controller.uasset" 3079
"C:/Users/Amir sanni/Desktop/Biplo/Roomba-Biplo-Studio/Content/ThirdPerson/Blueprints/SaveSystem_BP/RoombSaveGame_BP.uasset" 3080
"C:/Users/Amir sanni/Desktop/Biplo/Roomba-Biplo-Studio/Content/ThirdPerson/Blueprints/Player_BP/WBP_SPEEDUI.uasset" 3081
"C:/Users/Amir sanni/Desktop/Biplo/Roomba-Biplo-Studio/Content/ThirdPerson/Blueprints/Player_BP/BP_PlayerSpline.uasset" 3082
"C:/Users/Amir sanni/Desktop/Biplo/Roomba-Biplo-Studio/Content/ThirdPerson/Blueprints/Niagra/T_Smoke.uasset" 3083
"C:/Users/Amir sanni/Desktop/Biplo/Roomba-Biplo-Studio/Content/ThirdPerson/Blueprints/Niagra/M_Smoke.uasset" 3084
"C:/Users/Amir sanni/Desktop/Biplo/Roomba-Biplo-Studio/Content/ThirdPerson/Blueprints/Niagra/M_Particle.uasset" 3085
"C:/Users/Amir sanni/Desktop/Biplo/Roomba-Biplo-Studio/Content/ThirdPerson/Blueprints/Niagra/Material_001.uasset" 3086
"C:/Users/Amir sanni/Desktop/Biplo/Roomba-Biplo-Studio/Content/ThirdPerson/Blueprints/LightDetection_BP/TopRenderTarget.uasset" 3087
"C:/Users/Amir sanni/Desktop/Biplo/Roomba-Biplo-Studio/Content/ThirdPerson/Blueprints/Generator/Yellow.uasset" 3088
"C:/Users/Amir sanni/Desktop/Biplo/Roomba-Biplo-Studio/Content/ThirdPerson/Blueprints/Generator/Red.uasset" 3089
"C:/Users/Amir sanni/Desktop/Biplo/Roomba-Biplo-Studio/Content/ThirdPerson/Blueprints/Generator/Purple.uasset" 3090
"C:/Users/Amir sanni/Desktop/Biplo/Roomba-Biplo-Studio/Content/ThirdPerson/Blueprints/Generator/LightBlue.uasset" 3091
"C:/Users/Amir sanni/Desktop/Biplo/Roomba-Biplo-Studio/Content/ThirdPerson/Blueprints/Generator/Green.uasset" 3092
"C:/Users/Amir sanni/Desktop/Biplo/Roomba-Biplo-Studio/Content/ThirdPerson/Blueprints/Generator/BP_Cable.uasset" 3093
"C:/Users/Amir sanni/Desktop/Biplo/Roomba-Biplo-Studio/Content/ThirdPerson/Blueprints/Generator/Blue.uasset" 3094
"C:/Users/Amir sanni/Desktop/Biplo/Roomba-Biplo-Studio/Content/StarterContent/Textures/T_Wood_Walnut_N.uasset" 3095
"C:/Users/Amir sanni/Desktop/Biplo/Roomba-Biplo-Studio/Content/StarterContent/Textures/T_Wood_Walnut_D.uasset" 3096
"C:/Users/Amir sanni/Desktop/Biplo/Roomba-Biplo-Studio/Content/StarterContent/Textures/T_Wood_Pine_D.uasset" 3097
"C:/Users/Amir sanni/Desktop/Biplo/Roomba-Biplo-Studio/Content/StarterContent/Textures/T_Wood_Oak_N.uasset" 3098
"C:/Users/Amir sanni/Desktop/Biplo/Roomba-Biplo-Studio/Content/StarterContent/Textures/T_Wood_Oak_D.uasset" 3099
"C:/Users/Amir sanni/Desktop/Biplo/Roomba-Biplo-Studio/Content/StarterContent/Textures/T_Wood_Pine_N.uasset" 3100
"C:/Users/Amir sanni/Desktop/Biplo/Roomba-Biplo-Studio/Content/StarterContent/Textures/T_Wood_Floor_Walnut_N.uasset" 3101
"C:/Users/Amir sanni/Desktop/Biplo/Roomba-Biplo-Studio/Content/StarterContent/Textures/T_Wood_Floor_Walnut_M.uasset" 3102
"C:/Users/Amir sanni/Desktop/Biplo/Roomba-Biplo-Studio/Content/StarterContent/Textures/T_Wood_Floor_Walnut_D.uasset" 3103
"C:/Users/Amir sanni/Desktop/Biplo/Roomba-Biplo-Studio/Content/StarterContent/Textures/T_Water_N.uasset" 3104
"C:/Users/Amir sanni/Desktop/Biplo/Roomba-Biplo-Studio/Content/StarterContent/Textures/T_Water_M.uasset" 3105
"C:/Users/Amir sanni/Desktop/Biplo/Roomba-Biplo-Studio/Content/StarterContent/Textures/T_Tech_Panel_N.uasset" 3106
"C:/Users/Amir sanni/Desktop/Biplo/Roomba-Biplo-Studio/Content/StarterContent/Textures/T_Tech_Panel_M.uasset" 3107
"C:/Users/Amir sanni/Desktop/Biplo/Roomba-Biplo-Studio/Content/StarterContent/Textures/T_Tech_Hex_Tile_N.uasset" 3108
"C:/Users/Amir sanni/Desktop/Biplo/Roomba-Biplo-Studio/Content/StarterContent/Textures/T_Tech_Hex_Tile_M.uasset" 3109
"C:/Users/Amir sanni/Desktop/Biplo/Roomba-Biplo-Studio/Content/StarterContent/Textures/T_Tech_Dot_N.uasset" 3110
"C:/Users/Amir sanni/Desktop/Biplo/Roomba-Biplo-Studio/Content/StarterContent/Textures/T_Tech_Dot_M.uasset" 3111
"C:/Users/Amir sanni/Desktop/Biplo/Roomba-Biplo-Studio/Content/StarterContent/Textures/T_TableRound_N.uasset" 3112
"C:/Users/Amir sanni/Desktop/Biplo/Roomba-Biplo-Studio/Content/StarterContent/Textures/T_TableRound_M.uasset" 3113
"C:/Users/Amir sanni/Desktop/Biplo/Roomba-Biplo-Studio/Content/StarterContent/Textures/T_Statue_N.uasset" 3114
"C:/Users/Amir sanni/Desktop/Biplo/Roomba-Biplo-Studio/Content/StarterContent/Textures/T_Statue_M.uasset" 3115
"C:/Users/Amir sanni/Desktop/Biplo/Roomba-Biplo-Studio/Content/StarterContent/Textures/T_Spark_Core.uasset" 3116
"C:/Users/Amir sanni/Desktop/Biplo/Roomba-Biplo-Studio/Content/StarterContent/Textures/T_Smoke_Tiled_D.uasset" 3117
"C:/Users/Amir sanni/Desktop/Biplo/Roomba-Biplo-Studio/Content/StarterContent/Textures/T_Smoke_SubUV.uasset" 3118
"C:/Users/Amir sanni/Desktop/Biplo/Roomba-Biplo-Studio/Content/StarterContent/Textures/T_Single_Tile_N.uasset" 3119
"C:/Users/Amir sanni/Desktop/Biplo/Roomba-Biplo-Studio/Content/StarterContent/Textures/T_Shelf_N.uasset" 3120
"C:/Users/Amir sanni/Desktop/Biplo/Roomba-Biplo-Studio/Content/StarterContent/Textures/T_Shelf_M.uasset" 3121
"C:/Users/Amir sanni/Desktop/Biplo/Roomba-Biplo-Studio/Content/StarterContent/Textures/T_Rock_Smooth_Granite_D.uasset" 3122
"C:/Users/Amir sanni/Desktop/Biplo/Roomba-Biplo-Studio/Content/StarterContent/Textures/T_Rock_Slate_N.uasset" 3123
"C:/Users/Amir sanni/Desktop/Biplo/Roomba-Biplo-Studio/Content/StarterContent/Textures/T_Rock_Slate_D.uasset" 3124
"C:/Users/Amir sanni/Desktop/Biplo/Roomba-Biplo-Studio/Content/StarterContent/Textures/T_Rock_Sandstone_N.uasset" 3125
"C:/Users/Amir sanni/Desktop/Biplo/Roomba-Biplo-Studio/Content/StarterContent/Textures/T_Rock_Sandstone_D.uasset" 3126
"C:/Users/Amir sanni/Desktop/Biplo/Roomba-Biplo-Studio/Content/StarterContent/Textures/T_Rock_Marble_Polished_D.uasset" 3127
"C:/Users/Amir sanni/Desktop/Biplo/Roomba-Biplo-Studio/Content/StarterContent/Textures/T_Rock_Basalt_N.uasset" 3128
"C:/Users/Amir sanni/Desktop/Biplo/Roomba-Biplo-Studio/Content/StarterContent/Textures/T_Rock_Basalt_D.uasset" 3129
"C:/Users/Amir sanni/Desktop/Biplo/Roomba-Biplo-Studio/Content/StarterContent/Textures/T_RockMesh_N.uasset" 3130
"C:/Users/Amir sanni/Desktop/Biplo/Roomba-Biplo-Studio/Content/StarterContent/Textures/T_RockMesh_M.uasset" 3131
"C:/Users/Amir sanni/Desktop/Biplo/Roomba-Biplo-Studio/Content/StarterContent/Textures/T_Perlin_Noise_M.uasset" 3132
"C:/Users/Amir sanni/Desktop/Biplo/Roomba-Biplo-Studio/Content/StarterContent/Textures/T_Metal_Steel_N.uasset" 3133
"C:/Users/Amir sanni/Desktop/Biplo/Roomba-Biplo-Studio/Content/StarterContent/Textures/T_Metal_Steel_D.uasset" 3134
"C:/Users/Amir sanni/Desktop/Biplo/Roomba-Biplo-Studio/Content/StarterContent/Textures/T_Metal_Rust_N.uasset" 3135
"C:/Users/Amir sanni/Desktop/Biplo/Roomba-Biplo-Studio/Content/StarterContent/Textures/T_Metal_Rust_D.uasset" 3136
"C:/Users/Amir sanni/Desktop/Biplo/Roomba-Biplo-Studio/Content/StarterContent/Textures/T_Metal_Gold_N.uasset" 3137
"C:/Users/Amir sanni/Desktop/Biplo/Roomba-Biplo-Studio/Content/StarterContent/Textures/T_Metal_Gold_D.uasset" 3138
"C:/Users/Amir sanni/Desktop/Biplo/Roomba-Biplo-Studio/Content/StarterContent/Textures/T_Metal_Copper_D.uasset" 3139
"C:/Users/Amir sanni/Desktop/Biplo/Roomba-Biplo-Studio/Content/StarterContent/Textures/T_Metal_Aluminum_D.uasset" 3140
"C:/Users/Amir sanni/Desktop/Biplo/Roomba-Biplo-Studio/Content/StarterContent/Textures/T_MacroVariation.uasset" 3141
"C:/Users/Amir sanni/Desktop/Biplo/Roomba-Biplo-Studio/Content/StarterContent/Textures/T_Lamp_N.uasset" 3142
"C:/Users/Amir sanni/Desktop/Biplo/Roomba-Biplo-Studio/Content/StarterContent/Textures/T_Lamp_M.uasset" 3143
"C:/Users/Amir sanni/Desktop/Biplo/Roomba-Biplo-Studio/Content/StarterContent/Textures/T_Ground_Moss_N.uasset" 3144
"C:/Users/Amir sanni/Desktop/Biplo/Roomba-Biplo-Studio/Content/StarterContent/Textures/T_ground_Moss_D.uasset" 3145
"C:/Users/Amir sanni/Desktop/Biplo/Roomba-Biplo-Studio/Content/StarterContent/Textures/T_Ground_Gravel_N.uasset" 3146
"C:/Users/Amir sanni/Desktop/Biplo/Roomba-Biplo-Studio/Content/StarterContent/Textures/T_Ground_Gravel_D.uasset" 3147
"C:/Users/Amir sanni/Desktop/Biplo/Roomba-Biplo-Studio/Content/StarterContent/Textures/T_Ground_Grass_N.uasset" 3148
"C:/Users/Amir sanni/Desktop/Biplo/Roomba-Biplo-Studio/Content/StarterContent/Textures/T_Ground_Grass_D.uasset" 3149
"C:/Users/Amir sanni/Desktop/Biplo/Roomba-Biplo-Studio/Content/StarterContent/Textures/T_Gradinet_01.uasset" 3150
"C:/Users/Amir sanni/Desktop/Biplo/Roomba-Biplo-Studio/Content/StarterContent/Textures/T_Frame_N.uasset" 3151
"C:/Users/Amir sanni/Desktop/Biplo/Roomba-Biplo-Studio/Content/StarterContent/Textures/T_Frame_M.uasset" 3152
"C:/Users/Amir sanni/Desktop/Biplo/Roomba-Biplo-Studio/Content/StarterContent/Textures/T_Fire_Tiled_D.uasset" 3153
"C:/Users/Amir sanni/Desktop/Biplo/Roomba-Biplo-Studio/Content/StarterContent/Textures/T_Fire_SubUV.uasset" 3154
"C:/Users/Amir sanni/Desktop/Biplo/Roomba-Biplo-Studio/Content/StarterContent/Textures/T_Explosion_SubUV.uasset" 3155
"C:/Users/Amir sanni/Desktop/Biplo/Roomba-Biplo-Studio/Content/StarterContent/Textures/T_Dust_Particle_D.uasset" 3156
"C:/Users/Amir sanni/Desktop/Biplo/Roomba-Biplo-Studio/Content/StarterContent/Textures/T_Door_N.uasset" 3157
"C:/Users/Amir sanni/Desktop/Biplo/Roomba-Biplo-Studio/Content/StarterContent/Textures/T_Door_M.uasset" 3158
"C:/Users/Amir sanni/Desktop/Biplo/Roomba-Biplo-Studio/Content/StarterContent/Textures/T_Detail_Rocky_N.uasset" 3159
"C:/Users/Amir sanni/Desktop/Biplo/Roomba-Biplo-Studio/Content/StarterContent/Textures/T_Concrete_Tiles_Variation_M.uasset" 3160
"C:/Users/Amir sanni/Desktop/Biplo/Roomba-Biplo-Studio/Content/StarterContent/Textures/T_Concrete_Tiles_N.uasset" 3161
"C:/Users/Amir sanni/Desktop/Biplo/Roomba-Biplo-Studio/Content/StarterContent/Textures/T_Concrete_Tiles_M.uasset" 3162
"C:/Users/Amir sanni/Desktop/Biplo/Roomba-Biplo-Studio/Content/StarterContent/Textures/T_Concrete_Tiles_D.uasset" 3163
"C:/Users/Amir sanni/Desktop/Biplo/Roomba-Biplo-Studio/Content/StarterContent/Textures/T_Concrete_Poured_N.uasset" 3164
"C:/Users/Amir sanni/Desktop/Biplo/Roomba-Biplo-Studio/Content/StarterContent/Textures/T_Concrete_Poured_D.uasset" 3165
"C:/Users/Amir sanni/Desktop/Biplo/Roomba-Biplo-Studio/Content/StarterContent/Textures/T_Concrete_Panels_N.uasset" 3166
"C:/Users/Amir sanni/Desktop/Biplo/Roomba-Biplo-Studio/Content/StarterContent/Textures/T_Concrete_Panels_D.uasset" 3167
"C:/Users/Amir sanni/Desktop/Biplo/Roomba-Biplo-Studio/Content/StarterContent/Textures/T_Concrete_Grime_D.uasset" 3168
"C:/Users/Amir sanni/Desktop/Biplo/Roomba-Biplo-Studio/Content/StarterContent/Textures/T_CobbleStone_Smooth_N.uasset" 3169
"C:/Users/Amir sanni/Desktop/Biplo/Roomba-Biplo-Studio/Content/StarterContent/Textures/T_CobbleStone_Smooth_M.uasset" 3170
"C:/Users/Amir sanni/Desktop/Biplo/Roomba-Biplo-Studio/Content/StarterContent/Textures/T_CobbleStone_Smooth_D.uasset" 3171
"C:/Users/Amir sanni/Desktop/Biplo/Roomba-Biplo-Studio/Content/StarterContent/Textures/T_CobbleStone_Rough_N.uasset" 3172
"C:/Users/Amir sanni/Desktop/Biplo/Roomba-Biplo-Studio/Content/StarterContent/Textures/T_CobbleStone_Rough_D.uasset" 3173
"C:/Users/Amir sanni/Desktop/Biplo/Roomba-Biplo-Studio/Content/StarterContent/Textures/T_CobbleStone_Pebble_N.uasset" 3174
"C:/Users/Amir sanni/Desktop/Biplo/Roomba-Biplo-Studio/Content/StarterContent/Textures/T_CobbleStone_Pebble_M.uasset" 3175
"C:/Users/Amir sanni/Desktop/Biplo/Roomba-Biplo-Studio/Content/StarterContent/Textures/T_CobbleStone_Pebble_D.uasset" 3176
"C:/Users/Amir sanni/Desktop/Biplo/Roomba-Biplo-Studio/Content/StarterContent/Textures/T_Checker_Noise_M.uasset" 3177
"C:/Users/Amir sanni/Desktop/Biplo/Roomba-Biplo-Studio/Content/StarterContent/Textures/T_Chair_N.uasset" 3178
"C:/Users/Amir sanni/Desktop/Biplo/Roomba-Biplo-Studio/Content/StarterContent/Textures/T_Chair_M.uasset" 3179
"C:/Users/Amir sanni/Desktop/Biplo/Roomba-Biplo-Studio/Content/StarterContent/Textures/T_Ceramic_Tile_N.uasset" 3180
"C:/Users/Amir sanni/Desktop/Biplo/Roomba-Biplo-Studio/Content/StarterContent/Textures/T_Ceramic_Tile_M.uasset" 3181
"C:/Users/Amir sanni/Desktop/Biplo/Roomba-Biplo-Studio/Content/StarterContent/Textures/T_Bush_N.uasset" 3182
"C:/Users/Amir sanni/Desktop/Biplo/Roomba-Biplo-Studio/Content/StarterContent/Textures/T_Bush_D.uasset" 3183
"C:/Users/Amir sanni/Desktop/Biplo/Roomba-Biplo-Studio/Content/StarterContent/Textures/T_Burst_M.uasset" 3184
"C:/Users/Amir sanni/Desktop/Biplo/Roomba-Biplo-Studio/Content/StarterContent/Textures/T_Brick_Hewn_Stone_N.uasset" 3185
"C:/Users/Amir sanni/Desktop/Biplo/Roomba-Biplo-Studio/Content/StarterContent/Textures/T_Brick_Hewn_Stone_M.uasset" 3186
"C:/Users/Amir sanni/Desktop/Biplo/Roomba-Biplo-Studio/Content/StarterContent/Textures/T_Brick_Hewn_Stone_D.uasset" 3187
"C:/Users/Amir sanni/Desktop/Biplo/Roomba-Biplo-Studio/Content/StarterContent/Textures/T_Brick_Cut_Stone_N.uasset" 3188
"C:/Users/Amir sanni/Desktop/Biplo/Roomba-Biplo-Studio/Content/StarterContent/Textures/T_Brick_Cut_Stone_D.uasset" 3189
"C:/Users/Amir sanni/Desktop/Biplo/Roomba-Biplo-Studio/Content/StarterContent/Textures/T_Brick_Clay_Old_N.uasset" 3190
"C:/Users/Amir sanni/Desktop/Biplo/Roomba-Biplo-Studio/Content/StarterContent/Textures/T_Brick_Clay_Old_D.uasset" 3191
"C:/Users/Amir sanni/Desktop/Biplo/Roomba-Biplo-Studio/Content/StarterContent/Textures/T_Brick_Clay_New_N.uasset" 3192
"C:/Users/Amir sanni/Desktop/Biplo/Roomba-Biplo-Studio/Content/StarterContent/Textures/T_Brick_Clay_New_M.uasset" 3193
"C:/Users/Amir sanni/Desktop/Biplo/Roomba-Biplo-Studio/Content/StarterContent/Textures/T_Brick_Clay_New_D.uasset" 3194
"C:/Users/Amir sanni/Desktop/Biplo/Roomba-Biplo-Studio/Content/StarterContent/Textures/T_Brick_Clay_Beveled_N.uasset" 3195
"C:/Users/Amir sanni/Desktop/Biplo/Roomba-Biplo-Studio/Content/StarterContent/Textures/T_Brick_Clay_Beveled_M.uasset" 3196
"C:/Users/Amir sanni/Desktop/Biplo/Roomba-Biplo-Studio/Content/StarterContent/Textures/T_Brick_Clay_Beveled_D.uasset" 3197
"C:/Users/Amir sanni/Desktop/Biplo/Roomba-Biplo-Studio/Content/StarterContent/Particles/Materials/m_flare_01.uasset" 3198
"C:/Users/Amir sanni/Desktop/Biplo/Roomba-Biplo-Studio/Content/StarterContent/Materials/M_Glass.uasset" 3199
"C:/Users/Amir sanni/Desktop/Biplo/Roomba-Biplo-Studio/Content/StarterContent/Materials/M_Basic_Wall.uasset" 3200
"C:/Users/Amir sanni/Desktop/Biplo/Roomba-Biplo-Studio/Content/StarterContent/Materials/M_Basic_Floor.uasset" 3201
"C:/Users/Amir sanni/Desktop/Biplo/Roomba-Biplo-Studio/Content/StarterContent/Materials/M_AssetPlatform.uasset" 3202
"C:/Users/Amir sanni/Desktop/Biplo/Roomba-Biplo-Studio/Content/StarterContent/Maps/StarterMap_BuiltData.uasset" 3203
"C:/Users/Amir sanni/Desktop/Biplo/Roomba-Biplo-Studio/Content/StarterContent/Maps/Minimal_Default_BuiltData.uasset" 3204
"C:/Users/Amir sanni/Desktop/Biplo/Roomba-Biplo-Studio/Content/StarterContent/Maps/Advanced_Lighting_BuiltData.uasset" 3205
"C:/Users/Amir sanni/Desktop/Biplo/Roomba-Biplo-Studio/Content/StarterContent/HDRI/HDRI_Epic_Courtyard_Daylight.uasset" 3206
"C:/Users/Amir sanni/Desktop/Biplo/Roomba-Biplo-Studio/Content/StarterContent/Blueprints/Assets/SunlightColorLUT.uasset" 3207
"C:/Users/Amir sanni/Desktop/Biplo/Roomba-Biplo-Studio/Content/StarterContent/Blueprints/Assets/M_LightStage_Arrows.uasset" 3208
"C:/Users/Amir sanni/Desktop/Biplo/Roomba-Biplo-Studio/Content/StarterContent/Blueprints/Assets/FogBrightnessLUT.uasset" 3209
"C:/Users/Amir sanni/Desktop/Biplo/Roomba-Biplo-Studio/Content/StarterContent/Audio/Steam01_Cue.uasset" 3210
"C:/Users/Amir sanni/Desktop/Biplo/Roomba-Biplo-Studio/Content/StarterContent/Audio/Steam01.uasset" 3211
"C:/Users/Amir sanni/Desktop/Biplo/Roomba-Biplo-Studio/Content/StarterContent/Audio/Starter_Wind06.uasset" 3212
"C:/Users/Amir sanni/Desktop/Biplo/Roomba-Biplo-Studio/Content/StarterContent/Audio/Starter_Wind05.uasset" 3213
"C:/Users/Amir sanni/Desktop/Biplo/Roomba-Biplo-Studio/Content/StarterContent/Audio/Starter_Music_Cue.uasset" 3214
"C:/Users/Amir sanni/Desktop/Biplo/Roomba-Biplo-Studio/Content/StarterContent/Audio/Starter_Music01.uasset" 3215
"C:/Users/Amir sanni/Desktop/Biplo/Roomba-Biplo-Studio/Content/StarterContent/Audio/Starter_Birds01.uasset" 3216
"C:/Users/Amir sanni/Desktop/Biplo/Roomba-Biplo-Studio/Content/StarterContent/Audio/Starter_Background_Cue.uasset" 3217
"C:/Users/Amir sanni/Desktop/Biplo/Roomba-Biplo-Studio/Content/StarterContent/Audio/Smoke01_Cue.uasset" 3218
"C:/Users/Amir sanni/Desktop/Biplo/Roomba-Biplo-Studio/Content/StarterContent/Audio/Smoke01.uasset" 3219
"C:/Users/Amir sanni/Desktop/Biplo/Roomba-Biplo-Studio/Content/StarterContent/Audio/Light02_Cue.uasset" 3220
"C:/Users/Amir sanni/Desktop/Biplo/Roomba-Biplo-Studio/Content/StarterContent/Audio/Light02.uasset" 3221
"C:/Users/Amir sanni/Desktop/Biplo/Roomba-Biplo-Studio/Content/StarterContent/Audio/Light01_Cue.uasset" 3222
"C:/Users/Amir sanni/Desktop/Biplo/Roomba-Biplo-Studio/Content/StarterContent/Audio/Light01.uasset" 3223
"C:/Users/Amir sanni/Desktop/Biplo/Roomba-Biplo-Studio/Content/StarterContent/Audio/Fire_Sparks01_Cue.uasset" 3224
"C:/Users/Amir sanni/Desktop/Biplo/Roomba-Biplo-Studio/Content/StarterContent/Audio/Fire_Sparks01.uasset" 3225
"C:/Users/Amir sanni/Desktop/Biplo/Roomba-Biplo-Studio/Content/StarterContent/Audio/Fire01_Cue.uasset" 3226
"C:/Users/Amir sanni/Desktop/Biplo/Roomba-Biplo-Studio/Content/StarterContent/Audio/Fire01.uasset" 3227
"C:/Users/Amir sanni/Desktop/Biplo/Roomba-Biplo-Studio/Content/StarterContent/Audio/Explosion_Cue.uasset" 3228
"C:/Users/Amir sanni/Desktop/Biplo/Roomba-Biplo-Studio/Content/StarterContent/Audio/Explosion02.uasset" 3229
"C:/Users/Amir sanni/Desktop/Biplo/Roomba-Biplo-Studio/Content/StarterContent/Audio/Explosion01.uasset" 3230
"C:/Users/Amir sanni/Desktop/Biplo/Roomba-Biplo-Studio/Content/StarterContent/Audio/Collapse_Cue.uasset" 3231
"C:/Users/Amir sanni/Desktop/Biplo/Roomba-Biplo-Studio/Content/StarterContent/Audio/Collapse02.uasset" 3232
"C:/Users/Amir sanni/Desktop/Biplo/Roomba-Biplo-Studio/Content/StarterContent/Audio/Collapse01.uasset" 3233
"C:/Users/Amir sanni/Desktop/Biplo/Roomba-Biplo-Studio/Content/NickSideThing/IntroSequence.uasset" 3234
"C:/Users/Amir sanni/Desktop/Biplo/Roomba-Biplo-Studio/Content/NewAssetsCool/WaterTower/waterTower_Low_standardSurface1_OcclusionRoughnessMetallic.uasset" 3235
"C:/Users/Amir sanni/Desktop/Biplo/Roomba-Biplo-Studio/Content/NewAssetsCool/WaterTower/waterTower_Low_standardSurface1_Normal.uasset" 3236
"C:/Users/Amir sanni/Desktop/Biplo/Roomba-Biplo-Studio/Content/NewAssetsCool/WaterTower/waterTower_Low_standardSurface1_BaseColor.uasset" 3237
"C:/Users/Amir sanni/Desktop/Biplo/Roomba-Biplo-Studio/Content/NewAssetsCool/Warehouse/warehouse_Low_standardSurface1_OcclusionRoughnessMetallic.uasset" 3238
"C:/Users/Amir sanni/Desktop/Biplo/Roomba-Biplo-Studio/Content/NewAssetsCool/Warehouse/warehouse_Low_standardSurface1_Normal.uasset" 3239
"C:/Users/Amir sanni/Desktop/Biplo/Roomba-Biplo-Studio/Content/NewAssetsCool/Warehouse/warehouse_Low_standardSurface1_BaseColor.uasset" 3240
"C:/Users/Amir sanni/Desktop/Biplo/Roomba-Biplo-Studio/Content/NewAssetsCool/TimedPowerboxes/timedFuseBox_standardSurface1_OcclusionRoughnessMetallic.uasset" 3241
"C:/Users/Amir sanni/Desktop/Biplo/Roomba-Biplo-Studio/Content/NewAssetsCool/TimedPowerboxes/timedFuseBox_standardSurface1_Normal.uasset" 3242
"C:/Users/Amir sanni/Desktop/Biplo/Roomba-Biplo-Studio/Content/NewAssetsCool/TimedPowerboxes/timedFuseBox_standardSurface1_Emissive.uasset" 3243
"C:/Users/Amir sanni/Desktop/Biplo/Roomba-Biplo-Studio/Content/NewAssetsCool/TimedPowerboxes/timedFuseBox_standardSurface1_BaseColor.uasset" 3244
"C:/Users/Amir sanni/Desktop/Biplo/Roomba-Biplo-Studio/Content/NewAssetsCool/Terminal/terminal_Low_standardSurface1_OcclusionRoughnessMetallic.uasset" 3245
"C:/Users/Amir sanni/Desktop/Biplo/Roomba-Biplo-Studio/Content/NewAssetsCool/Terminal/terminal_Low_standardSurface1_Normal.uasset" 3246
"C:/Users/Amir sanni/Desktop/Biplo/Roomba-Biplo-Studio/Content/NewAssetsCool/Terminal/terminal_Low_standardSurface1_Emissive.uasset" 3247
"C:/Users/Amir sanni/Desktop/Biplo/Roomba-Biplo-Studio/Content/NewAssetsCool/Terminal/terminal_Low_standardSurface1_BaseColor.uasset" 3248
"C:/Users/Amir sanni/Desktop/Biplo/Roomba-Biplo-Studio/Content/NewAssetsCool/Tarp/tarp_Low_standardSurface1_OcclusionRoughnessMetallic.uasset" 3249
"C:/Users/Amir sanni/Desktop/Biplo/Roomba-Biplo-Studio/Content/NewAssetsCool/Tarp/tarp_Low_standardSurface1_BaseColor.uasset" 3250
"C:/Users/Amir sanni/Desktop/Biplo/Roomba-Biplo-Studio/Content/NewAssetsCool/Tarp/tarp_Low_standardSurface1_Normal.uasset" 3251
"C:/Users/Amir sanni/Desktop/Biplo/Roomba-Biplo-Studio/Content/NewAssetsCool/Streetlight/LightOff/Streetlight_Low_lambert1_OcclusionRoughnessMetallic.uasset" 3252
"C:/Users/Amir sanni/Desktop/Biplo/Roomba-Biplo-Studio/Content/NewAssetsCool/Streetlight/LightOff/Streetlight_Low_lambert1_Normal.uasset" 3253
"C:/Users/Amir sanni/Desktop/Biplo/Roomba-Biplo-Studio/Content/NewAssetsCool/Streetlight/LightOff/Streetlight_Low_lambert1_Emissive.uasset" 3254
"C:/Users/Amir sanni/Desktop/Biplo/Roomba-Biplo-Studio/Content/NewAssetsCool/Streetlight/LightOff/Streetlight_Low_lambert1_BaseColor.uasset" 3255
"C:/Users/Amir sanni/Desktop/Biplo/Roomba-Biplo-Studio/Content/NewAssetsCool/ShippingContainer/Red/shippingContainer_Low_lambert1_OcclusionRoughnessMetallic.uasset" 3256
"C:/Users/Amir sanni/Desktop/Biplo/Roomba-Biplo-Studio/Content/NewAssetsCool/ShippingContainer/Red/shippingContainer_Low_lambert1_Normal.uasset" 3257
"C:/Users/Amir sanni/Desktop/Biplo/Roomba-Biplo-Studio/Content/NewAssetsCool/ShippingContainer/Red/shippingContainer_Low_lambert1_BaseColor.uasset" 3258
"C:/Users/Amir sanni/Desktop/Biplo/Roomba-Biplo-Studio/Content/NewAssetsCool/ShippingContainer/blue/shippingContainer_Low_lambert1_OcclusionRoughnessMetallic.uasset" 3259
"C:/Users/Amir sanni/Desktop/Biplo/Roomba-Biplo-Studio/Content/NewAssetsCool/RoombaFinal/roomba_Skeleton.uasset" 3260
"C:/Users/Amir sanni/Desktop/Biplo/Roomba-Biplo-Studio/Content/NewAssetsCool/ShippingContainer/blue/shippingContainer_Low_lambert1_Normal.uasset" 3261
"C:/Users/Amir sanni/Desktop/Biplo/Roomba-Biplo-Studio/Content/NewAssetsCool/ShippingContainer/blue/shippingContainer_Low_lambert1_BaseColor.uasset" 3262
"C:/Users/Amir sanni/Desktop/Biplo/Roomba-Biplo-Studio/Content/NewAssetsCool/RoombaFinal/roomba_PhysicsAsset.uasset" 3263
"C:/Users/Amir sanni/Desktop/Biplo/Roomba-Biplo-Studio/Content/NewAssetsCool/RoombaFinal/roomba_Low_lambert1_Normal.uasset" 3264
"C:/Users/Amir sanni/Desktop/Biplo/Roomba-Biplo-Studio/Content/NewAssetsCool/RoombaFinal/roomba_Low_lambert1_OcclusionRoughnessMetallic.uasset" 3265
"C:/Users/Amir sanni/Desktop/Biplo/Roomba-Biplo-Studio/Content/NewAssetsCool/RoombaFinal/roomba_Low_lambert1_Emissive.uasset" 3266
"C:/Users/Amir sanni/Desktop/Biplo/Roomba-Biplo-Studio/Content/NewAssetsCool/RoombaFinal/roomba_Low_lambert1_BaseColor.uasset" 3267
"C:/Users/Amir sanni/Desktop/Biplo/Roomba-Biplo-Studio/Content/NewAssetsCool/RoombaFinal/M_RadialGradient.uasset" 3268
"C:/Users/Amir sanni/Desktop/Biplo/Roomba-Biplo-Studio/Content/NewAssetsCool/RooftopVents/Material_004.uasset" 3269
"C:/Users/Amir sanni/Desktop/Biplo/Roomba-Biplo-Studio/Content/NewAssetsCool/RooftopVents/Material_001.uasset" 3270
"C:/Users/Amir sanni/Desktop/Biplo/Roomba-Biplo-Studio/Content/NewAssetsCool/RooftopVents/Material.uasset" 3271
"C:/Users/Amir sanni/Desktop/Biplo/Roomba-Biplo-Studio/Content/NewAssetsCool/Roof/Ramp/VentilationLong_DefaultMaterial_OcclusionRoughnessMetallic.uasset" 3272
"C:/Users/Amir sanni/Desktop/Biplo/Roomba-Biplo-Studio/Content/NewAssetsCool/Roof/Ramp/VentilationLong_DefaultMaterial_Normal.uasset" 3273
"C:/Users/Amir sanni/Desktop/Biplo/Roomba-Biplo-Studio/Content/NewAssetsCool/Roof/Ramp/VentilationLong_DefaultMaterial_BaseColor.uasset" 3274
"C:/Users/Amir sanni/Desktop/Biplo/Roomba-Biplo-Studio/Content/NewAssetsCool/Roof/New/VentilationRamp_Material_001_OcclusionRoughnessMetallic.uasset" 3275
"C:/Users/Amir sanni/Desktop/Biplo/Roomba-Biplo-Studio/Content/NewAssetsCool/Roof/New/VentilationRamp_Material_001_Normal.uasset" 3276
"C:/Users/Amir sanni/Desktop/Biplo/Roomba-Biplo-Studio/Content/NewAssetsCool/Roof/New/VentilationRamp_Material_001_BaseColor.uasset" 3277
"C:/Users/Amir sanni/Desktop/Biplo/Roomba-Biplo-Studio/Content/NewAssetsCool/Roof/Material.uasset" 3278
"C:/Users/Amir sanni/Desktop/Biplo/Roomba-Biplo-Studio/Content/NewAssetsCool/Powerplant/powerPlant_Low_standardSurface1_OcclusionRoughnessMetallic.uasset" 3279
"C:/Users/Amir sanni/Desktop/Biplo/Roomba-Biplo-Studio/Content/NewAssetsCool/Powerplant/powerPlant_Low_standardSurface1_Normal.uasset" 3280
"C:/Users/Amir sanni/Desktop/Biplo/Roomba-Biplo-Studio/Content/NewAssetsCool/Powerplant/powerPlant_Low_standardSurface1_BaseColor.uasset" 3281
"C:/Users/Amir sanni/Desktop/Biplo/Roomba-Biplo-Studio/Content/NewAssetsCool/Powerplant/nuclearTower_Low_standardSurface1_OcclusionRoughnessMetallic.uasset" 3282
"C:/Users/Amir sanni/Desktop/Biplo/Roomba-Biplo-Studio/Content/NewAssetsCool/Powerplant/nuclearTower_Low_standardSurface1_Normal.uasset" 3283
"C:/Users/Amir sanni/Desktop/Biplo/Roomba-Biplo-Studio/Content/NewAssetsCool/Powerplant/nuclearTower_Low_standardSurface1_BaseColor.uasset" 3284
"C:/Users/Amir sanni/Desktop/Biplo/Roomba-Biplo-Studio/Content/NewAssetsCool/ModularVents/singleVent/vent1_lambert1_OcclusionRoughnessMetallic.uasset" 3285
"C:/Users/Amir sanni/Desktop/Biplo/Roomba-Biplo-Studio/Content/NewAssetsCool/ModularVents/singleVent/vent1_lambert1_Normal.uasset" 3286
"C:/Users/Amir sanni/Desktop/Biplo/Roomba-Biplo-Studio/Content/NewAssetsCool/ModularVents/singleVent/vent1_lambert1_BaseColor.uasset" 3287
"C:/Users/Amir sanni/Desktop/Biplo/Roomba-Biplo-Studio/Content/NewAssetsCool/Fence/fence_Low_lambert1_OcclusionRoughnessMetallic.uasset" 3288
"C:/Users/Amir sanni/Desktop/Biplo/Roomba-Biplo-Studio/Content/NewAssetsCool/Fence/fence_Low_lambert1_Normal.uasset" 3289
"C:/Users/Amir sanni/Desktop/Biplo/Roomba-Biplo-Studio/Content/NewAssetsCool/Fence/fence_Low_lambert1_BaseColor.uasset" 3290
"C:/Users/Amir sanni/Desktop/Biplo/Roomba-Biplo-Studio/Content/NewAssetsCool/Dumpster/bigBin_Low_lambert1_OcclusionRoughnessMetallic.uasset" 3291
"C:/Users/Amir sanni/Desktop/Biplo/Roomba-Biplo-Studio/Content/NewAssetsCool/Dumpster/bigBin_Low_lambert1_Normal.uasset" 3292
"C:/Users/Amir sanni/Desktop/Biplo/Roomba-Biplo-Studio/Content/NewAssetsCool/Dumpster/bigBin_Low_lambert1_BaseColor.uasset" 3293
"C:/Users/Amir sanni/Desktop/Biplo/Roomba-Biplo-Studio/Content/NewAssetsCool/ConstructionSiteFence/fenceBlock_Low_standardSurface1_OcclusionRoughnessMetallic.uasset" 3294
"C:/Users/Amir sanni/Desktop/Biplo/Roomba-Biplo-Studio/Content/NewAssetsCool/ConstructionSiteFence/fenceBlock_Low_standardSurface1_Normal.uasset" 3295
"C:/Users/Amir sanni/Desktop/Biplo/Roomba-Biplo-Studio/Content/NewAssetsCool/ConstructionSiteFence/fenceBlock_Low_standardSurface1_BaseColor.uasset" 3296
"C:/Users/Amir sanni/Desktop/Biplo/Roomba-Biplo-Studio/Content/NewAssetsCool/ConstructionSiteFence/constructionSiteFenceLow_standardSurface1_OcclusionRoughnessMetallic.uasset" 3297
"C:/Users/Amir sanni/Desktop/Biplo/Roomba-Biplo-Studio/Content/NewAssetsCool/ConstructionSiteFence/constructionSiteFenceLow_standardSurface1_Normal.uasset" 3298
"C:/Users/Amir sanni/Desktop/Biplo/Roomba-Biplo-Studio/Content/NewAssetsCool/ConstructionSiteFence/constructionSiteFenceLow_standardSurface1_BaseColor.uasset" 3299
"C:/Users/Amir sanni/Desktop/Biplo/Roomba-Biplo-Studio/Content/NewAssetsCool/Cones/cone_Low_lambert1_OcclusionRoughnessMetallic.uasset" 3300
"C:/Users/Amir sanni/Desktop/Biplo/Roomba-Biplo-Studio/Content/NewAssetsCool/Cones/cone_Low_lambert1_Normal.uasset" 3301
"C:/Users/Amir sanni/Desktop/Biplo/Roomba-Biplo-Studio/Content/NewAssetsCool/Cones/cone_Low_lambert1_BaseColor.uasset" 3302
"C:/Users/Amir sanni/Desktop/Biplo/Roomba-Biplo-Studio/Content/NewAssetsCool/CityStairs/stairs_Low_lambert1_OcclusionRoughnessMetallic.uasset" 3303
"C:/Users/Amir sanni/Desktop/Biplo/Roomba-Biplo-Studio/Content/NewAssetsCool/CityStairs/stairs_Low_lambert1_Normal.uasset" 3304
"C:/Users/Amir sanni/Desktop/Biplo/Roomba-Biplo-Studio/Content/NewAssetsCool/CityStairs/stairs_Low_lambert1_BaseColor.uasset" 3305
"C:/Users/Amir sanni/Desktop/Biplo/Roomba-Biplo-Studio/Content/NewAssetsCool/Bus/bus_Low_standardSurface1_OcclusionRoughnessMetallic.uasset" 3306
"C:/Users/Amir sanni/Desktop/Biplo/Roomba-Biplo-Studio/Content/NewAssetsCool/Bus/bus_Low_standardSurface1_Normal.uasset" 3307
"C:/Users/Amir sanni/Desktop/Biplo/Roomba-Biplo-Studio/Content/NewAssetsCool/Bus/bus_Low_standardSurface1_BaseColor.uasset" 3308
"C:/Users/Amir sanni/Desktop/Biplo/Roomba-Biplo-Studio/Content/NewAssetsCool/Buildings/Shop/shop_Low_lambert1_OcclusionRoughnessMetallic.uasset" 3309
"C:/Users/Amir sanni/Desktop/Biplo/Roomba-Biplo-Studio/Content/NewAssetsCool/Buildings/Shop/shop_Low_lambert1_Normal.uasset" 3310
"C:/Users/Amir sanni/Desktop/Biplo/Roomba-Biplo-Studio/Content/NewAssetsCool/Buildings/Shop/shop_Low_lambert1_BaseColor.uasset" 3311
"C:/Users/Amir sanni/Desktop/Biplo/Roomba-Biplo-Studio/Content/NewAssetsCool/Buildings/Building6/building6_Low_lambert1_OcclusionRoughnessMetallic.uasset" 3312
"C:/Users/Amir sanni/Desktop/Biplo/Roomba-Biplo-Studio/Content/NewAssetsCool/Buildings/Building6/building6_Low_lambert1_Normal.uasset" 3313
"C:/Users/Amir sanni/Desktop/Biplo/Roomba-Biplo-Studio/Content/NewAssetsCool/Buildings/Building6/building6_Low_lambert1_BaseColor.uasset" 3314
"C:/Users/Amir sanni/Desktop/Biplo/Roomba-Biplo-Studio/Content/NewAssetsCool/Buildings/Building4/building_Low_lambert1_OcclusionRoughnessMetallic.uasset" 3315
"C:/Users/Amir sanni/Desktop/Biplo/Roomba-Biplo-Studio/Content/NewAssetsCool/Buildings/Building4/building_Low_lambert1_Normal.uasset" 3316
"C:/Users/Amir sanni/Desktop/Biplo/Roomba-Biplo-Studio/Content/NewAssetsCool/Buildings/Building4/building_Low_lambert1_BaseColor.uasset" 3317
"C:/Users/Amir sanni/Desktop/Biplo/Roomba-Biplo-Studio/Content/NewAssetsCool/Buildings/Building3/Yellow/building3_Low_lambert1_OcclusionRoughnessMetallic.uasset" 3318
"C:/Users/Amir sanni/Desktop/Biplo/Roomba-Biplo-Studio/Content/NewAssetsCool/Buildings/Building3/Yellow/building3_Low_lambert1_Normal.uasset" 3319
"C:/Users/Amir sanni/Desktop/Biplo/Roomba-Biplo-Studio/Content/NewAssetsCool/Buildings/Building3/Yellow/building3_Low_lambert1_BaseColor.uasset" 3320
"C:/Users/Amir sanni/Desktop/Biplo/Roomba-Biplo-Studio/Content/NewAssetsCool/Buildings/Building3/BlueTextures/building3_Low_lambert1_OcclusionRoughnessMetallic.uasset" 3321
"C:/Users/Amir sanni/Desktop/Biplo/Roomba-Biplo-Studio/Content/NewAssetsCool/Buildings/Building3/BlueTextures/building3_Low_lambert1_Normal.uasset" 3322
"C:/Users/Amir sanni/Desktop/Biplo/Roomba-Biplo-Studio/Content/NewAssetsCool/Buildings/Building3/BlueTextures/building3_Low_lambert1_BaseColor.uasset" 3323
"C:/Users/Amir sanni/Desktop/Biplo/Roomba-Biplo-Studio/Content/NewAssetsCool/Buildings/Building3/building3_Low_lambert1_OcclusionRoughnessMetallic.uasset" 3324
"C:/Users/Amir sanni/Desktop/Biplo/Roomba-Biplo-Studio/Content/NewAssetsCool/Buildings/Building3/building3_Low_lambert1_Normal.uasset" 3325
"C:/Users/Amir sanni/Desktop/Biplo/Roomba-Biplo-Studio/Content/NewAssetsCool/Buildings/Building3/building3_Low_lambert1_BaseColor.uasset" 3326
"C:/Users/Amir sanni/Desktop/Biplo/Roomba-Biplo-Studio/Content/NewAssetsCool/Buildings/Building2/BlueTextures/building2_Low_lambert1_OcclusionRoughnessMetallic.uasset" 3327
"C:/Users/Amir sanni/Desktop/Biplo/Roomba-Biplo-Studio/Content/NewAssetsCool/Buildings/Building2/BlueTextures/building2_Low_lambert1_Normal.uasset" 3328
"C:/Users/Amir sanni/Desktop/Biplo/Roomba-Biplo-Studio/Content/NewAssetsCool/Buildings/Building2/BlueTextures/building2_Low_lambert1_Emissive.uasset" 3329
"C:/Users/Amir sanni/Desktop/Biplo/Roomba-Biplo-Studio/Content/NewAssetsCool/Buildings/Building2/BlueTextures/building2_Low_lambert1_BaseColor.uasset" 3330
"C:/Users/Amir sanni/Desktop/Biplo/Roomba-Biplo-Studio/Content/NewAssetsCool/Buildings/Building2/building2_Low_lambert1_OcclusionRoughnessMetallic.uasset" 3331
"C:/Users/Amir sanni/Desktop/Biplo/Roomba-Biplo-Studio/Content/NewAssetsCool/Buildings/Building2/building2_Low_lambert1_Normal.uasset" 3332
"C:/Users/Amir sanni/Desktop/Biplo/Roomba-Biplo-Studio/Content/NewAssetsCool/Buildings/Building2/building2_Low_lambert1_Emissive.uasset" 3333
"C:/Users/Amir sanni/Desktop/Biplo/Roomba-Biplo-Studio/Content/NewAssetsCool/Buildings/Building2/building2_Low_lambert1_BaseColor.uasset" 3334
"C:/Users/Amir sanni/Desktop/Biplo/Roomba-Biplo-Studio/Content/NewAssetsCool/Buildings/Building1/Red/building1_Low_lambert1_OcclusionRoughnessMetallic.uasset" 3335
"C:/Users/Amir sanni/Desktop/Biplo/Roomba-Biplo-Studio/Content/NewAssetsCool/Buildings/Building1/Red/building1_Low_lambert1_Normal.uasset" 3336
"C:/Users/Amir sanni/Desktop/Biplo/Roomba-Biplo-Studio/Content/NewAssetsCool/Buildings/Building1/Red/building1_Low_lambert1_BaseColor.uasset" 3337
"C:/Users/Amir sanni/Desktop/Biplo/Roomba-Biplo-Studio/Content/NewAssetsCool/Buildings/Building1/building1_Low_lambert1_OcclusionRoughnessMetallic.uasset" 3338
"C:/Users/Amir sanni/Desktop/Biplo/Roomba-Biplo-Studio/Content/NewAssetsCool/Buildings/Building1/building1_Low_lambert1_Normal.uasset" 3339
"C:/Users/Amir sanni/Desktop/Biplo/Roomba-Biplo-Studio/Content/NewAssetsCool/Buildings/Building1/building1_Low_lambert1_BaseColor.uasset" 3340
"C:/Users/Amir sanni/Desktop/Biplo/Roomba-Biplo-Studio/Content/NewAssetsCool/Bike/bike_Low_lambert1_OcclusionRoughnessMetallic.uasset" 3341
"C:/Users/Amir sanni/Desktop/Biplo/Roomba-Biplo-Studio/Content/NewAssetsCool/Bike/bike_Low_lambert1_Normal.uasset" 3342
"C:/Users/Amir sanni/Desktop/Biplo/Roomba-Biplo-Studio/Content/NewAssetsCool/Bike/bike_Low_lambert1_BaseColor.uasset" 3343
"C:/Users/Amir sanni/Desktop/Biplo/Roomba-Biplo-Studio/Content/NewAssetsCool/Barriers/roadblock_Low_lambert1_OcclusionRoughnessMetallic.uasset" 3344
"C:/Users/Amir sanni/Desktop/Biplo/Roomba-Biplo-Studio/Content/NewAssetsCool/Barriers/roadblock_Low_lambert1_Normal.uasset" 3345
"C:/Users/Amir sanni/Desktop/Biplo/Roomba-Biplo-Studio/Content/NewAssetsCool/Barriers/roadblock_Low_lambert1_BaseColor.uasset" 3346
"C:/Users/Amir sanni/Desktop/Biplo/Roomba-Biplo-Studio/Content/NewAssetsCool/Bakery/BakeryBuilding/bakery_Low_lambert1_OcclusionRoughnessMetallic.uasset" 3347
"C:/Users/Amir sanni/Desktop/Biplo/Roomba-Biplo-Studio/Content/NewAssetsCool/Bakery/BakeryBuilding/bakery_Low_lambert1_Normal.uasset" 3348
"C:/Users/Amir sanni/Desktop/Biplo/Roomba-Biplo-Studio/Content/NewAssetsCool/Bakery/BakeryBuilding/bakery_Low_lambert1_BaseColor.uasset" 3349
"C:/Users/Amir sanni/Desktop/Biplo/Roomba-Biplo-Studio/Content/NewAssetsCool/BackgroundBuildings/BgBuilding1/bgBuilding1_lambert1_BaseColor.uasset" 3350
"C:/Users/Amir sanni/Desktop/Biplo/Roomba-Biplo-Studio/Content/NewAssetsCool/2D/Vines/VinesSmall2.uasset" 3351
"C:/Users/Amir sanni/Desktop/Biplo/Roomba-Biplo-Studio/Content/NewAssetsCool/2D/Vines/VinesSmall.uasset" 3352
"C:/Users/Amir sanni/Desktop/Biplo/Roomba-Biplo-Studio/Content/NewAssetsCool/2D/Vines/VinesSingle.uasset" 3353
"C:/Users/Amir sanni/Desktop/Biplo/Roomba-Biplo-Studio/Content/NewAssetsCool/2D/Vines/Vines.uasset" 3354
"C:/Users/Amir sanni/Desktop/Biplo/Roomba-Biplo-Studio/Content/NewAssetsCool/2D/vents/seamless_metal_texture_smooth_by_hhh316_d2pqmow-pre.uasset" 3355
"C:/Users/Amir sanni/Desktop/Biplo/Roomba-Biplo-Studio/Content/NewAssetsCool/2D/Skyline/SkylineMid/skylineMid2.uasset" 3356
"C:/Users/Amir sanni/Desktop/Biplo/Roomba-Biplo-Studio/Content/NewAssetsCool/2D/Skyline/SkylineMid/skylineMid.uasset" 3357
"C:/Users/Amir sanni/Desktop/Biplo/Roomba-Biplo-Studio/Content/NewAssetsCool/2D/Skyline/SkylineForeground/skylineForeground2.uasset" 3358
"C:/Users/Amir sanni/Desktop/Biplo/Roomba-Biplo-Studio/Content/NewAssetsCool/2D/Skyline/SkylineForeground/skylineForeground.uasset" 3359
"C:/Users/Amir sanni/Desktop/Biplo/Roomba-Biplo-Studio/Content/NewAssetsCool/2D/Drain/drain.uasset" 3360
"C:/Users/Amir sanni/Desktop/Biplo/Roomba-Biplo-Studio/Content/NewAssetsCool/2D/Crane/crane.uasset" 3361
"C:/Users/Amir sanni/Desktop/Biplo/Roomba-Biplo-Studio/Content/NewAssetsCool/2D/arrow/arrowGraffitiL.uasset" 3362
"C:/Users/Amir sanni/Desktop/Biplo/Roomba-Biplo-Studio/Content/NewAssetsCool/2D/arrow/arrowGraffiti.uasset" 3363
"C:/Users/Amir sanni/Desktop/Biplo/Roomba-Biplo-Studio/Content/Movies/Unreal_Engine_Splash_Screen.uasset" 3364
"C:/Users/Amir sanni/Desktop/Biplo/Roomba-Biplo-Studio/Content/Menu/Sofa/Material.uasset" 3365
"C:/Users/Amir sanni/Desktop/Biplo/Roomba-Biplo-Studio/Content/Menu/Sofa/Carpet.uasset" 3366
"C:/Users/Amir sanni/Desktop/Biplo/Roomba-Biplo-Studio/Content/Menu/Console/Screen.uasset" 3367
"C:/Users/Amir sanni/Desktop/Biplo/Roomba-Biplo-Studio/Content/Menu/Console/PoweredOff.uasset" 3368
"C:/Users/Amir sanni/Desktop/Biplo/Roomba-Biplo-Studio/Content/Menu/Console/Interior.uasset" 3369
"C:/Users/Amir sanni/Desktop/Biplo/Roomba-Biplo-Studio/Content/Menu/Console/Exterior.uasset" 3370
"C:/Users/Amir sanni/Desktop/Biplo/Roomba-Biplo-Studio/Content/Menu/Console/Carpet.uasset" 3371
"C:/Users/Amir sanni/Desktop/Biplo/Roomba-Biplo-Studio/Content/Menu/Console/Buttons2.uasset" 3372
"C:/Users/Amir sanni/Desktop/Biplo/Roomba-Biplo-Studio/Content/Menu/Console/Buttons1.uasset" 3373
"C:/Users/Amir sanni/Desktop/Biplo/Roomba-Biplo-Studio/Content/Menu/2dAssets/Fonts/REDFIVE_.uasset" 3374
"C:/Users/Amir sanni/Desktop/Biplo/Roomba-Biplo-Studio/Content/Menu/2dAssets/Fonts/OvercameDemoRegular.uasset" 3375
"C:/Users/Amir sanni/Desktop/Biplo/Roomba-Biplo-Studio/Content/Menu/2dAssets/Fonts/OvercameDemoOutline.uasset" 3376
"C:/Users/Amir sanni/Desktop/Biplo/Roomba-Biplo-Studio/Content/Menu/2dAssets/Fonts/OvercameDemoItalic.uasset" 3377
"C:/Users/Amir sanni/Desktop/Biplo/Roomba-Biplo-Studio/Content/Menu/2dAssets/Fonts/OvercameDemoBoldItalic.uasset" 3378
"C:/Users/Amir sanni/Desktop/Biplo/Roomba-Biplo-Studio/Content/Menu/2dAssets/Fonts/OvercameDemoBold.uasset" 3379
"C:/Users/Amir sanni/Desktop/Biplo/Roomba-Biplo-Studio/Content/Menu/2dAssets/Fonts/gloridot.uasset" 3380
"C:/Users/Amir sanni/Desktop/Biplo/Roomba-Biplo-Studio/Content/Menu/2dAssets/uistemflip.uasset" 3381
"C:/Users/Amir sanni/Desktop/Biplo/Roomba-Biplo-Studio/Content/Menu/2dAssets/uimenubox.uasset" 3382
"C:/Users/Amir sanni/Desktop/Biplo/Roomba-Biplo-Studio/Content/Menu/2dAssets/uibranchflip.uasset" 3383
"C:/Users/Amir sanni/Desktop/Biplo/Roomba-Biplo-Studio/Content/Menu/2dAssets/uibranch.uasset" 3384
"C:/Users/Amir sanni/Desktop/Biplo/Roomba-Biplo-Studio/Content/Menu/2dAssets/uibox.uasset" 3385
"C:/Users/Amir sanni/Desktop/Biplo/Roomba-Biplo-Studio/Content/Menu/2dAssets/IMG_0832.uasset" 3386
"C:/Users/Amir sanni/Desktop/Biplo/Roomba-Biplo-Studio/Content/Menu/2dAssets/IMG_0797.uasset" 3387
"C:/Users/Amir sanni/Desktop/Biplo/Roomba-Biplo-Studio/Content/Menu/2dAssets/IMG_0795.uasset" 3388
"C:/Users/Amir sanni/Desktop/Biplo/Roomba-Biplo-Studio/Content/Menu/2dAssets/IMG_0794.uasset" 3389
"C:/Users/Amir sanni/Desktop/Biplo/Roomba-Biplo-Studio/Content/Menu/2dAssets/IMG_0793.uasset" 3390
"C:/Users/Amir sanni/Desktop/Biplo/Roomba-Biplo-Studio/Content/Menu/2dAssets/IMG_0792.uasset" 3391
"C:/Users/Amir sanni/Desktop/Biplo/Roomba-Biplo-Studio/Content/Menu/2dAssets/96D755A4-C4B2-4653-9655-B154DF6AB7B5.uasset" 3392
"C:/Users/Amir sanni/Desktop/Biplo/Roomba-Biplo-Studio/Content/Menu/WBP_STAMINA.uasset" 3393
"C:/Users/Amir sanni/Desktop/Biplo/Roomba-Biplo-Studio/Content/Menu/TextMat.uasset" 3394
"C:/Users/Amir sanni/Desktop/Biplo/Roomba-Biplo-Studio/Content/Menu/End_card.uasset" 3395
"C:/Users/Amir sanni/Desktop/Biplo/Roomba-Biplo-Studio/Content/Menu/CraneWidget.uasset" 3396
"C:/Users/Amir sanni/Desktop/Biplo/Roomba-Biplo-Studio/Content/Menu/BRS_LOGO.uasset" 3397
"C:/Users/Amir sanni/Desktop/Biplo/Roomba-Biplo-Studio/Content/LevelPrototyping/Textures/T_GridChecker_A.uasset" 3398
"C:/Users/Amir sanni/Desktop/Biplo/Roomba-Biplo-Studio/Content/LevelPrototyping/Materials/M_Solid.uasset" 3399
"C:/Users/Amir sanni/Desktop/Biplo/Roomba-Biplo-Studio/Content/LevelDesign/EasterEggRoom/Tomfoolery.uasset" 3400
"C:/Users/Amir sanni/Desktop/Biplo/Roomba-Biplo-Studio/Content/LevelDesign/EasterEggRoom/PropaSecret.uasset" 3401
"C:/Users/Amir sanni/Desktop/Biplo/Roomba-Biplo-Studio/Content/LevelDesign/EasterEggRoom/download.uasset" 3402
"C:/Users/Amir sanni/Desktop/Biplo/Roomba-Biplo-Studio/Content/LevelDesign/DavidsCooking/Cooking2/David.uasset" 3403
"C:/Users/Amir sanni/Desktop/Biplo/Roomba-Biplo-Studio/Content/LevelDesign/DavidsCooking/T_Gradient.uasset" 3404
"C:/Users/Amir sanni/Desktop/Biplo/Roomba-Biplo-Studio/Content/LevelDesign/DavidsCooking/S_MovingLight2.uasset" 3405
"C:/Users/Amir sanni/Desktop/Biplo/Roomba-Biplo-Studio/Content/LevelDesign/DavidsCooking/S_MovingLight.uasset" 3406
"C:/Users/Amir sanni/Desktop/Biplo/Roomba-Biplo-Studio/Content/LevelDesign/DavidsCooking/S_GateFallingOff.uasset" 3407
"C:/Users/Amir sanni/Desktop/Biplo/Roomba-Biplo-Studio/Content/LevelDesign/DavidsCooking/M_Translucent.uasset" 3408
"C:/Users/Amir sanni/Desktop/Biplo/Roomba-Biplo-Studio/Content/LevelDesign/DavidsCooking/M_TestOnehundred.uasset" 3409
"C:/Users/Amir sanni/Desktop/Biplo/Roomba-Biplo-Studio/Content/LevelDesign/DavidsCooking/M_RedWire.uasset" 3410
"C:/Users/Amir sanni/Desktop/Biplo/Roomba-Biplo-Studio/Content/LevelDesign/DavidsCooking/M_Invisible.uasset" 3411
"C:/Users/Amir sanni/Desktop/Biplo/Roomba-Biplo-Studio/Content/LevelDesign/DavidsCooking/M_GreenWire.uasset" 3412
"C:/Users/Amir sanni/Desktop/Biplo/Roomba-Biplo-Studio/Content/LevelDesign/DavidsCooking/M_Brown.uasset" 3413
"C:/Users/Amir sanni/Desktop/Biplo/Roomba-Biplo-Studio/Content/LevelDesign/DavidsCooking/M_Black.uasset" 3414
"C:/Users/Amir sanni/Desktop/Biplo/Roomba-Biplo-Studio/Content/LevelDesign/DavidsCooking/Lightning.uasset" 3415
"C:/Users/Amir sanni/Desktop/Biplo/Roomba-Biplo-Studio/Content/LevelDesign/DavidsCooking/E_Breakable.uasset" 3416
"C:/Users/Amir sanni/Desktop/Biplo/Roomba-Biplo-Studio/Content/LevelDesign/DavidsCooking/augustus-caesar-587488458-removebg-preview.uasset" 3417
"C:/Users/Amir sanni/Desktop/Biplo/Roomba-Biplo-Studio/Content/LevelDesign/Section3Vents_BuiltData.uasset" 3418
"C:/Users/Amir sanni/Desktop/Biplo/Roomba-Biplo-Studio/Content/LevelDesign/Section1Bakery_BuiltData.uasset" 3419
"C:/Users/Amir sanni/Desktop/Biplo/Roomba-Biplo-Studio/Content/LevelDesign/Section1Apartment_BuiltData.uasset" 3420
"C:/Users/Amir sanni/Desktop/Biplo/Roomba-Biplo-Studio/Content/LevelDesign/M_LightFlicker.uasset" 3421
"C:/Users/Amir sanni/Desktop/Biplo/Roomba-Biplo-Studio/Content/InteractPrototypeBP/Triggers/MovingLight/BP_MovingLight.uasset" 3422
"C:/Users/Amir sanni/Desktop/Biplo/Roomba-Biplo-Studio/Content/InteractPrototypeBP/OpenDoorMat.uasset" 3423
"C:/Users/Amir sanni/Desktop/Biplo/Roomba-Biplo-Studio/Content/InteractPrototypeBP/ClosedDoorMat.uasset" 3424
"C:/Users/Amir sanni/Desktop/Biplo/Roomba-Biplo-Studio/Content/Characters/Mannequin_UE4/Textures/T_UELogo_N_TGA.uasset" 3425
"C:/Users/Amir sanni/Desktop/Biplo/Roomba-Biplo-Studio/Content/Characters/Mannequin_UE4/Textures/T_UELogo_Mask.uasset" 3426
"C:/Users/Amir sanni/Desktop/Biplo/Roomba-Biplo-Studio/Content/Characters/Mannequin_UE4/Textures/T_UE4_Mannequin__normals.uasset" 3427
"C:/Users/Amir sanni/Desktop/Biplo/Roomba-Biplo-Studio/Content/Characters/Mannequin_UE4/Textures/T_UE4_Mannequin_MAT_MASKA.uasset" 3428
"C:/Users/Amir sanni/Desktop/Biplo/Roomba-Biplo-Studio/Content/Characters/Mannequin_UE4/Textures/T_ML_Rubber_Blue_01_N.uasset" 3429
"C:/Users/Amir sanni/Desktop/Biplo/Roomba-Biplo-Studio/Content/Characters/Mannequin_UE4/Textures/T_ML_Rubber_Blue_01_D.uasset" 3430
"C:/Users/Amir sanni/Desktop/Biplo/Roomba-Biplo-Studio/Content/Characters/Mannequin_UE4/Textures/T_ML_Aluminum01_N.uasset" 3431
"C:/Users/Amir sanni/Desktop/Biplo/Roomba-Biplo-Studio/Content/Characters/Mannequin_UE4/Textures/T_ML_Aluminum01.uasset" 3432
"C:/Users/Amir sanni/Desktop/Biplo/Roomba-Biplo-Studio/Content/Characters/Mannequin_UE4/Rigs/RTG_UE5Manny_UE4Manny.uasset" 3433
"C:/Users/Amir sanni/Desktop/Biplo/Roomba-Biplo-Studio/Content/Characters/Mannequin_UE4/Rigs/RTG_UE4Manny_UE5Manny.uasset" 3434
"C:/Users/Amir sanni/Desktop/Biplo/Roomba-Biplo-Studio/Content/Characters/Mannequin_UE4/Rigs/IK_UE4_Mannequin.uasset" 3435
"C:/Users/Amir sanni/Desktop/Biplo/Roomba-Biplo-Studio/Content/Characters/Mannequin_UE4/Meshes/SK_Mannequin_Skeleton.uasset" 3436
"C:/Users/Amir sanni/Desktop/Biplo/Roomba-Biplo-Studio/Content/Characters/Mannequin_UE4/Meshes/SK_Mannequin_PhysicsAsset.uasset" 3437
"C:/Users/Amir sanni/Desktop/Biplo/Roomba-Biplo-Studio/Content/Characters/Mannequin_UE4/Materials/Layers/ML_ShinyPlastic_Beige.uasset" 3438
"C:/Users/Amir sanni/Desktop/Biplo/Roomba-Biplo-Studio/Content/Characters/Mannequins/Textures/Shared/T_UE_Logo_M.uasset" 3439
"C:/Users/Amir sanni/Desktop/Biplo/Roomba-Biplo-Studio/Content/Characters/Mannequins/Textures/Quinn/T_Quinn_02_CCRCCPlastic_MSK.uasset" 3440
"C:/Users/Amir sanni/Desktop/Biplo/Roomba-Biplo-Studio/Content/Characters/Mannequins/Textures/Quinn/T_Quinn_02_ASAOMASK_MSK.uasset" 3441
"C:/Users/Amir sanni/Desktop/Biplo/Roomba-Biplo-Studio/Content/Characters/Mannequins/Textures/Quinn/T_Quinn_02ID_Tan.uasset" 3442
"C:/Users/Amir sanni/Desktop/Biplo/Roomba-Biplo-Studio/Content/Characters/Mannequins/Textures/Quinn/T_Quinn_02ID_N.uasset" 3443
"C:/Users/Amir sanni/Desktop/Biplo/Roomba-Biplo-Studio/Content/Characters/Mannequins/Textures/Quinn/T_Quinn_02ID_MSR_MSK.uasset" 3444
"C:/Users/Amir sanni/Desktop/Biplo/Roomba-Biplo-Studio/Content/Characters/Mannequins/Textures/Quinn/T_Quinn_02ID_D.uasset" 3445
"C:/Users/Amir sanni/Desktop/Biplo/Roomba-Biplo-Studio/Content/Characters/Mannequins/Textures/Quinn/T_Quinn_02ID_BN.uasset" 3446
"C:/Users/Amir sanni/Desktop/Biplo/Roomba-Biplo-Studio/Content/Characters/Mannequins/Textures/Quinn/T_Quinn_01_CCRCCPlastic_MSK.uasset" 3447
"C:/Users/Amir sanni/Desktop/Biplo/Roomba-Biplo-Studio/Content/Characters/Mannequins/Textures/Quinn/T_Quinn_01_ASAOMASK_MSK.uasset" 3448
"C:/Users/Amir sanni/Desktop/Biplo/Roomba-Biplo-Studio/Content/Characters/Mannequins/Textures/Quinn/T_Quinn_01ID_Tan.uasset" 3449
"C:/Users/Amir sanni/Desktop/Biplo/Roomba-Biplo-Studio/Content/Characters/Mannequins/Textures/Quinn/T_Quinn_01ID_N.uasset" 3450
"C:/Users/Amir sanni/Desktop/Biplo/Roomba-Biplo-Studio/Content/Characters/Mannequins/Textures/Quinn/T_Quinn_01ID_MSR_MSK.uasset" 3451
"C:/Users/Amir sanni/Desktop/Biplo/Roomba-Biplo-Studio/Content/Characters/Mannequins/Textures/Quinn/T_Quinn_01ID_D.uasset" 3452
"C:/Users/Amir sanni/Desktop/Biplo/Roomba-Biplo-Studio/Content/Characters/Mannequins/Textures/Quinn/T_Quinn_01ID_BN.uasset" 3453
"C:/Users/Amir sanni/Desktop/Biplo/Roomba-Biplo-Studio/Content/Characters/Mannequins/Textures/Manny/T_Manny_02_Tan.uasset" 3454
"C:/Users/Amir sanni/Desktop/Biplo/Roomba-Biplo-Studio/Content/Characters/Mannequins/Textures/Manny/T_Manny_02_N.uasset" 3455
"C:/Users/Amir sanni/Desktop/Biplo/Roomba-Biplo-Studio/Content/Characters/Mannequins/Textures/Manny/T_Manny_02_MSR_MSK.uasset" 3456
"C:/Users/Amir sanni/Desktop/Biplo/Roomba-Biplo-Studio/Content/Characters/Mannequins/Textures/Manny/T_Manny_02_D.uasset" 3457
"C:/Users/Amir sanni/Desktop/Biplo/Roomba-Biplo-Studio/Content/Characters/Mannequins/Textures/Manny/T_Manny_02_CCRCCPlastic_MSK.uasset" 3458
"C:/Users/Amir sanni/Desktop/Biplo/Roomba-Biplo-Studio/Content/Characters/Mannequins/Textures/Manny/T_Manny_02_BN.uasset" 3459
"C:/Users/Amir sanni/Desktop/Biplo/Roomba-Biplo-Studio/Content/Characters/Mannequins/Textures/Manny/T_Manny_02_ASAOPMASK_MSK.uasset" 3460
"C:/Users/Amir sanni/Desktop/Biplo/Roomba-Biplo-Studio/Content/Characters/Mannequins/Textures/Manny/T_Manny_01_Tan.uasset" 3461
"C:/Users/Amir sanni/Desktop/Biplo/Roomba-Biplo-Studio/Content/Characters/Mannequins/Textures/Manny/T_Manny_01_N.uasset" 3462
"C:/Users/Amir sanni/Desktop/Biplo/Roomba-Biplo-Studio/Content/Characters/Mannequins/Textures/Manny/T_Manny_01_MSR_MSK.uasset" 3463
"C:/Users/Amir sanni/Desktop/Biplo/Roomba-Biplo-Studio/Content/Characters/Mannequins/Textures/Manny/T_Manny_01_D.uasset" 3464
"C:/Users/Amir sanni/Desktop/Biplo/Roomba-Biplo-Studio/Content/Characters/Mannequins/Textures/Manny/T_Manny_01_CCRCCPlastic_MSK.uasset" 3465
"C:/Users/Amir sanni/Desktop/Biplo/Roomba-Biplo-Studio/Content/Characters/Mannequins/Textures/Manny/T_Manny_01_BN.uasset" 3466
"C:/Users/Amir sanni/Desktop/Biplo/Roomba-Biplo-Studio/Content/Characters/Mannequins/Textures/Manny/T_Manny_01_ASAOPMASK_MSK.uasset" 3467
"C:/Users/Amir sanni/Desktop/Biplo/Roomba-Biplo-Studio/Content/Characters/Mannequins/Rigs/RTG_Mannequin.uasset" 3468
"C:/Users/Amir sanni/Desktop/Biplo/Roomba-Biplo-Studio/Content/Characters/Mannequins/Rigs/PA_Mannequin.uasset" 3469
"C:/Users/Amir sanni/Desktop/Biplo/Roomba-Biplo-Studio/Content/Characters/Mannequins/Rigs/IK_Mannequin.uasset" 3470
"C:/Users/Amir sanni/Desktop/Biplo/Roomba-Biplo-Studio/Content/Characters/Mannequins/Meshes/SK_Mannequin.uasset" 3471
"C:/Users/Amir sanni/Desktop/Biplo/Roomba-Biplo-Studio/Content/Characters/Mannequins/Meshes/Mannequin_LODSettings.uasset" 3472
"C:/Users/Amir sanni/Desktop/Biplo/Roomba-Biplo-Studio/Content/Characters/Mannequins/Materials/Functions/ML_BaseColorFallOff.uasset" 3473
"C:/Users/Amir sanni/Desktop/Biplo/Roomba-Biplo-Studio/Content/Characters/Mannequins/Materials/Functions/ChromaticCurve.uasset" 3474
"C:/Users/Amir sanni/Desktop/Biplo/Roomba-Biplo-Studio/Content/Audio/Raw_Audio/Player_noises/Zap_noise_alt.uasset" 3475
"C:/Users/Amir sanni/Desktop/Biplo/Roomba-Biplo-Studio/Content/Audio/Raw_Audio/Player_noises/Zap_noise_2.uasset" 3476
"C:/Users/Amir sanni/Desktop/Biplo/Roomba-Biplo-Studio/Content/Audio/Raw_Audio/Player_noises/powerdown_2.uasset" 3477
"C:/Users/Amir sanni/Desktop/Biplo/Roomba-Biplo-Studio/Content/Audio/Raw_Audio/Player_noises/powerdown.uasset" 3478
"C:/Users/Amir sanni/Desktop/Biplo/Roomba-Biplo-Studio/Content/Audio/Raw_Audio/Player_noises/Hover_normal.uasset" 3479
"C:/Users/Amir sanni/Desktop/Biplo/Roomba-Biplo-Studio/Content/Audio/Raw_Audio/Player_noises/Hover_fast.uasset" 3480
"C:/Users/Amir sanni/Desktop/Biplo/Roomba-Biplo-Studio/Content/Audio/Raw_Audio/Player_noises/C_biplo5.uasset" 3481
"C:/Users/Amir sanni/Desktop/Biplo/Roomba-Biplo-Studio/Content/Audio/Raw_Audio/Player_noises/C_biplo4.uasset" 3482
"C:/Users/Amir sanni/Desktop/Biplo/Roomba-Biplo-Studio/Content/Audio/Raw_Audio/Player_noises/C_biplo3.uasset" 3483
"C:/Users/Amir sanni/Desktop/Biplo/Roomba-Biplo-Studio/Content/Audio/Raw_Audio/Player_noises/C_biplo2.uasset" 3484
"C:/Users/Amir sanni/Desktop/Biplo/Roomba-Biplo-Studio/Content/Audio/Raw_Audio/Player_noises/C_biplo1.uasset" 3485
"C:/Users/Amir sanni/Desktop/Biplo/Roomba-Biplo-Studio/Content/Audio/Raw_Audio/Player_noises/Crash_Jingle_2.uasset" 3486
"C:/Users/Amir sanni/Desktop/Biplo/Roomba-Biplo-Studio/Content/Audio/Raw_Audio/Player_noises/Crash_Jingle_1.uasset" 3487
"C:/Users/Amir sanni/Desktop/Biplo/Roomba-Biplo-Studio/Content/Audio/Raw_Audio/Player_noises/Biplo_popup3.uasset" 3488
"C:/Users/Amir sanni/Desktop/Biplo/Roomba-Biplo-Studio/Content/Audio/Raw_Audio/Player_noises/Biplo_popup2.uasset" 3489
"C:/Users/Amir sanni/Desktop/Biplo/Roomba-Biplo-Studio/Content/Audio/Raw_Audio/Player_noises/Biplo_popup1.uasset" 3490
"C:/Users/Amir sanni/Desktop/Biplo/Roomba-Biplo-Studio/Content/Audio/Raw_Audio/Player_noises/Biplo_on2.uasset" 3491
"C:/Users/Amir sanni/Desktop/Biplo/Roomba-Biplo-Studio/Content/Audio/Raw_Audio/Player_noises/Biplo_on1.uasset" 3492
"C:/Users/Amir sanni/Desktop/Biplo/Roomba-Biplo-Studio/Content/Audio/Raw_Audio/Player_noises/Biplo_err.uasset" 3493
"C:/Users/Amir sanni/Desktop/Biplo/Roomba-Biplo-Studio/Content/Audio/Raw_Audio/Menu_Sounds/Select_Menu.uasset" 3494
"C:/Users/Amir sanni/Desktop/Biplo/Roomba-Biplo-Studio/Content/Audio/Raw_Audio/Menu_Sounds/Hover_Menu.uasset" 3495
"C:/Users/Amir sanni/Desktop/Biplo/Roomba-Biplo-Studio/Content/Audio/Raw_Audio/LevelSounds/Elevator_Lift.uasset" 3496
"C:/Users/Amir sanni/Desktop/Biplo/Roomba-Biplo-Studio/Content/Audio/Raw_Audio/LevelSounds/DoorUnlock2.uasset" 3497
"C:/Users/Amir sanni/Desktop/Biplo/Roomba-Biplo-Studio/Content/Audio/Raw_Audio/LevelSounds/DoorUnlock.uasset" 3498
"C:/Users/Amir sanni/Desktop/Biplo/Roomba-Biplo-Studio/Content/Audio/Raw_Audio/LevelSounds/CurtainRaiseFull.uasset" 3499
"C:/Users/Amir sanni/Desktop/Biplo/Roomba-Biplo-Studio/Content/Audio/Raw_Audio/Ambient/Street_Wind.uasset" 3500
"C:/Users/Amir sanni/Desktop/Biplo/Roomba-Biplo-Studio/Content/Audio/Raw_Audio/Ambient/PowerOn.uasset" 3501
"C:/Users/Amir sanni/Desktop/Biplo/Roomba-Biplo-Studio/Content/Audio/Raw_Audio/Ambient/LeavesRustle.uasset" 3502
"C:/Users/Amir sanni/Desktop/Biplo/Roomba-Biplo-Studio/Content/Audio/Raw_Audio/Ambient/InteriorBack.uasset" 3503
"C:/Users/Amir sanni/Desktop/Biplo/Roomba-Biplo-Studio/Content/Audio/Attenuation/SA_Player_Move_Menu.uasset" 3504
"C:/Users/Amir sanni/Desktop/Biplo/Roomba-Biplo-Studio/Content/Audio/Attenuation/SA_Player_Move.uasset" 3505
"C:/Users/Amir sanni/Desktop/Biplo/Roomba-Biplo-Studio/Content/Audio/Attenuation/SA_Elevator.uasset" 3506
"C:/Users/Amir sanni/Desktop/Biplo/Roomba-Biplo-Studio/Content/Audio/Attenuation/SA_Door.uasset" 3507
"C:/Users/Amir sanni/Desktop/Biplo/Roomba-Biplo-Studio/Content/Audio/Attenuation/SA_Curtains.uasset" 3508
"C:/Users/Amir sanni/Desktop/Biplo/Roomba-Biplo-Studio/Content/Assets/Warehouse/Mats/WoodenCrate_DefaultMaterial_OcclusionRoughnessMetallic.uasset" 3509
"C:/Users/Amir sanni/Desktop/Biplo/Roomba-Biplo-Studio/Content/Assets/Warehouse/Mats/WoodenCrate_DefaultMaterial_Normal.uasset" 3510
"C:/Users/Amir sanni/Desktop/Biplo/Roomba-Biplo-Studio/Content/Assets/Warehouse/Mats/WoodenCrate_DefaultMaterial_BaseColor.uasset" 3511
"C:/Users/Amir sanni/Desktop/Biplo/Roomba-Biplo-Studio/Content/Assets/Warehouse/Mats/WarehouseInt_DefaultMaterial_OcclusionRoughnessMetallic.uasset" 3512
"C:/Users/Amir sanni/Desktop/Biplo/Roomba-Biplo-Studio/Content/Assets/Warehouse/Mats/WarehouseInt_DefaultMaterial_Normal.uasset" 3513
"C:/Users/Amir sanni/Desktop/Biplo/Roomba-Biplo-Studio/Content/Assets/Warehouse/Mats/WarehouseInt_DefaultMaterial_BaseColor.uasset" 3514
"C:/Users/Amir sanni/Desktop/Biplo/Roomba-Biplo-Studio/Content/Assets/Warehouse/Mats/Material.uasset" 3515
"C:/Users/Amir sanni/Desktop/Biplo/Roomba-Biplo-Studio/Content/Assets/Warehouse/Mats/DriveBox_DefaultMaterial_OcclusionRoughnessMetallic__1_.uasset" 3516
"C:/Users/Amir sanni/Desktop/Biplo/Roomba-Biplo-Studio/Content/Assets/Warehouse/Mats/DriveBox_DefaultMaterial_OcclusionRoughnessMetallic.uasset" 3517
"C:/Users/Amir sanni/Desktop/Biplo/Roomba-Biplo-Studio/Content/Assets/Warehouse/Mats/DriveBox_DefaultMaterial_Normal__1_.uasset" 3518
"C:/Users/Amir sanni/Desktop/Biplo/Roomba-Biplo-Studio/Content/Assets/Warehouse/Mats/DriveBox_DefaultMaterial_Normal.uasset" 3519
"C:/Users/Amir sanni/Desktop/Biplo/Roomba-Biplo-Studio/Content/Assets/Warehouse/Mats/DriveBox_DefaultMaterial_BaseColor__1_.uasset" 3520
"C:/Users/Amir sanni/Desktop/Biplo/Roomba-Biplo-Studio/Content/Assets/Warehouse/Mats/DriveBox_DefaultMaterial_BaseColor.uasset" 3521
"C:/Users/Amir sanni/Desktop/Biplo/Roomba-Biplo-Studio/Content/Assets/Warehouse/Mats/CardboardBox_Material_OcclusionRoughnessMetallic__1_.uasset" 3522
"C:/Users/Amir sanni/Desktop/Biplo/Roomba-Biplo-Studio/Content/Assets/Warehouse/Mats/CardboardBox_Material_OcclusionRoughnessMetallic3.uasset" 3523
"C:/Users/Amir sanni/Desktop/Biplo/Roomba-Biplo-Studio/Content/Assets/Warehouse/Mats/CardboardBox_Material_OcclusionRoughnessMetallic.uasset" 3524
"C:/Users/Amir sanni/Desktop/Biplo/Roomba-Biplo-Studio/Content/Assets/Warehouse/Mats/CardboardBox_Material_Normal__1_.uasset" 3525
"C:/Users/Amir sanni/Desktop/Biplo/Roomba-Biplo-Studio/Content/Assets/Warehouse/Mats/CardboardBox_Material_Normal3.uasset" 3526
"C:/Users/Amir sanni/Desktop/Biplo/Roomba-Biplo-Studio/Content/Assets/Warehouse/Mats/CardboardBox_Material_Normal.uasset" 3527
"C:/Users/Amir sanni/Desktop/Biplo/Roomba-Biplo-Studio/Content/Assets/Warehouse/Mats/CardboardBox_Material_BaseColor__1_.uasset" 3528
"C:/Users/Amir sanni/Desktop/Biplo/Roomba-Biplo-Studio/Content/Assets/Warehouse/Mats/CardboardBox_Material_BaseColor3.uasset" 3529
"C:/Users/Amir sanni/Desktop/Biplo/Roomba-Biplo-Studio/Content/Assets/Warehouse/Mats/CardboardBox_Material_BaseColor.uasset" 3530
"C:/Users/Amir sanni/Desktop/Biplo/Roomba-Biplo-Studio/Content/Assets/Vents/Vent.uasset" 3531
"C:/Users/Amir sanni/Desktop/Biplo/Roomba-Biplo-Studio/Content/Assets/TEXT/gloridot.uasset" 3532
"C:/Users/Amir sanni/Desktop/Biplo/Roomba-Biplo-Studio/Content/Assets/StreetLights/Streetlight_Low_lambert1_OcclusionRoughnessMetallic.uasset" 3533
"C:/Users/Amir sanni/Desktop/Biplo/Roomba-Biplo-Studio/Content/Assets/StreetLights/Streetlight_Low_lambert1_Normal.uasset" 3534
"C:/Users/Amir sanni/Desktop/Biplo/Roomba-Biplo-Studio/Content/Assets/StreetLights/Streetlight_Low_lambert1_Emissive.uasset" 3535
"C:/Users/Amir sanni/Desktop/Biplo/Roomba-Biplo-Studio/Content/Assets/StreetLights/Streetlight_Low_lambert1_BaseColor.uasset" 3536
"C:/Users/Amir sanni/Desktop/Biplo/Roomba-Biplo-Studio/Content/Assets/Roomba/roomba__1__Skeleton.uasset" 3537
"C:/Users/Amir sanni/Desktop/Biplo/Roomba-Biplo-Studio/Content/Assets/Roomba/roomba__1__PhysicsAsset.uasset" 3538
"C:/Users/Amir sanni/Desktop/Biplo/Roomba-Biplo-Studio/Content/Assets/Roomba/roomba1_Low_lambert1_BaseColor.uasset" 3539
"C:/Users/Amir sanni/Desktop/Biplo/Roomba-Biplo-Studio/Content/Assets/Rooftop/Material.uasset" 3540
"C:/Users/Amir sanni/Desktop/Biplo/Roomba-Biplo-Studio/Content/Assets/Road/Straight/RoadStraight_lambert1_OcclusionRoughnessMetallic.uasset" 3541
"C:/Users/Amir sanni/Desktop/Biplo/Roomba-Biplo-Studio/Content/Assets/Road/Straight/RoadStraight_lambert1_Normal.uasset" 3542
"C:/Users/Amir sanni/Desktop/Biplo/Roomba-Biplo-Studio/Content/Assets/Road/Straight/RoadStraight_lambert1_BaseColor.uasset" 3543
"C:/Users/Amir sanni/Desktop/Biplo/Roomba-Biplo-Studio/Content/Assets/Road/Main/RoadMain_lambert1_OcclusionRoughnessMetallic.uasset" 3544
"C:/Users/Amir sanni/Desktop/Biplo/Roomba-Biplo-Studio/Content/Assets/Road/Main/RoadMain_lambert1_Normal.uasset" 3545
"C:/Users/Amir sanni/Desktop/Biplo/Roomba-Biplo-Studio/Content/Assets/Road/Main/RoadMain_lambert1_BaseColor.uasset" 3546
"C:/Users/Amir sanni/Desktop/Biplo/Roomba-Biplo-Studio/Content/Assets/Powerstation/Generator_Temp-20250326T122037Z-001/Generator_Temp/Generator/Generator_Material_OcclusionRoughnessMetallic.uasset" 3547
"C:/Users/Amir sanni/Desktop/Biplo/Roomba-Biplo-Studio/Content/Assets/Powerstation/Generator_Temp-20250326T122037Z-001/Generator_Temp/Generator/Generator_Material_Normal.uasset" 3548
"C:/Users/Amir sanni/Desktop/Biplo/Roomba-Biplo-Studio/Content/Assets/Powerstation/Generator_Temp-20250326T122037Z-001/Generator_Temp/Generator/Generator_Material_BaseColor.uasset" 3549
"C:/Users/Amir sanni/Desktop/Biplo/Roomba-Biplo-Studio/Content/Assets/Powerstation/Generator_Temp-20250326T122037Z-001/Generator_Temp/Generator/Copper.uasset" 3550
"C:/Users/Amir sanni/Desktop/Biplo/Roomba-Biplo-Studio/Content/Assets/Powerstation/Generator_Temp-20250326T122037Z-001/Generator_Temp/Generator/Charged_Copper.uasset" 3551
"C:/Users/Amir sanni/Desktop/Biplo/Roomba-Biplo-Studio/Content/Assets/Pavements/Straight/PavementStraight_lambert1_OcclusionRoughnessMetallic.uasset" 3552
"C:/Users/Amir sanni/Desktop/Biplo/Roomba-Biplo-Studio/Content/Assets/Pavements/Straight/PavementStraight_lambert1_Normal.uasset" 3553
"C:/Users/Amir sanni/Desktop/Biplo/Roomba-Biplo-Studio/Content/Assets/Pavements/Straight/PavementStraight_lambert1_BaseColor.uasset" 3554
"C:/Users/Amir sanni/Desktop/Biplo/Roomba-Biplo-Studio/Content/Assets/Pavements/Square/PavementSquare_lambert1_OcclusionRoughnessMetallic.uasset" 3555
"C:/Users/Amir sanni/Desktop/Biplo/Roomba-Biplo-Studio/Content/Assets/Pavements/Square/PavementSquare_lambert1_Normal.uasset" 3556
"C:/Users/Amir sanni/Desktop/Biplo/Roomba-Biplo-Studio/Content/Assets/Pavements/Square/PavementSquare_lambert1_BaseColor.uasset" 3557
"C:/Users/Amir sanni/Desktop/Biplo/Roomba-Biplo-Studio/Content/Assets/Pavements/SideStraight/pavementSideStraight_lambert1_OcclusionRoughnessMetallic.uasset" 3558
"C:/Users/Amir sanni/Desktop/Biplo/Roomba-Biplo-Studio/Content/Assets/Pavements/SideStraight/pavementSideStraight_lambert1_Normal.uasset" 3559
"C:/Users/Amir sanni/Desktop/Biplo/Roomba-Biplo-Studio/Content/Assets/Pavements/SideStraight/pavementSideStraight_lambert1_BaseColor.uasset" 3560
"C:/Users/Amir sanni/Desktop/Biplo/Roomba-Biplo-Studio/Content/Assets/Pavements/Giant/PavementGiant_lambert1_OcclusionRoughnessMetallic.uasset" 3561
"C:/Users/Amir sanni/Desktop/Biplo/Roomba-Biplo-Studio/Content/Assets/Pavements/Giant/PavementGiant_lambert1_Normal.uasset" 3562
"C:/Users/Amir sanni/Desktop/Biplo/Roomba-Biplo-Studio/Content/Assets/Pavements/Giant/PavementGiant_lambert1_BaseColor.uasset" 3563
"C:/Users/Amir sanni/Desktop/Biplo/Roomba-Biplo-Studio/Content/Assets/Pavements/PavementStraight.uasset" 3564
"C:/Users/Amir sanni/Desktop/Biplo/Roomba-Biplo-Studio/Content/Assets/Pavements/PavementSquare.uasset" 3565
"C:/Users/Amir sanni/Desktop/Biplo/Roomba-Biplo-Studio/Content/Assets/Pavements/PavementGiant.uasset" 3566
"C:/Users/Amir sanni/Desktop/Biplo/Roomba-Biplo-Studio/Content/Assets/Lift/Base/Lift_standardSurface1_OcclusionRoughnessMetallic.uasset" 3567
"C:/Users/Amir sanni/Desktop/Biplo/Roomba-Biplo-Studio/Content/Assets/Lift/Base/Lift_standardSurface1_Normal.uasset" 3568
"C:/Users/Amir sanni/Desktop/Biplo/Roomba-Biplo-Studio/Content/Assets/Lift/Base/Lift_standardSurface1_BaseColor.uasset" 3569
"C:/Users/Amir sanni/Desktop/Biplo/Roomba-Biplo-Studio/Content/Assets/Lift/M_LampOn.uasset" 3570
"C:/Users/Amir sanni/Desktop/Biplo/Roomba-Biplo-Studio/Content/Assets/Lift/M_LampOff.uasset" 3571
"C:/Users/Amir sanni/Desktop/Biplo/Roomba-Biplo-Studio/Content/Assets/Lift/M_Gray.uasset" 3572
"C:/Users/Amir sanni/Desktop/Biplo/Roomba-Biplo-Studio/Content/Assets/Fusebox/fuseBox2_standardSurface1_OcclusionRoughnessMetallic.uasset" 3573
"C:/Users/Amir sanni/Desktop/Biplo/Roomba-Biplo-Studio/Content/Assets/Fusebox/fuseBox2_standardSurface1_Normal.uasset" 3574
"C:/Users/Amir sanni/Desktop/Biplo/Roomba-Biplo-Studio/Content/Assets/Fusebox/fuseBox2_standardSurface1_BaseColor.uasset" 3575
"C:/Users/Amir sanni/Desktop/Biplo/Roomba-Biplo-Studio/Content/Assets/Fence/fence_Low_lambert1_OcclusionRoughnessMetallic.uasset" 3576
"C:/Users/Amir sanni/Desktop/Biplo/Roomba-Biplo-Studio/Content/Assets/Fence/fence_Low_lambert1_Normal.uasset" 3577
"C:/Users/Amir sanni/Desktop/Biplo/Roomba-Biplo-Studio/Content/Assets/Fence/fence_Low_lambert1_BaseColor.uasset" 3578
"C:/Users/Amir sanni/Desktop/Biplo/Roomba-Biplo-Studio/Content/Assets/External/HousePack/Wood_Light.uasset" 3579
"C:/Users/Amir sanni/Desktop/Biplo/Roomba-Biplo-Studio/Content/Assets/External/HousePack/Wood_Dark.uasset" 3580
"C:/Users/Amir sanni/Desktop/Biplo/Roomba-Biplo-Studio/Content/Assets/External/HousePack/Wood.uasset" 3581
"C:/Users/Amir sanni/Desktop/Biplo/Roomba-Biplo-Studio/Content/Assets/External/HousePack/White_002.uasset" 3582
"C:/Users/Amir sanni/Desktop/Biplo/Roomba-Biplo-Studio/Content/Assets/External/HousePack/White_001.uasset" 3583
"C:/Users/Amir sanni/Desktop/Biplo/Roomba-Biplo-Studio/Content/Assets/External/HousePack/White.uasset" 3584
"C:/Users/Amir sanni/Desktop/Biplo/Roomba-Biplo-Studio/Content/Assets/External/HousePack/Red.uasset" 3585
"C:/Users/Amir sanni/Desktop/Biplo/Roomba-Biplo-Studio/Content/Assets/External/HousePack/Plant_Green.uasset" 3586
"C:/Users/Amir sanni/Desktop/Biplo/Roomba-Biplo-Studio/Content/Assets/External/HousePack/Mirror.uasset" 3587
"C:/Users/Amir sanni/Desktop/Biplo/Roomba-Biplo-Studio/Content/Assets/External/HousePack/Metal_001.uasset" 3588
"C:/Users/Amir sanni/Desktop/Biplo/Roomba-Biplo-Studio/Content/Assets/External/HousePack/MetaliGreen.uasset" 3589
"C:/Users/Amir sanni/Desktop/Biplo/Roomba-Biplo-Studio/Content/Assets/External/HousePack/MetalicGrey.uasset" 3590
"C:/Users/Amir sanni/Desktop/Biplo/Roomba-Biplo-Studio/Content/Assets/External/HousePack/MetalicBrown.uasset" 3591
"C:/Users/Amir sanni/Desktop/Biplo/Roomba-Biplo-Studio/Content/Assets/External/HousePack/Metal.uasset" 3592
"C:/Users/Amir sanni/Desktop/Biplo/Roomba-Biplo-Studio/Content/Assets/External/HousePack/Marble.uasset" 3593
"C:/Users/Amir sanni/Desktop/Biplo/Roomba-Biplo-Studio/Content/Assets/External/HousePack/LightOrange.uasset" 3594
"C:/Users/Amir sanni/Desktop/Biplo/Roomba-Biplo-Studio/Content/Assets/External/HousePack/LightMetal.uasset" 3595
"C:/Users/Amir sanni/Desktop/Biplo/Roomba-Biplo-Studio/Content/Assets/External/HousePack/Light.uasset" 3596
"C:/Users/Amir sanni/Desktop/Biplo/Roomba-Biplo-Studio/Content/Assets/External/HousePack/KitchenTop.uasset" 3597
"C:/Users/Amir sanni/Desktop/Biplo/Roomba-Biplo-Studio/Content/Assets/External/HousePack/Kitchen.uasset" 3598
"C:/Users/Amir sanni/Desktop/Biplo/Roomba-Biplo-Studio/Content/Assets/External/HousePack/Grey.uasset" 3599
"C:/Users/Amir sanni/Desktop/Biplo/Roomba-Biplo-Studio/Content/Assets/External/HousePack/Gold.uasset" 3600
"C:/Users/Amir sanni/Desktop/Biplo/Roomba-Biplo-Studio/Content/Assets/External/HousePack/Glass.uasset" 3601
"C:/Users/Amir sanni/Desktop/Biplo/Roomba-Biplo-Studio/Content/Assets/External/HousePack/DarkRed.uasset" 3602
"C:/Users/Amir sanni/Desktop/Biplo/Roomba-Biplo-Studio/Content/Assets/External/HousePack/DarkMetal.uasset" 3603
"C:/Users/Amir sanni/Desktop/Biplo/Roomba-Biplo-Studio/Content/Assets/External/HousePack/DarkGreen.uasset" 3604
"C:/Users/Amir sanni/Desktop/Biplo/Roomba-Biplo-Studio/Content/Assets/External/HousePack/Cushin.uasset" 3605
"C:/Users/Amir sanni/Desktop/Biplo/Roomba-Biplo-Studio/Content/Assets/External/HousePack/Couch_Mustard.uasset" 3606
"C:/Users/Amir sanni/Desktop/Biplo/Roomba-Biplo-Studio/Content/Assets/External/HousePack/Couch_Green.uasset" 3607
"C:/Users/Amir sanni/Desktop/Biplo/Roomba-Biplo-Studio/Content/Assets/External/HousePack/Couch_Blue.uasset" 3608
"C:/Users/Amir sanni/Desktop/Biplo/Roomba-Biplo-Studio/Content/Assets/External/HousePack/Couch_BeigeDark.uasset" 3609
"C:/Users/Amir sanni/Desktop/Biplo/Roomba-Biplo-Studio/Content/Assets/External/HousePack/Couch_Beige.uasset" 3610
"C:/Users/Amir sanni/Desktop/Biplo/Roomba-Biplo-Studio/Content/Assets/External/HousePack/Brown.uasset" 3611
"C:/Users/Amir sanni/Desktop/Biplo/Roomba-Biplo-Studio/Content/Assets/External/HousePack/Black.uasset" 3612
"C:/Users/Amir sanni/Desktop/Biplo/Roomba-Biplo-Studio/Content/Assets/Dumpster/bigBin_Low_lambert1_OcclusionRoughnessMetallic.uasset" 3613
"C:/Users/Amir sanni/Desktop/Biplo/Roomba-Biplo-Studio/Content/Assets/Dumpster/bigBin_Low_lambert1_Normal.uasset" 3614
"C:/Users/Amir sanni/Desktop/Biplo/Roomba-Biplo-Studio/Content/Assets/Dumpster/bigBin_Low_lambert1_BaseColor.uasset" 3615
"C:/Users/Amir sanni/Desktop/Biplo/Roomba-Biplo-Studio/Content/Assets/Door/DoorUnlockedTextures/door_Low_lambert1_OcclusionRoughnessMetallic.uasset" 3616
"C:/Users/Amir sanni/Desktop/Biplo/Roomba-Biplo-Studio/Content/Assets/Door/DoorUnlockedTextures/door_Low_lambert1_Normal.uasset" 3617
"C:/Users/Amir sanni/Desktop/Biplo/Roomba-Biplo-Studio/Content/Assets/Door/DoorUnlockedTextures/door_Low_lambert1_Emissive.uasset" 3618
"C:/Users/Amir sanni/Desktop/Biplo/Roomba-Biplo-Studio/Content/Assets/Door/DoorUnlockedTextures/door_Low_lambert1_BaseColor.uasset" 3619
"C:/Users/Amir sanni/Desktop/Biplo/Roomba-Biplo-Studio/Content/Assets/Door/DoorLockedTextures/door_Low_lambert1_OcclusionRoughnessMetallic.uasset" 3620
"C:/Users/Amir sanni/Desktop/Biplo/Roomba-Biplo-Studio/Content/Assets/Door/DoorLockedTextures/door_Low_lambert1_Normal.uasset" 3621
"C:/Users/Amir sanni/Desktop/Biplo/Roomba-Biplo-Studio/Content/Assets/Door/DoorLockedTextures/door_Low_lambert1_Emissive.uasset" 3622
"C:/Users/Amir sanni/Desktop/Biplo/Roomba-Biplo-Studio/Content/Assets/Door/DoorLockedTextures/door_Low_lambert1_BaseColor.uasset" 3623
"C:/Users/Amir sanni/Desktop/Biplo/Roomba-Biplo-Studio/Content/Assets/Dirt/DirtyWall.uasset" 3624
"C:/Users/Amir sanni/Desktop/Biplo/Roomba-Biplo-Studio/Content/Assets/Dirt/Dirt3.uasset" 3625
"C:/Users/Amir sanni/Desktop/Biplo/Roomba-Biplo-Studio/Content/Assets/Dirt/Dirt2.uasset" 3626
"C:/Users/Amir sanni/Desktop/Biplo/Roomba-Biplo-Studio/Content/Assets/Dirt/Dirt1.uasset" 3627
"C:/Users/Amir sanni/Desktop/Biplo/Roomba-Biplo-Studio/Content/Assets/Dirt/damage-and-dirt-on-the-wall-and-surface-usable-for-mask-horizontal-seamless-png-ezgif_com-webp-to-png-converter.uasset" 3628
"C:/Users/Amir sanni/Desktop/Biplo/Roomba-Biplo-Studio/Content/Assets/ConstructionSite/Term/TerminalBreastCancerUhOh.uasset" 3629
"C:/Users/Amir sanni/Desktop/Biplo/Roomba-Biplo-Studio/Content/Assets/ConstructionSite/Term/Material_004.uasset" 3630
"C:/Users/Amir sanni/Desktop/Biplo/Roomba-Biplo-Studio/Content/Assets/ConstructionSite/Term/Material_002.uasset" 3631
"C:/Users/Amir sanni/Desktop/Biplo/Roomba-Biplo-Studio/Content/Assets/ConstructionSite/Tarp/Tarp_DefaultMaterial_OcclusionRoughnessMetallic.uasset" 3632
"C:/Users/Amir sanni/Desktop/Biplo/Roomba-Biplo-Studio/Content/Assets/ConstructionSite/Tarp/Tarp_DefaultMaterial_Normal.uasset" 3633
"C:/Users/Amir sanni/Desktop/Biplo/Roomba-Biplo-Studio/Content/Assets/ConstructionSite/Tarp/Tarp_DefaultMaterial_BaseColor.uasset" 3634
"C:/Users/Amir sanni/Desktop/Biplo/Roomba-Biplo-Studio/Content/Assets/ConstructionSite/Rebar3/Rebar3_DefaultMaterial_OcclusionRoughnessMetallic.uasset" 3635
"C:/Users/Amir sanni/Desktop/Biplo/Roomba-Biplo-Studio/Content/Assets/ConstructionSite/Rebar3/Rebar3_DefaultMaterial_Normal.uasset" 3636
"C:/Users/Amir sanni/Desktop/Biplo/Roomba-Biplo-Studio/Content/Assets/ConstructionSite/Rebar3/Rebar3_DefaultMaterial_BaseColor.uasset" 3637
"C:/Users/Amir sanni/Desktop/Biplo/Roomba-Biplo-Studio/Content/Assets/ConstructionSite/Rebar2/Rebar2_DefaultMaterial_OcclusionRoughnessMetallic.uasset" 3638
"C:/Users/Amir sanni/Desktop/Biplo/Roomba-Biplo-Studio/Content/Assets/ConstructionSite/Rebar2/Rebar2_DefaultMaterial_Normal.uasset" 3639
"C:/Users/Amir sanni/Desktop/Biplo/Roomba-Biplo-Studio/Content/Assets/ConstructionSite/Rebar2/Rebar2_DefaultMaterial_BaseColor.uasset" 3640
"C:/Users/Amir sanni/Desktop/Biplo/Roomba-Biplo-Studio/Content/Assets/ConstructionSite/Rebar1/Rebar1_DefaultMaterial_OcclusionRoughnessMetallic.uasset" 3641
"C:/Users/Amir sanni/Desktop/Biplo/Roomba-Biplo-Studio/Content/Assets/ConstructionSite/Rebar1/Rebar1_DefaultMaterial_Normal.uasset" 3642
"C:/Users/Amir sanni/Desktop/Biplo/Roomba-Biplo-Studio/Content/Assets/ConstructionSite/Rebar1/Rebar1_DefaultMaterial_BaseColor.uasset" 3643
"C:/Users/Amir sanni/Desktop/Biplo/Roomba-Biplo-Studio/Content/Assets/ConstructionSite/Pillar1/Pillar1_DefaultMaterial_OcclusionRoughnessMetallic.uasset" 3644
"C:/Users/Amir sanni/Desktop/Biplo/Roomba-Biplo-Studio/Content/Assets/ConstructionSite/Pillar1/Pillar1_DefaultMaterial_Normal.uasset" 3645
"C:/Users/Amir sanni/Desktop/Biplo/Roomba-Biplo-Studio/Content/Assets/ConstructionSite/Pillar1/Pillar1_DefaultMaterial_BaseColor.uasset" 3646
"C:/Users/Amir sanni/Desktop/Biplo/Roomba-Biplo-Studio/Content/Assets/ConstructionSite/Floor/Floor_DefaultMaterial_OcclusionRoughnessMetallic.uasset" 3647
"C:/Users/Amir sanni/Desktop/Biplo/Roomba-Biplo-Studio/Content/Assets/ConstructionSite/Floor/Floor_DefaultMaterial_Normal.uasset" 3648
"C:/Users/Amir sanni/Desktop/Biplo/Roomba-Biplo-Studio/Content/Assets/ConstructionSite/Floor/Floor_DefaultMaterial_BaseColor.uasset" 3649
"C:/Users/Amir sanni/Desktop/Biplo/Roomba-Biplo-Studio/Content/Assets/ConstructionSite/Fence/Fence_DefaultMaterial_OcclusionRoughnessMetallic.uasset" 3650
"C:/Users/Amir sanni/Desktop/Biplo/Roomba-Biplo-Studio/Content/Assets/ConstructionSite/Fence/Fence_DefaultMaterial_Normal.uasset" 3651
"C:/Users/Amir sanni/Desktop/Biplo/Roomba-Biplo-Studio/Content/Assets/ConstructionSite/Fence/Fence_DefaultMaterial_BaseColor.uasset" 3652
"C:/Users/Amir sanni/Desktop/Biplo/Roomba-Biplo-Studio/Content/Assets/ConstructionSite/Crate/Fence_DefaultMaterial_OcclusionRoughnessMetallic.uasset" 3653
"C:/Users/Amir sanni/Desktop/Biplo/Roomba-Biplo-Studio/Content/Assets/ConstructionSite/Crate/Fence_DefaultMaterial_Normal.uasset" 3654
"C:/Users/Amir sanni/Desktop/Biplo/Roomba-Biplo-Studio/Content/Assets/ConstructionSite/Crate/Fence_DefaultMaterial_BaseColor.uasset" 3655
"C:/Users/Amir sanni/Desktop/Biplo/Roomba-Biplo-Studio/Content/Assets/ConstructionSite/Crane_and_girder/Ladder/LadderTop/LadderTopLow_DefaultMaterial_OcclusionRoughnessMetallic.uasset" 3656
"C:/Users/Amir sanni/Desktop/Biplo/Roomba-Biplo-Studio/Content/Assets/ConstructionSite/Crane_and_girder/Ladder/LadderTop/LadderTopLow_DefaultMaterial_Normal.uasset" 3657
"C:/Users/Amir sanni/Desktop/Biplo/Roomba-Biplo-Studio/Content/Assets/ConstructionSite/Crane_and_girder/Ladder/LadderTop/LadderTopLow_DefaultMaterial_BaseColor.uasset" 3658
"C:/Users/Amir sanni/Desktop/Biplo/Roomba-Biplo-Studio/Content/Assets/ConstructionSite/Crane_and_girder/Ladder/LadderLow_DefaultMaterial_OcclusionRoughnessMetallic.uasset" 3659
"C:/Users/Amir sanni/Desktop/Biplo/Roomba-Biplo-Studio/Content/Assets/ConstructionSite/Crane_and_girder/Ladder/LadderLow_DefaultMaterial_Normal.uasset" 3660
"C:/Users/Amir sanni/Desktop/Biplo/Roomba-Biplo-Studio/Content/Assets/ConstructionSite/Crane_and_girder/Ladder/LadderLow_DefaultMaterial_BaseColor.uasset" 3661
"C:/Users/Amir sanni/Desktop/Biplo/Roomba-Biplo-Studio/Content/Assets/ConstructionSite/Crane_and_girder/Girder/BeamMain/BeamMain_DefaultMaterial_OcclusionRoughnessMetallic.uasset" 3662
"C:/Users/Amir sanni/Desktop/Biplo/Roomba-Biplo-Studio/Content/Assets/ConstructionSite/Crane_and_girder/Girder/BeamMain/BeamMain_DefaultMaterial_Normal.uasset" 3663
"C:/Users/Amir sanni/Desktop/Biplo/Roomba-Biplo-Studio/Content/Assets/ConstructionSite/Crane_and_girder/Girder/BeamMain/BeamMain_DefaultMaterial_BaseColor.uasset" 3664
"C:/Users/Amir sanni/Desktop/Biplo/Roomba-Biplo-Studio/Content/Assets/ConstructionSite/Crane_and_girder/Crane/Neck/Crane_Neck_CraneYellow_OcclusionRoughnessMetallic.uasset" 3665
"C:/Users/Amir sanni/Desktop/Biplo/Roomba-Biplo-Studio/Content/Assets/ConstructionSite/Crane_and_girder/Crane/Neck/Crane_Neck_CraneYellow_Normal.uasset" 3666
"C:/Users/Amir sanni/Desktop/Biplo/Roomba-Biplo-Studio/Content/Assets/ConstructionSite/Crane_and_girder/Crane/Neck/Crane_Neck_CraneYellow_BaseColor.uasset" 3667
"C:/Users/Amir sanni/Desktop/Biplo/Roomba-Biplo-Studio/Content/Assets/ConstructionSite/Crane_and_girder/Crane/CraneYellow.uasset" 3668
"C:/Users/Amir sanni/Desktop/Biplo/Roomba-Biplo-Studio/Content/Assets/ConstructionSite/Crane_and_girder/Crane/CockpitForTex_Cockpit_OcclusionRoughnessMetallic.uasset" 3669
"C:/Users/Amir sanni/Desktop/Biplo/Roomba-Biplo-Studio/Content/Assets/ConstructionSite/Crane_and_girder/Crane/CockpitForTex_Cockpit_Normal.uasset" 3670
"C:/Users/Amir sanni/Desktop/Biplo/Roomba-Biplo-Studio/Content/Assets/ConstructionSite/Crane_and_girder/Crane/CockpitForTex_Cockpit_BaseColor.uasset" 3671
"C:/Users/Amir sanni/Desktop/Biplo/Roomba-Biplo-Studio/Content/Assets/ConstructionSite/Building1/ConstructionHouse_DefaultMaterial_OcclusionRoughnessMetallic.uasset" 3672
"C:/Users/Amir sanni/Desktop/Biplo/Roomba-Biplo-Studio/Content/Assets/ConstructionSite/Building1/ConstructionHouse_DefaultMaterial_Normal.uasset" 3673
"C:/Users/Amir sanni/Desktop/Biplo/Roomba-Biplo-Studio/Content/Assets/ConstructionSite/Building1/ConstructionHouse_DefaultMaterial_BaseColor.uasset" 3674
"C:/Users/Amir sanni/Desktop/Biplo/Roomba-Biplo-Studio/Content/Assets/ConstructionSite/WarehouseRoof.uasset" 3675
"C:/Users/Amir sanni/Desktop/Biplo/Roomba-Biplo-Studio/Content/Assets/ConstructionSite/brown-soil-texture-background_172107-1582-ezgif_com-avif-to-jpg-converter.uasset" 3676
"C:/Users/Amir sanni/Desktop/Biplo/Roomba-Biplo-Studio/Content/Assets/Cone/Cone/Model/Textures/cone_Low_lambert1_OcclusionRoughnessMetallic.uasset" 3677
"C:/Users/Amir sanni/Desktop/Biplo/Roomba-Biplo-Studio/Content/Assets/Cone/Cone/Model/Textures/cone_Low_lambert1_Normal.uasset" 3678
"C:/Users/Amir sanni/Desktop/Biplo/Roomba-Biplo-Studio/Content/Assets/Cone/Cone/Model/Textures/cone_Low_lambert1_BaseColor.uasset" 3679
"C:/Users/Amir sanni/Desktop/Biplo/Roomba-Biplo-Studio/Content/Assets/Cars/Mats/Tyre_Window_OcclusionRoughnessMetallic.uasset" 3680
"C:/Users/Amir sanni/Desktop/Biplo/Roomba-Biplo-Studio/Content/Assets/Cars/Mats/Tyre_Window_Normal.uasset" 3681
"C:/Users/Amir sanni/Desktop/Biplo/Roomba-Biplo-Studio/Content/Assets/Cars/Mats/Tyre_Window_BaseColor.uasset" 3682
"C:/Users/Amir sanni/Desktop/Biplo/Roomba-Biplo-Studio/Content/Assets/Cars/Mats/Red.uasset" 3683
"C:/Users/Amir sanni/Desktop/Biplo/Roomba-Biplo-Studio/Content/Assets/Cars/Mats/Green.uasset" 3684
"C:/Users/Amir sanni/Desktop/Biplo/Roomba-Biplo-Studio/Content/Assets/Cars/Mats/Car_Window_OcclusionRoughnessMetallic.uasset" 3685
"C:/Users/Amir sanni/Desktop/Biplo/Roomba-Biplo-Studio/Content/Assets/Cars/Mats/Car_Window_Normal.uasset" 3686
"C:/Users/Amir sanni/Desktop/Biplo/Roomba-Biplo-Studio/Content/Assets/Cars/Mats/Car_Window_BaseColor.uasset" 3687
"C:/Users/Amir sanni/Desktop/Biplo/Roomba-Biplo-Studio/Content/Assets/Cars/Mats/Blue.uasset" 3688
"C:/Users/Amir sanni/Desktop/Biplo/Roomba-Biplo-Studio/Content/Assets/Cars/Tyre_Tyre_001.uasset" 3689
"C:/Users/Amir sanni/Desktop/Biplo/Roomba-Biplo-Studio/Content/Assets/Cars/Tyre_Tyre.uasset" 3690
"C:/Users/Amir sanni/Desktop/Biplo/Roomba-Biplo-Studio/Content/Assets/Cars/Car1_Car_003.uasset" 3691
"C:/Users/Amir sanni/Desktop/Biplo/Roomba-Biplo-Studio/Content/Assets/Cars/Car1_Car_002.uasset" 3692
"C:/Users/Amir sanni/Desktop/Biplo/Roomba-Biplo-Studio/Content/Assets/Cars/Car1_Car_001.uasset" 3693
"C:/Users/Amir sanni/Desktop/Biplo/Roomba-Biplo-Studio/Content/Assets/Cars/Car1_Car.uasset" 3694
"C:/Users/Amir sanni/Desktop/Biplo/Roomba-Biplo-Studio/Content/Assets/Buildings/Textures/rooftop1_lambert1_OcclusionRoughnessMetallic.uasset" 3695
"C:/Users/Amir sanni/Desktop/Biplo/Roomba-Biplo-Studio/Content/Assets/Buildings/Textures/rooftop1_lambert1_Normal.uasset" 3696
"C:/Users/Amir sanni/Desktop/Biplo/Roomba-Biplo-Studio/Content/Assets/Buildings/Textures/rooftop1_lambert1_BaseColor.uasset" 3697
"C:/Users/Amir sanni/Desktop/Biplo/Roomba-Biplo-Studio/Content/Assets/Buildings/Textures/plainWall_lambert1_OcclusionRoughnessMetallic.uasset" 3698
"C:/Users/Amir sanni/Desktop/Biplo/Roomba-Biplo-Studio/Content/Assets/Buildings/Textures/plainWall_lambert1_Normal.uasset" 3699
"C:/Users/Amir sanni/Desktop/Biplo/Roomba-Biplo-Studio/Content/Assets/Buildings/Textures/plainWall_lambert1_BaseColor1.uasset" 3700
"C:/Users/Amir sanni/Desktop/Biplo/Roomba-Biplo-Studio/Content/Assets/Buildings/Textures/plainWall_lambert1_BaseColor.uasset" 3701
"C:/Users/Amir sanni/Desktop/Biplo/Roomba-Biplo-Studio/Content/Assets/Buildings/Textures/Edge_lambert1_OcclusionRoughnessMetallic.uasset" 3702
"C:/Users/Amir sanni/Desktop/Biplo/Roomba-Biplo-Studio/Content/Assets/Buildings/Textures/Edge_lambert1_Normal.uasset" 3703
"C:/Users/Amir sanni/Desktop/Biplo/Roomba-Biplo-Studio/Content/Assets/Buildings/Textures/Edge_lambert1_BaseColor__1_.uasset" 3704
"C:/Users/Amir sanni/Desktop/Biplo/Roomba-Biplo-Studio/Content/Assets/Buildings/Textures/Edge_lambert1_BaseColor.uasset" 3705
"C:/Users/Amir sanni/Desktop/Biplo/Roomba-Biplo-Studio/Content/Assets/Buildings/Textures/Door_lambert1_OcclusionRoughnessMetallic.uasset" 3706
"C:/Users/Amir sanni/Desktop/Biplo/Roomba-Biplo-Studio/Content/Assets/Buildings/Textures/Door_lambert1_Normal.uasset" 3707
"C:/Users/Amir sanni/Desktop/Biplo/Roomba-Biplo-Studio/Content/Assets/Buildings/Textures/Door_lambert1_BaseColor__1_.uasset" 3708
"C:/Users/Amir sanni/Desktop/Biplo/Roomba-Biplo-Studio/Content/Assets/Buildings/Textures/Door_lambert1_BaseColor.uasset" 3709
"C:/Users/Amir sanni/Desktop/Biplo/Roomba-Biplo-Studio/Content/Assets/Buildings/Textures/Brokenglass.uasset" 3710
"C:/Users/Amir sanni/Desktop/Biplo/Roomba-Biplo-Studio/Content/Assets/Buildings/Textures/BottomWindow_lambert1_OcclusionRoughnessMetallic.uasset" 3711
"C:/Users/Amir sanni/Desktop/Biplo/Roomba-Biplo-Studio/Content/Assets/Buildings/Textures/BottomWindow_lambert1_Normal.uasset" 3712
"C:/Users/Amir sanni/Desktop/Biplo/Roomba-Biplo-Studio/Content/Assets/Buildings/Textures/BottomWindow_lambert1_BaseColor__1_.uasset" 3713
"C:/Users/Amir sanni/Desktop/Biplo/Roomba-Biplo-Studio/Content/Assets/Buildings/Textures/BottomWindow_lambert1_BaseColor.uasset" 3714
"C:/Users/Amir sanni/Desktop/Biplo/Roomba-Biplo-Studio/Content/Assets/Buildings/M_Roof.uasset" 3715
"C:/Users/Amir sanni/Desktop/Biplo/Roomba-Biplo-Studio/Content/Assets/Buildings/Material.uasset" 3716
"C:/Users/Amir sanni/Desktop/Biplo/Roomba-Biplo-Studio/Content/Assets/Boxes/BoxTextures/VeryFragile/CardboardBox_Material_OcclusionRoughnessMetallic.uasset" 3717
"C:/Users/Amir sanni/Desktop/Biplo/Roomba-Biplo-Studio/Content/Assets/Boxes/BoxTextures/VeryFragile/CardboardBox_Material_Normal.uasset" 3718
"C:/Users/Amir sanni/Desktop/Biplo/Roomba-Biplo-Studio/Content/Assets/Boxes/BoxTextures/VeryFragile/CardboardBox_Material_BaseColor.uasset" 3719
"C:/Users/Amir sanni/Desktop/Biplo/Roomba-Biplo-Studio/Content/Assets/Boxes/BoxTextures/NoStickers/CardboardBox_Material_OcclusionRoughnessMetallic3.uasset" 3720
"C:/Users/Amir sanni/Desktop/Biplo/Roomba-Biplo-Studio/Content/Assets/Boxes/BoxTextures/NoStickers/CardboardBox_Material_Normal3.uasset" 3721
"C:/Users/Amir sanni/Desktop/Biplo/Roomba-Biplo-Studio/Content/Assets/Boxes/BoxTextures/NoStickers/CardboardBox_Material_BaseColor3.uasset" 3722
"C:/Users/Amir sanni/Desktop/Biplo/Roomba-Biplo-Studio/Content/Assets/Boxes/BoxTextures/All_Stickers/CardboardBox_Material_OcclusionRoughnessMetallic2.uasset" 3723
"C:/Users/Amir sanni/Desktop/Biplo/Roomba-Biplo-Studio/Content/Assets/Boxes/BoxTextures/All_Stickers/CardboardBox_Material_Normal2.uasset" 3724
"C:/Users/Amir sanni/Desktop/Biplo/Roomba-Biplo-Studio/Content/Assets/Boxes/BoxTextures/All_Stickers/CardboardBox_Material_BaseColor2.uasset" 3725
"C:/Users/Amir sanni/Desktop/Biplo/Roomba-Biplo-Studio/Content/Assets/Bike/bike_Low_lambert1_OcclusionRoughnessMetallic.uasset" 3726
"C:/Users/Amir sanni/Desktop/Biplo/Roomba-Biplo-Studio/Content/Assets/Bike/bike_Low_lambert1_Normal.uasset" 3727
"C:/Users/Amir sanni/Desktop/Biplo/Roomba-Biplo-Studio/Content/Assets/Bike/bike_Low_lambert1_BaseColor.uasset" 3728
"C:/Users/Amir sanni/Desktop/Biplo/Roomba-Biplo-Studio/Content/Assets/Barrier/Model/Textures/roadblock_Low_lambert1_OcclusionRoughnessMetallic.uasset" 3729
"C:/Users/Amir sanni/Desktop/Biplo/Roomba-Biplo-Studio/Content/Assets/Barrier/Model/Textures/roadblock_Low_lambert1_Normal.uasset" 3730
"C:/Users/Amir sanni/Desktop/Biplo/Roomba-Biplo-Studio/Content/Assets/Barrier/Model/Textures/roadblock_Low_lambert1_BaseColor.uasset" 3731
"C:/Users/Amir sanni/Desktop/Biplo/Roomba-Biplo-Studio/Content/Assets/Barrier/Model/roadblock_Low_lambert1_BaseColor.uasset" 3732
"C:/Users/Amir sanni/Desktop/Biplo/Roomba-Biplo-Studio/Content/Assets/Bakery/Texture/ShelfLow_DefaultMaterial_OcclusionRoughnessMetallic.uasset" 3733
"C:/Users/Amir sanni/Desktop/Biplo/Roomba-Biplo-Studio/Content/Assets/Bakery/Texture/ShelfLow_DefaultMaterial_Normal.uasset" 3734
"C:/Users/Amir sanni/Desktop/Biplo/Roomba-Biplo-Studio/Content/Assets/Bakery/Texture/ShelfLow_DefaultMaterial_BaseColor.uasset" 3735
"C:/Users/Amir sanni/Desktop/Biplo/Roomba-Biplo-Studio/Content/Assets/Bakery/Texture/RegisterLow1_standardSurface1_003_OcclusionRoughnessMetallic.uasset" 3736
"C:/Users/Amir sanni/Desktop/Biplo/Roomba-Biplo-Studio/Content/Assets/Bakery/Texture/RegisterLow1_standardSurface1_003_Normal.uasset" 3737
"C:/Users/Amir sanni/Desktop/Biplo/Roomba-Biplo-Studio/Content/Assets/Bakery/Texture/RegisterLow1_standardSurface1_003_BaseColor.uasset" 3738
"C:/Users/Amir sanni/Desktop/Biplo/Roomba-Biplo-Studio/Content/Assets/Bakery/Texture/DisplayLow_standardSurface1_001_OcclusionRoughnessMetallic.uasset" 3739
"C:/Users/Amir sanni/Desktop/Biplo/Roomba-Biplo-Studio/Content/Assets/Bakery/Texture/DisplayLow_standardSurface1_001_Normal.uasset" 3740
"C:/Users/Amir sanni/Desktop/Biplo/Roomba-Biplo-Studio/Content/Assets/Bakery/Texture/DisplayLow_standardSurface1_001_BaseColor.uasset" 3741
"C:/Users/Amir sanni/Desktop/Biplo/Roomba-Biplo-Studio/Content/Assets/Bakery/Texture/CounterLow2_standardSurface1_001_OcclusionRoughnessMetallic.uasset" 3742
"C:/Users/Amir sanni/Desktop/Biplo/Roomba-Biplo-Studio/Content/Assets/Bakery/Texture/CounterLow2_standardSurface1_001_Normal.uasset" 3743
"C:/Users/Amir sanni/Desktop/Biplo/Roomba-Biplo-Studio/Content/Assets/Bakery/Texture/CounterLow2_standardSurface1_001_BaseColor.uasset" 3744
"C:/Users/Amir sanni/Desktop/Biplo/Roomba-Biplo-Studio/Content/Assets/Bakery/Texture/bakeryLow3_Floor_OcclusionRoughnessMetallic.uasset" 3745
"C:/Users/Amir sanni/Desktop/Biplo/Roomba-Biplo-Studio/Content/Assets/Bakery/Texture/bakeryLow3_Floor_Normal.uasset" 3746
"C:/Users/Amir sanni/Desktop/Biplo/Roomba-Biplo-Studio/Content/Assets/Bakery/Texture/bakeryLow3_Floor_Normal-ezgif_com-webp-to-jpg-converter.uasset" 3747
"C:/Users/Amir sanni/Desktop/Biplo/Roomba-Biplo-Studio/Content/Assets/Bakery/Texture/bakeryLow3_Floor_BaseColor1-ezgif_com-webp-to-jpg-converter.uasset" 3748
"C:/Users/Amir sanni/Desktop/Biplo/Roomba-Biplo-Studio/Content/Assets/Bakery/Texture/bakeryLow3_Floor_BaseColor.uasset" 3749
"C:/Users/Amir sanni/Desktop/Biplo/Roomba-Biplo-Studio/Content/Assets/Bakery/Texture/bakeryLow3_Floor_BaseColor-ezgif_com-webp-to-jpg-converter.uasset" 3750
"C:/Users/Amir sanni/Desktop/Biplo/Roomba-Biplo-Studio/Content/Assets/Bakery/Material_001.uasset" 3751
"C:/Users/Amir sanni/Desktop/Biplo/Roomba-Biplo-Studio/Content/Assets/Bakery/Material.uasset" 3752
"C:/Users/Amir sanni/Desktop/Biplo/Roomba-Biplo-Studio/Content/Assets/Apartment/Textures/ToyCar_DefaultMaterial_OcclusionRoughnessMetallic.uasset" 3753
"C:/Users/Amir sanni/Desktop/Biplo/Roomba-Biplo-Studio/Content/Assets/Apartment/Textures/ToyCar_DefaultMaterial_Normal.uasset" 3754
"C:/Users/Amir sanni/Desktop/Biplo/Roomba-Biplo-Studio/Content/Assets/Apartment/Textures/ToyCar_DefaultMaterial_BaseColorYellow.uasset" 3755
"C:/Users/Amir sanni/Desktop/Biplo/Roomba-Biplo-Studio/Content/Assets/Apartment/Textures/ToyCar_DefaultMaterial_BaseColor.uasset" 3756
"C:/Users/Amir sanni/Desktop/Biplo/Roomba-Biplo-Studio/Content/Assets/Apartment/Textures/SUMMERPHOTO.uasset" 3757
"C:/Users/Amir sanni/Desktop/Biplo/Roomba-Biplo-Studio/Content/Assets/Apartment/Textures/Static2.uasset" 3758
"C:/Users/Amir sanni/Desktop/Biplo/Roomba-Biplo-Studio/Content/Assets/Apartment/Textures/Static.uasset" 3759
"C:/Users/Amir sanni/Desktop/Biplo/Roomba-Biplo-Studio/Content/Assets/Apartment/Textures/Rug.uasset" 3760
"C:/Users/Amir sanni/Desktop/Biplo/Roomba-Biplo-Studio/Content/Assets/Apartment/Textures/Ramp_Wood_OcclusionRoughnessMetallic.uasset" 3761
"C:/Users/Amir sanni/Desktop/Biplo/Roomba-Biplo-Studio/Content/Assets/Apartment/Textures/Ramp_Wood_Normal.uasset" 3762
"C:/Users/Amir sanni/Desktop/Biplo/Roomba-Biplo-Studio/Content/Assets/Apartment/Textures/Ramp_Wood_BaseColor.uasset" 3763
"C:/Users/Amir sanni/Desktop/Biplo/Roomba-Biplo-Studio/Content/Assets/Apartment/Textures/Ramp_Road_OcclusionRoughnessMetallic.uasset" 3764
"C:/Users/Amir sanni/Desktop/Biplo/Roomba-Biplo-Studio/Content/Assets/Apartment/Textures/Ramp_Road_Normal.uasset" 3765
"C:/Users/Amir sanni/Desktop/Biplo/Roomba-Biplo-Studio/Content/Assets/Apartment/Textures/Ramp_Road_BaseColor.uasset" 3766
"C:/Users/Amir sanni/Desktop/Biplo/Roomba-Biplo-Studio/Content/Assets/Apartment/Textures/Poster1.uasset" 3767
"C:/Users/Amir sanni/Desktop/Biplo/Roomba-Biplo-Studio/Content/Assets/Apartment/Textures/Plank_M_Plank_OcclusionRoughnessMetallic.uasset" 3768
"C:/Users/Amir sanni/Desktop/Biplo/Roomba-Biplo-Studio/Content/Assets/Apartment/Textures/Plank_M_Plank_Normal.uasset" 3769
"C:/Users/Amir sanni/Desktop/Biplo/Roomba-Biplo-Studio/Content/Assets/Apartment/Textures/Plank_M_Plank_BaseColor.uasset" 3770
"C:/Users/Amir sanni/Desktop/Biplo/Roomba-Biplo-Studio/Content/Assets/Apartment/Textures/Plank_DefaultMaterial_OcclusionRoughnessMetallic.uasset" 3771
"C:/Users/Amir sanni/Desktop/Biplo/Roomba-Biplo-Studio/Content/Assets/Apartment/Textures/Plank_DefaultMaterial_Normal.uasset" 3772
"C:/Users/Amir sanni/Desktop/Biplo/Roomba-Biplo-Studio/Content/Assets/Apartment/Textures/Plank_DefaultMaterial_BaseColor.uasset" 3773
"C:/Users/Amir sanni/Desktop/Biplo/Roomba-Biplo-Studio/Content/Assets/Apartment/Textures/PearIsTalking.uasset" 3774
"C:/Users/Amir sanni/Desktop/Biplo/Roomba-Biplo-Studio/Content/Assets/Apartment/Textures/PCOn.uasset" 3775
"C:/Users/Amir sanni/Desktop/Biplo/Roomba-Biplo-Studio/Content/Assets/Apartment/Textures/M_TVScreen.uasset" 3776
"C:/Users/Amir sanni/Desktop/Biplo/Roomba-Biplo-Studio/Content/Assets/Apartment/Textures/M_TVBase.uasset" 3777
"C:/Users/Amir sanni/Desktop/Biplo/Roomba-Biplo-Studio/Content/Assets/Apartment/Textures/M_Rope.uasset" 3778
"C:/Users/Amir sanni/Desktop/Biplo/Roomba-Biplo-Studio/Content/Assets/Apartment/Textures/M_PCOff.uasset" 3779
"C:/Users/Amir sanni/Desktop/Biplo/Roomba-Biplo-Studio/Content/Assets/Apartment/Textures/M_FlorenscentLightHolder.uasset" 3780
"C:/Users/Amir sanni/Desktop/Biplo/Roomba-Biplo-Studio/Content/Assets/Apartment/Textures/M_Ceiling.uasset" 3781
"C:/Users/Amir sanni/Desktop/Biplo/Roomba-Biplo-Studio/Content/Assets/Apartment/Textures/images.uasset" 3782
"C:/Users/Amir sanni/Desktop/Biplo/Roomba-Biplo-Studio/Content/Assets/Apartment/Textures/Floor_DefaultMaterial_OcclusionRoughnessMetallic.uasset" 3783
"C:/Users/Amir sanni/Desktop/Biplo/Roomba-Biplo-Studio/Content/Assets/Apartment/Textures/Floor_DefaultMaterial_Normal.uasset" 3784
"C:/Users/Amir sanni/Desktop/Biplo/Roomba-Biplo-Studio/Content/Assets/Apartment/Textures/Floor_DefaultMaterial_BaseColor.uasset" 3785
"C:/Users/Amir sanni/Desktop/Biplo/Roomba-Biplo-Studio/Content/Assets/Apartment/Textures/DeskAttempt1_Wood2_OcclusionRoughnessMetallic.uasset" 3786
"C:/Users/Amir sanni/Desktop/Biplo/Roomba-Biplo-Studio/Content/Assets/Apartment/Textures/DeskAttempt1_Wood2_Normal.uasset" 3787
"C:/Users/Amir sanni/Desktop/Biplo/Roomba-Biplo-Studio/Content/Assets/Apartment/Textures/DeskAttempt1_Wood2_BaseColor.uasset" 3788
"C:/Users/Amir sanni/Desktop/Biplo/Roomba-Biplo-Studio/Content/Assets/Apartment/Textures/DeskAttempt1_Wood1_OcclusionRoughnessMetallic.uasset" 3789
"C:/Users/Amir sanni/Desktop/Biplo/Roomba-Biplo-Studio/Content/Assets/Apartment/Textures/DeskAttempt1_Wood1_Normal.uasset" 3790
"C:/Users/Amir sanni/Desktop/Biplo/Roomba-Biplo-Studio/Content/Assets/Apartment/Textures/DeskAttempt1_Wood1_BaseColor.uasset" 3791
"C:/Users/Amir sanni/Desktop/Biplo/Roomba-Biplo-Studio/Content/Assets/Apartment/Textures/DeskAttempt1_Metal_OcclusionRoughnessMetallic.uasset" 3792
"C:/Users/Amir sanni/Desktop/Biplo/Roomba-Biplo-Studio/Content/Assets/Apartment/Textures/DeskAttempt1_Metal_Normal.uasset" 3793
"C:/Users/Amir sanni/Desktop/Biplo/Roomba-Biplo-Studio/Content/Assets/Apartment/Textures/DeskAttempt1_Metal_BaseColor.uasset" 3794
"C:/Users/Amir sanni/Desktop/Biplo/Roomba-Biplo-Studio/Content/Assets/Apartment/Textures/church_arch_trim_normal8-2000x2000.uasset" 3795
"C:/Users/Amir sanni/Desktop/Biplo/Roomba-Biplo-Studio/Content/Assets/Apartment/Textures/Calender.uasset" 3796
"C:/Users/Amir sanni/Desktop/Biplo/Roomba-Biplo-Studio/Content/Assets/Apartment/Textures/Bottle_Cap_OcclusionRoughnessMetallic.uasset" 3797
"C:/Users/Amir sanni/Desktop/Biplo/Roomba-Biplo-Studio/Content/Assets/Apartment/Textures/Bottle_Cap_Normal.uasset" 3798
"C:/Users/Amir sanni/Desktop/Biplo/Roomba-Biplo-Studio/Content/Assets/Apartment/Textures/Bottle_Cap_BaseColor.uasset" 3799
"C:/Users/Amir sanni/Desktop/Biplo/Roomba-Biplo-Studio/Content/Assets/Apartment/Textures/Bottle_Bottle_OcclusionRoughnessMetallic.uasset" 3800
"C:/Users/Amir sanni/Desktop/Biplo/Roomba-Biplo-Studio/Content/Assets/Apartment/Textures/Bottle_Bottle_Normal.uasset" 3801
"C:/Users/Amir sanni/Desktop/Biplo/Roomba-Biplo-Studio/Content/Assets/Apartment/Textures/Bottle_Bottle_BaseColor.uasset" 3802
"C:/Users/Amir sanni/Desktop/Biplo/Roomba-Biplo-Studio/Content/Assets/Apartment/Textures/14693-normal.uasset" 3803
"C:/Users/Amir sanni/Desktop/Biplo/Roomba-Biplo-Studio/Content/Assets/Apartment/Textures/10743-normal.uasset" 3804
"C:/Users/Amir sanni/Desktop/Biplo/Roomba-Biplo-Studio/Content/Assets/Apartment/Rug5.uasset" 3805
"C:/Users/Amir sanni/Desktop/Biplo/Roomba-Biplo-Studio/Content/Assets/Apartment/M_Stairs.uasset" 3806
"C:/Users/Amir sanni/Desktop/Biplo/Roomba-Biplo-Studio/Content/Assets/Apartment/M_Floor.uasset" 3807
"C:/Users/Amir sanni/Desktop/Biplo/Roomba-Biplo-Studio/Content/Assets/Apartment/header.uasset" 3808
"C:/Users/Amir sanni/Desktop/Biplo/Roomba-Biplo-Studio/Content/Assets/2DImages/Posters/Poster.uasset" 3809
"C:/Users/Amir sanni/Desktop/Biplo/Roomba-Biplo-Studio/Content/Assets/2DImages/Facial/Improved/BiploFaces2_0.uasset" 3810
"C:/Users/Amir sanni/Desktop/Biplo/Roomba-Biplo-Studio/Content/Assets/2DImages/Facial/M_Face1.uasset" 3811
"C:/Users/Amir sanni/Desktop/Biplo/Roomba-Biplo-Studio/Content/Assets/2DImages/Facial/Biplo_power_up-ezgif_com-webp-to-png-converter.uasset" 3812
"C:/Users/Amir sanni/Desktop/Biplo/Roomba-Biplo-Studio/Content/Assets/2DImages/Facial/Biplo_faces_glow_scanlines-ezgif_com-webp-to-png-converter.uasset" 3813
"C:/Users/Amir sanni/Desktop/Biplo/Roomba-Biplo-Studio/Content/Assets/2DImages/Wave.uasset" 3814
"C:/Users/Amir sanni/Desktop/Biplo/Roomba-Biplo-Studio/Content/Assets/2DImages/VinesSmall.uasset" 3815
"C:/Users/Amir sanni/Desktop/Biplo/Roomba-Biplo-Studio/Content/Assets/2DImages/VinesSingle.uasset" 3816
"C:/Users/Amir sanni/Desktop/Biplo/Roomba-Biplo-Studio/Content/Assets/2DImages/Vines.uasset" 3817
"C:/Users/Amir sanni/Desktop/Biplo/Roomba-Biplo-Studio/Content/Assets/2DImages/test2.uasset" 3818
"C:/Users/Amir sanni/Desktop/Biplo/Roomba-Biplo-Studio/Content/Assets/2DImages/roadLines.uasset" 3819
"C:/Users/Amir sanni/Desktop/Biplo/Roomba-Biplo-Studio/Content/Assets/2DImages/road.uasset" 3820
"C:/Users/Amir sanni/Desktop/Biplo/Roomba-Biplo-Studio/Content/Assets/2DImages/pavementSlab.uasset" 3821
"C:/Users/Amir sanni/Desktop/Biplo/Roomba-Biplo-Studio/Content/Assets/2DImages/orangeLine.uasset" 3822
"C:/Users/Amir sanni/Desktop/Biplo/Roomba-Biplo-Studio/Content/Assets/2DImages/LIGHTVSDARK.uasset" 3823
"C:/Users/Amir sanni/Desktop/Biplo/Roomba-Biplo-Studio/Content/Assets/2DImages/EnergyPopup.uasset" 3824
"C:/Users/Amir sanni/Desktop/Biplo/Roomba-Biplo-Studio/Content/Assets/2DImages/ENERGYBOX.uasset" 3825
"C:/Users/Amir sanni/Desktop/Biplo/Roomba-Biplo-Studio/Content/Assets/2DImages/cursorsmall.uasset" 3826
"C:/Users/Amir sanni/Desktop/Biplo/Roomba-Biplo-Studio/Content/Assets/2DImages/cursor.uasset" 3827
"C:/Users/Amir sanni/Desktop/Biplo/Roomba-Biplo-Studio/Content/Assets/2DImages/Crack.uasset" 3828
"C:/Users/Amir sanni/Desktop/Biplo/Roomba-Biplo-Studio/Content/Assets/Vignette3.uasset" 3829
"C:/Users/Amir sanni/Desktop/Biplo/Roomba-Biplo-Studio/Content/Assets/Vignette.uasset" 3830
"C:/Users/Amir sanni/Desktop/Biplo/Roomba-Biplo-Studio/Content/Assets/roomba1_Low_lambert1_OcclusionRoughnessMetallic.uasset" 3831
"C:/Users/Amir sanni/Desktop/Biplo/Roomba-Biplo-Studio/Content/Assets/roomba1_Low_lambert1_Normal.uasset" 3832
"C:/Users/Amir sanni/Desktop/Biplo/Roomba-Biplo-Studio/Content/Assets/roomba1_Low_lambert1_Emissive.uasset" 3833
"C:/Users/Amir sanni/Desktop/Biplo/Roomba-Biplo-Studio/Content/Assets/roomba.uasset" 3834
"C:/Users/Amir sanni/Desktop/Biplo/Roomba-Biplo-Studio/Content/Assets/M_LightHazze.uasset" 3835
"C:/Users/Amir sanni/Desktop/Biplo/Roomba-Biplo-Studio/Content/Assets/lambert1.uasset" 3836
"C:/Users/Amir sanni/Desktop/Biplo/Roomba-Biplo-Studio/Content/Assets/HighRiseGlass0016_1_350.uasset" 3837
"C:/Users/Amir sanni/Desktop/Biplo/Roomba-Biplo-Studio/Content/Assets/GRUNGE_YARARR.uasset" 3838
"C:/Users/Amir sanni/Desktop/Biplo/Roomba-Biplo-Studio/Content/Assets/Cignette2.uasset" 3839
"C:/Users/Amir sanni/Desktop/Biplo/Roomba-Biplo-Studio/Content/NicholasSmithGoods.uasset" 3840
"../../../Engine/Plugins/Interchange/Runtime/Content/Functions/MF_OrenNayerView.uasset" 3841
"../../../Engine/Plugins/Interchange/Runtime/Content/Functions/MF_SchlickApprox.uasset" 3842
"../../../Engine/Content/EngineMaterials/DefaultCalibrationGrayscale.uasset" 3843
"../../../Engine/Content/MobileResources/HUD/VirtualJoystick_Background.uasset" 3844
"../../../Engine/Content/EngineMaterials/DefaultCalibrationColor.uasset" 3845
"../../../Engine/Content/EngineSounds/Submixes/MasterEQEffectPreset.uasset" 3846
"../../../Engine/Content/EngineSounds/Submixes/MasterReverbEffectPreset.uasset" 3847
"../../../Engine/Content/MobileResources/HUD/VirtualJoystick_Thumb.uasset" 3848
"../../../Engine/Content/EditorMaterials/PreviewShadowIndicator.uasset" 3849
"../../../Engine/Content/EngineSky/M_SimpleSkyDome.uasset" 3850
"../../../Engine/Content/Functions/Engine_MaterialFunctions01/ImageAdjustment/BlurSampleOffsets.uasset" 3851
"../../../Engine/Content/Functions/Engine_MaterialFunctions02/SampleSceneDepth.uasset" 3852
"../../../Engine/Content/Maps/Entry_BuiltData.uasset" 3853
"../../../Engine/Content/MapTemplates/Sky/M_BlackBackground.uasset" 3854
"../../../Engine/Plugins/FX/NiagaraFluids/Content/Enums/ENiagaraFluidAttributeListReduced.uasset" 3855
"../../../Engine/Content/Functions/Engine_MaterialFunctions01/Texturing/BitMask.uasset" 3856
"../../../Engine/Plugins/FX/NiagaraFluids/Content/Enums/ENiagaraCompositingMethod.uasset" 3857
"../../../Engine/Plugins/FX/NiagaraFluids/Content/Materials/Utility/M_SolidParticle.uasset" 3858
"../../../Engine/Plugins/FX/Niagara/Content/VectorFields/Assets/TilingCurl32.uasset" 3859
"../../../Engine/Plugins/FX/NiagaraFluids/Content/Enums/ENiagaraDebugVectorAttributeList.uasset" 3860
"../../../Engine/Plugins/FX/NiagaraFluids/Content/Enums/ENiagaraInterpolationMethod.uasset" 3861
"../../../Engine/Plugins/FX/NiagaraFluids/Content/Enums/ENiagaraGasDensityRenderTypes.uasset" 3862
"../../../Engine/Plugins/FX/NiagaraFluids/Content/Enums/ENiagaraGasTemperatureRenderTypes.uasset" 3863
"../../../Engine/Plugins/FX/NiagaraFluids/Content/Enums/ENiagaraParticleSourceAttributeList.uasset" 3864
"../../../Engine/Plugins/FX/NiagaraFluids/Content/Enums/ENiagaraDebugSliceAttributeList.uasset" 3865
"../../../Engine/Content/MapTemplates/Sky/DaylightAmbientCubemap.uasset" 3866
"../../../Engine/Plugins/FX/NiagaraFluids/Content/Enums/ENiagaraScalabilityQualityLevels.uasset" 3867
"../../../Engine/Plugins/FX/NiagaraFluids/Content/Enums/ENiagaraGasTemperatureOpacityRenderTypes.uasset" 3868
"../../../Engine/Content/Functions/Engine_MaterialFunctions02/Utility/BlendAngleCorrectedNormals.uasset" 3869
"../../../Engine/Content/EngineMaterials/BlendFunc_DefBlend.uasset" 3870
"../../../Engine/Content/Functions/Engine_MaterialFunctions01/Gradient/RadialGradient.uasset" 3871
"../../../Engine/Content/Functions/Engine_MaterialFunctions01/Opacity/AlphaOffset.uasset" 3872
"../../../Engine/Content/EngineMaterials/BlendFunc_DefBase.uasset" 3873
"../../../Engine/Content/Functions/Engine_MaterialFunctions02/Utility/Swizzle.uasset" 3874
"../../../Engine/Content/EditorMeshes/ColorCalibrator/T_ColorGrid.uasset" 3875
"../../../Engine/Content/Functions/Engine_MaterialFunctions01/Gradient/LinearGradient.uasset" 3876
"../../../Engine/Content/Animation/DefaultAnimCurveCompressionSettings.uasset" 3877
"../../../Engine/Content/Functions/MaterialLayerFunctions/MatLayerBlend_Simple.uasset" 3878
"../../../Engine/Content/Animation/DefaultAnimBoneCompressionSettings.uasset" 3879
"../../../Engine/Plugins/Animation/ControlRig/Content/Controls/DefaultGizmoLibrary.uasset" 3880
"../../../Engine/Content/Functions/Engine_MaterialFunctions03/Procedurals/ComputeFilterWidth.uasset" 3881
"../../../Engine/Content/EditorMeshes/ColorCalibrator/M_ChromeBall.uasset" 3882
"../../../Engine/Content/Functions/Engine_MaterialFunctions01/Volumetrics/BeersLaw.uasset" 3883
"../../../Engine/Content/Functions/Engine_MaterialFunctions01/WorldPositionOffset/SimpleGrassWind.uasset" 3884
"../../../Engine/Content/EditorMeshes/ColorCalibrator/M_GreyBall.uasset" 3885
"../../../Engine/Content/EngineSky/T_Sky_Stars.uasset" 3886
"../../../Engine/Content/EditorMeshes/ColorCalibrator/M_ClearCoat.uasset" 3887
"../../../Engine/Content/EngineSky/T_Sky_Clouds_M.uasset" 3888
"../../../Engine/Content/EditorMeshes/ColorCalibrator/M_ClearCoatBlack.uasset" 3889
"../../../Engine/Content/EngineSky/T_Sky_Blue.uasset" 3890
"../../../Engine/Content/Functions/Engine_MaterialFunctions02/ScreenResolution.uasset" 3891
"../../../Engine/Content/EditorMeshes/ColorCalibrator/Color_checker.uasset" 3892
"../../../Engine/Content/OpenWorldTemplate/LandscapeMaterial/T_GridChecker_A.uasset" 3893
"../../../Engine/Content/ArtTools/RenderToTexture/Textures/127grey.uasset" 3894
"C:/Users/Amir sanni/Desktop/Biplo/Roomba-Biplo-Studio/Content/NewAssetsCool/RoombaFinal/roomba_CtrlRig.uasset" 3895
"C:/Users/Amir sanni/Desktop/Biplo/Roomba-Biplo-Studio/Content/Characters/Mannequins/Rigs/CR_Mannequin_Body.uasset" 3896
"../../../Engine/Content/Functions/Engine_MaterialFunctions01/Texturing/ScaleUVsByCenter.uasset" 3897
"../../../Engine/Content/ArtTools/RenderToTexture/MaterialFunctions/CheckerPattern.uasset" 3898
"C:/Users/Amir sanni/Desktop/Biplo/Roomba-Biplo-Studio/Content/ThirdPerson/Input/IMC_Crane.uasset" 3899
"C:/Users/Amir sanni/Desktop/Biplo/Roomba-Biplo-Studio/Content/ThirdPerson/Input/IMC_Default.uasset" 3900
"C:/Users/Amir sanni/Desktop/Biplo/Roomba-Biplo-Studio/Content/ThirdPerson/Blueprints/SunLight_Controller_BP/BP_SunTrigger.uasset" 3901
"../../../Engine/Plugins/FX/NiagaraFluids/Content/Materials/Grid3D/M_DebugVolumeSlice.uasset" 3902
"C:/Users/Amir sanni/Desktop/Biplo/Roomba-Biplo-Studio/Content/ThirdPerson/Blueprints/Niagra/M_Smoke1.uasset" 3903
"C:/Users/Amir sanni/Desktop/Biplo/Roomba-Biplo-Studio/Content/ThirdPerson/Blueprints/Niagra/Smoke1.uasset" 3904
"C:/Users/Amir sanni/Desktop/Biplo/Roomba-Biplo-Studio/Content/ThirdPerson/Blueprints/LightDetection_BP/BP_LightDetection.uasset" 3905
"C:/Users/Amir sanni/Desktop/Biplo/Roomba-Biplo-Studio/Content/ThirdPerson/Blueprints/Generator/Orange.uasset" 3906
"C:/Users/Amir sanni/Desktop/Biplo/Roomba-Biplo-Studio/Content/StarterContent/Textures/T_Wood_Pine_Mat.uasset" 3907
"C:/Users/Amir sanni/Desktop/Biplo/Roomba-Biplo-Studio/Content/StarterContent/Particles/Materials/M_Heat_Distortion.uasset" 3908
"C:/Users/Amir sanni/Desktop/Biplo/Roomba-Biplo-Studio/Content/StarterContent/Props/Materials/M_TableRound.uasset" 3909
"C:/Users/Amir sanni/Desktop/Biplo/Roomba-Biplo-Studio/Content/StarterContent/Props/Materials/M_StatueGlass.uasset" 3910
"C:/Users/Amir sanni/Desktop/Biplo/Roomba-Biplo-Studio/Content/StarterContent/Props/Materials/M_Statue.uasset" 3911
"C:/Users/Amir sanni/Desktop/Biplo/Roomba-Biplo-Studio/Content/StarterContent/Particles/Materials/M_Spark.uasset" 3912
"C:/Users/Amir sanni/Desktop/Biplo/Roomba-Biplo-Studio/Content/StarterContent/Particles/Materials/M_smoke_subUV.uasset" 3913
"C:/Users/Amir sanni/Desktop/Biplo/Roomba-Biplo-Studio/Content/StarterContent/Props/Materials/M_Shelf.uasset" 3914
"C:/Users/Amir sanni/Desktop/Biplo/Roomba-Biplo-Studio/Content/StarterContent/Materials/M_Wood_Floor_Walnut_Polished.uasset" 3915
"C:/Users/Amir sanni/Desktop/Biplo/Roomba-Biplo-Studio/Content/StarterContent/Materials/M_Water_Lake.uasset" 3916
"C:/Users/Amir sanni/Desktop/Biplo/Roomba-Biplo-Studio/Content/Assets/PLACEHOLDERS/M_TestFog.uasset" 3917
"C:/Users/Amir sanni/Desktop/Biplo/Roomba-Biplo-Studio/Content/StarterContent/Materials/M_Rock_Marble_Polished.uasset" 3918
"C:/Users/Amir sanni/Desktop/Biplo/Roomba-Biplo-Studio/Content/StarterContent/Materials/M_Wood_Walnut.uasset" 3919
"C:/Users/Amir sanni/Desktop/Biplo/Roomba-Biplo-Studio/Content/StarterContent/Materials/M_Wood_Pine.uasset" 3920
"C:/Users/Amir sanni/Desktop/Biplo/Roomba-Biplo-Studio/Content/StarterContent/Materials/M_Wood_Oak.uasset" 3921
"C:/Users/Amir sanni/Desktop/Biplo/Roomba-Biplo-Studio/Content/StarterContent/Materials/M_Tech_Panel.uasset" 3922
"C:/Users/Amir sanni/Desktop/Biplo/Roomba-Biplo-Studio/Content/StarterContent/Materials/M_Tech_Hex_Tile_Pulse.uasset" 3923
"C:/Users/Amir sanni/Desktop/Biplo/Roomba-Biplo-Studio/Content/StarterContent/Materials/M_Rock_Slate.uasset" 3924
"C:/Users/Amir sanni/Desktop/Biplo/Roomba-Biplo-Studio/Content/StarterContent/Materials/M_Rock_Sandstone.uasset" 3925
"C:/Users/Amir sanni/Desktop/Biplo/Roomba-Biplo-Studio/Content/StarterContent/Materials/M_Rock_Basalt.uasset" 3926
"C:/Users/Amir sanni/Desktop/Biplo/Roomba-Biplo-Studio/Content/StarterContent/Materials/M_Metal_Steel.uasset" 3927
"C:/Users/Amir sanni/Desktop/Biplo/Roomba-Biplo-Studio/Content/StarterContent/Materials/M_Metal_Gold.uasset" 3928
"C:/Users/Amir sanni/Desktop/Biplo/Roomba-Biplo-Studio/Content/StarterContent/Materials/M_Metal_Copper.uasset" 3929
"C:/Users/Amir sanni/Desktop/Biplo/Roomba-Biplo-Studio/Content/StarterContent/Materials/M_Metal_Chrome.uasset" 3930
"C:/Users/Amir sanni/Desktop/Biplo/Roomba-Biplo-Studio/Content/StarterContent/Materials/M_Metal_Burnished_Steel.uasset" 3931
"C:/Users/Amir sanni/Desktop/Biplo/Roomba-Biplo-Studio/Content/StarterContent/Materials/M_Metal_Brushed_Nickel.uasset" 3932
"C:/Users/Amir sanni/Desktop/Biplo/Roomba-Biplo-Studio/Content/StarterContent/Props/Materials/M_Lamp.uasset" 3933
"C:/Users/Amir sanni/Desktop/Biplo/Roomba-Biplo-Studio/Content/StarterContent/Materials/M_Ground_Moss.uasset" 3934
"C:/Users/Amir sanni/Desktop/Biplo/Roomba-Biplo-Studio/Content/StarterContent/Materials/M_Ground_Gravel.uasset" 3935
"C:/Users/Amir sanni/Desktop/Biplo/Roomba-Biplo-Studio/Content/StarterContent/Materials/M_Ground_Grass.uasset" 3936
"C:/Users/Amir sanni/Desktop/Biplo/Roomba-Biplo-Studio/Content/StarterContent/Props/Materials/M_Frame.uasset" 3937
"C:/Users/Amir sanni/Desktop/Biplo/Roomba-Biplo-Studio/Content/StarterContent/Particles/Materials/M_Fire_SubUV.uasset" 3938
"C:/Users/Amir sanni/Desktop/Biplo/Roomba-Biplo-Studio/Content/StarterContent/Particles/Materials/M_explosion_subUV.uasset" 3939
"C:/Users/Amir sanni/Desktop/Biplo/Roomba-Biplo-Studio/Content/StarterContent/Particles/Materials/M_Dust_Particle.uasset" 3940
"C:/Users/Amir sanni/Desktop/Biplo/Roomba-Biplo-Studio/Content/StarterContent/Props/Materials/M_Door.uasset" 3941
"C:/Users/Amir sanni/Desktop/Biplo/Roomba-Biplo-Studio/Content/StarterContent/Materials/M_Concrete_Tiles.uasset" 3942
"C:/Users/Amir sanni/Desktop/Biplo/Roomba-Biplo-Studio/Content/StarterContent/Materials/M_Concrete_Poured.uasset" 3943
"C:/Users/Amir sanni/Desktop/Biplo/Roomba-Biplo-Studio/Content/StarterContent/Materials/M_Concrete_Panels.uasset" 3944
"C:/Users/Amir sanni/Desktop/Biplo/Roomba-Biplo-Studio/Content/StarterContent/Materials/M_Concrete_Grime.uasset" 3945
"C:/Users/Amir sanni/Desktop/Biplo/Roomba-Biplo-Studio/Content/StarterContent/Materials/M_CobbleStone_Smooth.uasset" 3946
"C:/Users/Amir sanni/Desktop/Biplo/Roomba-Biplo-Studio/Content/StarterContent/Materials/M_CobbleStone_Rough.uasset" 3947
"C:/Users/Amir sanni/Desktop/Biplo/Roomba-Biplo-Studio/Content/StarterContent/Materials/M_CobbleStone_Pebble.uasset" 3948
"C:/Users/Amir sanni/Desktop/Biplo/Roomba-Biplo-Studio/Content/StarterContent/Materials/M_Tech_Checker_Dot.uasset" 3949
"C:/Users/Amir sanni/Desktop/Biplo/Roomba-Biplo-Studio/Content/StarterContent/Props/Materials/M_Chair.uasset" 3950
"C:/Users/Amir sanni/Desktop/Biplo/Roomba-Biplo-Studio/Content/StarterContent/Materials/M_Ceramic_Tile_Checker.uasset" 3951
"C:/Users/Amir sanni/Desktop/Biplo/Roomba-Biplo-Studio/Content/StarterContent/Props/Materials/M_Bush.uasset" 3952
"C:/Users/Amir sanni/Desktop/Biplo/Roomba-Biplo-Studio/Content/StarterContent/Particles/Materials/M_Burst.uasset" 3953
"C:/Users/Amir sanni/Desktop/Biplo/Roomba-Biplo-Studio/Content/StarterContent/Materials/M_Brick_Hewn_Stone.uasset" 3954
"C:/Users/Amir sanni/Desktop/Biplo/Roomba-Biplo-Studio/Content/StarterContent/Materials/M_Brick_Cut_Stone.uasset" 3955
"C:/Users/Amir sanni/Desktop/Biplo/Roomba-Biplo-Studio/Content/StarterContent/Materials/M_Brick_Clay_Old.uasset" 3956
"C:/Users/Amir sanni/Desktop/Biplo/Roomba-Biplo-Studio/Content/StarterContent/Materials/M_Brick_Clay_New.uasset" 3957
"C:/Users/Amir sanni/Desktop/Biplo/Roomba-Biplo-Studio/Content/StarterContent/Materials/M_Brick_Clay_Beveled.uasset" 3958
"C:/Users/Amir sanni/Desktop/Biplo/Roomba-Biplo-Studio/Content/StarterContent/Props/SM_GlassWindow.uasset" 3959
"C:/Users/Amir sanni/Desktop/Biplo/Roomba-Biplo-Studio/Content/StarterContent/Shapes/Shape_WideCapsule.uasset" 3960
"C:/Users/Amir sanni/Desktop/Biplo/Roomba-Biplo-Studio/Content/StarterContent/Shapes/Shape_Wedge_B.uasset" 3961
"C:/Users/Amir sanni/Desktop/Biplo/Roomba-Biplo-Studio/Content/StarterContent/Shapes/Shape_Wedge_A.uasset" 3962
"C:/Users/Amir sanni/Desktop/Biplo/Roomba-Biplo-Studio/Content/StarterContent/Shapes/Shape_Tube.uasset" 3963
"C:/Users/Amir sanni/Desktop/Biplo/Roomba-Biplo-Studio/Content/StarterContent/Shapes/Shape_TriPyramid.uasset" 3964
"C:/Users/Amir sanni/Desktop/Biplo/Roomba-Biplo-Studio/Content/StarterContent/Shapes/Shape_Trim_90_Out.uasset" 3965
"C:/Users/Amir sanni/Desktop/Biplo/Roomba-Biplo-Studio/Content/StarterContent/Shapes/Shape_Trim_90_In.uasset" 3966
"C:/Users/Amir sanni/Desktop/Biplo/Roomba-Biplo-Studio/Content/StarterContent/Shapes/Shape_Trim.uasset" 3967
"C:/Users/Amir sanni/Desktop/Biplo/Roomba-Biplo-Studio/Content/StarterContent/Shapes/Shape_Torus.uasset" 3968
"C:/Users/Amir sanni/Desktop/Biplo/Roomba-Biplo-Studio/Content/StarterContent/Shapes/Shape_Sphere.uasset" 3969
"C:/Users/Amir sanni/Desktop/Biplo/Roomba-Biplo-Studio/Content/StarterContent/Shapes/Shape_QuadPyramid.uasset" 3970
"C:/Users/Amir sanni/Desktop/Biplo/Roomba-Biplo-Studio/Content/StarterContent/Shapes/Shape_Plane.uasset" 3971
"C:/Users/Amir sanni/Desktop/Biplo/Roomba-Biplo-Studio/Content/StarterContent/Shapes/Shape_Pipe_90.uasset" 3972
"C:/Users/Amir sanni/Desktop/Biplo/Roomba-Biplo-Studio/Content/StarterContent/Shapes/Shape_Pipe_180.uasset" 3973
"C:/Users/Amir sanni/Desktop/Biplo/Roomba-Biplo-Studio/Content/StarterContent/Shapes/Shape_Pipe.uasset" 3974
"C:/Users/Amir sanni/Desktop/Biplo/Roomba-Biplo-Studio/Content/StarterContent/Shapes/Shape_NarrowCapsule.uasset" 3975
"C:/Users/Amir sanni/Desktop/Biplo/Roomba-Biplo-Studio/Content/StarterContent/Shapes/Shape_Cylinder.uasset" 3976
"C:/Users/Amir sanni/Desktop/Biplo/Roomba-Biplo-Studio/Content/StarterContent/Shapes/Shape_Cube.uasset" 3977
"C:/Users/Amir sanni/Desktop/Biplo/Roomba-Biplo-Studio/Content/StarterContent/Shapes/Shape_Cone.uasset" 3978
"C:/Users/Amir sanni/Desktop/Biplo/Roomba-Biplo-Studio/Content/StarterContent/Architecture/Wall_Window_400x400.uasset" 3979
"C:/Users/Amir sanni/Desktop/Biplo/Roomba-Biplo-Studio/Content/StarterContent/Architecture/Wall_Window_400x300.uasset" 3980
"C:/Users/Amir sanni/Desktop/Biplo/Roomba-Biplo-Studio/Content/StarterContent/Architecture/Wall_Door_400x400.uasset" 3981
"C:/Users/Amir sanni/Desktop/Biplo/Roomba-Biplo-Studio/Content/StarterContent/Architecture/Wall_Door_400x300.uasset" 3982
"C:/Users/Amir sanni/Desktop/Biplo/Roomba-Biplo-Studio/Content/StarterContent/Architecture/Wall_500x500.uasset" 3983
"C:/Users/Amir sanni/Desktop/Biplo/Roomba-Biplo-Studio/Content/StarterContent/Architecture/Wall_400x400.uasset" 3984
"C:/Users/Amir sanni/Desktop/Biplo/Roomba-Biplo-Studio/Content/StarterContent/Architecture/Wall_400x300.uasset" 3985
"C:/Users/Amir sanni/Desktop/Biplo/Roomba-Biplo-Studio/Content/StarterContent/Architecture/Wall_400x200.uasset" 3986
"C:/Users/Amir sanni/Desktop/Biplo/Roomba-Biplo-Studio/Content/StarterContent/Architecture/Pillar_50x500.uasset" 3987
"C:/Users/Amir sanni/Desktop/Biplo/Roomba-Biplo-Studio/Content/StarterContent/Props/SM_Stairs.uasset" 3988
"C:/Users/Amir sanni/Desktop/Biplo/Roomba-Biplo-Studio/Content/StarterContent/Architecture/Floor_400x400.uasset" 3989
"C:/Users/Amir sanni/Desktop/Biplo/Roomba-Biplo-Studio/Content/StarterContent/Architecture/SM_AssetPlatform.uasset" 3990
"C:/Users/Amir sanni/Desktop/Biplo/Roomba-Biplo-Studio/Content/NewAssetsCool/WaterTower/M_WaterTower.uasset" 3991
"C:/Users/Amir sanni/Desktop/Biplo/Roomba-Biplo-Studio/Content/NewAssetsCool/Warehouse/M_Warehouse.uasset" 3992
"C:/Users/Amir sanni/Desktop/Biplo/Roomba-Biplo-Studio/Content/NewAssetsCool/TimedPowerboxes/M_TimedFuseBox.uasset" 3993
"C:/Users/Amir sanni/Desktop/Biplo/Roomba-Biplo-Studio/Content/NewAssetsCool/Terminal/M_Terminal.uasset" 3994
"C:/Users/Amir sanni/Desktop/Biplo/Roomba-Biplo-Studio/Content/NewAssetsCool/Tarp/M_Tarp.uasset" 3995
"C:/Users/Amir sanni/Desktop/Biplo/Roomba-Biplo-Studio/Content/NewAssetsCool/Streetlight/LightOff/LightOff.uasset" 3996
"C:/Users/Amir sanni/Desktop/Biplo/Roomba-Biplo-Studio/Content/NewAssetsCool/ShippingContainer/Red/redContainer_Mat.uasset" 3997
"C:/Users/Amir sanni/Desktop/Biplo/Roomba-Biplo-Studio/Content/NewAssetsCool/ShippingContainer/blue/blueContainer.uasset" 3998
"C:/Users/Amir sanni/Desktop/Biplo/Roomba-Biplo-Studio/Content/NewAssetsCool/RoombaFinal/Animation/Moving.uasset" 3999
"C:/Users/Amir sanni/Desktop/Biplo/Roomba-Biplo-Studio/Content/NewAssetsCool/RoombaFinal/Animation/Idle.uasset" 4000
"C:/Users/Amir sanni/Desktop/Biplo/Roomba-Biplo-Studio/Content/NewAssetsCool/RoombaFinal/M_FinalRoomba.uasset" 4001
"C:/Users/Amir sanni/Desktop/Biplo/Roomba-Biplo-Studio/Content/NewAssetsCool/RooftopVents/VentilationRamp.uasset" 4002
"C:/Users/Amir sanni/Desktop/Biplo/Roomba-Biplo-Studio/Content/NewAssetsCool/RooftopVents/VentilationBlock.uasset" 4003
"C:/Users/Amir sanni/Desktop/Biplo/Roomba-Biplo-Studio/Content/NewAssetsCool/Roof/Material_004.uasset" 4004
"C:/Users/Amir sanni/Desktop/Biplo/Roomba-Biplo-Studio/Content/NewAssetsCool/Roof/New/M_VentRamp.uasset" 4005
"C:/Users/Amir sanni/Desktop/Biplo/Roomba-Biplo-Studio/Content/NewAssetsCool/Powerplant/M_Powerplant.uasset" 4006
"C:/Users/Amir sanni/Desktop/Biplo/Roomba-Biplo-Studio/Content/NewAssetsCool/Powerplant/M_NuclearTower.uasset" 4007
"C:/Users/Amir sanni/Desktop/Biplo/Roomba-Biplo-Studio/Content/NewAssetsCool/ModularVents/singleVent/VentSingle_Mat.uasset" 4008
"C:/Users/Amir sanni/Desktop/Biplo/Roomba-Biplo-Studio/Content/NewAssetsCool/Fence/fence_Low_lambert1_BaseColor_Mat.uasset" 4009
"C:/Users/Amir sanni/Desktop/Biplo/Roomba-Biplo-Studio/Content/NewAssetsCool/Dumpster/Dumpster.uasset" 4010
"C:/Users/Amir sanni/Desktop/Biplo/Roomba-Biplo-Studio/Content/NewAssetsCool/ConstructionSiteFence/M_Fenceholder.uasset" 4011
"C:/Users/Amir sanni/Desktop/Biplo/Roomba-Biplo-Studio/Content/NewAssetsCool/ConstructionSiteFence/M_Fence.uasset" 4012
"C:/Users/Amir sanni/Desktop/Biplo/Roomba-Biplo-Studio/Content/NewAssetsCool/Cones/cone_mat.uasset" 4013
"C:/Users/Amir sanni/Desktop/Biplo/Roomba-Biplo-Studio/Content/NewAssetsCool/CityStairs/Stairs_Mat.uasset" 4014
"C:/Users/Amir sanni/Desktop/Biplo/Roomba-Biplo-Studio/Content/NewAssetsCool/Bus/bus1_mat.uasset" 4015
"C:/Users/Amir sanni/Desktop/Biplo/Roomba-Biplo-Studio/Content/NewAssetsCool/Buildings/Shop/Shop_Mat.uasset" 4016
"C:/Users/Amir sanni/Desktop/Biplo/Roomba-Biplo-Studio/Content/NewAssetsCool/Buildings/Building6/building6_Mat.uasset" 4017
"C:/Users/Amir sanni/Desktop/Biplo/Roomba-Biplo-Studio/Content/NewAssetsCool/Buildings/Building4/building4_Mat.uasset" 4018
"C:/Users/Amir sanni/Desktop/Biplo/Roomba-Biplo-Studio/Content/NewAssetsCool/Buildings/Building3/Yellow/yellowBuilding3_Mat.uasset" 4019
"C:/Users/Amir sanni/Desktop/Biplo/Roomba-Biplo-Studio/Content/NewAssetsCool/Buildings/Building3/BlueTextures/Building3BlueMat.uasset" 4020
"C:/Users/Amir sanni/Desktop/Biplo/Roomba-Biplo-Studio/Content/NewAssetsCool/Buildings/Building3/building3_Mat.uasset" 4021
"C:/Users/Amir sanni/Desktop/Biplo/Roomba-Biplo-Studio/Content/NewAssetsCool/Buildings/Building2/BlueTextures/BlueMat.uasset" 4022
"C:/Users/Amir sanni/Desktop/Biplo/Roomba-Biplo-Studio/Content/NewAssetsCool/Buildings/Building2/Building2_Mat.uasset" 4023
"C:/Users/Amir sanni/Desktop/Biplo/Roomba-Biplo-Studio/Content/NewAssetsCool/Buildings/Building1/Red/RedBuilding1_Mat.uasset" 4024
"C:/Users/Amir sanni/Desktop/Biplo/Roomba-Biplo-Studio/Content/NewAssetsCool/Buildings/Building1/Building1_Mat.uasset" 4025
"C:/Users/Amir sanni/Desktop/Biplo/Roomba-Biplo-Studio/Content/NewAssetsCool/Bike/Bike_Mat.uasset" 4026
"C:/Users/Amir sanni/Desktop/Biplo/Roomba-Biplo-Studio/Content/NewAssetsCool/Barriers/Barrier.uasset" 4027
"C:/Users/Amir sanni/Desktop/Biplo/Roomba-Biplo-Studio/Content/NewAssetsCool/Bakery/BakeryBuilding/Bakery_Mat.uasset" 4028
"C:/Users/Amir sanni/Desktop/Biplo/Roomba-Biplo-Studio/Content/NewAssetsCool/BackgroundBuildings/BgBuilding1/bgBuilding1_lambert1_BaseColor_Mat.uasset" 4029
"C:/Users/Amir sanni/Desktop/Biplo/Roomba-Biplo-Studio/Content/NewAssetsCool/2D/Vines/VinesSmall2_Mat.uasset" 4030
"C:/Users/Amir sanni/Desktop/Biplo/Roomba-Biplo-Studio/Content/NewAssetsCool/2D/Vines/VinesSmall_Mat.uasset" 4031
"C:/Users/Amir sanni/Desktop/Biplo/Roomba-Biplo-Studio/Content/NewAssetsCool/2D/Vines/VinesSingle_Mat.uasset" 4032
"C:/Users/Amir sanni/Desktop/Biplo/Roomba-Biplo-Studio/Content/NewAssetsCool/2D/Vines/Vines_Mat.uasset" 4033
"C:/Users/Amir sanni/Desktop/Biplo/Roomba-Biplo-Studio/Content/NewAssetsCool/2D/Skyline/SkylineMid/skylineMid2_Mat.uasset" 4034
"C:/Users/Amir sanni/Desktop/Biplo/Roomba-Biplo-Studio/Content/NewAssetsCool/2D/Skyline/SkylineForeground/skylineForeground2_Mat.uasset" 4035
"C:/Users/Amir sanni/Desktop/Biplo/Roomba-Biplo-Studio/Content/NewAssetsCool/2D/Drain/drain_Mat.uasset" 4036
"C:/Users/Amir sanni/Desktop/Biplo/Roomba-Biplo-Studio/Content/NewAssetsCool/2D/Crane/crane_Mat.uasset" 4037
"C:/Users/Amir sanni/Desktop/Biplo/Roomba-Biplo-Studio/Content/NewAssetsCool/2D/arrow/arrowGraffitiL_Mat.uasset" 4038
"C:/Users/Amir sanni/Desktop/Biplo/Roomba-Biplo-Studio/Content/NewAssetsCool/2D/arrow/arrowGraffiti_Mat.uasset" 4039
"C:/Users/Amir sanni/Desktop/Biplo/Roomba-Biplo-Studio/Content/Menu/Sofa/Sofa.uasset" 4040
"C:/Users/Amir sanni/Desktop/Biplo/Roomba-Biplo-Studio/Content/Menu/2dAssets/Fonts/REDFIVE__Font.uasset" 4041
"C:/Users/Amir sanni/Desktop/Biplo/Roomba-Biplo-Studio/Content/Menu/2dAssets/Fonts/OvercameDemoRegular_Font.uasset" 4042
"C:/Users/Amir sanni/Desktop/Biplo/Roomba-Biplo-Studio/Content/Menu/2dAssets/Fonts/OvercameDemoOutline_Font.uasset" 4043
"C:/Users/Amir sanni/Desktop/Biplo/Roomba-Biplo-Studio/Content/Menu/2dAssets/Fonts/OvercameDemoItalic_Font.uasset" 4044
"C:/Users/Amir sanni/Desktop/Biplo/Roomba-Biplo-Studio/Content/Menu/2dAssets/Fonts/OvercameDemoBoldItalic_Font.uasset" 4045
"C:/Users/Amir sanni/Desktop/Biplo/Roomba-Biplo-Studio/Content/Menu/2dAssets/Fonts/OvercameDemoBold_Font.uasset" 4046
"C:/Users/Amir sanni/Desktop/Biplo/Roomba-Biplo-Studio/Content/Menu/2dAssets/Fonts/gloridot_Font.uasset" 4047
"C:/Users/Amir sanni/Desktop/Biplo/Roomba-Biplo-Studio/Content/Menu/Credits_BP.uasset" 4048
"C:/Users/Amir sanni/Desktop/Biplo/Roomba-Biplo-Studio/Content/Menu/BRS_LOGO_Mat.uasset" 4049
"C:/Users/Amir sanni/Desktop/Biplo/Roomba-Biplo-Studio/Content/LevelPrototyping/Materials/MI_Solid_Blue.uasset" 4050
"C:/Users/Amir sanni/Desktop/Biplo/Roomba-Biplo-Studio/Content/LevelDesign/EasterEggRoom/Tomfoolery_Mat.uasset" 4051
"C:/Users/Amir sanni/Desktop/Biplo/Roomba-Biplo-Studio/Content/LevelDesign/EasterEggRoom/OhGreatHeavensEXCLAMATIONMARK.uasset" 4052
"C:/Users/Amir sanni/Desktop/Biplo/Roomba-Biplo-Studio/Content/LevelDesign/EasterEggRoom/M_Secret.uasset" 4053
"C:/Users/Amir sanni/Desktop/Biplo/Roomba-Biplo-Studio/Content/LevelDesign/DavidsCooking/Cooking2/Material_001.uasset" 4054
"C:/Users/Amir sanni/Desktop/Biplo/Roomba-Biplo-Studio/Content/LevelDesign/M_Invisible.uasset" 4055
"C:/Users/Amir sanni/Desktop/Biplo/Roomba-Biplo-Studio/Content/Assets/Roomba/Ring.uasset" 4056
"C:/Users/Amir sanni/Desktop/Biplo/Roomba-Biplo-Studio/Content/LevelDesign/M_Black.uasset" 4057
"C:/Users/Amir sanni/Desktop/Biplo/Roomba-Biplo-Studio/Content/ThirdPerson/Blueprints/Player_BP/WBP_STAMINAUI.uasset" 4058
"C:/Users/Amir sanni/Desktop/Biplo/Roomba-Biplo-Studio/Content/LevelDesign/DavidsCooking/M_BakeryDecale.uasset" 4059
"C:/Users/Amir sanni/Desktop/Biplo/Roomba-Biplo-Studio/Content/DoorPrototyp/BP_MovingLight.uasset" 4060
"C:/Users/Amir sanni/Desktop/Biplo/Roomba-Biplo-Studio/Content/Characters/Mannequin_UE4/Materials/Layers/ML_ShinyPlastic_Beige_Logo.uasset" 4061
"C:/Users/Amir sanni/Desktop/Biplo/Roomba-Biplo-Studio/Content/Characters/Mannequin_UE4/Materials/Layers/ML_Latex_Black.uasset" 4062
"C:/Users/Amir sanni/Desktop/Biplo/Roomba-Biplo-Studio/Content/Characters/Mannequin_UE4/Materials/Layers/ML_SoftMetal.uasset" 4063
"C:/Users/Amir sanni/Desktop/Biplo/Roomba-Biplo-Studio/Content/Characters/Mannequins/Materials/Functions/CA_Mannequin.uasset" 4064
"C:/Users/Amir sanni/Desktop/Biplo/Roomba-Biplo-Studio/Content/Audio/MetaSounds/SQ_Powerdown.uasset" 4065
"C:/Users/Amir sanni/Desktop/Biplo/Roomba-Biplo-Studio/Content/Audio/Raw_Audio/Player_noises/Biplo_Crash.uasset" 4066
"C:/Users/Amir sanni/Desktop/Biplo/Roomba-Biplo-Studio/Content/Audio/MetaSounds/MS_boxBreak.uasset" 4067
"C:/Users/Amir sanni/Desktop/Biplo/Roomba-Biplo-Studio/Content/Audio/Raw_Audio/Player_noises/Biplo_popup.uasset" 4068
"C:/Users/Amir sanni/Desktop/Biplo/Roomba-Biplo-Studio/Content/Audio/Raw_Audio/Player_noises/Biplo_On.uasset" 4069
"C:/Users/Amir sanni/Desktop/Biplo/Roomba-Biplo-Studio/Content/Audio/MetaSounds/SQ_Spawn.uasset" 4070
"C:/Users/Amir sanni/Desktop/Biplo/Roomba-Biplo-Studio/Content/Audio/MetaSounds/SQ_Door.uasset" 4071
"C:/Users/Amir sanni/Desktop/Biplo/Roomba-Biplo-Studio/Content/Audio/MetaSounds/MS_DoorUnlock.uasset" 4072
"C:/Users/Amir sanni/Desktop/Biplo/Roomba-Biplo-Studio/Content/Audio/MetaSounds/MS_ExtAmb.uasset" 4073
"C:/Users/Amir sanni/Desktop/Biplo/Roomba-Biplo-Studio/Content/Audio/MetaSounds/MS_IntAmb.uasset" 4074
"C:/Users/Amir sanni/Desktop/Biplo/Roomba-Biplo-Studio/Content/Audio/MetaSounds/MS_Player_Move_Menu.uasset" 4075
"C:/Users/Amir sanni/Desktop/Biplo/Roomba-Biplo-Studio/Content/Audio/MetaSounds/MS_Player_Move.uasset" 4076
"C:/Users/Amir sanni/Desktop/Biplo/Roomba-Biplo-Studio/Content/Assets/Warehouse/Mats/M_WoodenCrate.uasset" 4077
"C:/Users/Amir sanni/Desktop/Biplo/Roomba-Biplo-Studio/Content/Assets/Warehouse/Mats/M_WarehouseInt.uasset" 4078
"C:/Users/Amir sanni/Desktop/Biplo/Roomba-Biplo-Studio/Content/Assets/Warehouse/Mats/DriveBox_DefaultMaterial_OcclusionRoughnessMetallic__1__Mat.uasset" 4079
"C:/Users/Amir sanni/Desktop/Biplo/Roomba-Biplo-Studio/Content/Assets/Warehouse/Mats/DriveBox_DefaultMaterial_Normal__1__Mat.uasset" 4080
"C:/Users/Amir sanni/Desktop/Biplo/Roomba-Biplo-Studio/Content/Assets/Warehouse/Mats/DriveBox_DefaultMaterial_BaseColor__1__Mat.uasset" 4081
"C:/Users/Amir sanni/Desktop/Biplo/Roomba-Biplo-Studio/Content/Assets/Warehouse/M_ShoeBox.uasset" 4082
"C:/Users/Amir sanni/Desktop/Biplo/Roomba-Biplo-Studio/Content/Assets/Warehouse/M_Voices.uasset" 4083
"C:/Users/Amir sanni/Desktop/Biplo/Roomba-Biplo-Studio/Content/Assets/Warehouse/M_Cardboard2.uasset" 4084
"C:/Users/Amir sanni/Desktop/Biplo/Roomba-Biplo-Studio/Content/Assets/Warehouse/M_Cardboard3.uasset" 4085
"C:/Users/Amir sanni/Desktop/Biplo/Roomba-Biplo-Studio/Content/Assets/Warehouse/Mats/M_Cardboard1.uasset" 4086
"C:/Users/Amir sanni/Desktop/Biplo/Roomba-Biplo-Studio/Content/Assets/Vents/M_Vent.uasset" 4087
"C:/Users/Amir sanni/Desktop/Biplo/Roomba-Biplo-Studio/Content/Assets/TEXT/gloridot_Font.uasset" 4088
"C:/Users/Amir sanni/Desktop/Biplo/Roomba-Biplo-Studio/Content/Assets/StreetLights/M_StreetLightOn.uasset" 4089
"C:/Users/Amir sanni/Desktop/Biplo/Roomba-Biplo-Studio/Content/Assets/StreetLights/M_StreetLightOff.uasset" 4090
"C:/Users/Amir sanni/Desktop/Biplo/Roomba-Biplo-Studio/Content/Assets/Rooftop/BuildingFloor.uasset" 4091
"C:/Users/Amir sanni/Desktop/Biplo/Roomba-Biplo-Studio/Content/Assets/Road/Straight/M_Road.uasset" 4092
"C:/Users/Amir sanni/Desktop/Biplo/Roomba-Biplo-Studio/Content/Assets/Road/Main/M_RoadMain.uasset" 4093
"C:/Users/Amir sanni/Desktop/Biplo/Roomba-Biplo-Studio/Content/Assets/Powerstation/Generator_Temp-20250326T122037Z-001/Generator_Temp/Generator/Temp_generator.uasset" 4094
"C:/Users/Amir sanni/Desktop/Biplo/Roomba-Biplo-Studio/Content/Assets/Powerstation/Generator_Temp-20250326T122037Z-001/Generator_Temp/Generator/Coils.uasset" 4095
"C:/Users/Amir sanni/Desktop/Biplo/Roomba-Biplo-Studio/Content/Assets/Pavements/Straight/M_PavementStriaght.uasset" 4096
"C:/Users/Amir sanni/Desktop/Biplo/Roomba-Biplo-Studio/Content/Assets/Pavements/Square/M_PavementSquare.uasset" 4097
"C:/Users/Amir sanni/Desktop/Biplo/Roomba-Biplo-Studio/Content/Assets/Pavements/SideStraight/M_SideStraight.uasset" 4098
"C:/Users/Amir sanni/Desktop/Biplo/Roomba-Biplo-Studio/Content/Assets/Pavements/Giant/M_GiantPavement.uasset" 4099
"C:/Users/Amir sanni/Desktop/Biplo/Roomba-Biplo-Studio/Content/Assets/Lift/Base/M_LiftBase.uasset" 4100
"C:/Users/Amir sanni/Desktop/Biplo/Roomba-Biplo-Studio/Content/Assets/Lift/Lamp.uasset" 4101
"C:/Users/Amir sanni/Desktop/Biplo/Roomba-Biplo-Studio/Content/Assets/Lift/Gate.uasset" 4102
"C:/Users/Amir sanni/Desktop/Biplo/Roomba-Biplo-Studio/Content/Assets/Lift/Fence.uasset" 4103
"C:/Users/Amir sanni/Desktop/Biplo/Roomba-Biplo-Studio/Content/Assets/Fusebox/FuseMatTimedPowerbox.uasset" 4104
"C:/Users/Amir sanni/Desktop/Biplo/Roomba-Biplo-Studio/Content/Assets/Fusebox/FuseMat.uasset" 4105
"C:/Users/Amir sanni/Desktop/Biplo/Roomba-Biplo-Studio/Content/Assets/Fence/M_Fence.uasset" 4106
"C:/Users/Amir sanni/Desktop/Biplo/Roomba-Biplo-Studio/Content/Assets/External/HousePack/Table_RoundSmall_Table_RoundSmall.uasset" 4107
"C:/Users/Amir sanni/Desktop/Biplo/Roomba-Biplo-Studio/Content/Assets/External/HousePack/Table_RoundSmall2_Table_RoundSmall2.uasset" 4108
"C:/Users/Amir sanni/Desktop/Biplo/Roomba-Biplo-Studio/Content/Assets/External/HousePack/Table_RoundLarge_Table_RoundLarge.uasset" 4109
"C:/Users/Amir sanni/Desktop/Biplo/Roomba-Biplo-Studio/Content/Assets/External/HousePack/Drawer_5_Drawer_5.uasset" 4110
"C:/Users/Amir sanni/Desktop/Biplo/Roomba-Biplo-Studio/Content/Assets/External/HousePack/Drawer_4_Drawer_4.uasset" 4111
"C:/Users/Amir sanni/Desktop/Biplo/Roomba-Biplo-Studio/Content/Assets/External/HousePack/Drawer_3_Drawer_3.uasset" 4112
"C:/Users/Amir sanni/Desktop/Biplo/Roomba-Biplo-Studio/Content/Assets/External/HousePack/Drawer_2_Drawer_2.uasset" 4113
"C:/Users/Amir sanni/Desktop/Biplo/Roomba-Biplo-Studio/Content/Assets/External/HousePack/Drawer_1_Drawer_1.uasset" 4114
"C:/Users/Amir sanni/Desktop/Biplo/Roomba-Biplo-Studio/Content/Assets/External/HousePack/Chair_4.uasset" 4115
"C:/Users/Amir sanni/Desktop/Biplo/Roomba-Biplo-Studio/Content/Assets/External/HousePack/Chair_1.uasset" 4116
"C:/Users/Amir sanni/Desktop/Biplo/Roomba-Biplo-Studio/Content/Assets/External/HousePack/Plate_2_Plate_2.uasset" 4117
"C:/Users/Amir sanni/Desktop/Biplo/Roomba-Biplo-Studio/Content/Assets/External/HousePack/Shelf_Small3_Shelf_Small3.uasset" 4118
"C:/Users/Amir sanni/Desktop/Biplo/Roomba-Biplo-Studio/Content/Assets/External/HousePack/Shelf_Small2_Shelf_Small2.uasset" 4119
"C:/Users/Amir sanni/Desktop/Biplo/Roomba-Biplo-Studio/Content/Assets/External/HousePack/Shelf_Small1_Shelf_Small1.uasset" 4120
"C:/Users/Amir sanni/Desktop/Biplo/Roomba-Biplo-Studio/Content/Assets/External/HousePack/Shelf_Large_Shelf_Large.uasset" 4121
"C:/Users/Amir sanni/Desktop/Biplo/Roomba-Biplo-Studio/Content/Assets/External/HousePack/Shelf_2_Shelf_2.uasset" 4122
"C:/Users/Amir sanni/Desktop/Biplo/Roomba-Biplo-Studio/Content/Assets/External/HousePack/Shelf_1_Shelf_1.uasset" 4123
"C:/Users/Amir sanni/Desktop/Biplo/Roomba-Biplo-Studio/Content/Assets/External/HousePack/Plate_3_Plate_3.uasset" 4124
"C:/Users/Amir sanni/Desktop/Biplo/Roomba-Biplo-Studio/Content/Assets/External/HousePack/Plate_1_Plate_1.uasset" 4125
"C:/Users/Amir sanni/Desktop/Biplo/Roomba-Biplo-Studio/Content/Assets/External/HousePack/Bookshelf_Bookshelf.uasset" 4126
"C:/Users/Amir sanni/Desktop/Biplo/Roomba-Biplo-Studio/Content/Assets/External/HousePack/Bathroom_Toilet_Bathroom_Toilet.uasset" 4127
"C:/Users/Amir sanni/Desktop/Biplo/Roomba-Biplo-Studio/Content/Assets/External/HousePack/Bathroom_Toilet2_Bathroom_Toilet2.uasset" 4128
"C:/Users/Amir sanni/Desktop/Biplo/Roomba-Biplo-Studio/Content/Assets/External/HousePack/Door_9.uasset" 4129
"C:/Users/Amir sanni/Desktop/Biplo/Roomba-Biplo-Studio/Content/Assets/External/HousePack/NightStand_3_NightStand_3.uasset" 4130
"C:/Users/Amir sanni/Desktop/Biplo/Roomba-Biplo-Studio/Content/Assets/External/HousePack/NightStand_2_NightStand_2.uasset" 4131
"C:/Users/Amir sanni/Desktop/Biplo/Roomba-Biplo-Studio/Content/Assets/External/HousePack/NightStand_1_NightStand_1.uasset" 4132
"C:/Users/Amir sanni/Desktop/Biplo/Roomba-Biplo-Studio/Content/Assets/External/HousePack/Door_8.uasset" 4133
"C:/Users/Amir sanni/Desktop/Biplo/Roomba-Biplo-Studio/Content/Assets/External/HousePack/Door_7.uasset" 4134
"C:/Users/Amir sanni/Desktop/Biplo/Roomba-Biplo-Studio/Content/Assets/External/HousePack/Door_5.uasset" 4135
"C:/Users/Amir sanni/Desktop/Biplo/Roomba-Biplo-Studio/Content/Assets/External/HousePack/Door_4.uasset" 4136
"C:/Users/Amir sanni/Desktop/Biplo/Roomba-Biplo-Studio/Content/Assets/External/HousePack/Door_3.uasset" 4137
"C:/Users/Amir sanni/Desktop/Biplo/Roomba-Biplo-Studio/Content/Assets/External/HousePack/Door_2.uasset" 4138
"C:/Users/Amir sanni/Desktop/Biplo/Roomba-Biplo-Studio/Content/Assets/External/HousePack/Door_1.uasset" 4139
"C:/Users/Amir sanni/Desktop/Biplo/Roomba-Biplo-Studio/Content/Assets/External/HousePack/Fireplace_Fireplace.uasset" 4140
"C:/Users/Amir sanni/Desktop/Biplo/Roomba-Biplo-Studio/Content/Assets/External/HousePack/Column_SquareSmall.uasset" 4141
"C:/Users/Amir sanni/Desktop/Biplo/Roomba-Biplo-Studio/Content/Assets/External/HousePack/Column_SquareBig_Column_SquareBig.uasset" 4142
"C:/Users/Amir sanni/Desktop/Biplo/Roomba-Biplo-Studio/Content/Assets/External/HousePack/Column_Round3_Column_Round3.uasset" 4143
"C:/Users/Amir sanni/Desktop/Biplo/Roomba-Biplo-Studio/Content/Assets/External/HousePack/Column_Round2_Column_Round2.uasset" 4144
"C:/Users/Amir sanni/Desktop/Biplo/Roomba-Biplo-Studio/Content/Assets/External/HousePack/Column_Round1_Column_Round1.uasset" 4145
"C:/Users/Amir sanni/Desktop/Biplo/Roomba-Biplo-Studio/Content/Assets/External/HousePack/Trashcan_Small2_Trashcan_Small2.uasset" 4146
"C:/Users/Amir sanni/Desktop/Biplo/Roomba-Biplo-Studio/Content/Assets/External/HousePack/Trashcan_Large_Trashcan_Large.uasset" 4147
"C:/Users/Amir sanni/Desktop/Biplo/Roomba-Biplo-Studio/Content/Assets/External/HousePack/Trashcan_Cylindric_Trashcan_Cylindric.uasset" 4148
"C:/Users/Amir sanni/Desktop/Biplo/Roomba-Biplo-Studio/Content/Assets/External/HousePack/Spoon_Spoon.uasset" 4149
"C:/Users/Amir sanni/Desktop/Biplo/Roomba-Biplo-Studio/Content/Assets/External/HousePack/Light_Stand2_Light_Stand2.uasset" 4150
"C:/Users/Amir sanni/Desktop/Biplo/Roomba-Biplo-Studio/Content/Assets/External/HousePack/Light_Stand1_Light_Stand1.uasset" 4151
"C:/Users/Amir sanni/Desktop/Biplo/Roomba-Biplo-Studio/Content/Assets/External/HousePack/Light_Floor4_Light_Floor4.uasset" 4152
"C:/Users/Amir sanni/Desktop/Biplo/Roomba-Biplo-Studio/Content/Assets/External/HousePack/Light_Floor3_Light_Floor3.uasset" 4153
"C:/Users/Amir sanni/Desktop/Biplo/Roomba-Biplo-Studio/Content/Assets/External/HousePack/Light_Floor2_Light_Floor2.uasset" 4154
"C:/Users/Amir sanni/Desktop/Biplo/Roomba-Biplo-Studio/Content/Assets/External/HousePack/Knife_Knife.uasset" 4155
"C:/Users/Amir sanni/Desktop/Biplo/Roomba-Biplo-Studio/Content/Assets/External/HousePack/Fork_Fork.uasset" 4156
"C:/Users/Amir sanni/Desktop/Biplo/Roomba-Biplo-Studio/Content/Assets/External/HousePack/Bathroom_Towel_Bathroom_Towel.uasset" 4157
"C:/Users/Amir sanni/Desktop/Biplo/Roomba-Biplo-Studio/Content/Assets/External/HousePack/Kitchen_Sink.uasset" 4158
"C:/Users/Amir sanni/Desktop/Biplo/Roomba-Biplo-Studio/Content/Assets/External/HousePack/Kitchen_CabinetSmall_Kitchen_CabinetSmall.uasset" 4159
"C:/Users/Amir sanni/Desktop/Biplo/Roomba-Biplo-Studio/Content/Assets/External/HousePack/Kitchen_Cabinet2.uasset" 4160
"C:/Users/Amir sanni/Desktop/Biplo/Roomba-Biplo-Studio/Content/Assets/External/HousePack/Kitchen_Cabinet1.uasset" 4161
"C:/Users/Amir sanni/Desktop/Biplo/Roomba-Biplo-Studio/Content/Assets/External/HousePack/Kitchen_3Drawers.uasset" 4162
"C:/Users/Amir sanni/Desktop/Biplo/Roomba-Biplo-Studio/Content/Assets/External/HousePack/Kitchen_2Drawers_Kitchen_2Drawers.uasset" 4163
"C:/Users/Amir sanni/Desktop/Biplo/Roomba-Biplo-Studio/Content/Assets/External/HousePack/Kitchen_1Drawers.uasset" 4164
"C:/Users/Amir sanni/Desktop/Biplo/Roomba-Biplo-Studio/Content/Assets/External/HousePack/Light_Small_Light_Small.uasset" 4165
"C:/Users/Amir sanni/Desktop/Biplo/Roomba-Biplo-Studio/Content/Assets/External/HousePack/Light_Icosahedron_Light_Icosahedron.uasset" 4166
"C:/Users/Amir sanni/Desktop/Biplo/Roomba-Biplo-Studio/Content/Assets/External/HousePack/Light_Icosahedron2_Light_Icosahedron2.uasset" 4167
"C:/Users/Amir sanni/Desktop/Biplo/Roomba-Biplo-Studio/Content/Assets/External/HousePack/Light_Floor1_Light_Floor1.uasset" 4168
"C:/Users/Amir sanni/Desktop/Biplo/Roomba-Biplo-Studio/Content/Assets/External/HousePack/Light_Cube_Light_Cube.uasset" 4169
"C:/Users/Amir sanni/Desktop/Biplo/Roomba-Biplo-Studio/Content/Assets/External/HousePack/Light_Cube2_Light_Cube2.uasset" 4170
"C:/Users/Amir sanni/Desktop/Biplo/Roomba-Biplo-Studio/Content/Assets/External/HousePack/Light_Chandelier_Light_Chandelier.uasset" 4171
"C:/Users/Amir sanni/Desktop/Biplo/Roomba-Biplo-Studio/Content/Assets/External/HousePack/Light_CeilingSingle_Light_CeilingSingle.uasset" 4172
"C:/Users/Amir sanni/Desktop/Biplo/Roomba-Biplo-Studio/Content/Assets/External/HousePack/Light_Ceiling6_Light_Ceiling6.uasset" 4173
"C:/Users/Amir sanni/Desktop/Biplo/Roomba-Biplo-Studio/Content/Assets/External/HousePack/Light_Ceiling5_Light_Ceiling5.uasset" 4174
"C:/Users/Amir sanni/Desktop/Biplo/Roomba-Biplo-Studio/Content/Assets/External/HousePack/Light_Ceiling4_Light_Ceiling4.uasset" 4175
"C:/Users/Amir sanni/Desktop/Biplo/Roomba-Biplo-Studio/Content/Assets/External/HousePack/Light_Ceiling3_Light_Ceiling3.uasset" 4176
"C:/Users/Amir sanni/Desktop/Biplo/Roomba-Biplo-Studio/Content/Assets/External/HousePack/Light_Ceiling2_Light_Ceiling2.uasset" 4177
"C:/Users/Amir sanni/Desktop/Biplo/Roomba-Biplo-Studio/Content/Assets/External/HousePack/Light_Ceiling1_Light_Ceiling1.uasset" 4178
"C:/Users/Amir sanni/Desktop/Biplo/Roomba-Biplo-Studio/Content/Assets/External/HousePack/Bed_Bunk.uasset" 4179
"C:/Users/Amir sanni/Desktop/Biplo/Roomba-Biplo-Studio/Content/Assets/External/HousePack/Bathroom_Sink_Bathroom_Sink.uasset" 4180
"C:/Users/Amir sanni/Desktop/Biplo/Roomba-Biplo-Studio/Content/Assets/External/HousePack/Bathroom_Bathtub_Bathroom_Bathtub.uasset" 4181
"C:/Users/Amir sanni/Desktop/Biplo/Roomba-Biplo-Studio/Content/Assets/External/HousePack/Door_Double_Door_DoubleRight.uasset" 4182
"C:/Users/Amir sanni/Desktop/Biplo/Roomba-Biplo-Studio/Content/Assets/External/HousePack/Door_Double_Door_DoubleLeft.uasset" 4183
"C:/Users/Amir sanni/Desktop/Biplo/Roomba-Biplo-Studio/Content/Assets/External/HousePack/Window_Small3_Window_Small3.uasset" 4184
"C:/Users/Amir sanni/Desktop/Biplo/Roomba-Biplo-Studio/Content/Assets/External/HousePack/Window_Small2_Window_Small2.uasset" 4185
"C:/Users/Amir sanni/Desktop/Biplo/Roomba-Biplo-Studio/Content/Assets/External/HousePack/Window_Small1_Window_Small1.uasset" 4186
"C:/Users/Amir sanni/Desktop/Biplo/Roomba-Biplo-Studio/Content/Assets/External/HousePack/Window_Round3_Window_Round3.uasset" 4187
"C:/Users/Amir sanni/Desktop/Biplo/Roomba-Biplo-Studio/Content/Assets/External/HousePack/Window_Round2_Window_Round2.uasset" 4188
"C:/Users/Amir sanni/Desktop/Biplo/Roomba-Biplo-Studio/Content/Assets/External/HousePack/Window_Round1_Window_Round1.uasset" 4189
"C:/Users/Amir sanni/Desktop/Biplo/Roomba-Biplo-Studio/Content/Assets/External/HousePack/Window_Large1_Window_Large1.uasset" 4190
"C:/Users/Amir sanni/Desktop/Biplo/Roomba-Biplo-Studio/Content/Assets/External/HousePack/Window_Large2_Window_Large2.uasset" 4191
"C:/Users/Amir sanni/Desktop/Biplo/Roomba-Biplo-Studio/Content/Assets/External/HousePack/Door_6.uasset" 4192
"C:/Users/Amir sanni/Desktop/Biplo/Roomba-Biplo-Studio/Content/Assets/External/HousePack/Couch_Large1_Couch_Large1.uasset" 4193
"C:/Users/Amir sanni/Desktop/Biplo/Roomba-Biplo-Studio/Content/Assets/External/HousePack/Carpet_Round.uasset" 4194
"C:/Users/Amir sanni/Desktop/Biplo/Roomba-Biplo-Studio/Content/Assets/External/HousePack/Carpet_2.uasset" 4195
"C:/Users/Amir sanni/Desktop/Biplo/Roomba-Biplo-Studio/Content/Assets/External/HousePack/Carpet_1.uasset" 4196
"C:/Users/Amir sanni/Desktop/Biplo/Roomba-Biplo-Studio/Content/Assets/External/HousePack/Bed_Single.uasset" 4197
"C:/Users/Amir sanni/Desktop/Biplo/Roomba-Biplo-Studio/Content/Assets/External/HousePack/Bed_King.uasset" 4198
"C:/Users/Amir sanni/Desktop/Biplo/Roomba-Biplo-Studio/Content/Assets/External/HousePack/Kitchen_Oven.uasset" 4199
"C:/Users/Amir sanni/Desktop/Biplo/Roomba-Biplo-Studio/Content/Assets/External/HousePack/Stool_Stool.uasset" 4200
"C:/Users/Amir sanni/Desktop/Biplo/Roomba-Biplo-Studio/Content/Assets/External/HousePack/Chair_3_Chair_3.uasset" 4201
"C:/Users/Amir sanni/Desktop/Biplo/Roomba-Biplo-Studio/Content/Assets/External/HousePack/Chair_2.uasset" 4202
"C:/Users/Amir sanni/Desktop/Biplo/Roomba-Biplo-Studio/Content/Assets/External/HousePack/Couch_Medium2_Couch_Medium2.uasset" 4203
"C:/Users/Amir sanni/Desktop/Biplo/Roomba-Biplo-Studio/Content/Assets/External/HousePack/Couch_Large3_Couch_Large3.uasset" 4204
"C:/Users/Amir sanni/Desktop/Biplo/Roomba-Biplo-Studio/Content/Assets/External/HousePack/Curtains_Single_Curtains_Single.uasset" 4205
"C:/Users/Amir sanni/Desktop/Biplo/Roomba-Biplo-Studio/Content/Assets/External/HousePack/Curtains_Double_Curtains_Double.uasset" 4206
"C:/Users/Amir sanni/Desktop/Biplo/Roomba-Biplo-Studio/Content/Assets/External/HousePack/Bathroom_Shower1_Bathroom_Shower1.uasset" 4207
"C:/Users/Amir sanni/Desktop/Biplo/Roomba-Biplo-Studio/Content/Assets/External/HousePack/Couch_Small2_Couch_Small2.uasset" 4208
"C:/Users/Amir sanni/Desktop/Biplo/Roomba-Biplo-Studio/Content/Assets/External/HousePack/Couch_Large2.uasset" 4209
"C:/Users/Amir sanni/Desktop/Biplo/Roomba-Biplo-Studio/Content/Assets/External/HousePack/Couch_L.uasset" 4210
"C:/Users/Amir sanni/Desktop/Biplo/Roomba-Biplo-Studio/Content/Assets/External/HousePack/Houseplant_6_Houseplant_6.uasset" 4211
"C:/Users/Amir sanni/Desktop/Biplo/Roomba-Biplo-Studio/Content/Assets/External/HousePack/Bathroom_ToiletPaper_Bathroom_ToiletPaper.uasset" 4212
"C:/Users/Amir sanni/Desktop/Biplo/Roomba-Biplo-Studio/Content/Assets/External/HousePack/Bathroom_ToiletPaperPile_Bathroom_ToiletPaperPile.uasset" 4213
"C:/Users/Amir sanni/Desktop/Biplo/Roomba-Biplo-Studio/Content/Assets/External/HousePack/Trashcan_Small1_Trashcan_Small1.uasset" 4214
"C:/Users/Amir sanni/Desktop/Biplo/Roomba-Biplo-Studio/Content/Assets/External/HousePack/Trashcan_Green_Trashcan_Green.uasset" 4215
"C:/Users/Amir sanni/Desktop/Biplo/Roomba-Biplo-Studio/Content/Assets/External/HousePack/Light_Desk_Light_Desk.uasset" 4216
"C:/Users/Amir sanni/Desktop/Biplo/Roomba-Biplo-Studio/Content/Assets/External/HousePack/Kitchen_Oven_Large.uasset" 4217
"C:/Users/Amir sanni/Desktop/Biplo/Roomba-Biplo-Studio/Content/Assets/External/HousePack/Kitchen_Fridge.uasset" 4218
"C:/Users/Amir sanni/Desktop/Biplo/Roomba-Biplo-Studio/Content/Assets/External/HousePack/Houseplant_8_Houseplant_8.uasset" 4219
"C:/Users/Amir sanni/Desktop/Biplo/Roomba-Biplo-Studio/Content/Assets/External/HousePack/Houseplant_7_Houseplant_7.uasset" 4220
"C:/Users/Amir sanni/Desktop/Biplo/Roomba-Biplo-Studio/Content/Assets/External/HousePack/Houseplant_5_Houseplant_5.uasset" 4221
"C:/Users/Amir sanni/Desktop/Biplo/Roomba-Biplo-Studio/Content/Assets/External/HousePack/Houseplant_4_Houseplant_4.uasset" 4222
"C:/Users/Amir sanni/Desktop/Biplo/Roomba-Biplo-Studio/Content/Assets/External/HousePack/Houseplant_3_Houseplant_3.uasset" 4223
"C:/Users/Amir sanni/Desktop/Biplo/Roomba-Biplo-Studio/Content/Assets/External/HousePack/Houseplant_2_Houseplant_2.uasset" 4224
"C:/Users/Amir sanni/Desktop/Biplo/Roomba-Biplo-Studio/Content/Assets/External/HousePack/Houseplant_1_Houseplant_1.uasset" 4225
"C:/Users/Amir sanni/Desktop/Biplo/Roomba-Biplo-Studio/Content/Assets/External/HousePack/Couch_Small1.uasset" 4226
"C:/Users/Amir sanni/Desktop/Biplo/Roomba-Biplo-Studio/Content/Assets/External/HousePack/Couch_Medium1_Couch_Medium1.uasset" 4227
"C:/Users/Amir sanni/Desktop/Biplo/Roomba-Biplo-Studio/Content/Assets/External/HousePack/Bathroom_WashingMachine_Bathroom_WashingMachine.uasset" 4228
"C:/Users/Amir sanni/Desktop/Biplo/Roomba-Biplo-Studio/Content/Assets/External/HousePack/Bathroom_Mirror2_Bathroom_Mirror2.uasset" 4229
"C:/Users/Amir sanni/Desktop/Biplo/Roomba-Biplo-Studio/Content/Assets/External/HousePack/Bathroom_Mirror1_Bathroom_Mirror1.uasset" 4230
"C:/Users/Amir sanni/Desktop/Biplo/Roomba-Biplo-Studio/Content/Assets/Dumpster/M_Bin.uasset" 4231
"C:/Users/Amir sanni/Desktop/Biplo/Roomba-Biplo-Studio/Content/Assets/Door/DoorUnlockedTextures/M_DoorUnlocked.uasset" 4232
"C:/Users/Amir sanni/Desktop/Biplo/Roomba-Biplo-Studio/Content/Assets/Door/DoorLockedTextures/M_DoorLocked.uasset" 4233
"C:/Users/Amir sanni/Desktop/Biplo/Roomba-Biplo-Studio/Content/Assets/Dirt/DirtyWall_Mat.uasset" 4234
"C:/Users/Amir sanni/Desktop/Biplo/Roomba-Biplo-Studio/Content/Assets/Dirt/D_Dirt3.uasset" 4235
"C:/Users/Amir sanni/Desktop/Biplo/Roomba-Biplo-Studio/Content/Assets/Dirt/D_Dirt2.uasset" 4236
"C:/Users/Amir sanni/Desktop/Biplo/Roomba-Biplo-Studio/Content/Assets/Dirt/D_Dirt1.uasset" 4237
"C:/Users/Amir sanni/Desktop/Biplo/Roomba-Biplo-Studio/Content/Assets/Dirt/D_Dirt5.uasset" 4238
"C:/Users/Amir sanni/Desktop/Biplo/Roomba-Biplo-Studio/Content/Assets/ConstructionSite/Term/Material_003.uasset" 4239
"C:/Users/Amir sanni/Desktop/Biplo/Roomba-Biplo-Studio/Content/Assets/ConstructionSite/Tarp/M_Tarp.uasset" 4240
"C:/Users/Amir sanni/Desktop/Biplo/Roomba-Biplo-Studio/Content/Assets/ConstructionSite/Rebar3/M_Rebar3.uasset" 4241
"C:/Users/Amir sanni/Desktop/Biplo/Roomba-Biplo-Studio/Content/Assets/ConstructionSite/Rebar2/M_Rebar2.uasset" 4242
"C:/Users/Amir sanni/Desktop/Biplo/Roomba-Biplo-Studio/Content/Assets/ConstructionSite/Rebar1/M_Rebar1.uasset" 4243
"C:/Users/Amir sanni/Desktop/Biplo/Roomba-Biplo-Studio/Content/Assets/ConstructionSite/Pillar1/M_Pillar.uasset" 4244
"C:/Users/Amir sanni/Desktop/Biplo/Roomba-Biplo-Studio/Content/Assets/ConstructionSite/Floor/M_ConcreteFloor.uasset" 4245
"C:/Users/Amir sanni/Desktop/Biplo/Roomba-Biplo-Studio/Content/Assets/ConstructionSite/Fence/M_Fence.uasset" 4246
"C:/Users/Amir sanni/Desktop/Biplo/Roomba-Biplo-Studio/Content/Assets/ConstructionSite/Crate/M_RedCrate.uasset" 4247
"C:/Users/Amir sanni/Desktop/Biplo/Roomba-Biplo-Studio/Content/Assets/ConstructionSite/Crane_and_girder/Girder/BeamMain/Girder_beam.uasset" 4248
"C:/Users/Amir sanni/Desktop/Biplo/Roomba-Biplo-Studio/Content/Assets/ConstructionSite/Crane_and_girder/Crane/Neck/Crane_neck.uasset" 4249
"C:/Users/Amir sanni/Desktop/Biplo/Roomba-Biplo-Studio/Content/Assets/ConstructionSite/Crane_and_girder/Crane/CraneHand.uasset" 4250
"C:/Users/Amir sanni/Desktop/Biplo/Roomba-Biplo-Studio/Content/Assets/ConstructionSite/Crane_and_girder/Crane/Crane_cockpit.uasset" 4251
"C:/Users/Amir sanni/Desktop/Biplo/Roomba-Biplo-Studio/Content/Assets/ConstructionSite/Building1/M_CH1.uasset" 4252
"C:/Users/Amir sanni/Desktop/Biplo/Roomba-Biplo-Studio/Content/Assets/ConstructionSite/M_Dirt1.uasset" 4253
"C:/Users/Amir sanni/Desktop/Biplo/Roomba-Biplo-Studio/Content/Assets/Cone/Cone/Model/Textures/M_Cone.uasset" 4254
"C:/Users/Amir sanni/Desktop/Biplo/Roomba-Biplo-Studio/Content/Assets/Cars/Mats/M_Tyre.uasset" 4255
"C:/Users/Amir sanni/Desktop/Biplo/Roomba-Biplo-Studio/Content/Assets/Cars/M_RedCar.uasset" 4256
"C:/Users/Amir sanni/Desktop/Biplo/Roomba-Biplo-Studio/Content/Assets/Cars/M_GreenCar.uasset" 4257
"C:/Users/Amir sanni/Desktop/Biplo/Roomba-Biplo-Studio/Content/Assets/Cars/M_BaseCar.uasset" 4258
"C:/Users/Amir sanni/Desktop/Biplo/Roomba-Biplo-Studio/Content/Assets/Cars/M_BlueCar.uasset" 4259
"C:/Users/Amir sanni/Desktop/Biplo/Roomba-Biplo-Studio/Content/Assets/Buildings/Normal_Mats/M_Roof.uasset" 4260
"C:/Users/Amir sanni/Desktop/Biplo/Roomba-Biplo-Studio/Content/Assets/Buildings/Normal_Mats/M_WallOrange.uasset" 4261
"C:/Users/Amir sanni/Desktop/Biplo/Roomba-Biplo-Studio/Content/Assets/Buildings/Gradient_Mats/M_GradientWallOrange.uasset" 4262
"C:/Users/Amir sanni/Desktop/Biplo/Roomba-Biplo-Studio/Content/Assets/Buildings/Normal_Mats/M_EdgeOrange.uasset" 4263
"C:/Users/Amir sanni/Desktop/Biplo/Roomba-Biplo-Studio/Content/Assets/Buildings/Gradient_Mats/M_EdgeGradientOrange.uasset" 4264
"C:/Users/Amir sanni/Desktop/Biplo/Roomba-Biplo-Studio/Content/Assets/Buildings/Normal_Mats/M_DoorOrange.uasset" 4265
"C:/Users/Amir sanni/Desktop/Biplo/Roomba-Biplo-Studio/Content/Assets/Buildings/Gradient_Mats/M_DoorGradientOrange.uasset" 4266
"C:/Users/Amir sanni/Desktop/Biplo/Roomba-Biplo-Studio/Content/Assets/Buildings/Normal_Mats/M_BrokenWindow.uasset" 4267
"C:/Users/Amir sanni/Desktop/Biplo/Roomba-Biplo-Studio/Content/Assets/Buildings/Normal_Mats/M_OrangeWindow.uasset" 4268
"C:/Users/Amir sanni/Desktop/Biplo/Roomba-Biplo-Studio/Content/Assets/Buildings/Gradient_Mats/M_GradientOrangeWindow.uasset" 4269
"C:/Users/Amir sanni/Desktop/Biplo/Roomba-Biplo-Studio/Content/Assets/Rooftop/bUILDING1.uasset" 4270
"C:/Users/Amir sanni/Desktop/Biplo/Roomba-Biplo-Studio/Content/Assets/Boxes/BoxTextures/VeryFragile/Material.uasset" 4271
"C:/Users/Amir sanni/Desktop/Biplo/Roomba-Biplo-Studio/Content/Assets/Boxes/BoxTextures/NoStickers/BoxNoStickesMaterial.uasset" 4272
"C:/Users/Amir sanni/Desktop/Biplo/Roomba-Biplo-Studio/Content/Assets/Boxes/BoxTextures/All_Stickers/CardboardAllStickersMaterial.uasset" 4273
"C:/Users/Amir sanni/Desktop/Biplo/Roomba-Biplo-Studio/Content/Assets/Bike/M_Bike.uasset" 4274
"C:/Users/Amir sanni/Desktop/Biplo/Roomba-Biplo-Studio/Content/Assets/Barrier/Model/Textures/M_Roadblock.uasset" 4275
"C:/Users/Amir sanni/Desktop/Biplo/Roomba-Biplo-Studio/Content/Assets/Bakery/Texture/M_Shelf.uasset" 4276
"C:/Users/Amir sanni/Desktop/Biplo/Roomba-Biplo-Studio/Content/Assets/Bakery/M_Register.uasset" 4277
"C:/Users/Amir sanni/Desktop/Biplo/Roomba-Biplo-Studio/Content/Assets/Bakery/Texture/M_Display.uasset" 4278
"C:/Users/Amir sanni/Desktop/Biplo/Roomba-Biplo-Studio/Content/Assets/Bakery/Texture/M_CounterLow.uasset" 4279
"C:/Users/Amir sanni/Desktop/Biplo/Roomba-Biplo-Studio/Content/Assets/Bakery/Texture/M_BakeryInteror.uasset" 4280
"C:/Users/Amir sanni/Desktop/Biplo/Roomba-Biplo-Studio/Content/Assets/Apartment/Textures/M_YellowToyCar.uasset" 4281
"C:/Users/Amir sanni/Desktop/Biplo/Roomba-Biplo-Studio/Content/Assets/Apartment/Textures/M_RedToyCar.uasset" 4282
"C:/Users/Amir sanni/Desktop/Biplo/Roomba-Biplo-Studio/Content/Assets/Apartment/Textures/M_Test.uasset" 4283
"C:/Users/Amir sanni/Desktop/Biplo/Roomba-Biplo-Studio/Content/Assets/Apartment/IMG_8814-ezgif_com-webp-to-jpg-converter.uasset" 4284
"C:/Users/Amir sanni/Desktop/Biplo/Roomba-Biplo-Studio/Content/Assets/Apartment/Textures/M_RugWithHole.uasset" 4285
"C:/Users/Amir sanni/Desktop/Biplo/Roomba-Biplo-Studio/Content/Assets/Apartment/Textures/M_Rug.uasset" 4286
"C:/Users/Amir sanni/Desktop/Biplo/Roomba-Biplo-Studio/Content/Assets/Apartment/Textures/M_LongRug.uasset" 4287
"C:/Users/Amir sanni/Desktop/Biplo/Roomba-Biplo-Studio/Content/Assets/Apartment/Textures/M_RampWood.uasset" 4288
"C:/Users/Amir sanni/Desktop/Biplo/Roomba-Biplo-Studio/Content/Assets/Apartment/Textures/M_RampRoad.uasset" 4289
"C:/Users/Amir sanni/Desktop/Biplo/Roomba-Biplo-Studio/Content/Assets/Apartment/Textures/M_Pear.uasset" 4290
"C:/Users/Amir sanni/Desktop/Biplo/Roomba-Biplo-Studio/Content/Assets/Apartment/Textures/M_Plank2.uasset" 4291
"C:/Users/Amir sanni/Desktop/Biplo/Roomba-Biplo-Studio/Content/Assets/Apartment/Textures/M_Plank.uasset" 4292
"C:/Users/Amir sanni/Desktop/Biplo/Roomba-Biplo-Studio/Content/Assets/Apartment/D_Poster1.uasset" 4293
"C:/Users/Amir sanni/Desktop/Biplo/Roomba-Biplo-Studio/Content/Assets/Apartment/Textures/M_PCOn.uasset" 4294
"C:/Users/Amir sanni/Desktop/Biplo/Roomba-Biplo-Studio/Content/Assets/Apartment/Furniture/FLATSCREEN.uasset" 4295
"C:/Users/Amir sanni/Desktop/Biplo/Roomba-Biplo-Studio/Content/Assets/Apartment/Furniture/M_PCOff.uasset" 4296
"C:/Users/Amir sanni/Desktop/Biplo/Roomba-Biplo-Studio/Content/Assets/Apartment/Furniture/Monitor.uasset" 4297
"C:/Users/Amir sanni/Desktop/Biplo/Roomba-Biplo-Studio/Content/Assets/Apartment/Furniture/DAPC.uasset" 4298
"C:/Users/Amir sanni/Desktop/Biplo/Roomba-Biplo-Studio/Content/Assets/Apartment/Furniture/FlorenscentLight.uasset" 4299
"C:/Users/Amir sanni/Desktop/Biplo/Roomba-Biplo-Studio/Content/Assets/Apartment/M_FlorenscentLightHolder.uasset" 4300
"C:/Users/Amir sanni/Desktop/Biplo/Roomba-Biplo-Studio/Content/Assets/Apartment/Modular/Ceiling.uasset" 4301
"C:/Users/Amir sanni/Desktop/Biplo/Roomba-Biplo-Studio/Content/Assets/Apartment/Textures/M_Wood2.uasset" 4302
"C:/Users/Amir sanni/Desktop/Biplo/Roomba-Biplo-Studio/Content/Assets/Apartment/Textures/M_Wood1.uasset" 4303
"C:/Users/Amir sanni/Desktop/Biplo/Roomba-Biplo-Studio/Content/Assets/Apartment/Textures/M_DeskMetal.uasset" 4304
"C:/Users/Amir sanni/Desktop/Biplo/Roomba-Biplo-Studio/Content/Assets/Apartment/D_Calender.uasset" 4305
"C:/Users/Amir sanni/Desktop/Biplo/Roomba-Biplo-Studio/Content/Assets/Apartment/Furniture/M_BottleCap.uasset" 4306
"C:/Users/Amir sanni/Desktop/Biplo/Roomba-Biplo-Studio/Content/Assets/Apartment/Furniture/M_BottleBase.uasset" 4307
"C:/Users/Amir sanni/Desktop/Biplo/Roomba-Biplo-Studio/Content/Assets/Apartment/Modular/Hole.uasset" 4308
"C:/Users/Amir sanni/Desktop/Biplo/Roomba-Biplo-Studio/Content/Assets/Apartment/M_SCRETAHAHHAH.uasset" 4309
"C:/Users/Amir sanni/Desktop/Biplo/Roomba-Biplo-Studio/Content/Assets/2DImages/Posters/D_Poster1.uasset" 4310
"C:/Users/Amir sanni/Desktop/Biplo/Roomba-Biplo-Studio/Content/Assets/2DImages/D_Vine3.uasset" 4311
"C:/Users/Amir sanni/Desktop/Biplo/Roomba-Biplo-Studio/Content/Assets/2DImages/D_Vine2.uasset" 4312
"C:/Users/Amir sanni/Desktop/Biplo/Roomba-Biplo-Studio/Content/Assets/2DImages/Vines_Double.uasset" 4313
"C:/Users/Amir sanni/Desktop/Biplo/Roomba-Biplo-Studio/Content/Assets/2DImages/D_Vines1.uasset" 4314
"C:/Users/Amir sanni/Desktop/Biplo/Roomba-Biplo-Studio/Content/Assets/2DImages/M_RoadLines.uasset" 4315
"C:/Users/Amir sanni/Desktop/Biplo/Roomba-Biplo-Studio/Content/Assets/2DImages/D_RoadLines1.uasset" 4316
"C:/Users/Amir sanni/Desktop/Biplo/Roomba-Biplo-Studio/Content/Assets/Pavements/M_Pavement2.uasset" 4317
"C:/Users/Amir sanni/Desktop/Biplo/Roomba-Biplo-Studio/Content/Assets/Pavements/M_Pavement1.uasset" 4318
"C:/Users/Amir sanni/Desktop/Biplo/Roomba-Biplo-Studio/Content/Assets/2DImages/M_OrangeLine.uasset" 4319
"C:/Users/Amir sanni/Desktop/Biplo/Roomba-Biplo-Studio/Content/InteractPrototypeBP/InteractionWidget.uasset" 4320
"C:/Users/Amir sanni/Desktop/Biplo/Roomba-Biplo-Studio/Content/Assets/2DImages/Untitled.uasset" 4321
"C:/Users/Amir sanni/Desktop/Biplo/Roomba-Biplo-Studio/Content/Menu/Mouse_Widget.uasset" 4322
"C:/Users/Amir sanni/Desktop/Biplo/Roomba-Biplo-Studio/Content/Assets/M_Vignette.uasset" 4323
"C:/Users/Amir sanni/Desktop/Biplo/Roomba-Biplo-Studio/Content/Assets/Roomba/M_Roomba.uasset" 4324
"C:/Users/Amir sanni/Desktop/Biplo/Roomba-Biplo-Studio/Content/Assets/M_background.uasset" 4325
"C:/Users/Amir sanni/Desktop/Biplo/Roomba-Biplo-Studio/Content/Assets/M_InteriorGlass.uasset" 4326
"C:/Users/Amir sanni/Desktop/Biplo/Roomba-Biplo-Studio/Content/Assets/M_IGlass2.uasset" 4327
"../../../Engine/Content/EngineMaterials/PPM_DefaultCalibrationGrayscale.uasset" 4328
"../../../Engine/Plugins/Interchange/Runtime/Content/Functions/MX_Surface.uasset" 4329
"../../../Engine/Content/MobileResources/HUD/DefaultVirtualJoysticks.uasset" 4330
"../../../Engine/Content/EngineMaterials/PPM_DefaultCalibrationColor.uasset" 4331
"../../../Engine/Content/EditorMaterials/PreviewShadowIndicatorMaterial.uasset" 4332
"C:/Users/Amir sanni/Desktop/Biplo/Roomba-Biplo-Studio/Content/InteractPrototypeBP/TimerWidget_BP.uasset" 4333
"../../../Engine/Content/EngineMaterials/Substrate/Volume/SubstrateSimpleVolumeLUT3D.uasset" 4334
"C:/Users/Amir sanni/Desktop/Biplo/Roomba-Biplo-Studio/Content/BP_InteractableFurniture.uasset" 4335
"C:/Users/Amir sanni/Desktop/Biplo/Roomba-Biplo-Studio/Content/ThirdPerson/Shader/OutLineShader.uasset" 4336
"C:/Users/Amir sanni/Desktop/Biplo/Roomba-Biplo-Studio/Content/ThirdPerson/Blueprints/Player_BP/NewMaterial.uasset" 4337
"C:/Users/Amir sanni/Desktop/Biplo/Roomba-Biplo-Studio/Content/StarterContent/Props/Materials/M_Rock.uasset" 4338
"C:/Users/Amir sanni/Desktop/Biplo/Roomba-Biplo-Studio/Content/StarterContent/Materials/M_Tech_Hex_Tile.uasset" 4339
"C:/Users/Amir sanni/Desktop/Biplo/Roomba-Biplo-Studio/Content/StarterContent/Materials/M_Metal_Rust.uasset" 4340
"C:/Users/Amir sanni/Desktop/Biplo/Roomba-Biplo-Studio/Content/StarterContent/Materials/M_Water_Ocean.uasset" 4341
"../../../Engine/Content/EngineMaterials/Substrate/GLints2/AGlintTex2dArray2.uasset" 4342
"../../../Engine/Content/EngineMaterials/Substrate/Volume/SubstrateSimpleVolumeEnvLUT3D.uasset" 4343
"../../../Engine/Content/EngineMaterials/Substrate/GLints/AGlintTex2dArray.uasset" 4344
"C:/Users/Amir sanni/Desktop/Biplo/Roomba-Biplo-Studio/Content/StarterContent/Particles/Materials/M_radial_ramp.uasset" 4345
"C:/Users/Amir sanni/Desktop/Biplo/Roomba-Biplo-Studio/Content/StarterContent/Particles/Materials/M_Radial_Gradient.uasset" 4346
"../../../Engine/Content/Functions/MaterialLayerFunctions/MatLayerBlend_NormalBlend.uasset" 4347
"C:/Users/Amir sanni/Desktop/Biplo/Roomba-Biplo-Studio/Content/StarterContent/Materials/M_Wood_Floor_Walnut_Worn.uasset" 4348
"C:/Users/Amir sanni/Desktop/Biplo/Roomba-Biplo-Studio/Content/StarterContent/Materials/M_ColorGrid_LowSpec.uasset" 4349
"C:/Users/Amir sanni/Desktop/Biplo/Roomba-Biplo-Studio/Content/StarterContent/Blueprints/Assets/M_LightStage_Skybox_Master.uasset" 4350
"../../../Engine/Content/Functions/Engine_MaterialFunctions03/Blends/Blend_Overlay.uasset" 4351
"../../../Engine/Content/Functions/Engine_MaterialFunctions01/Cubemaps/InteriorCubemap.uasset" 4352
"../../../Engine/Content/Functions/Engine_MaterialFunctions01/ImageAdjustment/3ColorBlend.uasset" 4353
"C:/Users/Amir sanni/Desktop/Biplo/Roomba-Biplo-Studio/Content/Characters/Mannequins/Animations/Manny/MM_Walk_InPlace.uasset" 4354
"C:/Users/Amir sanni/Desktop/Biplo/Roomba-Biplo-Studio/Content/Characters/Mannequin_UE4/Animations/Jog_Fwd.uasset" 4355
"C:/Users/Amir sanni/Desktop/Biplo/Roomba-Biplo-Studio/Content/Characters/Mannequins/Rigs/Poses/Quinn/Quinn_upperarm_r_anim.uasset" 4356
"C:/Users/Amir sanni/Desktop/Biplo/Roomba-Biplo-Studio/Content/Characters/Mannequins/Rigs/Poses/Quinn/Quinn_upperarm_l_anim.uasset" 4357
"../../../Engine/Content/Functions/Engine_MaterialFunctions01/ImageAdjustment/CheapContrast.uasset" 4358
"C:/Users/Amir sanni/Desktop/Biplo/Roomba-Biplo-Studio/Content/Characters/Mannequins/Rigs/Poses/Quinn/Quinn_thigh_r_anim.uasset" 4359
"../../../Engine/Content/Functions/MaterialLayerFunctions/MatLayerBlend_OverrideOpacity.uasset" 4360
"C:/Users/Amir sanni/Desktop/Biplo/Roomba-Biplo-Studio/Content/Characters/Mannequins/Rigs/Poses/Quinn/Quinn_thigh_l_anim.uasset" 4361
"C:/Users/Amir sanni/Desktop/Biplo/Roomba-Biplo-Studio/Content/Characters/Mannequins/Rigs/Poses/Quinn/Quinn_lowerarm_r_anim.uasset" 4362
"C:/Users/Amir sanni/Desktop/Biplo/Roomba-Biplo-Studio/Content/Characters/Mannequins/Rigs/Poses/Quinn/Quinn_lowerarm_l_anim.uasset" 4363
"C:/Users/Amir sanni/Desktop/Biplo/Roomba-Biplo-Studio/Content/Characters/Mannequins/Rigs/Poses/Quinn/Quinn_hand_r_anim.uasset" 4364
"../../../Engine/Content/EngineMaterials/Substrate/Volume/SubstrateSimpleVolumeEnvLUT2D.uasset" 4365
"C:/Users/Amir sanni/Desktop/Biplo/Roomba-Biplo-Studio/Content/Characters/Mannequins/Rigs/Poses/Quinn/Quinn_hand_l_anim.uasset" 4366
"../../../Engine/Content/EngineMaterials/Substrate/Volume/SubstrateSimpleVolumeLUT2D.uasset" 4367
"C:/Users/Amir sanni/Desktop/Biplo/Roomba-Biplo-Studio/Content/Characters/Mannequins/Rigs/Poses/Quinn/Quinn_foot_r_anim.uasset" 4368
"../../../Engine/Content/EngineMaterials/Substrate/Glints2/dict_0000_0000.uasset" 4369
"../../../Engine/Content/EngineMaterials/Substrate/Glints2/dict_0000_0001.uasset" 4370
"../../../Engine/Content/EngineMaterials/Substrate/Glints2/dict_0000_0002.uasset" 4371
"../../../Engine/Content/EngineMaterials/Substrate/Glints2/dict_0000_0003.uasset" 4372
"../../../Engine/Content/EngineMaterials/Substrate/Glints2/dict_0000_0004.uasset" 4373
"../../../Engine/Content/EngineMaterials/Substrate/Glints2/dict_0000_0005.uasset" 4374
"../../../Engine/Content/EngineMaterials/Substrate/Glints2/dict_0000_0006.uasset" 4375
"../../../Engine/Content/EngineMaterials/Substrate/Glints2/dict_0000_0007.uasset" 4376
"../../../Engine/Content/EngineMaterials/Substrate/Glints2/dict_0000_0008.uasset" 4377
"../../../Engine/Content/EngineMaterials/Substrate/Glints2/dict_0000_0009.uasset" 4378
"../../../Engine/Content/EngineMaterials/Substrate/Glints2/dict_0000_0010.uasset" 4379
"../../../Engine/Content/EngineMaterials/Substrate/Glints2/dict_0000_0011.uasset" 4380
"../../../Engine/Content/EngineMaterials/Substrate/Glints2/dict_0000_0012.uasset" 4381
"../../../Engine/Content/EngineMaterials/Substrate/Glints2/dict_0000_0013.uasset" 4382
"../../../Engine/Content/EngineMaterials/Substrate/Glints2/dict_0000_0014.uasset" 4383
"../../../Engine/Content/EngineMaterials/Substrate/Glints2/dict_0000_0015.uasset" 4384
"../../../Engine/Content/EngineMaterials/Substrate/Glints2/dict_0000_0016.uasset" 4385
"../../../Engine/Content/EngineMaterials/Substrate/Glints2/dict_0000_0017.uasset" 4386
"../../../Engine/Content/EngineMaterials/Substrate/Glints2/dict_0000_0018.uasset" 4387
"../../../Engine/Content/EngineMaterials/Substrate/Glints2/dict_0000_0019.uasset" 4388
"../../../Engine/Content/EngineMaterials/Substrate/Glints2/dict_0000_0020.uasset" 4389
"../../../Engine/Content/EngineMaterials/Substrate/Glints2/dict_0000_0021.uasset" 4390
"../../../Engine/Content/EngineMaterials/Substrate/Glints2/dict_0000_0022.uasset" 4391
"../../../Engine/Content/EngineMaterials/Substrate/Glints2/dict_0000_0023.uasset" 4392
"../../../Engine/Content/EngineMaterials/Substrate/Glints2/dict_0000_0024.uasset" 4393
"../../../Engine/Content/EngineMaterials/Substrate/Glints2/dict_0000_0025.uasset" 4394
"../../../Engine/Content/EngineMaterials/Substrate/Glints2/dict_0000_0026.uasset" 4395
"../../../Engine/Content/EngineMaterials/Substrate/Glints2/dict_0000_0027.uasset" 4396
"../../../Engine/Content/EngineMaterials/Substrate/Glints2/dict_0000_0028.uasset" 4397
"../../../Engine/Content/EngineMaterials/Substrate/Glints2/dict_0000_0029.uasset" 4398
"../../../Engine/Content/EngineMaterials/Substrate/Glints2/dict_0000_0030.uasset" 4399
"../../../Engine/Content/EngineMaterials/Substrate/Glints2/dict_0000_0031.uasset" 4400
"../../../Engine/Content/EngineMaterials/Substrate/Glints2/dict_0000_0032.uasset" 4401
"../../../Engine/Content/EngineMaterials/Substrate/Glints2/dict_0000_0033.uasset" 4402
"../../../Engine/Content/EngineMaterials/Substrate/Glints2/dict_0000_0034.uasset" 4403
"../../../Engine/Content/EngineMaterials/Substrate/Glints2/dict_0000_0035.uasset" 4404
"../../../Engine/Content/EngineMaterials/Substrate/Glints2/dict_0000_0036.uasset" 4405
"../../../Engine/Content/EngineMaterials/Substrate/Glints2/dict_0000_0037.uasset" 4406
"../../../Engine/Content/EngineMaterials/Substrate/Glints2/dict_0000_0038.uasset" 4407
"../../../Engine/Content/EngineMaterials/Substrate/Glints2/dict_0000_0039.uasset" 4408
"../../../Engine/Content/EngineMaterials/Substrate/Glints2/dict_0000_0040.uasset" 4409
"../../../Engine/Content/EngineMaterials/Substrate/Glints2/dict_0000_0041.uasset" 4410
"../../../Engine/Content/EngineMaterials/Substrate/Glints2/dict_0000_0042.uasset" 4411
"../../../Engine/Content/EngineMaterials/Substrate/Glints2/dict_0000_0043.uasset" 4412
"../../../Engine/Content/EngineMaterials/Substrate/Glints2/dict_0000_0044.uasset" 4413
"../../../Engine/Content/EngineMaterials/Substrate/Glints2/dict_0000_0045.uasset" 4414
"../../../Engine/Content/EngineMaterials/Substrate/Glints2/dict_0000_0046.uasset" 4415
"../../../Engine/Content/EngineMaterials/Substrate/Glints2/dict_0000_0047.uasset" 4416
"../../../Engine/Content/EngineMaterials/Substrate/Glints2/dict_0000_0048.uasset" 4417
"../../../Engine/Content/EngineMaterials/Substrate/Glints2/dict_0000_0049.uasset" 4418
"../../../Engine/Content/EngineMaterials/Substrate/Glints2/dict_0000_0050.uasset" 4419
"../../../Engine/Content/EngineMaterials/Substrate/Glints2/dict_0000_0051.uasset" 4420
"../../../Engine/Content/EngineMaterials/Substrate/Glints2/dict_0000_0052.uasset" 4421
"../../../Engine/Content/EngineMaterials/Substrate/Glints2/dict_0000_0053.uasset" 4422
"../../../Engine/Content/EngineMaterials/Substrate/Glints2/dict_0000_0054.uasset" 4423
"../../../Engine/Content/EngineMaterials/Substrate/Glints2/dict_0000_0055.uasset" 4424
"../../../Engine/Content/EngineMaterials/Substrate/Glints2/dict_0000_0056.uasset" 4425
"../../../Engine/Content/EngineMaterials/Substrate/Glints2/dict_0000_0057.uasset" 4426
"../../../Engine/Content/EngineMaterials/Substrate/Glints2/dict_0000_0058.uasset" 4427
"../../../Engine/Content/EngineMaterials/Substrate/Glints2/dict_0000_0059.uasset" 4428
"../../../Engine/Content/EngineMaterials/Substrate/Glints2/dict_0000_0060.uasset" 4429
"../../../Engine/Content/EngineMaterials/Substrate/Glints2/dict_0000_0061.uasset" 4430
"../../../Engine/Content/EngineMaterials/Substrate/Glints2/dict_0000_0062.uasset" 4431
"../../../Engine/Content/EngineMaterials/Substrate/Glints2/dict_0000_0063.uasset" 4432
"../../../Engine/Content/EngineMaterials/Substrate/Glints2/dict_0000_0064.uasset" 4433
"../../../Engine/Content/EngineMaterials/Substrate/Glints2/dict_0000_0065.uasset" 4434
"../../../Engine/Content/EngineMaterials/Substrate/Glints2/dict_0000_0066.uasset" 4435
"../../../Engine/Content/EngineMaterials/Substrate/Glints2/dict_0000_0067.uasset" 4436
"../../../Engine/Content/EngineMaterials/Substrate/Glints2/dict_0000_0068.uasset" 4437
"../../../Engine/Content/EngineMaterials/Substrate/Glints2/dict_0000_0069.uasset" 4438
"../../../Engine/Content/EngineMaterials/Substrate/Glints2/dict_0000_0070.uasset" 4439
"../../../Engine/Content/EngineMaterials/Substrate/Glints2/dict_0000_0071.uasset" 4440
"../../../Engine/Content/EngineMaterials/Substrate/Glints2/dict_0000_0072.uasset" 4441
"../../../Engine/Content/EngineMaterials/Substrate/Glints2/dict_0000_0073.uasset" 4442
"../../../Engine/Content/EngineMaterials/Substrate/Glints2/dict_0000_0074.uasset" 4443
"../../../Engine/Content/EngineMaterials/Substrate/Glints2/dict_0000_0075.uasset" 4444
"../../../Engine/Content/EngineMaterials/Substrate/Glints2/dict_0000_0076.uasset" 4445
"../../../Engine/Content/EngineMaterials/Substrate/Glints2/dict_0000_0077.uasset" 4446
"../../../Engine/Content/EngineMaterials/Substrate/Glints2/dict_0000_0078.uasset" 4447
"../../../Engine/Content/EngineMaterials/Substrate/Glints2/dict_0000_0079.uasset" 4448
"../../../Engine/Content/EngineMaterials/Substrate/Glints2/dict_0000_0080.uasset" 4449
"../../../Engine/Content/EngineMaterials/Substrate/Glints2/dict_0000_0081.uasset" 4450
"../../../Engine/Content/EngineMaterials/Substrate/Glints2/dict_0000_0082.uasset" 4451
"../../../Engine/Content/EngineMaterials/Substrate/Glints2/dict_0000_0083.uasset" 4452
"../../../Engine/Content/EngineMaterials/Substrate/Glints2/dict_0000_0084.uasset" 4453
"../../../Engine/Content/EngineMaterials/Substrate/Glints2/dict_0000_0085.uasset" 4454
"../../../Engine/Content/EngineMaterials/Substrate/Glints2/dict_0000_0086.uasset" 4455
"../../../Engine/Content/EngineMaterials/Substrate/Glints2/dict_0000_0087.uasset" 4456
"../../../Engine/Content/EngineMaterials/Substrate/Glints2/dict_0000_0088.uasset" 4457
"../../../Engine/Content/EngineMaterials/Substrate/Glints2/dict_0000_0089.uasset" 4458
"../../../Engine/Content/EngineMaterials/Substrate/Glints2/dict_0000_0090.uasset" 4459
"../../../Engine/Content/EngineMaterials/Substrate/Glints2/dict_0000_0091.uasset" 4460
"../../../Engine/Content/EngineMaterials/Substrate/Glints2/dict_0000_0092.uasset" 4461
"../../../Engine/Content/EngineMaterials/Substrate/Glints2/dict_0000_0093.uasset" 4462
"../../../Engine/Content/EngineMaterials/Substrate/Glints2/dict_0000_0094.uasset" 4463
"../../../Engine/Content/EngineMaterials/Substrate/Glints2/dict_0000_0095.uasset" 4464
"../../../Engine/Content/EngineMaterials/Substrate/Glints2/dict_0000_0096.uasset" 4465
"../../../Engine/Content/EngineMaterials/Substrate/Glints2/dict_0000_0097.uasset" 4466
"../../../Engine/Content/EngineMaterials/Substrate/Glints2/dict_0000_0098.uasset" 4467
"../../../Engine/Content/EngineMaterials/Substrate/Glints2/dict_0000_0099.uasset" 4468
"../../../Engine/Content/EngineMaterials/Substrate/Glints2/dict_0000_0100.uasset" 4469
"../../../Engine/Content/EngineMaterials/Substrate/Glints2/dict_0000_0101.uasset" 4470
"../../../Engine/Content/EngineMaterials/Substrate/Glints2/dict_0000_0102.uasset" 4471
"../../../Engine/Content/EngineMaterials/Substrate/Glints2/dict_0000_0103.uasset" 4472
"../../../Engine/Content/EngineMaterials/Substrate/Glints2/dict_0000_0104.uasset" 4473
"../../../Engine/Content/EngineMaterials/Substrate/Glints2/dict_0000_0105.uasset" 4474
"../../../Engine/Content/EngineMaterials/Substrate/Glints2/dict_0000_0106.uasset" 4475
"../../../Engine/Content/EngineMaterials/Substrate/Glints2/dict_0000_0107.uasset" 4476
"../../../Engine/Content/EngineMaterials/Substrate/Glints2/dict_0000_0108.uasset" 4477
"../../../Engine/Content/EngineMaterials/Substrate/Glints2/dict_0000_0109.uasset" 4478
"../../../Engine/Content/EngineMaterials/Substrate/Glints2/dict_0000_0110.uasset" 4479
"../../../Engine/Content/EngineMaterials/Substrate/Glints2/dict_0000_0111.uasset" 4480
"../../../Engine/Content/EngineMaterials/Substrate/Glints2/dict_0000_0112.uasset" 4481
"../../../Engine/Content/EngineMaterials/Substrate/Glints2/dict_0000_0113.uasset" 4482
"../../../Engine/Content/EngineMaterials/Substrate/Glints2/dict_0000_0114.uasset" 4483
"../../../Engine/Content/EngineMaterials/Substrate/Glints2/dict_0000_0115.uasset" 4484
"../../../Engine/Content/EngineMaterials/Substrate/Glints2/dict_0000_0116.uasset" 4485
"../../../Engine/Content/EngineMaterials/Substrate/Glints2/dict_0000_0117.uasset" 4486
"../../../Engine/Content/EngineMaterials/Substrate/Glints2/dict_0000_0118.uasset" 4487
"../../../Engine/Content/EngineMaterials/Substrate/Glints2/dict_0000_0119.uasset" 4488
"../../../Engine/Content/EngineMaterials/Substrate/Glints2/dict_0000_0120.uasset" 4489
"../../../Engine/Content/EngineMaterials/Substrate/Glints2/dict_0000_0121.uasset" 4490
"../../../Engine/Content/EngineMaterials/Substrate/Glints2/dict_0000_0122.uasset" 4491
"../../../Engine/Content/EngineMaterials/Substrate/Glints2/dict_0000_0123.uasset" 4492
"../../../Engine/Content/EngineMaterials/Substrate/Glints2/dict_0000_0124.uasset" 4493
"../../../Engine/Content/EngineMaterials/Substrate/Glints2/dict_0000_0125.uasset" 4494
"../../../Engine/Content/EngineMaterials/Substrate/Glints2/dict_0000_0126.uasset" 4495
"../../../Engine/Content/EngineMaterials/Substrate/Glints2/dict_0000_0127.uasset" 4496
"../../../Engine/Content/EngineMaterials/Substrate/Glints2/dict_0000_0128.uasset" 4497
"../../../Engine/Content/EngineMaterials/Substrate/Glints2/dict_0000_0129.uasset" 4498
"../../../Engine/Content/EngineMaterials/Substrate/Glints2/dict_0000_0130.uasset" 4499
"../../../Engine/Content/EngineMaterials/Substrate/Glints2/dict_0000_0131.uasset" 4500
"../../../Engine/Content/EngineMaterials/Substrate/Glints2/dict_0000_0132.uasset" 4501
"../../../Engine/Content/EngineMaterials/Substrate/Glints2/dict_0000_0133.uasset" 4502
"../../../Engine/Content/EngineMaterials/Substrate/Glints2/dict_0000_0134.uasset" 4503
"../../../Engine/Content/EngineMaterials/Substrate/Glints2/dict_0000_0135.uasset" 4504
"../../../Engine/Content/EngineMaterials/Substrate/Glints2/dict_0000_0136.uasset" 4505
"../../../Engine/Content/EngineMaterials/Substrate/Glints2/dict_0000_0137.uasset" 4506
"../../../Engine/Content/EngineMaterials/Substrate/Glints2/dict_0000_0138.uasset" 4507
"../../../Engine/Content/EngineMaterials/Substrate/Glints2/dict_0000_0139.uasset" 4508
"../../../Engine/Content/EngineMaterials/Substrate/Glints2/dict_0000_0140.uasset" 4509
"../../../Engine/Content/EngineMaterials/Substrate/Glints2/dict_0000_0141.uasset" 4510
"../../../Engine/Content/EngineMaterials/Substrate/Glints2/dict_0000_0142.uasset" 4511
"../../../Engine/Content/EngineMaterials/Substrate/Glints2/dict_0000_0143.uasset" 4512
"../../../Engine/Content/EngineMaterials/Substrate/Glints2/dict_0000_0144.uasset" 4513
"../../../Engine/Content/EngineMaterials/Substrate/Glints2/dict_0000_0145.uasset" 4514
"../../../Engine/Content/EngineMaterials/Substrate/Glints2/dict_0000_0146.uasset" 4515
"../../../Engine/Content/EngineMaterials/Substrate/Glints2/dict_0000_0147.uasset" 4516
"../../../Engine/Content/EngineMaterials/Substrate/Glints2/dict_0000_0148.uasset" 4517
"../../../Engine/Content/EngineMaterials/Substrate/Glints2/dict_0000_0149.uasset" 4518
"../../../Engine/Content/EngineMaterials/Substrate/Glints2/dict_0000_0150.uasset" 4519
"../../../Engine/Content/EngineMaterials/Substrate/Glints2/dict_0000_0151.uasset" 4520
"../../../Engine/Content/EngineMaterials/Substrate/Glints2/dict_0000_0152.uasset" 4521
"../../../Engine/Content/EngineMaterials/Substrate/Glints2/dict_0000_0153.uasset" 4522
"../../../Engine/Content/EngineMaterials/Substrate/Glints2/dict_0000_0154.uasset" 4523
"../../../Engine/Content/EngineMaterials/Substrate/Glints2/dict_0000_0155.uasset" 4524
"../../../Engine/Content/EngineMaterials/Substrate/Glints2/dict_0000_0156.uasset" 4525
"../../../Engine/Content/EngineMaterials/Substrate/Glints2/dict_0000_0157.uasset" 4526
"../../../Engine/Content/EngineMaterials/Substrate/Glints2/dict_0000_0158.uasset" 4527
"../../../Engine/Content/EngineMaterials/Substrate/Glints2/dict_0000_0159.uasset" 4528
"../../../Engine/Content/EngineMaterials/Substrate/Glints2/dict_0000_0160.uasset" 4529
"../../../Engine/Content/EngineMaterials/Substrate/Glints2/dict_0000_0161.uasset" 4530
"../../../Engine/Content/EngineMaterials/Substrate/Glints2/dict_0000_0162.uasset" 4531
"../../../Engine/Content/EngineMaterials/Substrate/Glints2/dict_0000_0163.uasset" 4532
"../../../Engine/Content/EngineMaterials/Substrate/Glints2/dict_0000_0164.uasset" 4533
"../../../Engine/Content/EngineMaterials/Substrate/Glints2/dict_0000_0165.uasset" 4534
"../../../Engine/Content/EngineMaterials/Substrate/Glints2/dict_0000_0166.uasset" 4535
"../../../Engine/Content/EngineMaterials/Substrate/Glints2/dict_0000_0167.uasset" 4536
"../../../Engine/Content/EngineMaterials/Substrate/Glints2/dict_0000_0168.uasset" 4537
"../../../Engine/Content/EngineMaterials/Substrate/Glints2/dict_0000_0169.uasset" 4538
"../../../Engine/Content/EngineMaterials/Substrate/Glints2/dict_0000_0170.uasset" 4539
"../../../Engine/Content/EngineMaterials/Substrate/Glints2/dict_0000_0171.uasset" 4540
"../../../Engine/Content/EngineMaterials/Substrate/Glints2/dict_0000_0172.uasset" 4541
"../../../Engine/Content/EngineMaterials/Substrate/Glints2/dict_0000_0173.uasset" 4542
"../../../Engine/Content/EngineMaterials/Substrate/Glints2/dict_0000_0174.uasset" 4543
"../../../Engine/Content/EngineMaterials/Substrate/Glints2/dict_0000_0175.uasset" 4544
"../../../Engine/Content/EngineMaterials/Substrate/Glints2/dict_0000_0176.uasset" 4545
"../../../Engine/Content/EngineMaterials/Substrate/Glints2/dict_0000_0177.uasset" 4546
"../../../Engine/Content/EngineMaterials/Substrate/Glints2/dict_0000_0178.uasset" 4547
"../../../Engine/Content/EngineMaterials/Substrate/Glints2/dict_0000_0179.uasset" 4548
"../../../Engine/Content/EngineMaterials/Substrate/Glints2/dict_0000_0180.uasset" 4549
"../../../Engine/Content/EngineMaterials/Substrate/Glints2/dict_0000_0181.uasset" 4550
"../../../Engine/Content/EngineMaterials/Substrate/Glints2/dict_0000_0182.uasset" 4551
"../../../Engine/Content/EngineMaterials/Substrate/Glints2/dict_0000_0183.uasset" 4552
"../../../Engine/Content/EngineMaterials/Substrate/Glints2/dict_0000_0184.uasset" 4553
"../../../Engine/Content/EngineMaterials/Substrate/Glints2/dict_0000_0185.uasset" 4554
"../../../Engine/Content/EngineMaterials/Substrate/Glints2/dict_0000_0186.uasset" 4555
"../../../Engine/Content/EngineMaterials/Substrate/Glints2/dict_0000_0187.uasset" 4556
"../../../Engine/Content/EngineMaterials/Substrate/Glints2/dict_0000_0188.uasset" 4557
"../../../Engine/Content/EngineMaterials/Substrate/Glints2/dict_0000_0189.uasset" 4558
"../../../Engine/Content/EngineMaterials/Substrate/Glints2/dict_0000_0190.uasset" 4559
"../../../Engine/Content/EngineMaterials/Substrate/Glints2/dict_0000_0191.uasset" 4560
"../../../Engine/Content/EngineMaterials/Substrate/Glints2/dict_0000_0192.uasset" 4561
"../../../Engine/Content/EngineMaterials/Substrate/Glints2/dict_0000_0193.uasset" 4562
"../../../Engine/Content/EngineMaterials/Substrate/Glints2/dict_0000_0194.uasset" 4563
"../../../Engine/Content/EngineMaterials/Substrate/Glints2/dict_0000_0195.uasset" 4564
"../../../Engine/Content/EngineMaterials/Substrate/Glints2/dict_0000_0196.uasset" 4565
"../../../Engine/Content/EngineMaterials/Substrate/Glints2/dict_0000_0197.uasset" 4566
"../../../Engine/Content/EngineMaterials/Substrate/Glints2/dict_0000_0198.uasset" 4567
"../../../Engine/Content/EngineMaterials/Substrate/Glints2/dict_0000_0199.uasset" 4568
"../../../Engine/Content/EngineMaterials/Substrate/Glints2/dict_0000_0200.uasset" 4569
"../../../Engine/Content/EngineMaterials/Substrate/Glints2/dict_0000_0201.uasset" 4570
"../../../Engine/Content/EngineMaterials/Substrate/Glints2/dict_0000_0202.uasset" 4571
"../../../Engine/Content/EngineMaterials/Substrate/Glints2/dict_0000_0203.uasset" 4572
"../../../Engine/Content/EngineMaterials/Substrate/Glints2/dict_0000_0204.uasset" 4573
"../../../Engine/Content/EngineMaterials/Substrate/Glints2/dict_0000_0205.uasset" 4574
"../../../Engine/Content/EngineMaterials/Substrate/Glints2/dict_0000_0206.uasset" 4575
"../../../Engine/Content/EngineMaterials/Substrate/Glints2/dict_0000_0207.uasset" 4576
"../../../Engine/Content/EngineMaterials/Substrate/Glints2/dict_0000_0208.uasset" 4577
"../../../Engine/Content/EngineMaterials/Substrate/Glints2/dict_0000_0209.uasset" 4578
"../../../Engine/Content/EngineMaterials/Substrate/Glints2/dict_0000_0210.uasset" 4579
"../../../Engine/Content/EngineMaterials/Substrate/Glints2/dict_0000_0211.uasset" 4580
"../../../Engine/Content/EngineMaterials/Substrate/Glints2/dict_0000_0212.uasset" 4581
"../../../Engine/Content/EngineMaterials/Substrate/Glints2/dict_0000_0213.uasset" 4582
"../../../Engine/Content/EngineMaterials/Substrate/Glints2/dict_0000_0214.uasset" 4583
"../../../Engine/Content/EngineMaterials/Substrate/Glints2/dict_0000_0215.uasset" 4584
"../../../Engine/Content/EngineMaterials/Substrate/Glints2/dict_0000_0216.uasset" 4585
"../../../Engine/Content/EngineMaterials/Substrate/Glints2/dict_0000_0217.uasset" 4586
"../../../Engine/Content/EngineMaterials/Substrate/Glints2/dict_0000_0218.uasset" 4587
"../../../Engine/Content/EngineMaterials/Substrate/Glints2/dict_0000_0219.uasset" 4588
"../../../Engine/Content/EngineMaterials/Substrate/Glints2/dict_0000_0220.uasset" 4589
"../../../Engine/Content/EngineMaterials/Substrate/Glints2/dict_0000_0221.uasset" 4590
"../../../Engine/Content/EngineMaterials/Substrate/Glints2/dict_0000_0222.uasset" 4591
"../../../Engine/Content/EngineMaterials/Substrate/Glints2/dict_0000_0223.uasset" 4592
"../../../Engine/Content/EngineMaterials/Substrate/Glints2/dict_0000_0224.uasset" 4593
"../../../Engine/Content/EngineMaterials/Substrate/Glints2/dict_0000_0225.uasset" 4594
"../../../Engine/Content/EngineMaterials/Substrate/Glints2/dict_0000_0226.uasset" 4595
"../../../Engine/Content/EngineMaterials/Substrate/Glints2/dict_0000_0227.uasset" 4596
"../../../Engine/Content/EngineMaterials/Substrate/Glints2/dict_0000_0228.uasset" 4597
"../../../Engine/Content/EngineMaterials/Substrate/Glints2/dict_0000_0229.uasset" 4598
"../../../Engine/Content/EngineMaterials/Substrate/Glints2/dict_0000_0230.uasset" 4599
"../../../Engine/Content/EngineMaterials/Substrate/Glints2/dict_0000_0231.uasset" 4600
"../../../Engine/Content/EngineMaterials/Substrate/Glints2/dict_0000_0232.uasset" 4601
"../../../Engine/Content/EngineMaterials/Substrate/Glints2/dict_0000_0233.uasset" 4602
"../../../Engine/Content/EngineMaterials/Substrate/Glints2/dict_0000_0234.uasset" 4603
"../../../Engine/Content/EngineMaterials/Substrate/Glints2/dict_0000_0235.uasset" 4604
"../../../Engine/Content/EngineMaterials/Substrate/Glints2/dict_0000_0236.uasset" 4605
"../../../Engine/Content/EngineMaterials/Substrate/Glints2/dict_0000_0237.uasset" 4606
"../../../Engine/Content/EngineMaterials/Substrate/Glints2/dict_0000_0238.uasset" 4607
"../../../Engine/Content/EngineMaterials/Substrate/Glints2/dict_0000_0239.uasset" 4608
"../../../Engine/Content/EngineMaterials/Substrate/Glints2/dict_0000_0240.uasset" 4609
"../../../Engine/Content/EngineMaterials/Substrate/Glints2/dict_0000_0241.uasset" 4610
"../../../Engine/Content/EngineMaterials/Substrate/Glints2/dict_0000_0242.uasset" 4611
"../../../Engine/Content/EngineMaterials/Substrate/Glints2/dict_0000_0243.uasset" 4612
"../../../Engine/Content/EngineMaterials/Substrate/Glints2/dict_0000_0244.uasset" 4613
"../../../Engine/Content/EngineMaterials/Substrate/Glints2/dict_0000_0245.uasset" 4614
"../../../Engine/Content/EngineMaterials/Substrate/Glints2/dict_0000_0246.uasset" 4615
"../../../Engine/Content/EngineMaterials/Substrate/Glints2/dict_0000_0247.uasset" 4616
"../../../Engine/Content/EngineMaterials/Substrate/Glints2/dict_0000_0248.uasset" 4617
"../../../Engine/Content/EngineMaterials/Substrate/Glints2/dict_0000_0249.uasset" 4618
"../../../Engine/Content/EngineMaterials/Substrate/Glints2/dict_0000_0250.uasset" 4619
"../../../Engine/Content/EngineMaterials/Substrate/Glints2/dict_0000_0251.uasset" 4620
"../../../Engine/Content/EngineMaterials/Substrate/Glints2/dict_0000_0252.uasset" 4621
"../../../Engine/Content/EngineMaterials/Substrate/Glints2/dict_0000_0253.uasset" 4622
"../../../Engine/Content/EngineMaterials/Substrate/Glints2/dict_0000_0254.uasset" 4623
"../../../Engine/Content/EngineMaterials/Substrate/Glints2/dict_0000_0255.uasset" 4624
"../../../Engine/Content/EngineMaterials/Substrate/Glints2/dict_0001_0000.uasset" 4625
"../../../Engine/Content/EngineMaterials/Substrate/Glints2/dict_0001_0001.uasset" 4626
"../../../Engine/Content/EngineMaterials/Substrate/Glints2/dict_0001_0002.uasset" 4627
"../../../Engine/Content/EngineMaterials/Substrate/Glints2/dict_0001_0003.uasset" 4628
"../../../Engine/Content/EngineMaterials/Substrate/Glints2/dict_0001_0004.uasset" 4629
"../../../Engine/Content/EngineMaterials/Substrate/Glints2/dict_0001_0005.uasset" 4630
"../../../Engine/Content/EngineMaterials/Substrate/Glints2/dict_0001_0006.uasset" 4631
"../../../Engine/Content/EngineMaterials/Substrate/Glints2/dict_0001_0007.uasset" 4632
"../../../Engine/Content/EngineMaterials/Substrate/Glints2/dict_0001_0008.uasset" 4633
"../../../Engine/Content/EngineMaterials/Substrate/Glints2/dict_0001_0009.uasset" 4634
"../../../Engine/Content/EngineMaterials/Substrate/Glints2/dict_0001_0010.uasset" 4635
"../../../Engine/Content/EngineMaterials/Substrate/Glints2/dict_0001_0011.uasset" 4636
"../../../Engine/Content/EngineMaterials/Substrate/Glints2/dict_0001_0012.uasset" 4637
"../../../Engine/Content/EngineMaterials/Substrate/Glints2/dict_0001_0013.uasset" 4638
"../../../Engine/Content/EngineMaterials/Substrate/Glints2/dict_0001_0014.uasset" 4639
"../../../Engine/Content/EngineMaterials/Substrate/Glints2/dict_0001_0015.uasset" 4640
"../../../Engine/Content/EngineMaterials/Substrate/Glints2/dict_0001_0016.uasset" 4641
"../../../Engine/Content/EngineMaterials/Substrate/Glints2/dict_0001_0017.uasset" 4642
"../../../Engine/Content/EngineMaterials/Substrate/Glints2/dict_0001_0018.uasset" 4643
"../../../Engine/Content/EngineMaterials/Substrate/Glints2/dict_0001_0019.uasset" 4644
"../../../Engine/Content/EngineMaterials/Substrate/Glints2/dict_0001_0020.uasset" 4645
"../../../Engine/Content/EngineMaterials/Substrate/Glints2/dict_0001_0021.uasset" 4646
"../../../Engine/Content/EngineMaterials/Substrate/Glints2/dict_0001_0022.uasset" 4647
"../../../Engine/Content/EngineMaterials/Substrate/Glints2/dict_0001_0023.uasset" 4648
"../../../Engine/Content/EngineMaterials/Substrate/Glints2/dict_0001_0024.uasset" 4649
"../../../Engine/Content/EngineMaterials/Substrate/Glints2/dict_0001_0025.uasset" 4650
"../../../Engine/Content/EngineMaterials/Substrate/Glints2/dict_0001_0026.uasset" 4651
"../../../Engine/Content/EngineMaterials/Substrate/Glints2/dict_0001_0027.uasset" 4652
"../../../Engine/Content/EngineMaterials/Substrate/Glints2/dict_0001_0028.uasset" 4653
"../../../Engine/Content/EngineMaterials/Substrate/Glints2/dict_0001_0029.uasset" 4654
"../../../Engine/Content/EngineMaterials/Substrate/Glints2/dict_0001_0030.uasset" 4655
"../../../Engine/Content/EngineMaterials/Substrate/Glints2/dict_0001_0031.uasset" 4656
"../../../Engine/Content/EngineMaterials/Substrate/Glints2/dict_0001_0032.uasset" 4657
"../../../Engine/Content/EngineMaterials/Substrate/Glints2/dict_0001_0033.uasset" 4658
"../../../Engine/Content/EngineMaterials/Substrate/Glints2/dict_0001_0034.uasset" 4659
"../../../Engine/Content/EngineMaterials/Substrate/Glints2/dict_0001_0035.uasset" 4660
"../../../Engine/Content/EngineMaterials/Substrate/Glints2/dict_0001_0036.uasset" 4661
"../../../Engine/Content/EngineMaterials/Substrate/Glints2/dict_0001_0037.uasset" 4662
"../../../Engine/Content/EngineMaterials/Substrate/Glints2/dict_0001_0038.uasset" 4663
"../../../Engine/Content/EngineMaterials/Substrate/Glints2/dict_0001_0039.uasset" 4664
"../../../Engine/Content/EngineMaterials/Substrate/Glints2/dict_0001_0040.uasset" 4665
"../../../Engine/Content/EngineMaterials/Substrate/Glints2/dict_0001_0041.uasset" 4666
"../../../Engine/Content/EngineMaterials/Substrate/Glints2/dict_0001_0042.uasset" 4667
"../../../Engine/Content/EngineMaterials/Substrate/Glints2/dict_0001_0043.uasset" 4668
"../../../Engine/Content/EngineMaterials/Substrate/Glints2/dict_0001_0044.uasset" 4669
"../../../Engine/Content/EngineMaterials/Substrate/Glints2/dict_0001_0045.uasset" 4670
"../../../Engine/Content/EngineMaterials/Substrate/Glints2/dict_0001_0046.uasset" 4671
"../../../Engine/Content/EngineMaterials/Substrate/Glints2/dict_0001_0047.uasset" 4672
"../../../Engine/Content/EngineMaterials/Substrate/Glints2/dict_0001_0048.uasset" 4673
"../../../Engine/Content/EngineMaterials/Substrate/Glints2/dict_0001_0049.uasset" 4674
"../../../Engine/Content/EngineMaterials/Substrate/Glints2/dict_0001_0050.uasset" 4675
"../../../Engine/Content/EngineMaterials/Substrate/Glints2/dict_0001_0051.uasset" 4676
"../../../Engine/Content/EngineMaterials/Substrate/Glints2/dict_0001_0052.uasset" 4677
"../../../Engine/Content/EngineMaterials/Substrate/Glints2/dict_0001_0053.uasset" 4678
"../../../Engine/Content/EngineMaterials/Substrate/Glints2/dict_0001_0054.uasset" 4679
"../../../Engine/Content/EngineMaterials/Substrate/Glints2/dict_0001_0055.uasset" 4680
"../../../Engine/Content/EngineMaterials/Substrate/Glints2/dict_0001_0056.uasset" 4681
"../../../Engine/Content/EngineMaterials/Substrate/Glints2/dict_0001_0057.uasset" 4682
"../../../Engine/Content/EngineMaterials/Substrate/Glints2/dict_0001_0058.uasset" 4683
"../../../Engine/Content/EngineMaterials/Substrate/Glints2/dict_0001_0059.uasset" 4684
"../../../Engine/Content/EngineMaterials/Substrate/Glints2/dict_0001_0060.uasset" 4685
"../../../Engine/Content/EngineMaterials/Substrate/Glints2/dict_0001_0061.uasset" 4686
"../../../Engine/Content/EngineMaterials/Substrate/Glints2/dict_0001_0062.uasset" 4687
"../../../Engine/Content/EngineMaterials/Substrate/Glints2/dict_0001_0063.uasset" 4688
"../../../Engine/Content/EngineMaterials/Substrate/Glints2/dict_0001_0064.uasset" 4689
"../../../Engine/Content/EngineMaterials/Substrate/Glints2/dict_0001_0065.uasset" 4690
"../../../Engine/Content/EngineMaterials/Substrate/Glints2/dict_0001_0066.uasset" 4691
"../../../Engine/Content/EngineMaterials/Substrate/Glints2/dict_0001_0067.uasset" 4692
"../../../Engine/Content/EngineMaterials/Substrate/Glints2/dict_0001_0068.uasset" 4693
"../../../Engine/Content/EngineMaterials/Substrate/Glints2/dict_0001_0069.uasset" 4694
"../../../Engine/Content/EngineMaterials/Substrate/Glints2/dict_0001_0070.uasset" 4695
"../../../Engine/Content/EngineMaterials/Substrate/Glints2/dict_0001_0071.uasset" 4696
"../../../Engine/Content/EngineMaterials/Substrate/Glints2/dict_0001_0072.uasset" 4697
"../../../Engine/Content/EngineMaterials/Substrate/Glints2/dict_0001_0073.uasset" 4698
"../../../Engine/Content/EngineMaterials/Substrate/Glints2/dict_0001_0074.uasset" 4699
"../../../Engine/Content/EngineMaterials/Substrate/Glints2/dict_0001_0075.uasset" 4700
"../../../Engine/Content/EngineMaterials/Substrate/Glints2/dict_0001_0076.uasset" 4701
"../../../Engine/Content/EngineMaterials/Substrate/Glints2/dict_0001_0077.uasset" 4702
"../../../Engine/Content/EngineMaterials/Substrate/Glints2/dict_0001_0078.uasset" 4703
"../../../Engine/Content/EngineMaterials/Substrate/Glints2/dict_0001_0079.uasset" 4704
"../../../Engine/Content/EngineMaterials/Substrate/Glints2/dict_0001_0080.uasset" 4705
"../../../Engine/Content/EngineMaterials/Substrate/Glints2/dict_0001_0081.uasset" 4706
"../../../Engine/Content/EngineMaterials/Substrate/Glints2/dict_0001_0082.uasset" 4707
"../../../Engine/Content/EngineMaterials/Substrate/Glints2/dict_0001_0083.uasset" 4708
"../../../Engine/Content/EngineMaterials/Substrate/Glints2/dict_0001_0084.uasset" 4709
"../../../Engine/Content/EngineMaterials/Substrate/Glints2/dict_0001_0085.uasset" 4710
"../../../Engine/Content/EngineMaterials/Substrate/Glints2/dict_0001_0086.uasset" 4711
"../../../Engine/Content/EngineMaterials/Substrate/Glints2/dict_0001_0087.uasset" 4712
"../../../Engine/Content/EngineMaterials/Substrate/Glints2/dict_0001_0088.uasset" 4713
"../../../Engine/Content/EngineMaterials/Substrate/Glints2/dict_0001_0089.uasset" 4714
"../../../Engine/Content/EngineMaterials/Substrate/Glints2/dict_0001_0090.uasset" 4715
"../../../Engine/Content/EngineMaterials/Substrate/Glints2/dict_0001_0091.uasset" 4716
"../../../Engine/Content/EngineMaterials/Substrate/Glints2/dict_0001_0092.uasset" 4717
"../../../Engine/Content/EngineMaterials/Substrate/Glints2/dict_0001_0093.uasset" 4718
"../../../Engine/Content/EngineMaterials/Substrate/Glints2/dict_0001_0094.uasset" 4719
"../../../Engine/Content/EngineMaterials/Substrate/Glints2/dict_0001_0095.uasset" 4720
"../../../Engine/Content/EngineMaterials/Substrate/Glints2/dict_0001_0096.uasset" 4721
"../../../Engine/Content/EngineMaterials/Substrate/Glints2/dict_0001_0097.uasset" 4722
"../../../Engine/Content/EngineMaterials/Substrate/Glints2/dict_0001_0098.uasset" 4723
"../../../Engine/Content/EngineMaterials/Substrate/Glints2/dict_0001_0099.uasset" 4724
"../../../Engine/Content/EngineMaterials/Substrate/Glints2/dict_0001_0100.uasset" 4725
"../../../Engine/Content/EngineMaterials/Substrate/Glints2/dict_0001_0101.uasset" 4726
"../../../Engine/Content/EngineMaterials/Substrate/Glints2/dict_0001_0102.uasset" 4727
"../../../Engine/Content/EngineMaterials/Substrate/Glints2/dict_0001_0103.uasset" 4728
"../../../Engine/Content/EngineMaterials/Substrate/Glints2/dict_0001_0104.uasset" 4729
"../../../Engine/Content/EngineMaterials/Substrate/Glints2/dict_0001_0105.uasset" 4730
"../../../Engine/Content/EngineMaterials/Substrate/Glints2/dict_0001_0106.uasset" 4731
"../../../Engine/Content/EngineMaterials/Substrate/Glints2/dict_0001_0107.uasset" 4732
"../../../Engine/Content/EngineMaterials/Substrate/Glints2/dict_0001_0108.uasset" 4733
"../../../Engine/Content/EngineMaterials/Substrate/Glints2/dict_0001_0109.uasset" 4734
"../../../Engine/Content/EngineMaterials/Substrate/Glints2/dict_0001_0110.uasset" 4735
"../../../Engine/Content/EngineMaterials/Substrate/Glints2/dict_0001_0111.uasset" 4736
"../../../Engine/Content/EngineMaterials/Substrate/Glints2/dict_0001_0112.uasset" 4737
"../../../Engine/Content/EngineMaterials/Substrate/Glints2/dict_0001_0113.uasset" 4738
"../../../Engine/Content/EngineMaterials/Substrate/Glints2/dict_0001_0114.uasset" 4739
"../../../Engine/Content/EngineMaterials/Substrate/Glints2/dict_0001_0115.uasset" 4740
"../../../Engine/Content/EngineMaterials/Substrate/Glints2/dict_0001_0116.uasset" 4741
"../../../Engine/Content/EngineMaterials/Substrate/Glints2/dict_0001_0117.uasset" 4742
"../../../Engine/Content/EngineMaterials/Substrate/Glints2/dict_0001_0118.uasset" 4743
"../../../Engine/Content/EngineMaterials/Substrate/Glints2/dict_0001_0119.uasset" 4744
"../../../Engine/Content/EngineMaterials/Substrate/Glints2/dict_0001_0120.uasset" 4745
"../../../Engine/Content/EngineMaterials/Substrate/Glints2/dict_0001_0121.uasset" 4746
"../../../Engine/Content/EngineMaterials/Substrate/Glints2/dict_0001_0122.uasset" 4747
"../../../Engine/Content/EngineMaterials/Substrate/Glints2/dict_0001_0123.uasset" 4748
"../../../Engine/Content/EngineMaterials/Substrate/Glints2/dict_0001_0124.uasset" 4749
"../../../Engine/Content/EngineMaterials/Substrate/Glints2/dict_0001_0125.uasset" 4750
"../../../Engine/Content/EngineMaterials/Substrate/Glints2/dict_0001_0126.uasset" 4751
"../../../Engine/Content/EngineMaterials/Substrate/Glints2/dict_0001_0127.uasset" 4752
"../../../Engine/Content/EngineMaterials/Substrate/Glints2/dict_0001_0128.uasset" 4753
"../../../Engine/Content/EngineMaterials/Substrate/Glints2/dict_0001_0129.uasset" 4754
"../../../Engine/Content/EngineMaterials/Substrate/Glints2/dict_0001_0130.uasset" 4755
"../../../Engine/Content/EngineMaterials/Substrate/Glints2/dict_0001_0131.uasset" 4756
"../../../Engine/Content/EngineMaterials/Substrate/Glints2/dict_0001_0132.uasset" 4757
"../../../Engine/Content/EngineMaterials/Substrate/Glints2/dict_0001_0133.uasset" 4758
"../../../Engine/Content/EngineMaterials/Substrate/Glints2/dict_0001_0134.uasset" 4759
"../../../Engine/Content/EngineMaterials/Substrate/Glints2/dict_0001_0135.uasset" 4760
"../../../Engine/Content/EngineMaterials/Substrate/Glints2/dict_0001_0136.uasset" 4761
"../../../Engine/Content/EngineMaterials/Substrate/Glints2/dict_0001_0137.uasset" 4762
"../../../Engine/Content/EngineMaterials/Substrate/Glints2/dict_0001_0138.uasset" 4763
"../../../Engine/Content/EngineMaterials/Substrate/Glints2/dict_0001_0139.uasset" 4764
"../../../Engine/Content/EngineMaterials/Substrate/Glints2/dict_0001_0140.uasset" 4765
"../../../Engine/Content/EngineMaterials/Substrate/Glints2/dict_0001_0141.uasset" 4766
"../../../Engine/Content/EngineMaterials/Substrate/Glints2/dict_0001_0142.uasset" 4767
"../../../Engine/Content/EngineMaterials/Substrate/Glints2/dict_0001_0143.uasset" 4768
"../../../Engine/Content/EngineMaterials/Substrate/Glints2/dict_0001_0144.uasset" 4769
"../../../Engine/Content/EngineMaterials/Substrate/Glints2/dict_0001_0145.uasset" 4770
"../../../Engine/Content/EngineMaterials/Substrate/Glints2/dict_0001_0146.uasset" 4771
"../../../Engine/Content/EngineMaterials/Substrate/Glints2/dict_0001_0147.uasset" 4772
"../../../Engine/Content/EngineMaterials/Substrate/Glints2/dict_0001_0148.uasset" 4773
"../../../Engine/Content/EngineMaterials/Substrate/Glints2/dict_0001_0149.uasset" 4774
"../../../Engine/Content/EngineMaterials/Substrate/Glints2/dict_0001_0150.uasset" 4775
"../../../Engine/Content/EngineMaterials/Substrate/Glints2/dict_0001_0151.uasset" 4776
"../../../Engine/Content/EngineMaterials/Substrate/Glints2/dict_0001_0152.uasset" 4777
"../../../Engine/Content/EngineMaterials/Substrate/Glints2/dict_0001_0153.uasset" 4778
"../../../Engine/Content/EngineMaterials/Substrate/Glints2/dict_0001_0154.uasset" 4779
"../../../Engine/Content/EngineMaterials/Substrate/Glints2/dict_0001_0155.uasset" 4780
"../../../Engine/Content/EngineMaterials/Substrate/Glints2/dict_0001_0156.uasset" 4781
"../../../Engine/Content/EngineMaterials/Substrate/Glints2/dict_0001_0157.uasset" 4782
"../../../Engine/Content/EngineMaterials/Substrate/Glints2/dict_0001_0158.uasset" 4783
"../../../Engine/Content/EngineMaterials/Substrate/Glints2/dict_0001_0159.uasset" 4784
"../../../Engine/Content/EngineMaterials/Substrate/Glints2/dict_0001_0160.uasset" 4785
"../../../Engine/Content/EngineMaterials/Substrate/Glints2/dict_0001_0161.uasset" 4786
"../../../Engine/Content/EngineMaterials/Substrate/Glints2/dict_0001_0162.uasset" 4787
"../../../Engine/Content/EngineMaterials/Substrate/Glints2/dict_0001_0163.uasset" 4788
"../../../Engine/Content/EngineMaterials/Substrate/Glints2/dict_0001_0164.uasset" 4789
"../../../Engine/Content/EngineMaterials/Substrate/Glints2/dict_0001_0165.uasset" 4790
"../../../Engine/Content/EngineMaterials/Substrate/Glints2/dict_0001_0166.uasset" 4791
"../../../Engine/Content/EngineMaterials/Substrate/Glints2/dict_0001_0167.uasset" 4792
"../../../Engine/Content/EngineMaterials/Substrate/Glints2/dict_0001_0168.uasset" 4793
"../../../Engine/Content/EngineMaterials/Substrate/Glints2/dict_0001_0169.uasset" 4794
"../../../Engine/Content/EngineMaterials/Substrate/Glints2/dict_0001_0170.uasset" 4795
"../../../Engine/Content/EngineMaterials/Substrate/Glints2/dict_0001_0171.uasset" 4796
"../../../Engine/Content/EngineMaterials/Substrate/Glints2/dict_0001_0172.uasset" 4797
"../../../Engine/Content/EngineMaterials/Substrate/Glints2/dict_0001_0173.uasset" 4798
"../../../Engine/Content/EngineMaterials/Substrate/Glints2/dict_0001_0174.uasset" 4799
"../../../Engine/Content/EngineMaterials/Substrate/Glints2/dict_0001_0175.uasset" 4800
"../../../Engine/Content/EngineMaterials/Substrate/Glints2/dict_0001_0176.uasset" 4801
"../../../Engine/Content/EngineMaterials/Substrate/Glints2/dict_0001_0177.uasset" 4802
"../../../Engine/Content/EngineMaterials/Substrate/Glints2/dict_0001_0178.uasset" 4803
"../../../Engine/Content/EngineMaterials/Substrate/Glints2/dict_0001_0179.uasset" 4804
"../../../Engine/Content/EngineMaterials/Substrate/Glints2/dict_0001_0180.uasset" 4805
"../../../Engine/Content/EngineMaterials/Substrate/Glints2/dict_0001_0181.uasset" 4806
"../../../Engine/Content/EngineMaterials/Substrate/Glints2/dict_0001_0182.uasset" 4807
"../../../Engine/Content/EngineMaterials/Substrate/Glints2/dict_0001_0183.uasset" 4808
"../../../Engine/Content/EngineMaterials/Substrate/Glints2/dict_0001_0184.uasset" 4809
"../../../Engine/Content/EngineMaterials/Substrate/Glints2/dict_0001_0185.uasset" 4810
"../../../Engine/Content/EngineMaterials/Substrate/Glints2/dict_0001_0186.uasset" 4811
"../../../Engine/Content/EngineMaterials/Substrate/Glints2/dict_0001_0187.uasset" 4812
"../../../Engine/Content/EngineMaterials/Substrate/Glints2/dict_0001_0188.uasset" 4813
"../../../Engine/Content/EngineMaterials/Substrate/Glints2/dict_0001_0189.uasset" 4814
"../../../Engine/Content/EngineMaterials/Substrate/Glints2/dict_0001_0190.uasset" 4815
"../../../Engine/Content/EngineMaterials/Substrate/Glints2/dict_0001_0191.uasset" 4816
"../../../Engine/Content/EngineMaterials/Substrate/Glints2/dict_0001_0192.uasset" 4817
"../../../Engine/Content/EngineMaterials/Substrate/Glints2/dict_0001_0193.uasset" 4818
"../../../Engine/Content/EngineMaterials/Substrate/Glints2/dict_0001_0194.uasset" 4819
"../../../Engine/Content/EngineMaterials/Substrate/Glints2/dict_0001_0195.uasset" 4820
"../../../Engine/Content/EngineMaterials/Substrate/Glints2/dict_0001_0196.uasset" 4821
"../../../Engine/Content/EngineMaterials/Substrate/Glints2/dict_0001_0197.uasset" 4822
"../../../Engine/Content/EngineMaterials/Substrate/Glints2/dict_0001_0198.uasset" 4823
"../../../Engine/Content/EngineMaterials/Substrate/Glints2/dict_0001_0199.uasset" 4824
"../../../Engine/Content/EngineMaterials/Substrate/Glints2/dict_0001_0200.uasset" 4825
"../../../Engine/Content/EngineMaterials/Substrate/Glints2/dict_0001_0201.uasset" 4826
"../../../Engine/Content/EngineMaterials/Substrate/Glints2/dict_0001_0202.uasset" 4827
"../../../Engine/Content/EngineMaterials/Substrate/Glints2/dict_0001_0203.uasset" 4828
"../../../Engine/Content/EngineMaterials/Substrate/Glints2/dict_0001_0204.uasset" 4829
"../../../Engine/Content/EngineMaterials/Substrate/Glints2/dict_0001_0205.uasset" 4830
"../../../Engine/Content/EngineMaterials/Substrate/Glints2/dict_0001_0206.uasset" 4831
"../../../Engine/Content/EngineMaterials/Substrate/Glints2/dict_0001_0207.uasset" 4832
"../../../Engine/Content/EngineMaterials/Substrate/Glints2/dict_0001_0208.uasset" 4833
"../../../Engine/Content/EngineMaterials/Substrate/Glints2/dict_0001_0209.uasset" 4834
"../../../Engine/Content/EngineMaterials/Substrate/Glints2/dict_0001_0210.uasset" 4835
"../../../Engine/Content/EngineMaterials/Substrate/Glints2/dict_0001_0211.uasset" 4836
"../../../Engine/Content/EngineMaterials/Substrate/Glints2/dict_0001_0212.uasset" 4837
"../../../Engine/Content/EngineMaterials/Substrate/Glints2/dict_0001_0213.uasset" 4838
"../../../Engine/Content/EngineMaterials/Substrate/Glints2/dict_0001_0214.uasset" 4839
"../../../Engine/Content/EngineMaterials/Substrate/Glints2/dict_0001_0215.uasset" 4840
"../../../Engine/Content/EngineMaterials/Substrate/Glints2/dict_0001_0216.uasset" 4841
"../../../Engine/Content/EngineMaterials/Substrate/Glints2/dict_0001_0217.uasset" 4842
"../../../Engine/Content/EngineMaterials/Substrate/Glints2/dict_0001_0218.uasset" 4843
"../../../Engine/Content/EngineMaterials/Substrate/Glints2/dict_0001_0219.uasset" 4844
"../../../Engine/Content/EngineMaterials/Substrate/Glints2/dict_0001_0220.uasset" 4845
"../../../Engine/Content/EngineMaterials/Substrate/Glints2/dict_0001_0221.uasset" 4846
"../../../Engine/Content/EngineMaterials/Substrate/Glints2/dict_0001_0222.uasset" 4847
"../../../Engine/Content/EngineMaterials/Substrate/Glints2/dict_0001_0223.uasset" 4848
"../../../Engine/Content/EngineMaterials/Substrate/Glints2/dict_0001_0224.uasset" 4849
"../../../Engine/Content/EngineMaterials/Substrate/Glints2/dict_0001_0225.uasset" 4850
"../../../Engine/Content/EngineMaterials/Substrate/Glints2/dict_0001_0226.uasset" 4851
"../../../Engine/Content/EngineMaterials/Substrate/Glints2/dict_0001_0227.uasset" 4852
"../../../Engine/Content/EngineMaterials/Substrate/Glints2/dict_0001_0228.uasset" 4853
"../../../Engine/Content/EngineMaterials/Substrate/Glints2/dict_0001_0229.uasset" 4854
"../../../Engine/Content/EngineMaterials/Substrate/Glints2/dict_0001_0230.uasset" 4855
"../../../Engine/Content/EngineMaterials/Substrate/Glints2/dict_0001_0231.uasset" 4856
"../../../Engine/Content/EngineMaterials/Substrate/Glints2/dict_0001_0232.uasset" 4857
"../../../Engine/Content/EngineMaterials/Substrate/Glints2/dict_0001_0233.uasset" 4858
"../../../Engine/Content/EngineMaterials/Substrate/Glints2/dict_0001_0234.uasset" 4859
"../../../Engine/Content/EngineMaterials/Substrate/Glints2/dict_0001_0235.uasset" 4860
"../../../Engine/Content/EngineMaterials/Substrate/Glints2/dict_0001_0236.uasset" 4861
"../../../Engine/Content/EngineMaterials/Substrate/Glints2/dict_0001_0237.uasset" 4862
"../../../Engine/Content/EngineMaterials/Substrate/Glints2/dict_0001_0238.uasset" 4863
"../../../Engine/Content/EngineMaterials/Substrate/Glints2/dict_0001_0239.uasset" 4864
"../../../Engine/Content/EngineMaterials/Substrate/Glints2/dict_0001_0240.uasset" 4865
"../../../Engine/Content/EngineMaterials/Substrate/Glints2/dict_0001_0241.uasset" 4866
"../../../Engine/Content/EngineMaterials/Substrate/Glints2/dict_0001_0242.uasset" 4867
"../../../Engine/Content/EngineMaterials/Substrate/Glints2/dict_0001_0243.uasset" 4868
"../../../Engine/Content/EngineMaterials/Substrate/Glints2/dict_0001_0244.uasset" 4869
"../../../Engine/Content/EngineMaterials/Substrate/Glints2/dict_0001_0245.uasset" 4870
"../../../Engine/Content/EngineMaterials/Substrate/Glints2/dict_0001_0246.uasset" 4871
"../../../Engine/Content/EngineMaterials/Substrate/Glints2/dict_0001_0247.uasset" 4872
"../../../Engine/Content/EngineMaterials/Substrate/Glints2/dict_0001_0248.uasset" 4873
"../../../Engine/Content/EngineMaterials/Substrate/Glints2/dict_0001_0249.uasset" 4874
"../../../Engine/Content/EngineMaterials/Substrate/Glints2/dict_0001_0250.uasset" 4875
"../../../Engine/Content/EngineMaterials/Substrate/Glints2/dict_0001_0251.uasset" 4876
"../../../Engine/Content/EngineMaterials/Substrate/Glints2/dict_0001_0252.uasset" 4877
"../../../Engine/Content/EngineMaterials/Substrate/Glints2/dict_0001_0253.uasset" 4878
"../../../Engine/Content/EngineMaterials/Substrate/Glints2/dict_0001_0254.uasset" 4879
"../../../Engine/Content/EngineMaterials/Substrate/Glints2/dict_0001_0255.uasset" 4880
"../../../Engine/Content/EngineMaterials/Substrate/Glints2/dict_0002_0000.uasset" 4881
"../../../Engine/Content/EngineMaterials/Substrate/Glints2/dict_0002_0001.uasset" 4882
"../../../Engine/Content/EngineMaterials/Substrate/Glints2/dict_0002_0002.uasset" 4883
"../../../Engine/Content/EngineMaterials/Substrate/Glints2/dict_0002_0003.uasset" 4884
"../../../Engine/Content/EngineMaterials/Substrate/Glints2/dict_0002_0004.uasset" 4885
"../../../Engine/Content/EngineMaterials/Substrate/Glints2/dict_0002_0005.uasset" 4886
"../../../Engine/Content/EngineMaterials/Substrate/Glints2/dict_0002_0006.uasset" 4887
"../../../Engine/Content/EngineMaterials/Substrate/Glints2/dict_0002_0007.uasset" 4888
"../../../Engine/Content/EngineMaterials/Substrate/Glints2/dict_0002_0008.uasset" 4889
"../../../Engine/Content/EngineMaterials/Substrate/Glints2/dict_0002_0009.uasset" 4890
"../../../Engine/Content/EngineMaterials/Substrate/Glints2/dict_0002_0010.uasset" 4891
"../../../Engine/Content/EngineMaterials/Substrate/Glints2/dict_0002_0011.uasset" 4892
"../../../Engine/Content/EngineMaterials/Substrate/Glints2/dict_0002_0012.uasset" 4893
"../../../Engine/Content/EngineMaterials/Substrate/Glints2/dict_0002_0013.uasset" 4894
"../../../Engine/Content/EngineMaterials/Substrate/Glints2/dict_0002_0014.uasset" 4895
"../../../Engine/Content/EngineMaterials/Substrate/Glints2/dict_0002_0015.uasset" 4896
"../../../Engine/Content/EngineMaterials/Substrate/Glints2/dict_0002_0016.uasset" 4897
"../../../Engine/Content/EngineMaterials/Substrate/Glints2/dict_0002_0017.uasset" 4898
"../../../Engine/Content/EngineMaterials/Substrate/Glints2/dict_0002_0018.uasset" 4899
"../../../Engine/Content/EngineMaterials/Substrate/Glints2/dict_0002_0019.uasset" 4900
"../../../Engine/Content/EngineMaterials/Substrate/Glints2/dict_0002_0020.uasset" 4901
"../../../Engine/Content/EngineMaterials/Substrate/Glints2/dict_0002_0021.uasset" 4902
"../../../Engine/Content/EngineMaterials/Substrate/Glints2/dict_0002_0022.uasset" 4903
"../../../Engine/Content/EngineMaterials/Substrate/Glints2/dict_0002_0023.uasset" 4904
"../../../Engine/Content/EngineMaterials/Substrate/Glints2/dict_0002_0024.uasset" 4905
"../../../Engine/Content/EngineMaterials/Substrate/Glints2/dict_0002_0025.uasset" 4906
"../../../Engine/Content/EngineMaterials/Substrate/Glints2/dict_0002_0026.uasset" 4907
"../../../Engine/Content/EngineMaterials/Substrate/Glints2/dict_0002_0027.uasset" 4908
"../../../Engine/Content/EngineMaterials/Substrate/Glints2/dict_0002_0028.uasset" 4909
"../../../Engine/Content/EngineMaterials/Substrate/Glints2/dict_0002_0029.uasset" 4910
"../../../Engine/Content/EngineMaterials/Substrate/Glints2/dict_0002_0030.uasset" 4911
"../../../Engine/Content/EngineMaterials/Substrate/Glints2/dict_0002_0031.uasset" 4912
"../../../Engine/Content/EngineMaterials/Substrate/Glints2/dict_0002_0032.uasset" 4913
"../../../Engine/Content/EngineMaterials/Substrate/Glints2/dict_0002_0033.uasset" 4914
"../../../Engine/Content/EngineMaterials/Substrate/Glints2/dict_0002_0034.uasset" 4915
"../../../Engine/Content/EngineMaterials/Substrate/Glints2/dict_0002_0035.uasset" 4916
"../../../Engine/Content/EngineMaterials/Substrate/Glints2/dict_0002_0036.uasset" 4917
"../../../Engine/Content/EngineMaterials/Substrate/Glints2/dict_0002_0037.uasset" 4918
"../../../Engine/Content/EngineMaterials/Substrate/Glints2/dict_0002_0038.uasset" 4919
"../../../Engine/Content/EngineMaterials/Substrate/Glints2/dict_0002_0039.uasset" 4920
"../../../Engine/Content/EngineMaterials/Substrate/Glints2/dict_0002_0040.uasset" 4921
"../../../Engine/Content/EngineMaterials/Substrate/Glints2/dict_0002_0041.uasset" 4922
"../../../Engine/Content/EngineMaterials/Substrate/Glints2/dict_0002_0042.uasset" 4923
"../../../Engine/Content/EngineMaterials/Substrate/Glints2/dict_0002_0043.uasset" 4924
"../../../Engine/Content/EngineMaterials/Substrate/Glints2/dict_0002_0044.uasset" 4925
"../../../Engine/Content/EngineMaterials/Substrate/Glints2/dict_0002_0045.uasset" 4926
"../../../Engine/Content/EngineMaterials/Substrate/Glints2/dict_0002_0046.uasset" 4927
"../../../Engine/Content/EngineMaterials/Substrate/Glints2/dict_0002_0047.uasset" 4928
"../../../Engine/Content/EngineMaterials/Substrate/Glints2/dict_0002_0048.uasset" 4929
"../../../Engine/Content/EngineMaterials/Substrate/Glints2/dict_0002_0049.uasset" 4930
"../../../Engine/Content/EngineMaterials/Substrate/Glints2/dict_0002_0050.uasset" 4931
"../../../Engine/Content/EngineMaterials/Substrate/Glints2/dict_0002_0051.uasset" 4932
"../../../Engine/Content/EngineMaterials/Substrate/Glints2/dict_0002_0052.uasset" 4933
"../../../Engine/Content/EngineMaterials/Substrate/Glints2/dict_0002_0053.uasset" 4934
"../../../Engine/Content/EngineMaterials/Substrate/Glints2/dict_0002_0054.uasset" 4935
"../../../Engine/Content/EngineMaterials/Substrate/Glints2/dict_0002_0055.uasset" 4936
"../../../Engine/Content/EngineMaterials/Substrate/Glints2/dict_0002_0056.uasset" 4937
"../../../Engine/Content/EngineMaterials/Substrate/Glints2/dict_0002_0057.uasset" 4938
"../../../Engine/Content/EngineMaterials/Substrate/Glints2/dict_0002_0058.uasset" 4939
"../../../Engine/Content/EngineMaterials/Substrate/Glints2/dict_0002_0059.uasset" 4940
"../../../Engine/Content/EngineMaterials/Substrate/Glints2/dict_0002_0060.uasset" 4941
"../../../Engine/Content/EngineMaterials/Substrate/Glints2/dict_0002_0061.uasset" 4942
"../../../Engine/Content/EngineMaterials/Substrate/Glints2/dict_0002_0062.uasset" 4943
"../../../Engine/Content/EngineMaterials/Substrate/Glints2/dict_0002_0063.uasset" 4944
"../../../Engine/Content/EngineMaterials/Substrate/Glints2/dict_0002_0064.uasset" 4945
"../../../Engine/Content/EngineMaterials/Substrate/Glints2/dict_0002_0065.uasset" 4946
"../../../Engine/Content/EngineMaterials/Substrate/Glints2/dict_0002_0066.uasset" 4947
"../../../Engine/Content/EngineMaterials/Substrate/Glints2/dict_0002_0067.uasset" 4948
"../../../Engine/Content/EngineMaterials/Substrate/Glints2/dict_0002_0068.uasset" 4949
"../../../Engine/Content/EngineMaterials/Substrate/Glints2/dict_0002_0069.uasset" 4950
"../../../Engine/Content/EngineMaterials/Substrate/Glints2/dict_0002_0070.uasset" 4951
"../../../Engine/Content/EngineMaterials/Substrate/Glints2/dict_0002_0071.uasset" 4952
"../../../Engine/Content/EngineMaterials/Substrate/Glints2/dict_0002_0072.uasset" 4953
"../../../Engine/Content/EngineMaterials/Substrate/Glints2/dict_0002_0073.uasset" 4954
"../../../Engine/Content/EngineMaterials/Substrate/Glints2/dict_0002_0074.uasset" 4955
"../../../Engine/Content/EngineMaterials/Substrate/Glints2/dict_0002_0075.uasset" 4956
"../../../Engine/Content/EngineMaterials/Substrate/Glints2/dict_0002_0076.uasset" 4957
"../../../Engine/Content/EngineMaterials/Substrate/Glints2/dict_0002_0077.uasset" 4958
"../../../Engine/Content/EngineMaterials/Substrate/Glints2/dict_0002_0078.uasset" 4959
"../../../Engine/Content/EngineMaterials/Substrate/Glints2/dict_0002_0079.uasset" 4960
"../../../Engine/Content/EngineMaterials/Substrate/Glints2/dict_0002_0080.uasset" 4961
"../../../Engine/Content/EngineMaterials/Substrate/Glints2/dict_0002_0081.uasset" 4962
"../../../Engine/Content/EngineMaterials/Substrate/Glints2/dict_0002_0082.uasset" 4963
"../../../Engine/Content/EngineMaterials/Substrate/Glints2/dict_0002_0083.uasset" 4964
"../../../Engine/Content/EngineMaterials/Substrate/Glints2/dict_0002_0084.uasset" 4965
"../../../Engine/Content/EngineMaterials/Substrate/Glints2/dict_0002_0085.uasset" 4966
"../../../Engine/Content/EngineMaterials/Substrate/Glints2/dict_0002_0086.uasset" 4967
"../../../Engine/Content/EngineMaterials/Substrate/Glints2/dict_0002_0087.uasset" 4968
"../../../Engine/Content/EngineMaterials/Substrate/Glints2/dict_0002_0088.uasset" 4969
"../../../Engine/Content/EngineMaterials/Substrate/Glints2/dict_0002_0089.uasset" 4970
"../../../Engine/Content/EngineMaterials/Substrate/Glints2/dict_0002_0090.uasset" 4971
"../../../Engine/Content/EngineMaterials/Substrate/Glints2/dict_0002_0091.uasset" 4972
"../../../Engine/Content/EngineMaterials/Substrate/Glints2/dict_0002_0092.uasset" 4973
"../../../Engine/Content/EngineMaterials/Substrate/Glints2/dict_0002_0093.uasset" 4974
"../../../Engine/Content/EngineMaterials/Substrate/Glints2/dict_0002_0094.uasset" 4975
"../../../Engine/Content/EngineMaterials/Substrate/Glints2/dict_0002_0095.uasset" 4976
"../../../Engine/Content/EngineMaterials/Substrate/Glints2/dict_0002_0096.uasset" 4977
"../../../Engine/Content/EngineMaterials/Substrate/Glints2/dict_0002_0097.uasset" 4978
"../../../Engine/Content/EngineMaterials/Substrate/Glints2/dict_0002_0098.uasset" 4979
"../../../Engine/Content/EngineMaterials/Substrate/Glints2/dict_0002_0099.uasset" 4980
"../../../Engine/Content/EngineMaterials/Substrate/Glints2/dict_0002_0100.uasset" 4981
"../../../Engine/Content/EngineMaterials/Substrate/Glints2/dict_0002_0101.uasset" 4982
"../../../Engine/Content/EngineMaterials/Substrate/Glints2/dict_0002_0102.uasset" 4983
"../../../Engine/Content/EngineMaterials/Substrate/Glints2/dict_0002_0103.uasset" 4984
"../../../Engine/Content/EngineMaterials/Substrate/Glints2/dict_0002_0104.uasset" 4985
"../../../Engine/Content/EngineMaterials/Substrate/Glints2/dict_0002_0105.uasset" 4986
"../../../Engine/Content/EngineMaterials/Substrate/Glints2/dict_0002_0106.uasset" 4987
"../../../Engine/Content/EngineMaterials/Substrate/Glints2/dict_0002_0107.uasset" 4988
"../../../Engine/Content/EngineMaterials/Substrate/Glints2/dict_0002_0108.uasset" 4989
"../../../Engine/Content/EngineMaterials/Substrate/Glints2/dict_0002_0109.uasset" 4990
"../../../Engine/Content/EngineMaterials/Substrate/Glints2/dict_0002_0110.uasset" 4991
"../../../Engine/Content/EngineMaterials/Substrate/Glints2/dict_0002_0111.uasset" 4992
"../../../Engine/Content/EngineMaterials/Substrate/Glints2/dict_0002_0112.uasset" 4993
"../../../Engine/Content/EngineMaterials/Substrate/Glints2/dict_0002_0113.uasset" 4994
"../../../Engine/Content/EngineMaterials/Substrate/Glints2/dict_0002_0114.uasset" 4995
"../../../Engine/Content/EngineMaterials/Substrate/Glints2/dict_0002_0115.uasset" 4996
"../../../Engine/Content/EngineMaterials/Substrate/Glints2/dict_0002_0116.uasset" 4997
"../../../Engine/Content/EngineMaterials/Substrate/Glints2/dict_0002_0117.uasset" 4998
"../../../Engine/Content/EngineMaterials/Substrate/Glints2/dict_0002_0118.uasset" 4999
"../../../Engine/Content/EngineMaterials/Substrate/Glints2/dict_0002_0119.uasset" 5000
"../../../Engine/Content/EngineMaterials/Substrate/Glints2/dict_0002_0120.uasset" 5001
"../../../Engine/Content/EngineMaterials/Substrate/Glints2/dict_0002_0121.uasset" 5002
"../../../Engine/Content/EngineMaterials/Substrate/Glints2/dict_0002_0122.uasset" 5003
"../../../Engine/Content/EngineMaterials/Substrate/Glints2/dict_0002_0123.uasset" 5004
"../../../Engine/Content/EngineMaterials/Substrate/Glints2/dict_0002_0124.uasset" 5005
"../../../Engine/Content/EngineMaterials/Substrate/Glints2/dict_0002_0125.uasset" 5006
"../../../Engine/Content/EngineMaterials/Substrate/Glints2/dict_0002_0126.uasset" 5007
"../../../Engine/Content/EngineMaterials/Substrate/Glints2/dict_0002_0127.uasset" 5008
"../../../Engine/Content/EngineMaterials/Substrate/Glints2/dict_0002_0128.uasset" 5009
"../../../Engine/Content/EngineMaterials/Substrate/Glints2/dict_0002_0129.uasset" 5010
"../../../Engine/Content/EngineMaterials/Substrate/Glints2/dict_0002_0130.uasset" 5011
"../../../Engine/Content/EngineMaterials/Substrate/Glints2/dict_0002_0131.uasset" 5012
"../../../Engine/Content/EngineMaterials/Substrate/Glints2/dict_0002_0132.uasset" 5013
"../../../Engine/Content/EngineMaterials/Substrate/Glints2/dict_0002_0133.uasset" 5014
"../../../Engine/Content/EngineMaterials/Substrate/Glints2/dict_0002_0134.uasset" 5015
"../../../Engine/Content/EngineMaterials/Substrate/Glints2/dict_0002_0135.uasset" 5016
"../../../Engine/Content/EngineMaterials/Substrate/Glints2/dict_0002_0136.uasset" 5017
"../../../Engine/Content/EngineMaterials/Substrate/Glints2/dict_0002_0137.uasset" 5018
"../../../Engine/Content/EngineMaterials/Substrate/Glints2/dict_0002_0138.uasset" 5019
"../../../Engine/Content/EngineMaterials/Substrate/Glints2/dict_0002_0139.uasset" 5020
"../../../Engine/Content/EngineMaterials/Substrate/Glints2/dict_0002_0140.uasset" 5021
"../../../Engine/Content/EngineMaterials/Substrate/Glints2/dict_0002_0141.uasset" 5022
"../../../Engine/Content/EngineMaterials/Substrate/Glints2/dict_0002_0142.uasset" 5023
"../../../Engine/Content/EngineMaterials/Substrate/Glints2/dict_0002_0143.uasset" 5024
"../../../Engine/Content/EngineMaterials/Substrate/Glints2/dict_0002_0144.uasset" 5025
"../../../Engine/Content/EngineMaterials/Substrate/Glints2/dict_0002_0145.uasset" 5026
"../../../Engine/Content/EngineMaterials/Substrate/Glints2/dict_0002_0146.uasset" 5027
"../../../Engine/Content/EngineMaterials/Substrate/Glints2/dict_0002_0147.uasset" 5028
"../../../Engine/Content/EngineMaterials/Substrate/Glints2/dict_0002_0148.uasset" 5029
"../../../Engine/Content/EngineMaterials/Substrate/Glints2/dict_0002_0149.uasset" 5030
"../../../Engine/Content/EngineMaterials/Substrate/Glints2/dict_0002_0150.uasset" 5031
"../../../Engine/Content/EngineMaterials/Substrate/Glints2/dict_0002_0151.uasset" 5032
"../../../Engine/Content/EngineMaterials/Substrate/Glints2/dict_0002_0152.uasset" 5033
"../../../Engine/Content/EngineMaterials/Substrate/Glints2/dict_0002_0153.uasset" 5034
"../../../Engine/Content/EngineMaterials/Substrate/Glints2/dict_0002_0154.uasset" 5035
"../../../Engine/Content/EngineMaterials/Substrate/Glints2/dict_0002_0155.uasset" 5036
"../../../Engine/Content/EngineMaterials/Substrate/Glints2/dict_0002_0156.uasset" 5037
"../../../Engine/Content/EngineMaterials/Substrate/Glints2/dict_0002_0157.uasset" 5038
"../../../Engine/Content/EngineMaterials/Substrate/Glints2/dict_0002_0158.uasset" 5039
"../../../Engine/Content/EngineMaterials/Substrate/Glints2/dict_0002_0159.uasset" 5040
"../../../Engine/Content/EngineMaterials/Substrate/Glints2/dict_0002_0160.uasset" 5041
"../../../Engine/Content/EngineMaterials/Substrate/Glints2/dict_0002_0161.uasset" 5042
"../../../Engine/Content/EngineMaterials/Substrate/Glints2/dict_0002_0162.uasset" 5043
"../../../Engine/Content/EngineMaterials/Substrate/Glints2/dict_0002_0163.uasset" 5044
"../../../Engine/Content/EngineMaterials/Substrate/Glints2/dict_0002_0164.uasset" 5045
"../../../Engine/Content/EngineMaterials/Substrate/Glints2/dict_0002_0165.uasset" 5046
"../../../Engine/Content/EngineMaterials/Substrate/Glints2/dict_0002_0166.uasset" 5047
"../../../Engine/Content/EngineMaterials/Substrate/Glints2/dict_0002_0167.uasset" 5048
"../../../Engine/Content/EngineMaterials/Substrate/Glints2/dict_0002_0168.uasset" 5049
"../../../Engine/Content/EngineMaterials/Substrate/Glints2/dict_0002_0169.uasset" 5050
"../../../Engine/Content/EngineMaterials/Substrate/Glints2/dict_0002_0170.uasset" 5051
"../../../Engine/Content/EngineMaterials/Substrate/Glints2/dict_0002_0171.uasset" 5052
"../../../Engine/Content/EngineMaterials/Substrate/Glints2/dict_0002_0172.uasset" 5053
"../../../Engine/Content/EngineMaterials/Substrate/Glints2/dict_0002_0173.uasset" 5054
"../../../Engine/Content/EngineMaterials/Substrate/Glints2/dict_0002_0174.uasset" 5055
"../../../Engine/Content/EngineMaterials/Substrate/Glints2/dict_0002_0175.uasset" 5056
"../../../Engine/Content/EngineMaterials/Substrate/Glints2/dict_0002_0176.uasset" 5057
"../../../Engine/Content/EngineMaterials/Substrate/Glints2/dict_0002_0177.uasset" 5058
"../../../Engine/Content/EngineMaterials/Substrate/Glints2/dict_0002_0178.uasset" 5059
"../../../Engine/Content/EngineMaterials/Substrate/Glints2/dict_0002_0179.uasset" 5060
"../../../Engine/Content/EngineMaterials/Substrate/Glints2/dict_0002_0180.uasset" 5061
"../../../Engine/Content/EngineMaterials/Substrate/Glints2/dict_0002_0181.uasset" 5062
"../../../Engine/Content/EngineMaterials/Substrate/Glints2/dict_0002_0182.uasset" 5063
"../../../Engine/Content/EngineMaterials/Substrate/Glints2/dict_0002_0183.uasset" 5064
"../../../Engine/Content/EngineMaterials/Substrate/Glints2/dict_0002_0184.uasset" 5065
"../../../Engine/Content/EngineMaterials/Substrate/Glints2/dict_0002_0185.uasset" 5066
"../../../Engine/Content/EngineMaterials/Substrate/Glints2/dict_0002_0186.uasset" 5067
"../../../Engine/Content/EngineMaterials/Substrate/Glints2/dict_0002_0187.uasset" 5068
"../../../Engine/Content/EngineMaterials/Substrate/Glints2/dict_0002_0188.uasset" 5069
"../../../Engine/Content/EngineMaterials/Substrate/Glints2/dict_0002_0189.uasset" 5070
"../../../Engine/Content/EngineMaterials/Substrate/Glints2/dict_0002_0190.uasset" 5071
"../../../Engine/Content/EngineMaterials/Substrate/Glints2/dict_0002_0191.uasset" 5072
"../../../Engine/Content/EngineMaterials/Substrate/Glints2/dict_0002_0192.uasset" 5073
"../../../Engine/Content/EngineMaterials/Substrate/Glints2/dict_0002_0193.uasset" 5074
"../../../Engine/Content/EngineMaterials/Substrate/Glints2/dict_0002_0194.uasset" 5075
"../../../Engine/Content/EngineMaterials/Substrate/Glints2/dict_0002_0195.uasset" 5076
"../../../Engine/Content/EngineMaterials/Substrate/Glints2/dict_0002_0196.uasset" 5077
"../../../Engine/Content/EngineMaterials/Substrate/Glints2/dict_0002_0197.uasset" 5078
"../../../Engine/Content/EngineMaterials/Substrate/Glints2/dict_0002_0198.uasset" 5079
"../../../Engine/Content/EngineMaterials/Substrate/Glints2/dict_0002_0199.uasset" 5080
"../../../Engine/Content/EngineMaterials/Substrate/Glints2/dict_0002_0200.uasset" 5081
"../../../Engine/Content/EngineMaterials/Substrate/Glints2/dict_0002_0201.uasset" 5082
"../../../Engine/Content/EngineMaterials/Substrate/Glints2/dict_0002_0202.uasset" 5083
"../../../Engine/Content/EngineMaterials/Substrate/Glints2/dict_0002_0203.uasset" 5084
"../../../Engine/Content/EngineMaterials/Substrate/Glints2/dict_0002_0204.uasset" 5085
"../../../Engine/Content/EngineMaterials/Substrate/Glints2/dict_0002_0205.uasset" 5086
"../../../Engine/Content/EngineMaterials/Substrate/Glints2/dict_0002_0206.uasset" 5087
"../../../Engine/Content/EngineMaterials/Substrate/Glints2/dict_0002_0207.uasset" 5088
"../../../Engine/Content/EngineMaterials/Substrate/Glints2/dict_0002_0208.uasset" 5089
"../../../Engine/Content/EngineMaterials/Substrate/Glints2/dict_0002_0209.uasset" 5090
"../../../Engine/Content/EngineMaterials/Substrate/Glints2/dict_0002_0210.uasset" 5091
"../../../Engine/Content/EngineMaterials/Substrate/Glints2/dict_0002_0211.uasset" 5092
"../../../Engine/Content/EngineMaterials/Substrate/Glints2/dict_0002_0212.uasset" 5093
"../../../Engine/Content/EngineMaterials/Substrate/Glints2/dict_0002_0213.uasset" 5094
"../../../Engine/Content/EngineMaterials/Substrate/Glints2/dict_0002_0214.uasset" 5095
"../../../Engine/Content/EngineMaterials/Substrate/Glints2/dict_0002_0215.uasset" 5096
"../../../Engine/Content/EngineMaterials/Substrate/Glints2/dict_0002_0216.uasset" 5097
"../../../Engine/Content/EngineMaterials/Substrate/Glints2/dict_0002_0217.uasset" 5098
"../../../Engine/Content/EngineMaterials/Substrate/Glints2/dict_0002_0218.uasset" 5099
"../../../Engine/Content/EngineMaterials/Substrate/Glints2/dict_0002_0219.uasset" 5100
"../../../Engine/Content/EngineMaterials/Substrate/Glints2/dict_0002_0220.uasset" 5101
"../../../Engine/Content/EngineMaterials/Substrate/Glints2/dict_0002_0221.uasset" 5102
"../../../Engine/Content/EngineMaterials/Substrate/Glints2/dict_0002_0222.uasset" 5103
"../../../Engine/Content/EngineMaterials/Substrate/Glints2/dict_0002_0223.uasset" 5104
"../../../Engine/Content/EngineMaterials/Substrate/Glints2/dict_0002_0224.uasset" 5105
"../../../Engine/Content/EngineMaterials/Substrate/Glints2/dict_0002_0225.uasset" 5106
"../../../Engine/Content/EngineMaterials/Substrate/Glints2/dict_0002_0226.uasset" 5107
"../../../Engine/Content/EngineMaterials/Substrate/Glints2/dict_0002_0227.uasset" 5108
"../../../Engine/Content/EngineMaterials/Substrate/Glints2/dict_0002_0228.uasset" 5109
"../../../Engine/Content/EngineMaterials/Substrate/Glints2/dict_0002_0229.uasset" 5110
"../../../Engine/Content/EngineMaterials/Substrate/Glints2/dict_0002_0230.uasset" 5111
"../../../Engine/Content/EngineMaterials/Substrate/Glints2/dict_0002_0231.uasset" 5112
"../../../Engine/Content/EngineMaterials/Substrate/Glints2/dict_0002_0232.uasset" 5113
"../../../Engine/Content/EngineMaterials/Substrate/Glints2/dict_0002_0233.uasset" 5114
"../../../Engine/Content/EngineMaterials/Substrate/Glints2/dict_0002_0234.uasset" 5115
"../../../Engine/Content/EngineMaterials/Substrate/Glints2/dict_0002_0235.uasset" 5116
"../../../Engine/Content/EngineMaterials/Substrate/Glints2/dict_0002_0236.uasset" 5117
"../../../Engine/Content/EngineMaterials/Substrate/Glints2/dict_0002_0237.uasset" 5118
"../../../Engine/Content/EngineMaterials/Substrate/Glints2/dict_0002_0238.uasset" 5119
"../../../Engine/Content/EngineMaterials/Substrate/Glints2/dict_0002_0239.uasset" 5120
"../../../Engine/Content/EngineMaterials/Substrate/Glints2/dict_0002_0240.uasset" 5121
"../../../Engine/Content/EngineMaterials/Substrate/Glints2/dict_0002_0241.uasset" 5122
"../../../Engine/Content/EngineMaterials/Substrate/Glints2/dict_0002_0242.uasset" 5123
"../../../Engine/Content/EngineMaterials/Substrate/Glints2/dict_0002_0243.uasset" 5124
"../../../Engine/Content/EngineMaterials/Substrate/Glints2/dict_0002_0244.uasset" 5125
"../../../Engine/Content/EngineMaterials/Substrate/Glints2/dict_0002_0245.uasset" 5126
"../../../Engine/Content/EngineMaterials/Substrate/Glints2/dict_0002_0246.uasset" 5127
"../../../Engine/Content/EngineMaterials/Substrate/Glints2/dict_0002_0247.uasset" 5128
"../../../Engine/Content/EngineMaterials/Substrate/Glints2/dict_0002_0248.uasset" 5129
"../../../Engine/Content/EngineMaterials/Substrate/Glints2/dict_0002_0249.uasset" 5130
"../../../Engine/Content/EngineMaterials/Substrate/Glints2/dict_0002_0250.uasset" 5131
"../../../Engine/Content/EngineMaterials/Substrate/Glints2/dict_0002_0251.uasset" 5132
"../../../Engine/Content/EngineMaterials/Substrate/Glints2/dict_0002_0252.uasset" 5133
"../../../Engine/Content/EngineMaterials/Substrate/Glints2/dict_0002_0253.uasset" 5134
"../../../Engine/Content/EngineMaterials/Substrate/Glints2/dict_0002_0254.uasset" 5135
"../../../Engine/Content/EngineMaterials/Substrate/Glints2/dict_0002_0255.uasset" 5136
"../../../Engine/Content/EngineMaterials/Substrate/Glints2/dict_0003_0000.uasset" 5137
"../../../Engine/Content/EngineMaterials/Substrate/Glints2/dict_0003_0001.uasset" 5138
"../../../Engine/Content/EngineMaterials/Substrate/Glints2/dict_0003_0002.uasset" 5139
"../../../Engine/Content/EngineMaterials/Substrate/Glints2/dict_0003_0003.uasset" 5140
"../../../Engine/Content/EngineMaterials/Substrate/Glints2/dict_0003_0004.uasset" 5141
"../../../Engine/Content/EngineMaterials/Substrate/Glints2/dict_0003_0005.uasset" 5142
"../../../Engine/Content/EngineMaterials/Substrate/Glints2/dict_0003_0006.uasset" 5143
"../../../Engine/Content/EngineMaterials/Substrate/Glints2/dict_0003_0007.uasset" 5144
"../../../Engine/Content/EngineMaterials/Substrate/Glints2/dict_0003_0008.uasset" 5145
"../../../Engine/Content/EngineMaterials/Substrate/Glints2/dict_0003_0009.uasset" 5146
"../../../Engine/Content/EngineMaterials/Substrate/Glints2/dict_0003_0010.uasset" 5147
"../../../Engine/Content/EngineMaterials/Substrate/Glints2/dict_0003_0011.uasset" 5148
"../../../Engine/Content/EngineMaterials/Substrate/Glints2/dict_0003_0012.uasset" 5149
"../../../Engine/Content/EngineMaterials/Substrate/Glints2/dict_0003_0013.uasset" 5150
"../../../Engine/Content/EngineMaterials/Substrate/Glints2/dict_0003_0014.uasset" 5151
"../../../Engine/Content/EngineMaterials/Substrate/Glints2/dict_0003_0015.uasset" 5152
"../../../Engine/Content/EngineMaterials/Substrate/Glints2/dict_0003_0016.uasset" 5153
"../../../Engine/Content/EngineMaterials/Substrate/Glints2/dict_0003_0017.uasset" 5154
"../../../Engine/Content/EngineMaterials/Substrate/Glints2/dict_0003_0018.uasset" 5155
"../../../Engine/Content/EngineMaterials/Substrate/Glints2/dict_0003_0019.uasset" 5156
"../../../Engine/Content/EngineMaterials/Substrate/Glints2/dict_0003_0020.uasset" 5157
"../../../Engine/Content/EngineMaterials/Substrate/Glints2/dict_0003_0021.uasset" 5158
"../../../Engine/Content/EngineMaterials/Substrate/Glints2/dict_0003_0022.uasset" 5159
"../../../Engine/Content/EngineMaterials/Substrate/Glints2/dict_0003_0023.uasset" 5160
"../../../Engine/Content/EngineMaterials/Substrate/Glints2/dict_0003_0024.uasset" 5161
"../../../Engine/Content/EngineMaterials/Substrate/Glints2/dict_0003_0025.uasset" 5162
"../../../Engine/Content/EngineMaterials/Substrate/Glints2/dict_0003_0026.uasset" 5163
"../../../Engine/Content/EngineMaterials/Substrate/Glints2/dict_0003_0027.uasset" 5164
"../../../Engine/Content/EngineMaterials/Substrate/Glints2/dict_0003_0028.uasset" 5165
"../../../Engine/Content/EngineMaterials/Substrate/Glints2/dict_0003_0029.uasset" 5166
"../../../Engine/Content/EngineMaterials/Substrate/Glints2/dict_0003_0030.uasset" 5167
"../../../Engine/Content/EngineMaterials/Substrate/Glints2/dict_0003_0031.uasset" 5168
"../../../Engine/Content/EngineMaterials/Substrate/Glints2/dict_0003_0032.uasset" 5169
"../../../Engine/Content/EngineMaterials/Substrate/Glints2/dict_0003_0033.uasset" 5170
"../../../Engine/Content/EngineMaterials/Substrate/Glints2/dict_0003_0034.uasset" 5171
"../../../Engine/Content/EngineMaterials/Substrate/Glints2/dict_0003_0035.uasset" 5172
"../../../Engine/Content/EngineMaterials/Substrate/Glints2/dict_0003_0036.uasset" 5173
"../../../Engine/Content/EngineMaterials/Substrate/Glints2/dict_0003_0037.uasset" 5174
"../../../Engine/Content/EngineMaterials/Substrate/Glints2/dict_0003_0038.uasset" 5175
"../../../Engine/Content/EngineMaterials/Substrate/Glints2/dict_0003_0039.uasset" 5176
"../../../Engine/Content/EngineMaterials/Substrate/Glints2/dict_0003_0040.uasset" 5177
"../../../Engine/Content/EngineMaterials/Substrate/Glints2/dict_0003_0041.uasset" 5178
"../../../Engine/Content/EngineMaterials/Substrate/Glints2/dict_0003_0042.uasset" 5179
"../../../Engine/Content/EngineMaterials/Substrate/Glints2/dict_0003_0043.uasset" 5180
"../../../Engine/Content/EngineMaterials/Substrate/Glints2/dict_0003_0044.uasset" 5181
"../../../Engine/Content/EngineMaterials/Substrate/Glints2/dict_0003_0045.uasset" 5182
"../../../Engine/Content/EngineMaterials/Substrate/Glints2/dict_0003_0046.uasset" 5183
"../../../Engine/Content/EngineMaterials/Substrate/Glints2/dict_0003_0047.uasset" 5184
"../../../Engine/Content/EngineMaterials/Substrate/Glints2/dict_0003_0048.uasset" 5185
"../../../Engine/Content/EngineMaterials/Substrate/Glints2/dict_0003_0049.uasset" 5186
"../../../Engine/Content/EngineMaterials/Substrate/Glints2/dict_0003_0050.uasset" 5187
"../../../Engine/Content/EngineMaterials/Substrate/Glints2/dict_0003_0051.uasset" 5188
"../../../Engine/Content/EngineMaterials/Substrate/Glints2/dict_0003_0052.uasset" 5189
"../../../Engine/Content/EngineMaterials/Substrate/Glints2/dict_0003_0053.uasset" 5190
"../../../Engine/Content/EngineMaterials/Substrate/Glints2/dict_0003_0054.uasset" 5191
"../../../Engine/Content/EngineMaterials/Substrate/Glints2/dict_0003_0055.uasset" 5192
"../../../Engine/Content/EngineMaterials/Substrate/Glints2/dict_0003_0056.uasset" 5193
"../../../Engine/Content/EngineMaterials/Substrate/Glints2/dict_0003_0057.uasset" 5194
"../../../Engine/Content/EngineMaterials/Substrate/Glints2/dict_0003_0058.uasset" 5195
"../../../Engine/Content/EngineMaterials/Substrate/Glints2/dict_0003_0059.uasset" 5196
"../../../Engine/Content/EngineMaterials/Substrate/Glints2/dict_0003_0060.uasset" 5197
"../../../Engine/Content/EngineMaterials/Substrate/Glints2/dict_0003_0061.uasset" 5198
"../../../Engine/Content/EngineMaterials/Substrate/Glints2/dict_0003_0062.uasset" 5199
"../../../Engine/Content/EngineMaterials/Substrate/Glints2/dict_0003_0063.uasset" 5200
"../../../Engine/Content/EngineMaterials/Substrate/Glints2/dict_0003_0064.uasset" 5201
"../../../Engine/Content/EngineMaterials/Substrate/Glints2/dict_0003_0065.uasset" 5202
"../../../Engine/Content/EngineMaterials/Substrate/Glints2/dict_0003_0066.uasset" 5203
"../../../Engine/Content/EngineMaterials/Substrate/Glints2/dict_0003_0067.uasset" 5204
"../../../Engine/Content/EngineMaterials/Substrate/Glints2/dict_0003_0068.uasset" 5205
"../../../Engine/Content/EngineMaterials/Substrate/Glints2/dict_0003_0069.uasset" 5206
"../../../Engine/Content/EngineMaterials/Substrate/Glints2/dict_0003_0070.uasset" 5207
"../../../Engine/Content/EngineMaterials/Substrate/Glints2/dict_0003_0071.uasset" 5208
"../../../Engine/Content/EngineMaterials/Substrate/Glints2/dict_0003_0072.uasset" 5209
"../../../Engine/Content/EngineMaterials/Substrate/Glints2/dict_0003_0073.uasset" 5210
"../../../Engine/Content/EngineMaterials/Substrate/Glints2/dict_0003_0074.uasset" 5211
"../../../Engine/Content/EngineMaterials/Substrate/Glints2/dict_0003_0075.uasset" 5212
"../../../Engine/Content/EngineMaterials/Substrate/Glints2/dict_0003_0076.uasset" 5213
"../../../Engine/Content/EngineMaterials/Substrate/Glints2/dict_0003_0077.uasset" 5214
"../../../Engine/Content/EngineMaterials/Substrate/Glints2/dict_0003_0078.uasset" 5215
"../../../Engine/Content/EngineMaterials/Substrate/Glints2/dict_0003_0079.uasset" 5216
"../../../Engine/Content/EngineMaterials/Substrate/Glints2/dict_0003_0080.uasset" 5217
"../../../Engine/Content/EngineMaterials/Substrate/Glints2/dict_0003_0081.uasset" 5218
"../../../Engine/Content/EngineMaterials/Substrate/Glints2/dict_0003_0082.uasset" 5219
"../../../Engine/Content/EngineMaterials/Substrate/Glints2/dict_0003_0083.uasset" 5220
"../../../Engine/Content/EngineMaterials/Substrate/Glints2/dict_0003_0084.uasset" 5221
"../../../Engine/Content/EngineMaterials/Substrate/Glints2/dict_0003_0085.uasset" 5222
"../../../Engine/Content/EngineMaterials/Substrate/Glints2/dict_0003_0086.uasset" 5223
"../../../Engine/Content/EngineMaterials/Substrate/Glints2/dict_0003_0087.uasset" 5224
"../../../Engine/Content/EngineMaterials/Substrate/Glints2/dict_0003_0088.uasset" 5225
"../../../Engine/Content/EngineMaterials/Substrate/Glints2/dict_0003_0089.uasset" 5226
"../../../Engine/Content/EngineMaterials/Substrate/Glints2/dict_0003_0090.uasset" 5227
"../../../Engine/Content/EngineMaterials/Substrate/Glints2/dict_0003_0091.uasset" 5228
"../../../Engine/Content/EngineMaterials/Substrate/Glints2/dict_0003_0092.uasset" 5229
"../../../Engine/Content/EngineMaterials/Substrate/Glints2/dict_0003_0093.uasset" 5230
"../../../Engine/Content/EngineMaterials/Substrate/Glints2/dict_0003_0094.uasset" 5231
"../../../Engine/Content/EngineMaterials/Substrate/Glints2/dict_0003_0095.uasset" 5232
"../../../Engine/Content/EngineMaterials/Substrate/Glints2/dict_0003_0096.uasset" 5233
"../../../Engine/Content/EngineMaterials/Substrate/Glints2/dict_0003_0097.uasset" 5234
"../../../Engine/Content/EngineMaterials/Substrate/Glints2/dict_0003_0098.uasset" 5235
"../../../Engine/Content/EngineMaterials/Substrate/Glints2/dict_0003_0099.uasset" 5236
"../../../Engine/Content/EngineMaterials/Substrate/Glints2/dict_0003_0100.uasset" 5237
"../../../Engine/Content/EngineMaterials/Substrate/Glints2/dict_0003_0101.uasset" 5238
"../../../Engine/Content/EngineMaterials/Substrate/Glints2/dict_0003_0102.uasset" 5239
"../../../Engine/Content/EngineMaterials/Substrate/Glints2/dict_0003_0103.uasset" 5240
"../../../Engine/Content/EngineMaterials/Substrate/Glints2/dict_0003_0104.uasset" 5241
"../../../Engine/Content/EngineMaterials/Substrate/Glints2/dict_0003_0105.uasset" 5242
"../../../Engine/Content/EngineMaterials/Substrate/Glints2/dict_0003_0106.uasset" 5243
"../../../Engine/Content/EngineMaterials/Substrate/Glints2/dict_0003_0107.uasset" 5244
"../../../Engine/Content/EngineMaterials/Substrate/Glints2/dict_0003_0108.uasset" 5245
"../../../Engine/Content/EngineMaterials/Substrate/Glints2/dict_0003_0109.uasset" 5246
"../../../Engine/Content/EngineMaterials/Substrate/Glints2/dict_0003_0110.uasset" 5247
"../../../Engine/Content/EngineMaterials/Substrate/Glints2/dict_0003_0111.uasset" 5248
"../../../Engine/Content/EngineMaterials/Substrate/Glints2/dict_0003_0112.uasset" 5249
"../../../Engine/Content/EngineMaterials/Substrate/Glints2/dict_0003_0113.uasset" 5250
"../../../Engine/Content/EngineMaterials/Substrate/Glints2/dict_0003_0114.uasset" 5251
"../../../Engine/Content/EngineMaterials/Substrate/Glints2/dict_0003_0115.uasset" 5252
"../../../Engine/Content/EngineMaterials/Substrate/Glints2/dict_0003_0116.uasset" 5253
"../../../Engine/Content/EngineMaterials/Substrate/Glints2/dict_0003_0117.uasset" 5254
"../../../Engine/Content/EngineMaterials/Substrate/Glints2/dict_0003_0118.uasset" 5255
"../../../Engine/Content/EngineMaterials/Substrate/Glints2/dict_0003_0119.uasset" 5256
"../../../Engine/Content/EngineMaterials/Substrate/Glints2/dict_0003_0120.uasset" 5257
"../../../Engine/Content/EngineMaterials/Substrate/Glints2/dict_0003_0121.uasset" 5258
"../../../Engine/Content/EngineMaterials/Substrate/Glints2/dict_0003_0122.uasset" 5259
"../../../Engine/Content/EngineMaterials/Substrate/Glints2/dict_0003_0123.uasset" 5260
"../../../Engine/Content/EngineMaterials/Substrate/Glints2/dict_0003_0124.uasset" 5261
"../../../Engine/Content/EngineMaterials/Substrate/Glints2/dict_0003_0125.uasset" 5262
"../../../Engine/Content/EngineMaterials/Substrate/Glints2/dict_0003_0126.uasset" 5263
"../../../Engine/Content/EngineMaterials/Substrate/Glints2/dict_0003_0127.uasset" 5264
"../../../Engine/Content/EngineMaterials/Substrate/Glints2/dict_0003_0128.uasset" 5265
"../../../Engine/Content/EngineMaterials/Substrate/Glints2/dict_0003_0129.uasset" 5266
"../../../Engine/Content/EngineMaterials/Substrate/Glints2/dict_0003_0130.uasset" 5267
"../../../Engine/Content/EngineMaterials/Substrate/Glints2/dict_0003_0131.uasset" 5268
"../../../Engine/Content/EngineMaterials/Substrate/Glints2/dict_0003_0132.uasset" 5269
"../../../Engine/Content/EngineMaterials/Substrate/Glints2/dict_0003_0133.uasset" 5270
"../../../Engine/Content/EngineMaterials/Substrate/Glints2/dict_0003_0134.uasset" 5271
"../../../Engine/Content/EngineMaterials/Substrate/Glints2/dict_0003_0135.uasset" 5272
"../../../Engine/Content/EngineMaterials/Substrate/Glints2/dict_0003_0136.uasset" 5273
"../../../Engine/Content/EngineMaterials/Substrate/Glints2/dict_0003_0137.uasset" 5274
"../../../Engine/Content/EngineMaterials/Substrate/Glints2/dict_0003_0138.uasset" 5275
"../../../Engine/Content/EngineMaterials/Substrate/Glints2/dict_0003_0139.uasset" 5276
"../../../Engine/Content/EngineMaterials/Substrate/Glints2/dict_0003_0140.uasset" 5277
"../../../Engine/Content/EngineMaterials/Substrate/Glints2/dict_0003_0141.uasset" 5278
"../../../Engine/Content/EngineMaterials/Substrate/Glints2/dict_0003_0142.uasset" 5279
"../../../Engine/Content/EngineMaterials/Substrate/Glints2/dict_0003_0143.uasset" 5280
"../../../Engine/Content/EngineMaterials/Substrate/Glints2/dict_0003_0144.uasset" 5281
"../../../Engine/Content/EngineMaterials/Substrate/Glints2/dict_0003_0145.uasset" 5282
"../../../Engine/Content/EngineMaterials/Substrate/Glints2/dict_0003_0146.uasset" 5283
"../../../Engine/Content/EngineMaterials/Substrate/Glints2/dict_0003_0147.uasset" 5284
"../../../Engine/Content/EngineMaterials/Substrate/Glints2/dict_0003_0148.uasset" 5285
"../../../Engine/Content/EngineMaterials/Substrate/Glints2/dict_0003_0149.uasset" 5286
"../../../Engine/Content/EngineMaterials/Substrate/Glints2/dict_0003_0150.uasset" 5287
"../../../Engine/Content/EngineMaterials/Substrate/Glints2/dict_0003_0151.uasset" 5288
"../../../Engine/Content/EngineMaterials/Substrate/Glints2/dict_0003_0152.uasset" 5289
"../../../Engine/Content/EngineMaterials/Substrate/Glints2/dict_0003_0153.uasset" 5290
"../../../Engine/Content/EngineMaterials/Substrate/Glints2/dict_0003_0154.uasset" 5291
"../../../Engine/Content/EngineMaterials/Substrate/Glints2/dict_0003_0155.uasset" 5292
"../../../Engine/Content/EngineMaterials/Substrate/Glints2/dict_0003_0156.uasset" 5293
"../../../Engine/Content/EngineMaterials/Substrate/Glints2/dict_0003_0157.uasset" 5294
"../../../Engine/Content/EngineMaterials/Substrate/Glints2/dict_0003_0158.uasset" 5295
"../../../Engine/Content/EngineMaterials/Substrate/Glints2/dict_0003_0159.uasset" 5296
"../../../Engine/Content/EngineMaterials/Substrate/Glints2/dict_0003_0160.uasset" 5297
"../../../Engine/Content/EngineMaterials/Substrate/Glints2/dict_0003_0161.uasset" 5298
"../../../Engine/Content/EngineMaterials/Substrate/Glints2/dict_0003_0162.uasset" 5299
"../../../Engine/Content/EngineMaterials/Substrate/Glints2/dict_0003_0163.uasset" 5300
"../../../Engine/Content/EngineMaterials/Substrate/Glints2/dict_0003_0164.uasset" 5301
"../../../Engine/Content/EngineMaterials/Substrate/Glints2/dict_0003_0165.uasset" 5302
"../../../Engine/Content/EngineMaterials/Substrate/Glints2/dict_0003_0166.uasset" 5303
"../../../Engine/Content/EngineMaterials/Substrate/Glints2/dict_0003_0167.uasset" 5304
"../../../Engine/Content/EngineMaterials/Substrate/Glints2/dict_0003_0168.uasset" 5305
"../../../Engine/Content/EngineMaterials/Substrate/Glints2/dict_0003_0169.uasset" 5306
"../../../Engine/Content/EngineMaterials/Substrate/Glints2/dict_0003_0170.uasset" 5307
"../../../Engine/Content/EngineMaterials/Substrate/Glints2/dict_0003_0171.uasset" 5308
"../../../Engine/Content/EngineMaterials/Substrate/Glints2/dict_0003_0172.uasset" 5309
"../../../Engine/Content/EngineMaterials/Substrate/Glints2/dict_0003_0173.uasset" 5310
"../../../Engine/Content/EngineMaterials/Substrate/Glints2/dict_0003_0174.uasset" 5311
"../../../Engine/Content/EngineMaterials/Substrate/Glints2/dict_0003_0175.uasset" 5312
"../../../Engine/Content/EngineMaterials/Substrate/Glints2/dict_0003_0176.uasset" 5313
"../../../Engine/Content/EngineMaterials/Substrate/Glints2/dict_0003_0177.uasset" 5314
"../../../Engine/Content/EngineMaterials/Substrate/Glints2/dict_0003_0178.uasset" 5315
"../../../Engine/Content/EngineMaterials/Substrate/Glints2/dict_0003_0179.uasset" 5316
"../../../Engine/Content/EngineMaterials/Substrate/Glints2/dict_0003_0180.uasset" 5317
"../../../Engine/Content/EngineMaterials/Substrate/Glints2/dict_0003_0181.uasset" 5318
"../../../Engine/Content/EngineMaterials/Substrate/Glints2/dict_0003_0182.uasset" 5319
"../../../Engine/Content/EngineMaterials/Substrate/Glints2/dict_0003_0183.uasset" 5320
"../../../Engine/Content/EngineMaterials/Substrate/Glints2/dict_0003_0184.uasset" 5321
"../../../Engine/Content/EngineMaterials/Substrate/Glints2/dict_0003_0185.uasset" 5322
"../../../Engine/Content/EngineMaterials/Substrate/Glints2/dict_0003_0186.uasset" 5323
"../../../Engine/Content/EngineMaterials/Substrate/Glints2/dict_0003_0187.uasset" 5324
"../../../Engine/Content/EngineMaterials/Substrate/Glints2/dict_0003_0188.uasset" 5325
"../../../Engine/Content/EngineMaterials/Substrate/Glints2/dict_0003_0189.uasset" 5326
"../../../Engine/Content/EngineMaterials/Substrate/Glints2/dict_0003_0190.uasset" 5327
"../../../Engine/Content/EngineMaterials/Substrate/Glints2/dict_0003_0191.uasset" 5328
"../../../Engine/Content/EngineMaterials/Substrate/Glints2/dict_0003_0192.uasset" 5329
"../../../Engine/Content/EngineMaterials/Substrate/Glints2/dict_0003_0193.uasset" 5330
"../../../Engine/Content/EngineMaterials/Substrate/Glints2/dict_0003_0194.uasset" 5331
"../../../Engine/Content/EngineMaterials/Substrate/Glints2/dict_0003_0195.uasset" 5332
"../../../Engine/Content/EngineMaterials/Substrate/Glints2/dict_0003_0196.uasset" 5333
"../../../Engine/Content/EngineMaterials/Substrate/Glints2/dict_0003_0197.uasset" 5334
"../../../Engine/Content/EngineMaterials/Substrate/Glints2/dict_0003_0198.uasset" 5335
"../../../Engine/Content/EngineMaterials/Substrate/Glints2/dict_0003_0199.uasset" 5336
"../../../Engine/Content/EngineMaterials/Substrate/Glints2/dict_0003_0200.uasset" 5337
"../../../Engine/Content/EngineMaterials/Substrate/Glints2/dict_0003_0201.uasset" 5338
"../../../Engine/Content/EngineMaterials/Substrate/Glints2/dict_0003_0202.uasset" 5339
"../../../Engine/Content/EngineMaterials/Substrate/Glints2/dict_0003_0203.uasset" 5340
"../../../Engine/Content/EngineMaterials/Substrate/Glints2/dict_0003_0204.uasset" 5341
"../../../Engine/Content/EngineMaterials/Substrate/Glints2/dict_0003_0205.uasset" 5342
"../../../Engine/Content/EngineMaterials/Substrate/Glints2/dict_0003_0206.uasset" 5343
"../../../Engine/Content/EngineMaterials/Substrate/Glints2/dict_0003_0207.uasset" 5344
"../../../Engine/Content/EngineMaterials/Substrate/Glints2/dict_0003_0208.uasset" 5345
"../../../Engine/Content/EngineMaterials/Substrate/Glints2/dict_0003_0209.uasset" 5346
"../../../Engine/Content/EngineMaterials/Substrate/Glints2/dict_0003_0210.uasset" 5347
"../../../Engine/Content/EngineMaterials/Substrate/Glints2/dict_0003_0211.uasset" 5348
"../../../Engine/Content/EngineMaterials/Substrate/Glints2/dict_0003_0212.uasset" 5349
"../../../Engine/Content/EngineMaterials/Substrate/Glints2/dict_0003_0213.uasset" 5350
"../../../Engine/Content/EngineMaterials/Substrate/Glints2/dict_0003_0214.uasset" 5351
"../../../Engine/Content/EngineMaterials/Substrate/Glints2/dict_0003_0215.uasset" 5352
"../../../Engine/Content/EngineMaterials/Substrate/Glints2/dict_0003_0216.uasset" 5353
"../../../Engine/Content/EngineMaterials/Substrate/Glints2/dict_0003_0217.uasset" 5354
"../../../Engine/Content/EngineMaterials/Substrate/Glints2/dict_0003_0218.uasset" 5355
"../../../Engine/Content/EngineMaterials/Substrate/Glints2/dict_0003_0219.uasset" 5356
"../../../Engine/Content/EngineMaterials/Substrate/Glints2/dict_0003_0220.uasset" 5357
"../../../Engine/Content/EngineMaterials/Substrate/Glints2/dict_0003_0221.uasset" 5358
"../../../Engine/Content/EngineMaterials/Substrate/Glints2/dict_0003_0222.uasset" 5359
"../../../Engine/Content/EngineMaterials/Substrate/Glints2/dict_0003_0223.uasset" 5360
"../../../Engine/Content/EngineMaterials/Substrate/Glints2/dict_0003_0224.uasset" 5361
"../../../Engine/Content/EngineMaterials/Substrate/Glints2/dict_0003_0225.uasset" 5362
"../../../Engine/Content/EngineMaterials/Substrate/Glints2/dict_0003_0226.uasset" 5363
"../../../Engine/Content/EngineMaterials/Substrate/Glints2/dict_0003_0227.uasset" 5364
"../../../Engine/Content/EngineMaterials/Substrate/Glints2/dict_0003_0228.uasset" 5365
"../../../Engine/Content/EngineMaterials/Substrate/Glints2/dict_0003_0229.uasset" 5366
"../../../Engine/Content/EngineMaterials/Substrate/Glints2/dict_0003_0230.uasset" 5367
"../../../Engine/Content/EngineMaterials/Substrate/Glints2/dict_0003_0231.uasset" 5368
"../../../Engine/Content/EngineMaterials/Substrate/Glints2/dict_0003_0232.uasset" 5369
"../../../Engine/Content/EngineMaterials/Substrate/Glints2/dict_0003_0233.uasset" 5370
"../../../Engine/Content/EngineMaterials/Substrate/Glints2/dict_0003_0234.uasset" 5371
"../../../Engine/Content/EngineMaterials/Substrate/Glints2/dict_0003_0235.uasset" 5372
"../../../Engine/Content/EngineMaterials/Substrate/Glints2/dict_0003_0236.uasset" 5373
"../../../Engine/Content/EngineMaterials/Substrate/Glints2/dict_0003_0237.uasset" 5374
"../../../Engine/Content/EngineMaterials/Substrate/Glints2/dict_0003_0238.uasset" 5375
"../../../Engine/Content/EngineMaterials/Substrate/Glints2/dict_0003_0239.uasset" 5376
"../../../Engine/Content/EngineMaterials/Substrate/Glints2/dict_0003_0240.uasset" 5377
"../../../Engine/Content/EngineMaterials/Substrate/Glints2/dict_0003_0241.uasset" 5378
"../../../Engine/Content/EngineMaterials/Substrate/Glints2/dict_0003_0242.uasset" 5379
"../../../Engine/Content/EngineMaterials/Substrate/Glints2/dict_0003_0243.uasset" 5380
"../../../Engine/Content/EngineMaterials/Substrate/Glints2/dict_0003_0244.uasset" 5381
"../../../Engine/Content/EngineMaterials/Substrate/Glints2/dict_0003_0245.uasset" 5382
"../../../Engine/Content/EngineMaterials/Substrate/Glints2/dict_0003_0246.uasset" 5383
"../../../Engine/Content/EngineMaterials/Substrate/Glints2/dict_0003_0247.uasset" 5384
"../../../Engine/Content/EngineMaterials/Substrate/Glints2/dict_0003_0248.uasset" 5385
"../../../Engine/Content/EngineMaterials/Substrate/Glints2/dict_0003_0249.uasset" 5386
"../../../Engine/Content/EngineMaterials/Substrate/Glints2/dict_0003_0250.uasset" 5387
"../../../Engine/Content/EngineMaterials/Substrate/Glints2/dict_0003_0251.uasset" 5388
"../../../Engine/Content/EngineMaterials/Substrate/Glints2/dict_0003_0252.uasset" 5389
"../../../Engine/Content/EngineMaterials/Substrate/Glints2/dict_0003_0253.uasset" 5390
"../../../Engine/Content/EngineMaterials/Substrate/Glints2/dict_0003_0254.uasset" 5391
"../../../Engine/Content/EngineMaterials/Substrate/Glints2/dict_0003_0255.uasset" 5392
"../../../Engine/Content/EngineMaterials/Substrate/Glints2/dict_0004_0000.uasset" 5393
"../../../Engine/Content/EngineMaterials/Substrate/Glints2/dict_0004_0001.uasset" 5394
"../../../Engine/Content/EngineMaterials/Substrate/Glints2/dict_0004_0002.uasset" 5395
"../../../Engine/Content/EngineMaterials/Substrate/Glints2/dict_0004_0003.uasset" 5396
"../../../Engine/Content/EngineMaterials/Substrate/Glints2/dict_0004_0004.uasset" 5397
"../../../Engine/Content/EngineMaterials/Substrate/Glints2/dict_0004_0005.uasset" 5398
"../../../Engine/Content/EngineMaterials/Substrate/Glints2/dict_0004_0006.uasset" 5399
"../../../Engine/Content/EngineMaterials/Substrate/Glints2/dict_0004_0007.uasset" 5400
"../../../Engine/Content/EngineMaterials/Substrate/Glints2/dict_0004_0008.uasset" 5401
"../../../Engine/Content/EngineMaterials/Substrate/Glints2/dict_0004_0009.uasset" 5402
"../../../Engine/Content/EngineMaterials/Substrate/Glints2/dict_0004_0010.uasset" 5403
"../../../Engine/Content/EngineMaterials/Substrate/Glints2/dict_0004_0011.uasset" 5404
"../../../Engine/Content/EngineMaterials/Substrate/Glints2/dict_0004_0012.uasset" 5405
"../../../Engine/Content/EngineMaterials/Substrate/Glints2/dict_0004_0013.uasset" 5406
"../../../Engine/Content/EngineMaterials/Substrate/Glints2/dict_0004_0014.uasset" 5407
"../../../Engine/Content/EngineMaterials/Substrate/Glints2/dict_0004_0015.uasset" 5408
"../../../Engine/Content/EngineMaterials/Substrate/Glints2/dict_0004_0016.uasset" 5409
"../../../Engine/Content/EngineMaterials/Substrate/Glints2/dict_0004_0017.uasset" 5410
"../../../Engine/Content/EngineMaterials/Substrate/Glints2/dict_0004_0018.uasset" 5411
"../../../Engine/Content/EngineMaterials/Substrate/Glints2/dict_0004_0019.uasset" 5412
"../../../Engine/Content/EngineMaterials/Substrate/Glints2/dict_0004_0020.uasset" 5413
"../../../Engine/Content/EngineMaterials/Substrate/Glints2/dict_0004_0021.uasset" 5414
"../../../Engine/Content/EngineMaterials/Substrate/Glints2/dict_0004_0022.uasset" 5415
"../../../Engine/Content/EngineMaterials/Substrate/Glints2/dict_0004_0023.uasset" 5416
"../../../Engine/Content/EngineMaterials/Substrate/Glints2/dict_0004_0024.uasset" 5417
"../../../Engine/Content/EngineMaterials/Substrate/Glints2/dict_0004_0025.uasset" 5418
"../../../Engine/Content/EngineMaterials/Substrate/Glints2/dict_0004_0026.uasset" 5419
"../../../Engine/Content/EngineMaterials/Substrate/Glints2/dict_0004_0027.uasset" 5420
"../../../Engine/Content/EngineMaterials/Substrate/Glints2/dict_0004_0028.uasset" 5421
"../../../Engine/Content/EngineMaterials/Substrate/Glints2/dict_0004_0029.uasset" 5422
"../../../Engine/Content/EngineMaterials/Substrate/Glints2/dict_0004_0030.uasset" 5423
"../../../Engine/Content/EngineMaterials/Substrate/Glints2/dict_0004_0031.uasset" 5424
"../../../Engine/Content/EngineMaterials/Substrate/Glints2/dict_0004_0032.uasset" 5425
"../../../Engine/Content/EngineMaterials/Substrate/Glints2/dict_0004_0033.uasset" 5426
"../../../Engine/Content/EngineMaterials/Substrate/Glints2/dict_0004_0034.uasset" 5427
"../../../Engine/Content/EngineMaterials/Substrate/Glints2/dict_0004_0035.uasset" 5428
"../../../Engine/Content/EngineMaterials/Substrate/Glints2/dict_0004_0036.uasset" 5429
"../../../Engine/Content/EngineMaterials/Substrate/Glints2/dict_0004_0037.uasset" 5430
"../../../Engine/Content/EngineMaterials/Substrate/Glints2/dict_0004_0038.uasset" 5431
"../../../Engine/Content/EngineMaterials/Substrate/Glints2/dict_0004_0039.uasset" 5432
"../../../Engine/Content/EngineMaterials/Substrate/Glints2/dict_0004_0040.uasset" 5433
"../../../Engine/Content/EngineMaterials/Substrate/Glints2/dict_0004_0041.uasset" 5434
"../../../Engine/Content/EngineMaterials/Substrate/Glints2/dict_0004_0042.uasset" 5435
"../../../Engine/Content/EngineMaterials/Substrate/Glints2/dict_0004_0043.uasset" 5436
"../../../Engine/Content/EngineMaterials/Substrate/Glints2/dict_0004_0044.uasset" 5437
"../../../Engine/Content/EngineMaterials/Substrate/Glints2/dict_0004_0045.uasset" 5438
"../../../Engine/Content/EngineMaterials/Substrate/Glints2/dict_0004_0046.uasset" 5439
"../../../Engine/Content/EngineMaterials/Substrate/Glints2/dict_0004_0047.uasset" 5440
"../../../Engine/Content/EngineMaterials/Substrate/Glints2/dict_0004_0048.uasset" 5441
"../../../Engine/Content/EngineMaterials/Substrate/Glints2/dict_0004_0049.uasset" 5442
"../../../Engine/Content/EngineMaterials/Substrate/Glints2/dict_0004_0050.uasset" 5443
"../../../Engine/Content/EngineMaterials/Substrate/Glints2/dict_0004_0051.uasset" 5444
"../../../Engine/Content/EngineMaterials/Substrate/Glints2/dict_0004_0052.uasset" 5445
"../../../Engine/Content/EngineMaterials/Substrate/Glints2/dict_0004_0053.uasset" 5446
"../../../Engine/Content/EngineMaterials/Substrate/Glints2/dict_0004_0054.uasset" 5447
"../../../Engine/Content/EngineMaterials/Substrate/Glints2/dict_0004_0055.uasset" 5448
"../../../Engine/Content/EngineMaterials/Substrate/Glints2/dict_0004_0056.uasset" 5449
"../../../Engine/Content/EngineMaterials/Substrate/Glints2/dict_0004_0057.uasset" 5450
"../../../Engine/Content/EngineMaterials/Substrate/Glints2/dict_0004_0058.uasset" 5451
"../../../Engine/Content/EngineMaterials/Substrate/Glints2/dict_0004_0059.uasset" 5452
"../../../Engine/Content/EngineMaterials/Substrate/Glints2/dict_0004_0060.uasset" 5453
"../../../Engine/Content/EngineMaterials/Substrate/Glints2/dict_0004_0061.uasset" 5454
"../../../Engine/Content/EngineMaterials/Substrate/Glints2/dict_0004_0062.uasset" 5455
"../../../Engine/Content/EngineMaterials/Substrate/Glints2/dict_0004_0063.uasset" 5456
"../../../Engine/Content/EngineMaterials/Substrate/Glints2/dict_0004_0064.uasset" 5457
"../../../Engine/Content/EngineMaterials/Substrate/Glints2/dict_0004_0065.uasset" 5458
"../../../Engine/Content/EngineMaterials/Substrate/Glints2/dict_0004_0066.uasset" 5459
"../../../Engine/Content/EngineMaterials/Substrate/Glints2/dict_0004_0067.uasset" 5460
"../../../Engine/Content/EngineMaterials/Substrate/Glints2/dict_0004_0068.uasset" 5461
"../../../Engine/Content/EngineMaterials/Substrate/Glints2/dict_0004_0069.uasset" 5462
"../../../Engine/Content/EngineMaterials/Substrate/Glints2/dict_0004_0070.uasset" 5463
"../../../Engine/Content/EngineMaterials/Substrate/Glints2/dict_0004_0071.uasset" 5464
"../../../Engine/Content/EngineMaterials/Substrate/Glints2/dict_0004_0072.uasset" 5465
"../../../Engine/Content/EngineMaterials/Substrate/Glints2/dict_0004_0073.uasset" 5466
"../../../Engine/Content/EngineMaterials/Substrate/Glints2/dict_0004_0074.uasset" 5467
"../../../Engine/Content/EngineMaterials/Substrate/Glints2/dict_0004_0075.uasset" 5468
"../../../Engine/Content/EngineMaterials/Substrate/Glints2/dict_0004_0076.uasset" 5469
"../../../Engine/Content/EngineMaterials/Substrate/Glints2/dict_0004_0077.uasset" 5470
"../../../Engine/Content/EngineMaterials/Substrate/Glints2/dict_0004_0078.uasset" 5471
"../../../Engine/Content/EngineMaterials/Substrate/Glints2/dict_0004_0079.uasset" 5472
"../../../Engine/Content/EngineMaterials/Substrate/Glints2/dict_0004_0080.uasset" 5473
"../../../Engine/Content/EngineMaterials/Substrate/Glints2/dict_0004_0081.uasset" 5474
"../../../Engine/Content/EngineMaterials/Substrate/Glints2/dict_0004_0082.uasset" 5475
"../../../Engine/Content/EngineMaterials/Substrate/Glints2/dict_0004_0083.uasset" 5476
"../../../Engine/Content/EngineMaterials/Substrate/Glints2/dict_0004_0084.uasset" 5477
"../../../Engine/Content/EngineMaterials/Substrate/Glints2/dict_0004_0085.uasset" 5478
"../../../Engine/Content/EngineMaterials/Substrate/Glints2/dict_0004_0086.uasset" 5479
"../../../Engine/Content/EngineMaterials/Substrate/Glints2/dict_0004_0087.uasset" 5480
"../../../Engine/Content/EngineMaterials/Substrate/Glints2/dict_0004_0088.uasset" 5481
"../../../Engine/Content/EngineMaterials/Substrate/Glints2/dict_0004_0089.uasset" 5482
"../../../Engine/Content/EngineMaterials/Substrate/Glints2/dict_0004_0090.uasset" 5483
"../../../Engine/Content/EngineMaterials/Substrate/Glints2/dict_0004_0091.uasset" 5484
"../../../Engine/Content/EngineMaterials/Substrate/Glints2/dict_0004_0092.uasset" 5485
"../../../Engine/Content/EngineMaterials/Substrate/Glints2/dict_0004_0093.uasset" 5486
"../../../Engine/Content/EngineMaterials/Substrate/Glints2/dict_0004_0094.uasset" 5487
"../../../Engine/Content/EngineMaterials/Substrate/Glints2/dict_0004_0095.uasset" 5488
"../../../Engine/Content/EngineMaterials/Substrate/Glints2/dict_0004_0096.uasset" 5489
"../../../Engine/Content/EngineMaterials/Substrate/Glints2/dict_0004_0097.uasset" 5490
"../../../Engine/Content/EngineMaterials/Substrate/Glints2/dict_0004_0098.uasset" 5491
"../../../Engine/Content/EngineMaterials/Substrate/Glints2/dict_0004_0099.uasset" 5492
"../../../Engine/Content/EngineMaterials/Substrate/Glints2/dict_0004_0100.uasset" 5493
"../../../Engine/Content/EngineMaterials/Substrate/Glints2/dict_0004_0101.uasset" 5494
"../../../Engine/Content/EngineMaterials/Substrate/Glints2/dict_0004_0102.uasset" 5495
"../../../Engine/Content/EngineMaterials/Substrate/Glints2/dict_0004_0103.uasset" 5496
"../../../Engine/Content/EngineMaterials/Substrate/Glints2/dict_0004_0104.uasset" 5497
"../../../Engine/Content/EngineMaterials/Substrate/Glints2/dict_0004_0105.uasset" 5498
"../../../Engine/Content/EngineMaterials/Substrate/Glints2/dict_0004_0106.uasset" 5499
"../../../Engine/Content/EngineMaterials/Substrate/Glints2/dict_0004_0107.uasset" 5500
"../../../Engine/Content/EngineMaterials/Substrate/Glints2/dict_0004_0108.uasset" 5501
"../../../Engine/Content/EngineMaterials/Substrate/Glints2/dict_0004_0109.uasset" 5502
"../../../Engine/Content/EngineMaterials/Substrate/Glints2/dict_0004_0110.uasset" 5503
"../../../Engine/Content/EngineMaterials/Substrate/Glints2/dict_0004_0111.uasset" 5504
"../../../Engine/Content/EngineMaterials/Substrate/Glints2/dict_0004_0112.uasset" 5505
"../../../Engine/Content/EngineMaterials/Substrate/Glints2/dict_0004_0113.uasset" 5506
"../../../Engine/Content/EngineMaterials/Substrate/Glints2/dict_0004_0114.uasset" 5507
"../../../Engine/Content/EngineMaterials/Substrate/Glints2/dict_0004_0115.uasset" 5508
"../../../Engine/Content/EngineMaterials/Substrate/Glints2/dict_0004_0116.uasset" 5509
"../../../Engine/Content/EngineMaterials/Substrate/Glints2/dict_0004_0117.uasset" 5510
"../../../Engine/Content/EngineMaterials/Substrate/Glints2/dict_0004_0118.uasset" 5511
"../../../Engine/Content/EngineMaterials/Substrate/Glints2/dict_0004_0119.uasset" 5512
"../../../Engine/Content/EngineMaterials/Substrate/Glints2/dict_0004_0120.uasset" 5513
"../../../Engine/Content/EngineMaterials/Substrate/Glints2/dict_0004_0121.uasset" 5514
"../../../Engine/Content/EngineMaterials/Substrate/Glints2/dict_0004_0122.uasset" 5515
"../../../Engine/Content/EngineMaterials/Substrate/Glints2/dict_0004_0123.uasset" 5516
"../../../Engine/Content/EngineMaterials/Substrate/Glints2/dict_0004_0124.uasset" 5517
"../../../Engine/Content/EngineMaterials/Substrate/Glints2/dict_0004_0125.uasset" 5518
"../../../Engine/Content/EngineMaterials/Substrate/Glints2/dict_0004_0126.uasset" 5519
"../../../Engine/Content/EngineMaterials/Substrate/Glints2/dict_0004_0127.uasset" 5520
"../../../Engine/Content/EngineMaterials/Substrate/Glints2/dict_0004_0128.uasset" 5521
"../../../Engine/Content/EngineMaterials/Substrate/Glints2/dict_0004_0129.uasset" 5522
"../../../Engine/Content/EngineMaterials/Substrate/Glints2/dict_0004_0130.uasset" 5523
"../../../Engine/Content/EngineMaterials/Substrate/Glints2/dict_0004_0131.uasset" 5524
"../../../Engine/Content/EngineMaterials/Substrate/Glints2/dict_0004_0132.uasset" 5525
"../../../Engine/Content/EngineMaterials/Substrate/Glints2/dict_0004_0133.uasset" 5526
"../../../Engine/Content/EngineMaterials/Substrate/Glints2/dict_0004_0134.uasset" 5527
"../../../Engine/Content/EngineMaterials/Substrate/Glints2/dict_0004_0135.uasset" 5528
"../../../Engine/Content/EngineMaterials/Substrate/Glints2/dict_0004_0136.uasset" 5529
"../../../Engine/Content/EngineMaterials/Substrate/Glints2/dict_0004_0137.uasset" 5530
"../../../Engine/Content/EngineMaterials/Substrate/Glints2/dict_0004_0138.uasset" 5531
"../../../Engine/Content/EngineMaterials/Substrate/Glints2/dict_0004_0139.uasset" 5532
"../../../Engine/Content/EngineMaterials/Substrate/Glints2/dict_0004_0140.uasset" 5533
"../../../Engine/Content/EngineMaterials/Substrate/Glints2/dict_0004_0141.uasset" 5534
"../../../Engine/Content/EngineMaterials/Substrate/Glints2/dict_0004_0142.uasset" 5535
"../../../Engine/Content/EngineMaterials/Substrate/Glints2/dict_0004_0143.uasset" 5536
"../../../Engine/Content/EngineMaterials/Substrate/Glints2/dict_0004_0144.uasset" 5537
"../../../Engine/Content/EngineMaterials/Substrate/Glints2/dict_0004_0145.uasset" 5538
"../../../Engine/Content/EngineMaterials/Substrate/Glints2/dict_0004_0146.uasset" 5539
"../../../Engine/Content/EngineMaterials/Substrate/Glints2/dict_0004_0147.uasset" 5540
"../../../Engine/Content/EngineMaterials/Substrate/Glints2/dict_0004_0148.uasset" 5541
"../../../Engine/Content/EngineMaterials/Substrate/Glints2/dict_0004_0149.uasset" 5542
"../../../Engine/Content/EngineMaterials/Substrate/Glints2/dict_0004_0150.uasset" 5543
"../../../Engine/Content/EngineMaterials/Substrate/Glints2/dict_0004_0151.uasset" 5544
"../../../Engine/Content/EngineMaterials/Substrate/Glints2/dict_0004_0152.uasset" 5545
"../../../Engine/Content/EngineMaterials/Substrate/Glints2/dict_0004_0153.uasset" 5546
"../../../Engine/Content/EngineMaterials/Substrate/Glints2/dict_0004_0154.uasset" 5547
"../../../Engine/Content/EngineMaterials/Substrate/Glints2/dict_0004_0155.uasset" 5548
"../../../Engine/Content/EngineMaterials/Substrate/Glints2/dict_0004_0156.uasset" 5549
"../../../Engine/Content/EngineMaterials/Substrate/Glints2/dict_0004_0157.uasset" 5550
"../../../Engine/Content/EngineMaterials/Substrate/Glints2/dict_0004_0158.uasset" 5551
"../../../Engine/Content/EngineMaterials/Substrate/Glints2/dict_0004_0159.uasset" 5552
"../../../Engine/Content/EngineMaterials/Substrate/Glints2/dict_0004_0160.uasset" 5553
"../../../Engine/Content/EngineMaterials/Substrate/Glints2/dict_0004_0161.uasset" 5554
"../../../Engine/Content/EngineMaterials/Substrate/Glints2/dict_0004_0162.uasset" 5555
"../../../Engine/Content/EngineMaterials/Substrate/Glints2/dict_0004_0163.uasset" 5556
"../../../Engine/Content/EngineMaterials/Substrate/Glints2/dict_0004_0164.uasset" 5557
"../../../Engine/Content/EngineMaterials/Substrate/Glints2/dict_0004_0165.uasset" 5558
"../../../Engine/Content/EngineMaterials/Substrate/Glints2/dict_0004_0166.uasset" 5559
"../../../Engine/Content/EngineMaterials/Substrate/Glints2/dict_0004_0167.uasset" 5560
"../../../Engine/Content/EngineMaterials/Substrate/Glints2/dict_0004_0168.uasset" 5561
"../../../Engine/Content/EngineMaterials/Substrate/Glints2/dict_0004_0169.uasset" 5562
"../../../Engine/Content/EngineMaterials/Substrate/Glints2/dict_0004_0170.uasset" 5563
"../../../Engine/Content/EngineMaterials/Substrate/Glints2/dict_0004_0171.uasset" 5564
"../../../Engine/Content/EngineMaterials/Substrate/Glints2/dict_0004_0172.uasset" 5565
"../../../Engine/Content/EngineMaterials/Substrate/Glints2/dict_0004_0173.uasset" 5566
"../../../Engine/Content/EngineMaterials/Substrate/Glints2/dict_0004_0174.uasset" 5567
"../../../Engine/Content/EngineMaterials/Substrate/Glints2/dict_0004_0175.uasset" 5568
"../../../Engine/Content/EngineMaterials/Substrate/Glints2/dict_0004_0176.uasset" 5569
"../../../Engine/Content/EngineMaterials/Substrate/Glints2/dict_0004_0177.uasset" 5570
"../../../Engine/Content/EngineMaterials/Substrate/Glints2/dict_0004_0178.uasset" 5571
"../../../Engine/Content/EngineMaterials/Substrate/Glints2/dict_0004_0179.uasset" 5572
"../../../Engine/Content/EngineMaterials/Substrate/Glints2/dict_0004_0180.uasset" 5573
"../../../Engine/Content/EngineMaterials/Substrate/Glints2/dict_0004_0181.uasset" 5574
"../../../Engine/Content/EngineMaterials/Substrate/Glints2/dict_0004_0182.uasset" 5575
"../../../Engine/Content/EngineMaterials/Substrate/Glints2/dict_0004_0183.uasset" 5576
"../../../Engine/Content/EngineMaterials/Substrate/Glints2/dict_0004_0184.uasset" 5577
"../../../Engine/Content/EngineMaterials/Substrate/Glints2/dict_0004_0185.uasset" 5578
"../../../Engine/Content/EngineMaterials/Substrate/Glints2/dict_0004_0186.uasset" 5579
"../../../Engine/Content/EngineMaterials/Substrate/Glints2/dict_0004_0187.uasset" 5580
"../../../Engine/Content/EngineMaterials/Substrate/Glints2/dict_0004_0188.uasset" 5581
"../../../Engine/Content/EngineMaterials/Substrate/Glints2/dict_0004_0189.uasset" 5582
"../../../Engine/Content/EngineMaterials/Substrate/Glints2/dict_0004_0190.uasset" 5583
"../../../Engine/Content/EngineMaterials/Substrate/Glints2/dict_0004_0191.uasset" 5584
"../../../Engine/Content/EngineMaterials/Substrate/Glints2/dict_0004_0192.uasset" 5585
"../../../Engine/Content/EngineMaterials/Substrate/Glints2/dict_0004_0193.uasset" 5586
"../../../Engine/Content/EngineMaterials/Substrate/Glints2/dict_0004_0194.uasset" 5587
"../../../Engine/Content/EngineMaterials/Substrate/Glints2/dict_0004_0195.uasset" 5588
"../../../Engine/Content/EngineMaterials/Substrate/Glints2/dict_0004_0196.uasset" 5589
"../../../Engine/Content/EngineMaterials/Substrate/Glints2/dict_0004_0197.uasset" 5590
"../../../Engine/Content/EngineMaterials/Substrate/Glints2/dict_0004_0198.uasset" 5591
"../../../Engine/Content/EngineMaterials/Substrate/Glints2/dict_0004_0199.uasset" 5592
"../../../Engine/Content/EngineMaterials/Substrate/Glints2/dict_0004_0200.uasset" 5593
"../../../Engine/Content/EngineMaterials/Substrate/Glints2/dict_0004_0201.uasset" 5594
"../../../Engine/Content/EngineMaterials/Substrate/Glints2/dict_0004_0202.uasset" 5595
"../../../Engine/Content/EngineMaterials/Substrate/Glints2/dict_0004_0203.uasset" 5596
"../../../Engine/Content/EngineMaterials/Substrate/Glints2/dict_0004_0204.uasset" 5597
"../../../Engine/Content/EngineMaterials/Substrate/Glints2/dict_0004_0205.uasset" 5598
"../../../Engine/Content/EngineMaterials/Substrate/Glints2/dict_0004_0206.uasset" 5599
"../../../Engine/Content/EngineMaterials/Substrate/Glints2/dict_0004_0207.uasset" 5600
"../../../Engine/Content/EngineMaterials/Substrate/Glints2/dict_0004_0208.uasset" 5601
"../../../Engine/Content/EngineMaterials/Substrate/Glints2/dict_0004_0209.uasset" 5602
"../../../Engine/Content/EngineMaterials/Substrate/Glints2/dict_0004_0210.uasset" 5603
"../../../Engine/Content/EngineMaterials/Substrate/Glints2/dict_0004_0211.uasset" 5604
"../../../Engine/Content/EngineMaterials/Substrate/Glints2/dict_0004_0212.uasset" 5605
"../../../Engine/Content/EngineMaterials/Substrate/Glints2/dict_0004_0213.uasset" 5606
"../../../Engine/Content/EngineMaterials/Substrate/Glints2/dict_0004_0214.uasset" 5607
"../../../Engine/Content/EngineMaterials/Substrate/Glints2/dict_0004_0215.uasset" 5608
"../../../Engine/Content/EngineMaterials/Substrate/Glints2/dict_0004_0216.uasset" 5609
"../../../Engine/Content/EngineMaterials/Substrate/Glints2/dict_0004_0217.uasset" 5610
"../../../Engine/Content/EngineMaterials/Substrate/Glints2/dict_0004_0218.uasset" 5611
"../../../Engine/Content/EngineMaterials/Substrate/Glints2/dict_0004_0219.uasset" 5612
"../../../Engine/Content/EngineMaterials/Substrate/Glints2/dict_0004_0220.uasset" 5613
"../../../Engine/Content/EngineMaterials/Substrate/Glints2/dict_0004_0221.uasset" 5614
"../../../Engine/Content/EngineMaterials/Substrate/Glints2/dict_0004_0222.uasset" 5615
"../../../Engine/Content/EngineMaterials/Substrate/Glints2/dict_0004_0223.uasset" 5616
"../../../Engine/Content/EngineMaterials/Substrate/Glints2/dict_0004_0224.uasset" 5617
"../../../Engine/Content/EngineMaterials/Substrate/Glints2/dict_0004_0225.uasset" 5618
"../../../Engine/Content/EngineMaterials/Substrate/Glints2/dict_0004_0226.uasset" 5619
"../../../Engine/Content/EngineMaterials/Substrate/Glints2/dict_0004_0227.uasset" 5620
"../../../Engine/Content/EngineMaterials/Substrate/Glints2/dict_0004_0228.uasset" 5621
"../../../Engine/Content/EngineMaterials/Substrate/Glints2/dict_0004_0229.uasset" 5622
"../../../Engine/Content/EngineMaterials/Substrate/Glints2/dict_0004_0230.uasset" 5623
"../../../Engine/Content/EngineMaterials/Substrate/Glints2/dict_0004_0231.uasset" 5624
"../../../Engine/Content/EngineMaterials/Substrate/Glints2/dict_0004_0232.uasset" 5625
"../../../Engine/Content/EngineMaterials/Substrate/Glints2/dict_0004_0233.uasset" 5626
"../../../Engine/Content/EngineMaterials/Substrate/Glints2/dict_0004_0234.uasset" 5627
"../../../Engine/Content/EngineMaterials/Substrate/Glints2/dict_0004_0235.uasset" 5628
"../../../Engine/Content/EngineMaterials/Substrate/Glints2/dict_0004_0236.uasset" 5629
"../../../Engine/Content/EngineMaterials/Substrate/Glints2/dict_0004_0237.uasset" 5630
"../../../Engine/Content/EngineMaterials/Substrate/Glints2/dict_0004_0238.uasset" 5631
"../../../Engine/Content/EngineMaterials/Substrate/Glints2/dict_0004_0239.uasset" 5632
"../../../Engine/Content/EngineMaterials/Substrate/Glints2/dict_0004_0240.uasset" 5633
"../../../Engine/Content/EngineMaterials/Substrate/Glints2/dict_0004_0241.uasset" 5634
"../../../Engine/Content/EngineMaterials/Substrate/Glints2/dict_0004_0242.uasset" 5635
"../../../Engine/Content/EngineMaterials/Substrate/Glints2/dict_0004_0243.uasset" 5636
"../../../Engine/Content/EngineMaterials/Substrate/Glints2/dict_0004_0244.uasset" 5637
"../../../Engine/Content/EngineMaterials/Substrate/Glints2/dict_0004_0245.uasset" 5638
"../../../Engine/Content/EngineMaterials/Substrate/Glints2/dict_0004_0246.uasset" 5639
"../../../Engine/Content/EngineMaterials/Substrate/Glints2/dict_0004_0247.uasset" 5640
"../../../Engine/Content/EngineMaterials/Substrate/Glints2/dict_0004_0248.uasset" 5641
"../../../Engine/Content/EngineMaterials/Substrate/Glints2/dict_0004_0249.uasset" 5642
"../../../Engine/Content/EngineMaterials/Substrate/Glints2/dict_0004_0250.uasset" 5643
"../../../Engine/Content/EngineMaterials/Substrate/Glints2/dict_0004_0251.uasset" 5644
"../../../Engine/Content/EngineMaterials/Substrate/Glints2/dict_0004_0252.uasset" 5645
"../../../Engine/Content/EngineMaterials/Substrate/Glints2/dict_0004_0253.uasset" 5646
"../../../Engine/Content/EngineMaterials/Substrate/Glints2/dict_0004_0254.uasset" 5647
"../../../Engine/Content/EngineMaterials/Substrate/Glints2/dict_0004_0255.uasset" 5648
"../../../Engine/Content/EngineMaterials/Substrate/Glints2/dict_0005_0000.uasset" 5649
"../../../Engine/Content/EngineMaterials/Substrate/Glints2/dict_0005_0001.uasset" 5650
"../../../Engine/Content/EngineMaterials/Substrate/Glints2/dict_0005_0002.uasset" 5651
"../../../Engine/Content/EngineMaterials/Substrate/Glints2/dict_0005_0003.uasset" 5652
"../../../Engine/Content/EngineMaterials/Substrate/Glints2/dict_0005_0004.uasset" 5653
"../../../Engine/Content/EngineMaterials/Substrate/Glints2/dict_0005_0005.uasset" 5654
"../../../Engine/Content/EngineMaterials/Substrate/Glints2/dict_0005_0006.uasset" 5655
"../../../Engine/Content/EngineMaterials/Substrate/Glints2/dict_0005_0007.uasset" 5656
"../../../Engine/Content/EngineMaterials/Substrate/Glints2/dict_0005_0008.uasset" 5657
"../../../Engine/Content/EngineMaterials/Substrate/Glints2/dict_0005_0009.uasset" 5658
"../../../Engine/Content/EngineMaterials/Substrate/Glints2/dict_0005_0010.uasset" 5659
"../../../Engine/Content/EngineMaterials/Substrate/Glints2/dict_0005_0011.uasset" 5660
"../../../Engine/Content/EngineMaterials/Substrate/Glints2/dict_0005_0012.uasset" 5661
"../../../Engine/Content/EngineMaterials/Substrate/Glints2/dict_0005_0013.uasset" 5662
"../../../Engine/Content/EngineMaterials/Substrate/Glints2/dict_0005_0014.uasset" 5663
"../../../Engine/Content/EngineMaterials/Substrate/Glints2/dict_0005_0015.uasset" 5664
"../../../Engine/Content/EngineMaterials/Substrate/Glints2/dict_0005_0016.uasset" 5665
"../../../Engine/Content/EngineMaterials/Substrate/Glints2/dict_0005_0017.uasset" 5666
"../../../Engine/Content/EngineMaterials/Substrate/Glints2/dict_0005_0018.uasset" 5667
"../../../Engine/Content/EngineMaterials/Substrate/Glints2/dict_0005_0019.uasset" 5668
"../../../Engine/Content/EngineMaterials/Substrate/Glints2/dict_0005_0020.uasset" 5669
"../../../Engine/Content/EngineMaterials/Substrate/Glints2/dict_0005_0021.uasset" 5670
"../../../Engine/Content/EngineMaterials/Substrate/Glints2/dict_0005_0022.uasset" 5671
"../../../Engine/Content/EngineMaterials/Substrate/Glints2/dict_0005_0023.uasset" 5672
"../../../Engine/Content/EngineMaterials/Substrate/Glints2/dict_0005_0024.uasset" 5673
"../../../Engine/Content/EngineMaterials/Substrate/Glints2/dict_0005_0025.uasset" 5674
"../../../Engine/Content/EngineMaterials/Substrate/Glints2/dict_0005_0026.uasset" 5675
"../../../Engine/Content/EngineMaterials/Substrate/Glints2/dict_0005_0027.uasset" 5676
"../../../Engine/Content/EngineMaterials/Substrate/Glints2/dict_0005_0028.uasset" 5677
"../../../Engine/Content/EngineMaterials/Substrate/Glints2/dict_0005_0029.uasset" 5678
"../../../Engine/Content/EngineMaterials/Substrate/Glints2/dict_0005_0030.uasset" 5679
"../../../Engine/Content/EngineMaterials/Substrate/Glints2/dict_0005_0031.uasset" 5680
"../../../Engine/Content/EngineMaterials/Substrate/Glints2/dict_0005_0032.uasset" 5681
"../../../Engine/Content/EngineMaterials/Substrate/Glints2/dict_0005_0033.uasset" 5682
"../../../Engine/Content/EngineMaterials/Substrate/Glints2/dict_0005_0034.uasset" 5683
"../../../Engine/Content/EngineMaterials/Substrate/Glints2/dict_0005_0035.uasset" 5684
"../../../Engine/Content/EngineMaterials/Substrate/Glints2/dict_0005_0036.uasset" 5685
"../../../Engine/Content/EngineMaterials/Substrate/Glints2/dict_0005_0037.uasset" 5686
"../../../Engine/Content/EngineMaterials/Substrate/Glints2/dict_0005_0038.uasset" 5687
"../../../Engine/Content/EngineMaterials/Substrate/Glints2/dict_0005_0039.uasset" 5688
"../../../Engine/Content/EngineMaterials/Substrate/Glints2/dict_0005_0040.uasset" 5689
"../../../Engine/Content/EngineMaterials/Substrate/Glints2/dict_0005_0041.uasset" 5690
"../../../Engine/Content/EngineMaterials/Substrate/Glints2/dict_0005_0042.uasset" 5691
"../../../Engine/Content/EngineMaterials/Substrate/Glints2/dict_0005_0043.uasset" 5692
"../../../Engine/Content/EngineMaterials/Substrate/Glints2/dict_0005_0044.uasset" 5693
"../../../Engine/Content/EngineMaterials/Substrate/Glints2/dict_0005_0045.uasset" 5694
"../../../Engine/Content/EngineMaterials/Substrate/Glints2/dict_0005_0046.uasset" 5695
"../../../Engine/Content/EngineMaterials/Substrate/Glints2/dict_0005_0047.uasset" 5696
"../../../Engine/Content/EngineMaterials/Substrate/Glints2/dict_0005_0048.uasset" 5697
"../../../Engine/Content/EngineMaterials/Substrate/Glints2/dict_0005_0049.uasset" 5698
"../../../Engine/Content/EngineMaterials/Substrate/Glints2/dict_0005_0050.uasset" 5699
"../../../Engine/Content/EngineMaterials/Substrate/Glints2/dict_0005_0051.uasset" 5700
"../../../Engine/Content/EngineMaterials/Substrate/Glints2/dict_0005_0052.uasset" 5701
"../../../Engine/Content/EngineMaterials/Substrate/Glints2/dict_0005_0053.uasset" 5702
"../../../Engine/Content/EngineMaterials/Substrate/Glints2/dict_0005_0054.uasset" 5703
"../../../Engine/Content/EngineMaterials/Substrate/Glints2/dict_0005_0055.uasset" 5704
"../../../Engine/Content/EngineMaterials/Substrate/Glints2/dict_0005_0056.uasset" 5705
"../../../Engine/Content/EngineMaterials/Substrate/Glints2/dict_0005_0057.uasset" 5706
"../../../Engine/Content/EngineMaterials/Substrate/Glints2/dict_0005_0058.uasset" 5707
"../../../Engine/Content/EngineMaterials/Substrate/Glints2/dict_0005_0059.uasset" 5708
"../../../Engine/Content/EngineMaterials/Substrate/Glints2/dict_0005_0060.uasset" 5709
"../../../Engine/Content/EngineMaterials/Substrate/Glints2/dict_0005_0061.uasset" 5710
"../../../Engine/Content/EngineMaterials/Substrate/Glints2/dict_0005_0062.uasset" 5711
"../../../Engine/Content/EngineMaterials/Substrate/Glints2/dict_0005_0063.uasset" 5712
"../../../Engine/Content/EngineMaterials/Substrate/Glints2/dict_0005_0064.uasset" 5713
"../../../Engine/Content/EngineMaterials/Substrate/Glints2/dict_0005_0065.uasset" 5714
"../../../Engine/Content/EngineMaterials/Substrate/Glints2/dict_0005_0066.uasset" 5715
"../../../Engine/Content/EngineMaterials/Substrate/Glints2/dict_0005_0067.uasset" 5716
"../../../Engine/Content/EngineMaterials/Substrate/Glints2/dict_0005_0068.uasset" 5717
"../../../Engine/Content/EngineMaterials/Substrate/Glints2/dict_0005_0069.uasset" 5718
"../../../Engine/Content/EngineMaterials/Substrate/Glints2/dict_0005_0070.uasset" 5719
"../../../Engine/Content/EngineMaterials/Substrate/Glints2/dict_0005_0071.uasset" 5720
"../../../Engine/Content/EngineMaterials/Substrate/Glints2/dict_0005_0072.uasset" 5721
"../../../Engine/Content/EngineMaterials/Substrate/Glints2/dict_0005_0073.uasset" 5722
"../../../Engine/Content/EngineMaterials/Substrate/Glints2/dict_0005_0074.uasset" 5723
"../../../Engine/Content/EngineMaterials/Substrate/Glints2/dict_0005_0075.uasset" 5724
"../../../Engine/Content/EngineMaterials/Substrate/Glints2/dict_0005_0076.uasset" 5725
"../../../Engine/Content/EngineMaterials/Substrate/Glints2/dict_0005_0077.uasset" 5726
"../../../Engine/Content/EngineMaterials/Substrate/Glints2/dict_0005_0078.uasset" 5727
"../../../Engine/Content/EngineMaterials/Substrate/Glints2/dict_0005_0079.uasset" 5728
"../../../Engine/Content/EngineMaterials/Substrate/Glints2/dict_0005_0080.uasset" 5729
"../../../Engine/Content/EngineMaterials/Substrate/Glints2/dict_0005_0081.uasset" 5730
"../../../Engine/Content/EngineMaterials/Substrate/Glints2/dict_0005_0082.uasset" 5731
"../../../Engine/Content/EngineMaterials/Substrate/Glints2/dict_0005_0083.uasset" 5732
"../../../Engine/Content/EngineMaterials/Substrate/Glints2/dict_0005_0084.uasset" 5733
"../../../Engine/Content/EngineMaterials/Substrate/Glints2/dict_0005_0085.uasset" 5734
"../../../Engine/Content/EngineMaterials/Substrate/Glints2/dict_0005_0086.uasset" 5735
"../../../Engine/Content/EngineMaterials/Substrate/Glints2/dict_0005_0087.uasset" 5736
"../../../Engine/Content/EngineMaterials/Substrate/Glints2/dict_0005_0088.uasset" 5737
"../../../Engine/Content/EngineMaterials/Substrate/Glints2/dict_0005_0089.uasset" 5738
"../../../Engine/Content/EngineMaterials/Substrate/Glints2/dict_0005_0090.uasset" 5739
"../../../Engine/Content/EngineMaterials/Substrate/Glints2/dict_0005_0091.uasset" 5740
"../../../Engine/Content/EngineMaterials/Substrate/Glints2/dict_0005_0092.uasset" 5741
"../../../Engine/Content/EngineMaterials/Substrate/Glints2/dict_0005_0093.uasset" 5742
"../../../Engine/Content/EngineMaterials/Substrate/Glints2/dict_0005_0094.uasset" 5743
"../../../Engine/Content/EngineMaterials/Substrate/Glints2/dict_0005_0095.uasset" 5744
"../../../Engine/Content/EngineMaterials/Substrate/Glints2/dict_0005_0096.uasset" 5745
"../../../Engine/Content/EngineMaterials/Substrate/Glints2/dict_0005_0097.uasset" 5746
"../../../Engine/Content/EngineMaterials/Substrate/Glints2/dict_0005_0098.uasset" 5747
"../../../Engine/Content/EngineMaterials/Substrate/Glints2/dict_0005_0099.uasset" 5748
"../../../Engine/Content/EngineMaterials/Substrate/Glints2/dict_0005_0100.uasset" 5749
"../../../Engine/Content/EngineMaterials/Substrate/Glints2/dict_0005_0101.uasset" 5750
"../../../Engine/Content/EngineMaterials/Substrate/Glints2/dict_0005_0102.uasset" 5751
"../../../Engine/Content/EngineMaterials/Substrate/Glints2/dict_0005_0103.uasset" 5752
"../../../Engine/Content/EngineMaterials/Substrate/Glints2/dict_0005_0104.uasset" 5753
"../../../Engine/Content/EngineMaterials/Substrate/Glints2/dict_0005_0105.uasset" 5754
"../../../Engine/Content/EngineMaterials/Substrate/Glints2/dict_0005_0106.uasset" 5755
"../../../Engine/Content/EngineMaterials/Substrate/Glints2/dict_0005_0107.uasset" 5756
"../../../Engine/Content/EngineMaterials/Substrate/Glints2/dict_0005_0108.uasset" 5757
"../../../Engine/Content/EngineMaterials/Substrate/Glints2/dict_0005_0109.uasset" 5758
"../../../Engine/Content/EngineMaterials/Substrate/Glints2/dict_0005_0110.uasset" 5759
"../../../Engine/Content/EngineMaterials/Substrate/Glints2/dict_0005_0111.uasset" 5760
"../../../Engine/Content/EngineMaterials/Substrate/Glints2/dict_0005_0112.uasset" 5761
"../../../Engine/Content/EngineMaterials/Substrate/Glints2/dict_0005_0113.uasset" 5762
"../../../Engine/Content/EngineMaterials/Substrate/Glints2/dict_0005_0114.uasset" 5763
"../../../Engine/Content/EngineMaterials/Substrate/Glints2/dict_0005_0115.uasset" 5764
"../../../Engine/Content/EngineMaterials/Substrate/Glints2/dict_0005_0116.uasset" 5765
"../../../Engine/Content/EngineMaterials/Substrate/Glints2/dict_0005_0117.uasset" 5766
"../../../Engine/Content/EngineMaterials/Substrate/Glints2/dict_0005_0118.uasset" 5767
"../../../Engine/Content/EngineMaterials/Substrate/Glints2/dict_0005_0119.uasset" 5768
"../../../Engine/Content/EngineMaterials/Substrate/Glints2/dict_0005_0120.uasset" 5769
"../../../Engine/Content/EngineMaterials/Substrate/Glints2/dict_0005_0121.uasset" 5770
"../../../Engine/Content/EngineMaterials/Substrate/Glints2/dict_0005_0122.uasset" 5771
"../../../Engine/Content/EngineMaterials/Substrate/Glints2/dict_0005_0123.uasset" 5772
"../../../Engine/Content/EngineMaterials/Substrate/Glints2/dict_0005_0124.uasset" 5773
"../../../Engine/Content/EngineMaterials/Substrate/Glints2/dict_0005_0125.uasset" 5774
"../../../Engine/Content/EngineMaterials/Substrate/Glints2/dict_0005_0126.uasset" 5775
"../../../Engine/Content/EngineMaterials/Substrate/Glints2/dict_0005_0127.uasset" 5776
"../../../Engine/Content/EngineMaterials/Substrate/Glints2/dict_0005_0128.uasset" 5777
"../../../Engine/Content/EngineMaterials/Substrate/Glints2/dict_0005_0129.uasset" 5778
"../../../Engine/Content/EngineMaterials/Substrate/Glints2/dict_0005_0130.uasset" 5779
"../../../Engine/Content/EngineMaterials/Substrate/Glints2/dict_0005_0131.uasset" 5780
"../../../Engine/Content/EngineMaterials/Substrate/Glints2/dict_0005_0132.uasset" 5781
"../../../Engine/Content/EngineMaterials/Substrate/Glints2/dict_0005_0133.uasset" 5782
"../../../Engine/Content/EngineMaterials/Substrate/Glints2/dict_0005_0134.uasset" 5783
"../../../Engine/Content/EngineMaterials/Substrate/Glints2/dict_0005_0135.uasset" 5784
"../../../Engine/Content/EngineMaterials/Substrate/Glints2/dict_0005_0136.uasset" 5785
"../../../Engine/Content/EngineMaterials/Substrate/Glints2/dict_0005_0137.uasset" 5786
"../../../Engine/Content/EngineMaterials/Substrate/Glints2/dict_0005_0138.uasset" 5787
"../../../Engine/Content/EngineMaterials/Substrate/Glints2/dict_0005_0139.uasset" 5788
"../../../Engine/Content/EngineMaterials/Substrate/Glints2/dict_0005_0140.uasset" 5789
"../../../Engine/Content/EngineMaterials/Substrate/Glints2/dict_0005_0141.uasset" 5790
"../../../Engine/Content/EngineMaterials/Substrate/Glints2/dict_0005_0142.uasset" 5791
"../../../Engine/Content/EngineMaterials/Substrate/Glints2/dict_0005_0143.uasset" 5792
"../../../Engine/Content/EngineMaterials/Substrate/Glints2/dict_0005_0144.uasset" 5793
"../../../Engine/Content/EngineMaterials/Substrate/Glints2/dict_0005_0145.uasset" 5794
"../../../Engine/Content/EngineMaterials/Substrate/Glints2/dict_0005_0146.uasset" 5795
"../../../Engine/Content/EngineMaterials/Substrate/Glints2/dict_0005_0147.uasset" 5796
"../../../Engine/Content/EngineMaterials/Substrate/Glints2/dict_0005_0148.uasset" 5797
"../../../Engine/Content/EngineMaterials/Substrate/Glints2/dict_0005_0149.uasset" 5798
"../../../Engine/Content/EngineMaterials/Substrate/Glints2/dict_0005_0150.uasset" 5799
"../../../Engine/Content/EngineMaterials/Substrate/Glints2/dict_0005_0151.uasset" 5800
"../../../Engine/Content/EngineMaterials/Substrate/Glints2/dict_0005_0152.uasset" 5801
"../../../Engine/Content/EngineMaterials/Substrate/Glints2/dict_0005_0153.uasset" 5802
"../../../Engine/Content/EngineMaterials/Substrate/Glints2/dict_0005_0154.uasset" 5803
"../../../Engine/Content/EngineMaterials/Substrate/Glints2/dict_0005_0155.uasset" 5804
"../../../Engine/Content/EngineMaterials/Substrate/Glints2/dict_0005_0156.uasset" 5805
"../../../Engine/Content/EngineMaterials/Substrate/Glints2/dict_0005_0157.uasset" 5806
"../../../Engine/Content/EngineMaterials/Substrate/Glints2/dict_0005_0158.uasset" 5807
"../../../Engine/Content/EngineMaterials/Substrate/Glints2/dict_0005_0159.uasset" 5808
"../../../Engine/Content/EngineMaterials/Substrate/Glints2/dict_0005_0160.uasset" 5809
"../../../Engine/Content/EngineMaterials/Substrate/Glints2/dict_0005_0161.uasset" 5810
"../../../Engine/Content/EngineMaterials/Substrate/Glints2/dict_0005_0162.uasset" 5811
"../../../Engine/Content/EngineMaterials/Substrate/Glints2/dict_0005_0163.uasset" 5812
"../../../Engine/Content/EngineMaterials/Substrate/Glints2/dict_0005_0164.uasset" 5813
"../../../Engine/Content/EngineMaterials/Substrate/Glints2/dict_0005_0165.uasset" 5814
"../../../Engine/Content/EngineMaterials/Substrate/Glints2/dict_0005_0166.uasset" 5815
"../../../Engine/Content/EngineMaterials/Substrate/Glints2/dict_0005_0167.uasset" 5816
"../../../Engine/Content/EngineMaterials/Substrate/Glints2/dict_0005_0168.uasset" 5817
"../../../Engine/Content/EngineMaterials/Substrate/Glints2/dict_0005_0169.uasset" 5818
"../../../Engine/Content/EngineMaterials/Substrate/Glints2/dict_0005_0170.uasset" 5819
"../../../Engine/Content/EngineMaterials/Substrate/Glints2/dict_0005_0171.uasset" 5820
"../../../Engine/Content/EngineMaterials/Substrate/Glints2/dict_0005_0172.uasset" 5821
"../../../Engine/Content/EngineMaterials/Substrate/Glints2/dict_0005_0173.uasset" 5822
"../../../Engine/Content/EngineMaterials/Substrate/Glints2/dict_0005_0174.uasset" 5823
"../../../Engine/Content/EngineMaterials/Substrate/Glints2/dict_0005_0175.uasset" 5824
"../../../Engine/Content/EngineMaterials/Substrate/Glints2/dict_0005_0176.uasset" 5825
"../../../Engine/Content/EngineMaterials/Substrate/Glints2/dict_0005_0177.uasset" 5826
"../../../Engine/Content/EngineMaterials/Substrate/Glints2/dict_0005_0178.uasset" 5827
"../../../Engine/Content/EngineMaterials/Substrate/Glints2/dict_0005_0179.uasset" 5828
"../../../Engine/Content/EngineMaterials/Substrate/Glints2/dict_0005_0180.uasset" 5829
"../../../Engine/Content/EngineMaterials/Substrate/Glints2/dict_0005_0181.uasset" 5830
"../../../Engine/Content/EngineMaterials/Substrate/Glints2/dict_0005_0182.uasset" 5831
"../../../Engine/Content/EngineMaterials/Substrate/Glints2/dict_0005_0183.uasset" 5832
"../../../Engine/Content/EngineMaterials/Substrate/Glints2/dict_0005_0184.uasset" 5833
"../../../Engine/Content/EngineMaterials/Substrate/Glints2/dict_0005_0185.uasset" 5834
"../../../Engine/Content/EngineMaterials/Substrate/Glints2/dict_0005_0186.uasset" 5835
"../../../Engine/Content/EngineMaterials/Substrate/Glints2/dict_0005_0187.uasset" 5836
"../../../Engine/Content/EngineMaterials/Substrate/Glints2/dict_0005_0188.uasset" 5837
"../../../Engine/Content/EngineMaterials/Substrate/Glints2/dict_0005_0189.uasset" 5838
"../../../Engine/Content/EngineMaterials/Substrate/Glints2/dict_0005_0190.uasset" 5839
"../../../Engine/Content/EngineMaterials/Substrate/Glints2/dict_0005_0191.uasset" 5840
"../../../Engine/Content/EngineMaterials/Substrate/Glints2/dict_0005_0192.uasset" 5841
"../../../Engine/Content/EngineMaterials/Substrate/Glints2/dict_0005_0193.uasset" 5842
"../../../Engine/Content/EngineMaterials/Substrate/Glints2/dict_0005_0194.uasset" 5843
"../../../Engine/Content/EngineMaterials/Substrate/Glints2/dict_0005_0195.uasset" 5844
"../../../Engine/Content/EngineMaterials/Substrate/Glints2/dict_0005_0196.uasset" 5845
"../../../Engine/Content/EngineMaterials/Substrate/Glints2/dict_0005_0197.uasset" 5846
"../../../Engine/Content/EngineMaterials/Substrate/Glints2/dict_0005_0198.uasset" 5847
"../../../Engine/Content/EngineMaterials/Substrate/Glints2/dict_0005_0199.uasset" 5848
"../../../Engine/Content/EngineMaterials/Substrate/Glints2/dict_0005_0200.uasset" 5849
"../../../Engine/Content/EngineMaterials/Substrate/Glints2/dict_0005_0201.uasset" 5850
"../../../Engine/Content/EngineMaterials/Substrate/Glints2/dict_0005_0202.uasset" 5851
"../../../Engine/Content/EngineMaterials/Substrate/Glints2/dict_0005_0203.uasset" 5852
"../../../Engine/Content/EngineMaterials/Substrate/Glints2/dict_0005_0204.uasset" 5853
"../../../Engine/Content/EngineMaterials/Substrate/Glints2/dict_0005_0205.uasset" 5854
"../../../Engine/Content/EngineMaterials/Substrate/Glints2/dict_0005_0206.uasset" 5855
"../../../Engine/Content/EngineMaterials/Substrate/Glints2/dict_0005_0207.uasset" 5856
"../../../Engine/Content/EngineMaterials/Substrate/Glints2/dict_0005_0208.uasset" 5857
"../../../Engine/Content/EngineMaterials/Substrate/Glints2/dict_0005_0209.uasset" 5858
"../../../Engine/Content/EngineMaterials/Substrate/Glints2/dict_0005_0210.uasset" 5859
"../../../Engine/Content/EngineMaterials/Substrate/Glints2/dict_0005_0211.uasset" 5860
"../../../Engine/Content/EngineMaterials/Substrate/Glints2/dict_0005_0212.uasset" 5861
"../../../Engine/Content/EngineMaterials/Substrate/Glints2/dict_0005_0213.uasset" 5862
"../../../Engine/Content/EngineMaterials/Substrate/Glints2/dict_0005_0214.uasset" 5863
"../../../Engine/Content/EngineMaterials/Substrate/Glints2/dict_0005_0215.uasset" 5864
"../../../Engine/Content/EngineMaterials/Substrate/Glints2/dict_0005_0216.uasset" 5865
"../../../Engine/Content/EngineMaterials/Substrate/Glints2/dict_0005_0217.uasset" 5866
"../../../Engine/Content/EngineMaterials/Substrate/Glints2/dict_0005_0218.uasset" 5867
"../../../Engine/Content/EngineMaterials/Substrate/Glints2/dict_0005_0219.uasset" 5868
"../../../Engine/Content/EngineMaterials/Substrate/Glints2/dict_0005_0220.uasset" 5869
"../../../Engine/Content/EngineMaterials/Substrate/Glints2/dict_0005_0221.uasset" 5870
"../../../Engine/Content/EngineMaterials/Substrate/Glints2/dict_0005_0222.uasset" 5871
"../../../Engine/Content/EngineMaterials/Substrate/Glints2/dict_0005_0223.uasset" 5872
"../../../Engine/Content/EngineMaterials/Substrate/Glints2/dict_0005_0224.uasset" 5873
"../../../Engine/Content/EngineMaterials/Substrate/Glints2/dict_0005_0225.uasset" 5874
"../../../Engine/Content/EngineMaterials/Substrate/Glints2/dict_0005_0226.uasset" 5875
"../../../Engine/Content/EngineMaterials/Substrate/Glints2/dict_0005_0227.uasset" 5876
"../../../Engine/Content/EngineMaterials/Substrate/Glints2/dict_0005_0228.uasset" 5877
"../../../Engine/Content/EngineMaterials/Substrate/Glints2/dict_0005_0229.uasset" 5878
"../../../Engine/Content/EngineMaterials/Substrate/Glints2/dict_0005_0230.uasset" 5879
"../../../Engine/Content/EngineMaterials/Substrate/Glints2/dict_0005_0231.uasset" 5880
"../../../Engine/Content/EngineMaterials/Substrate/Glints2/dict_0005_0232.uasset" 5881
"../../../Engine/Content/EngineMaterials/Substrate/Glints2/dict_0005_0233.uasset" 5882
"../../../Engine/Content/EngineMaterials/Substrate/Glints2/dict_0005_0234.uasset" 5883
"../../../Engine/Content/EngineMaterials/Substrate/Glints2/dict_0005_0235.uasset" 5884
"../../../Engine/Content/EngineMaterials/Substrate/Glints2/dict_0005_0236.uasset" 5885
"../../../Engine/Content/EngineMaterials/Substrate/Glints2/dict_0005_0237.uasset" 5886
"../../../Engine/Content/EngineMaterials/Substrate/Glints2/dict_0005_0238.uasset" 5887
"../../../Engine/Content/EngineMaterials/Substrate/Glints2/dict_0005_0239.uasset" 5888
"../../../Engine/Content/EngineMaterials/Substrate/Glints2/dict_0005_0240.uasset" 5889
"../../../Engine/Content/EngineMaterials/Substrate/Glints2/dict_0005_0241.uasset" 5890
"../../../Engine/Content/EngineMaterials/Substrate/Glints2/dict_0005_0242.uasset" 5891
"../../../Engine/Content/EngineMaterials/Substrate/Glints2/dict_0005_0243.uasset" 5892
"../../../Engine/Content/EngineMaterials/Substrate/Glints2/dict_0005_0244.uasset" 5893
"../../../Engine/Content/EngineMaterials/Substrate/Glints2/dict_0005_0245.uasset" 5894
"../../../Engine/Content/EngineMaterials/Substrate/Glints2/dict_0005_0246.uasset" 5895
"../../../Engine/Content/EngineMaterials/Substrate/Glints2/dict_0005_0247.uasset" 5896
"../../../Engine/Content/EngineMaterials/Substrate/Glints2/dict_0005_0248.uasset" 5897
"../../../Engine/Content/EngineMaterials/Substrate/Glints2/dict_0005_0249.uasset" 5898
"../../../Engine/Content/EngineMaterials/Substrate/Glints2/dict_0005_0250.uasset" 5899
"../../../Engine/Content/EngineMaterials/Substrate/Glints2/dict_0005_0251.uasset" 5900
"../../../Engine/Content/EngineMaterials/Substrate/Glints2/dict_0005_0252.uasset" 5901
"../../../Engine/Content/EngineMaterials/Substrate/Glints2/dict_0005_0253.uasset" 5902
"../../../Engine/Content/EngineMaterials/Substrate/Glints2/dict_0005_0254.uasset" 5903
"../../../Engine/Content/EngineMaterials/Substrate/Glints2/dict_0005_0255.uasset" 5904
"../../../Engine/Content/EngineMaterials/Substrate/Glints2/dict_0006_0000.uasset" 5905
"../../../Engine/Content/EngineMaterials/Substrate/Glints2/dict_0006_0001.uasset" 5906
"../../../Engine/Content/EngineMaterials/Substrate/Glints2/dict_0006_0002.uasset" 5907
"../../../Engine/Content/EngineMaterials/Substrate/Glints2/dict_0006_0003.uasset" 5908
"../../../Engine/Content/EngineMaterials/Substrate/Glints2/dict_0006_0004.uasset" 5909
"../../../Engine/Content/EngineMaterials/Substrate/Glints2/dict_0006_0005.uasset" 5910
"../../../Engine/Content/EngineMaterials/Substrate/Glints2/dict_0006_0006.uasset" 5911
"../../../Engine/Content/EngineMaterials/Substrate/Glints2/dict_0006_0007.uasset" 5912
"../../../Engine/Content/EngineMaterials/Substrate/Glints2/dict_0006_0008.uasset" 5913
"../../../Engine/Content/EngineMaterials/Substrate/Glints2/dict_0006_0009.uasset" 5914
"../../../Engine/Content/EngineMaterials/Substrate/Glints2/dict_0006_0010.uasset" 5915
"../../../Engine/Content/EngineMaterials/Substrate/Glints2/dict_0006_0011.uasset" 5916
"../../../Engine/Content/EngineMaterials/Substrate/Glints2/dict_0006_0012.uasset" 5917
"../../../Engine/Content/EngineMaterials/Substrate/Glints2/dict_0006_0013.uasset" 5918
"../../../Engine/Content/EngineMaterials/Substrate/Glints2/dict_0006_0014.uasset" 5919
"../../../Engine/Content/EngineMaterials/Substrate/Glints2/dict_0006_0015.uasset" 5920
"../../../Engine/Content/EngineMaterials/Substrate/Glints2/dict_0006_0016.uasset" 5921
"../../../Engine/Content/EngineMaterials/Substrate/Glints2/dict_0006_0017.uasset" 5922
"../../../Engine/Content/EngineMaterials/Substrate/Glints2/dict_0006_0018.uasset" 5923
"../../../Engine/Content/EngineMaterials/Substrate/Glints2/dict_0006_0019.uasset" 5924
"../../../Engine/Content/EngineMaterials/Substrate/Glints2/dict_0006_0020.uasset" 5925
"../../../Engine/Content/EngineMaterials/Substrate/Glints2/dict_0006_0021.uasset" 5926
"../../../Engine/Content/EngineMaterials/Substrate/Glints2/dict_0006_0022.uasset" 5927
"../../../Engine/Content/EngineMaterials/Substrate/Glints2/dict_0006_0023.uasset" 5928
"../../../Engine/Content/EngineMaterials/Substrate/Glints2/dict_0006_0024.uasset" 5929
"../../../Engine/Content/EngineMaterials/Substrate/Glints2/dict_0006_0025.uasset" 5930
"../../../Engine/Content/EngineMaterials/Substrate/Glints2/dict_0006_0026.uasset" 5931
"../../../Engine/Content/EngineMaterials/Substrate/Glints2/dict_0006_0027.uasset" 5932
"../../../Engine/Content/EngineMaterials/Substrate/Glints2/dict_0006_0028.uasset" 5933
"../../../Engine/Content/EngineMaterials/Substrate/Glints2/dict_0006_0029.uasset" 5934
"../../../Engine/Content/EngineMaterials/Substrate/Glints2/dict_0006_0030.uasset" 5935
"../../../Engine/Content/EngineMaterials/Substrate/Glints2/dict_0006_0031.uasset" 5936
"../../../Engine/Content/EngineMaterials/Substrate/Glints2/dict_0006_0032.uasset" 5937
"../../../Engine/Content/EngineMaterials/Substrate/Glints2/dict_0006_0033.uasset" 5938
"../../../Engine/Content/EngineMaterials/Substrate/Glints2/dict_0006_0034.uasset" 5939
"../../../Engine/Content/EngineMaterials/Substrate/Glints2/dict_0006_0035.uasset" 5940
"../../../Engine/Content/EngineMaterials/Substrate/Glints2/dict_0006_0036.uasset" 5941
"../../../Engine/Content/EngineMaterials/Substrate/Glints2/dict_0006_0037.uasset" 5942
"../../../Engine/Content/EngineMaterials/Substrate/Glints2/dict_0006_0038.uasset" 5943
"../../../Engine/Content/EngineMaterials/Substrate/Glints2/dict_0006_0039.uasset" 5944
"../../../Engine/Content/EngineMaterials/Substrate/Glints2/dict_0006_0040.uasset" 5945
"../../../Engine/Content/EngineMaterials/Substrate/Glints2/dict_0006_0041.uasset" 5946
"../../../Engine/Content/EngineMaterials/Substrate/Glints2/dict_0006_0042.uasset" 5947
"../../../Engine/Content/EngineMaterials/Substrate/Glints2/dict_0006_0043.uasset" 5948
"../../../Engine/Content/EngineMaterials/Substrate/Glints2/dict_0006_0044.uasset" 5949
"../../../Engine/Content/EngineMaterials/Substrate/Glints2/dict_0006_0045.uasset" 5950
"../../../Engine/Content/EngineMaterials/Substrate/Glints2/dict_0006_0046.uasset" 5951
"../../../Engine/Content/EngineMaterials/Substrate/Glints2/dict_0006_0047.uasset" 5952
"../../../Engine/Content/EngineMaterials/Substrate/Glints2/dict_0006_0048.uasset" 5953
"../../../Engine/Content/EngineMaterials/Substrate/Glints2/dict_0006_0049.uasset" 5954
"../../../Engine/Content/EngineMaterials/Substrate/Glints2/dict_0006_0050.uasset" 5955
"../../../Engine/Content/EngineMaterials/Substrate/Glints2/dict_0006_0051.uasset" 5956
"../../../Engine/Content/EngineMaterials/Substrate/Glints2/dict_0006_0052.uasset" 5957
"../../../Engine/Content/EngineMaterials/Substrate/Glints2/dict_0006_0053.uasset" 5958
"../../../Engine/Content/EngineMaterials/Substrate/Glints2/dict_0006_0054.uasset" 5959
"../../../Engine/Content/EngineMaterials/Substrate/Glints2/dict_0006_0055.uasset" 5960
"../../../Engine/Content/EngineMaterials/Substrate/Glints2/dict_0006_0056.uasset" 5961
"../../../Engine/Content/EngineMaterials/Substrate/Glints2/dict_0006_0057.uasset" 5962
"../../../Engine/Content/EngineMaterials/Substrate/Glints2/dict_0006_0058.uasset" 5963
"../../../Engine/Content/EngineMaterials/Substrate/Glints2/dict_0006_0059.uasset" 5964
"../../../Engine/Content/EngineMaterials/Substrate/Glints2/dict_0006_0060.uasset" 5965
"../../../Engine/Content/EngineMaterials/Substrate/Glints2/dict_0006_0061.uasset" 5966
"../../../Engine/Content/EngineMaterials/Substrate/Glints2/dict_0006_0062.uasset" 5967
"../../../Engine/Content/EngineMaterials/Substrate/Glints2/dict_0006_0063.uasset" 5968
"../../../Engine/Content/EngineMaterials/Substrate/Glints2/dict_0006_0064.uasset" 5969
"../../../Engine/Content/EngineMaterials/Substrate/Glints2/dict_0006_0065.uasset" 5970
"../../../Engine/Content/EngineMaterials/Substrate/Glints2/dict_0006_0066.uasset" 5971
"../../../Engine/Content/EngineMaterials/Substrate/Glints2/dict_0006_0067.uasset" 5972
"../../../Engine/Content/EngineMaterials/Substrate/Glints2/dict_0006_0068.uasset" 5973
"../../../Engine/Content/EngineMaterials/Substrate/Glints2/dict_0006_0069.uasset" 5974
"../../../Engine/Content/EngineMaterials/Substrate/Glints2/dict_0006_0070.uasset" 5975
"../../../Engine/Content/EngineMaterials/Substrate/Glints2/dict_0006_0071.uasset" 5976
"../../../Engine/Content/EngineMaterials/Substrate/Glints2/dict_0006_0072.uasset" 5977
"../../../Engine/Content/EngineMaterials/Substrate/Glints2/dict_0006_0073.uasset" 5978
"../../../Engine/Content/EngineMaterials/Substrate/Glints2/dict_0006_0074.uasset" 5979
"../../../Engine/Content/EngineMaterials/Substrate/Glints2/dict_0006_0075.uasset" 5980
"../../../Engine/Content/EngineMaterials/Substrate/Glints2/dict_0006_0076.uasset" 5981
"../../../Engine/Content/EngineMaterials/Substrate/Glints2/dict_0006_0077.uasset" 5982
"../../../Engine/Content/EngineMaterials/Substrate/Glints2/dict_0006_0078.uasset" 5983
"../../../Engine/Content/EngineMaterials/Substrate/Glints2/dict_0006_0079.uasset" 5984
"../../../Engine/Content/EngineMaterials/Substrate/Glints2/dict_0006_0080.uasset" 5985
"../../../Engine/Content/EngineMaterials/Substrate/Glints2/dict_0006_0081.uasset" 5986
"../../../Engine/Content/EngineMaterials/Substrate/Glints2/dict_0006_0082.uasset" 5987
"../../../Engine/Content/EngineMaterials/Substrate/Glints2/dict_0006_0083.uasset" 5988
"../../../Engine/Content/EngineMaterials/Substrate/Glints2/dict_0006_0084.uasset" 5989
"../../../Engine/Content/EngineMaterials/Substrate/Glints2/dict_0006_0085.uasset" 5990
"../../../Engine/Content/EngineMaterials/Substrate/Glints2/dict_0006_0086.uasset" 5991
"../../../Engine/Content/EngineMaterials/Substrate/Glints2/dict_0006_0087.uasset" 5992
"../../../Engine/Content/EngineMaterials/Substrate/Glints2/dict_0006_0088.uasset" 5993
"../../../Engine/Content/EngineMaterials/Substrate/Glints2/dict_0006_0089.uasset" 5994
"../../../Engine/Content/EngineMaterials/Substrate/Glints2/dict_0006_0090.uasset" 5995
"../../../Engine/Content/EngineMaterials/Substrate/Glints2/dict_0006_0091.uasset" 5996
"../../../Engine/Content/EngineMaterials/Substrate/Glints2/dict_0006_0092.uasset" 5997
"../../../Engine/Content/EngineMaterials/Substrate/Glints2/dict_0006_0093.uasset" 5998
"../../../Engine/Content/EngineMaterials/Substrate/Glints2/dict_0006_0094.uasset" 5999
"../../../Engine/Content/EngineMaterials/Substrate/Glints2/dict_0006_0095.uasset" 6000
"../../../Engine/Content/EngineMaterials/Substrate/Glints2/dict_0006_0096.uasset" 6001
"../../../Engine/Content/EngineMaterials/Substrate/Glints2/dict_0006_0097.uasset" 6002
"../../../Engine/Content/EngineMaterials/Substrate/Glints2/dict_0006_0098.uasset" 6003
"../../../Engine/Content/EngineMaterials/Substrate/Glints2/dict_0006_0099.uasset" 6004
"../../../Engine/Content/EngineMaterials/Substrate/Glints2/dict_0006_0100.uasset" 6005
"../../../Engine/Content/EngineMaterials/Substrate/Glints2/dict_0006_0101.uasset" 6006
"../../../Engine/Content/EngineMaterials/Substrate/Glints2/dict_0006_0102.uasset" 6007
"../../../Engine/Content/EngineMaterials/Substrate/Glints2/dict_0006_0103.uasset" 6008
"../../../Engine/Content/EngineMaterials/Substrate/Glints2/dict_0006_0104.uasset" 6009
"../../../Engine/Content/EngineMaterials/Substrate/Glints2/dict_0006_0105.uasset" 6010
"../../../Engine/Content/EngineMaterials/Substrate/Glints2/dict_0006_0106.uasset" 6011
"../../../Engine/Content/EngineMaterials/Substrate/Glints2/dict_0006_0107.uasset" 6012
"../../../Engine/Content/EngineMaterials/Substrate/Glints2/dict_0006_0108.uasset" 6013
"../../../Engine/Content/EngineMaterials/Substrate/Glints2/dict_0006_0109.uasset" 6014
"../../../Engine/Content/EngineMaterials/Substrate/Glints2/dict_0006_0110.uasset" 6015
"../../../Engine/Content/EngineMaterials/Substrate/Glints2/dict_0006_0111.uasset" 6016
"../../../Engine/Content/EngineMaterials/Substrate/Glints2/dict_0006_0112.uasset" 6017
"../../../Engine/Content/EngineMaterials/Substrate/Glints2/dict_0006_0113.uasset" 6018
"../../../Engine/Content/EngineMaterials/Substrate/Glints2/dict_0006_0114.uasset" 6019
"../../../Engine/Content/EngineMaterials/Substrate/Glints2/dict_0006_0115.uasset" 6020
"../../../Engine/Content/EngineMaterials/Substrate/Glints2/dict_0006_0116.uasset" 6021
"../../../Engine/Content/EngineMaterials/Substrate/Glints2/dict_0006_0117.uasset" 6022
"../../../Engine/Content/EngineMaterials/Substrate/Glints2/dict_0006_0118.uasset" 6023
"../../../Engine/Content/EngineMaterials/Substrate/Glints2/dict_0006_0119.uasset" 6024
"../../../Engine/Content/EngineMaterials/Substrate/Glints2/dict_0006_0120.uasset" 6025
"../../../Engine/Content/EngineMaterials/Substrate/Glints2/dict_0006_0121.uasset" 6026
"../../../Engine/Content/EngineMaterials/Substrate/Glints2/dict_0006_0122.uasset" 6027
"../../../Engine/Content/EngineMaterials/Substrate/Glints2/dict_0006_0123.uasset" 6028
"../../../Engine/Content/EngineMaterials/Substrate/Glints2/dict_0006_0124.uasset" 6029
"../../../Engine/Content/EngineMaterials/Substrate/Glints2/dict_0006_0125.uasset" 6030
"../../../Engine/Content/EngineMaterials/Substrate/Glints2/dict_0006_0126.uasset" 6031
"../../../Engine/Content/EngineMaterials/Substrate/Glints2/dict_0006_0127.uasset" 6032
"../../../Engine/Content/EngineMaterials/Substrate/Glints2/dict_0006_0128.uasset" 6033
"../../../Engine/Content/EngineMaterials/Substrate/Glints2/dict_0006_0129.uasset" 6034
"../../../Engine/Content/EngineMaterials/Substrate/Glints2/dict_0006_0130.uasset" 6035
"../../../Engine/Content/EngineMaterials/Substrate/Glints2/dict_0006_0131.uasset" 6036
"../../../Engine/Content/EngineMaterials/Substrate/Glints2/dict_0006_0132.uasset" 6037
"../../../Engine/Content/EngineMaterials/Substrate/Glints2/dict_0006_0133.uasset" 6038
"../../../Engine/Content/EngineMaterials/Substrate/Glints2/dict_0006_0134.uasset" 6039
"../../../Engine/Content/EngineMaterials/Substrate/Glints2/dict_0006_0135.uasset" 6040
"../../../Engine/Content/EngineMaterials/Substrate/Glints2/dict_0006_0136.uasset" 6041
"../../../Engine/Content/EngineMaterials/Substrate/Glints2/dict_0006_0137.uasset" 6042
"../../../Engine/Content/EngineMaterials/Substrate/Glints2/dict_0006_0138.uasset" 6043
"../../../Engine/Content/EngineMaterials/Substrate/Glints2/dict_0006_0139.uasset" 6044
"../../../Engine/Content/EngineMaterials/Substrate/Glints2/dict_0006_0140.uasset" 6045
"../../../Engine/Content/EngineMaterials/Substrate/Glints2/dict_0006_0141.uasset" 6046
"../../../Engine/Content/EngineMaterials/Substrate/Glints2/dict_0006_0142.uasset" 6047
"../../../Engine/Content/EngineMaterials/Substrate/Glints2/dict_0006_0143.uasset" 6048
"../../../Engine/Content/EngineMaterials/Substrate/Glints2/dict_0006_0144.uasset" 6049
"../../../Engine/Content/EngineMaterials/Substrate/Glints2/dict_0006_0145.uasset" 6050
"../../../Engine/Content/EngineMaterials/Substrate/Glints2/dict_0006_0146.uasset" 6051
"../../../Engine/Content/EngineMaterials/Substrate/Glints2/dict_0006_0147.uasset" 6052
"../../../Engine/Content/EngineMaterials/Substrate/Glints2/dict_0006_0148.uasset" 6053
"../../../Engine/Content/EngineMaterials/Substrate/Glints2/dict_0006_0149.uasset" 6054
"../../../Engine/Content/EngineMaterials/Substrate/Glints2/dict_0006_0150.uasset" 6055
"../../../Engine/Content/EngineMaterials/Substrate/Glints2/dict_0006_0151.uasset" 6056
"../../../Engine/Content/EngineMaterials/Substrate/Glints2/dict_0006_0152.uasset" 6057
"../../../Engine/Content/EngineMaterials/Substrate/Glints2/dict_0006_0153.uasset" 6058
"../../../Engine/Content/EngineMaterials/Substrate/Glints2/dict_0006_0154.uasset" 6059
"../../../Engine/Content/EngineMaterials/Substrate/Glints2/dict_0006_0155.uasset" 6060
"../../../Engine/Content/EngineMaterials/Substrate/Glints2/dict_0006_0156.uasset" 6061
"../../../Engine/Content/EngineMaterials/Substrate/Glints2/dict_0006_0157.uasset" 6062
"../../../Engine/Content/EngineMaterials/Substrate/Glints2/dict_0006_0158.uasset" 6063
"../../../Engine/Content/EngineMaterials/Substrate/Glints2/dict_0006_0159.uasset" 6064
"../../../Engine/Content/EngineMaterials/Substrate/Glints2/dict_0006_0160.uasset" 6065
"../../../Engine/Content/EngineMaterials/Substrate/Glints2/dict_0006_0161.uasset" 6066
"../../../Engine/Content/EngineMaterials/Substrate/Glints2/dict_0006_0162.uasset" 6067
"../../../Engine/Content/EngineMaterials/Substrate/Glints2/dict_0006_0163.uasset" 6068
"../../../Engine/Content/EngineMaterials/Substrate/Glints2/dict_0006_0164.uasset" 6069
"../../../Engine/Content/EngineMaterials/Substrate/Glints2/dict_0006_0165.uasset" 6070
"../../../Engine/Content/EngineMaterials/Substrate/Glints2/dict_0006_0166.uasset" 6071
"../../../Engine/Content/EngineMaterials/Substrate/Glints2/dict_0006_0167.uasset" 6072
"../../../Engine/Content/EngineMaterials/Substrate/Glints2/dict_0006_0168.uasset" 6073
"../../../Engine/Content/EngineMaterials/Substrate/Glints2/dict_0006_0169.uasset" 6074
"../../../Engine/Content/EngineMaterials/Substrate/Glints2/dict_0006_0170.uasset" 6075
"../../../Engine/Content/EngineMaterials/Substrate/Glints2/dict_0006_0171.uasset" 6076
"../../../Engine/Content/EngineMaterials/Substrate/Glints2/dict_0006_0172.uasset" 6077
"../../../Engine/Content/EngineMaterials/Substrate/Glints2/dict_0006_0173.uasset" 6078
"../../../Engine/Content/EngineMaterials/Substrate/Glints2/dict_0006_0174.uasset" 6079
"../../../Engine/Content/EngineMaterials/Substrate/Glints2/dict_0006_0175.uasset" 6080
"../../../Engine/Content/EngineMaterials/Substrate/Glints2/dict_0006_0176.uasset" 6081
"../../../Engine/Content/EngineMaterials/Substrate/Glints2/dict_0006_0177.uasset" 6082
"../../../Engine/Content/EngineMaterials/Substrate/Glints2/dict_0006_0178.uasset" 6083
"../../../Engine/Content/EngineMaterials/Substrate/Glints2/dict_0006_0179.uasset" 6084
"../../../Engine/Content/EngineMaterials/Substrate/Glints2/dict_0006_0180.uasset" 6085
"../../../Engine/Content/EngineMaterials/Substrate/Glints2/dict_0006_0181.uasset" 6086
"../../../Engine/Content/EngineMaterials/Substrate/Glints2/dict_0006_0182.uasset" 6087
"../../../Engine/Content/EngineMaterials/Substrate/Glints2/dict_0006_0183.uasset" 6088
"../../../Engine/Content/EngineMaterials/Substrate/Glints2/dict_0006_0184.uasset" 6089
"../../../Engine/Content/EngineMaterials/Substrate/Glints2/dict_0006_0185.uasset" 6090
"../../../Engine/Content/EngineMaterials/Substrate/Glints2/dict_0006_0186.uasset" 6091
"../../../Engine/Content/EngineMaterials/Substrate/Glints2/dict_0006_0187.uasset" 6092
"../../../Engine/Content/EngineMaterials/Substrate/Glints2/dict_0006_0188.uasset" 6093
"../../../Engine/Content/EngineMaterials/Substrate/Glints2/dict_0006_0189.uasset" 6094
"../../../Engine/Content/EngineMaterials/Substrate/Glints2/dict_0006_0190.uasset" 6095
"../../../Engine/Content/EngineMaterials/Substrate/Glints2/dict_0006_0191.uasset" 6096
"../../../Engine/Content/EngineMaterials/Substrate/Glints2/dict_0006_0192.uasset" 6097
"../../../Engine/Content/EngineMaterials/Substrate/Glints2/dict_0006_0193.uasset" 6098
"../../../Engine/Content/EngineMaterials/Substrate/Glints2/dict_0006_0194.uasset" 6099
"../../../Engine/Content/EngineMaterials/Substrate/Glints2/dict_0006_0195.uasset" 6100
"../../../Engine/Content/EngineMaterials/Substrate/Glints2/dict_0006_0196.uasset" 6101
"../../../Engine/Content/EngineMaterials/Substrate/Glints2/dict_0006_0197.uasset" 6102
"../../../Engine/Content/EngineMaterials/Substrate/Glints2/dict_0006_0198.uasset" 6103
"../../../Engine/Content/EngineMaterials/Substrate/Glints2/dict_0006_0199.uasset" 6104
"../../../Engine/Content/EngineMaterials/Substrate/Glints2/dict_0006_0200.uasset" 6105
"../../../Engine/Content/EngineMaterials/Substrate/Glints2/dict_0006_0201.uasset" 6106
"../../../Engine/Content/EngineMaterials/Substrate/Glints2/dict_0006_0202.uasset" 6107
"../../../Engine/Content/EngineMaterials/Substrate/Glints2/dict_0006_0203.uasset" 6108
"../../../Engine/Content/EngineMaterials/Substrate/Glints2/dict_0006_0204.uasset" 6109
"../../../Engine/Content/EngineMaterials/Substrate/Glints2/dict_0006_0205.uasset" 6110
"../../../Engine/Content/EngineMaterials/Substrate/Glints2/dict_0006_0206.uasset" 6111
"../../../Engine/Content/EngineMaterials/Substrate/Glints2/dict_0006_0207.uasset" 6112
"../../../Engine/Content/EngineMaterials/Substrate/Glints2/dict_0006_0208.uasset" 6113
"../../../Engine/Content/EngineMaterials/Substrate/Glints2/dict_0006_0209.uasset" 6114
"../../../Engine/Content/EngineMaterials/Substrate/Glints2/dict_0006_0210.uasset" 6115
"../../../Engine/Content/EngineMaterials/Substrate/Glints2/dict_0006_0211.uasset" 6116
"../../../Engine/Content/EngineMaterials/Substrate/Glints2/dict_0006_0212.uasset" 6117
"../../../Engine/Content/EngineMaterials/Substrate/Glints2/dict_0006_0213.uasset" 6118
"../../../Engine/Content/EngineMaterials/Substrate/Glints2/dict_0006_0214.uasset" 6119
"../../../Engine/Content/EngineMaterials/Substrate/Glints2/dict_0006_0215.uasset" 6120
"../../../Engine/Content/EngineMaterials/Substrate/Glints2/dict_0006_0216.uasset" 6121
"../../../Engine/Content/EngineMaterials/Substrate/Glints2/dict_0006_0217.uasset" 6122
"../../../Engine/Content/EngineMaterials/Substrate/Glints2/dict_0006_0218.uasset" 6123
"../../../Engine/Content/EngineMaterials/Substrate/Glints2/dict_0006_0219.uasset" 6124
"../../../Engine/Content/EngineMaterials/Substrate/Glints2/dict_0006_0220.uasset" 6125
"../../../Engine/Content/EngineMaterials/Substrate/Glints2/dict_0006_0221.uasset" 6126
"../../../Engine/Content/EngineMaterials/Substrate/Glints2/dict_0006_0222.uasset" 6127
"../../../Engine/Content/EngineMaterials/Substrate/Glints2/dict_0006_0223.uasset" 6128
"../../../Engine/Content/EngineMaterials/Substrate/Glints2/dict_0006_0224.uasset" 6129
"../../../Engine/Content/EngineMaterials/Substrate/Glints2/dict_0006_0225.uasset" 6130
"../../../Engine/Content/EngineMaterials/Substrate/Glints2/dict_0006_0226.uasset" 6131
"../../../Engine/Content/EngineMaterials/Substrate/Glints2/dict_0006_0227.uasset" 6132
"../../../Engine/Content/EngineMaterials/Substrate/Glints2/dict_0006_0228.uasset" 6133
"../../../Engine/Content/EngineMaterials/Substrate/Glints2/dict_0006_0229.uasset" 6134
"../../../Engine/Content/EngineMaterials/Substrate/Glints2/dict_0006_0230.uasset" 6135
"../../../Engine/Content/EngineMaterials/Substrate/Glints2/dict_0006_0231.uasset" 6136
"../../../Engine/Content/EngineMaterials/Substrate/Glints2/dict_0006_0232.uasset" 6137
"../../../Engine/Content/EngineMaterials/Substrate/Glints2/dict_0006_0233.uasset" 6138
"../../../Engine/Content/EngineMaterials/Substrate/Glints2/dict_0006_0234.uasset" 6139
"../../../Engine/Content/EngineMaterials/Substrate/Glints2/dict_0006_0235.uasset" 6140
"../../../Engine/Content/EngineMaterials/Substrate/Glints2/dict_0006_0236.uasset" 6141
"../../../Engine/Content/EngineMaterials/Substrate/Glints2/dict_0006_0237.uasset" 6142
"../../../Engine/Content/EngineMaterials/Substrate/Glints2/dict_0006_0238.uasset" 6143
"../../../Engine/Content/EngineMaterials/Substrate/Glints2/dict_0006_0239.uasset" 6144
"../../../Engine/Content/EngineMaterials/Substrate/Glints2/dict_0006_0240.uasset" 6145
"../../../Engine/Content/EngineMaterials/Substrate/Glints2/dict_0006_0241.uasset" 6146
"../../../Engine/Content/EngineMaterials/Substrate/Glints2/dict_0006_0242.uasset" 6147
"../../../Engine/Content/EngineMaterials/Substrate/Glints2/dict_0006_0243.uasset" 6148
"../../../Engine/Content/EngineMaterials/Substrate/Glints2/dict_0006_0244.uasset" 6149
"../../../Engine/Content/EngineMaterials/Substrate/Glints2/dict_0006_0245.uasset" 6150
"../../../Engine/Content/EngineMaterials/Substrate/Glints2/dict_0006_0246.uasset" 6151
"../../../Engine/Content/EngineMaterials/Substrate/Glints2/dict_0006_0247.uasset" 6152
"../../../Engine/Content/EngineMaterials/Substrate/Glints2/dict_0006_0248.uasset" 6153
"../../../Engine/Content/EngineMaterials/Substrate/Glints2/dict_0006_0249.uasset" 6154
"../../../Engine/Content/EngineMaterials/Substrate/Glints2/dict_0006_0250.uasset" 6155
"../../../Engine/Content/EngineMaterials/Substrate/Glints2/dict_0006_0251.uasset" 6156
"../../../Engine/Content/EngineMaterials/Substrate/Glints2/dict_0006_0252.uasset" 6157
"../../../Engine/Content/EngineMaterials/Substrate/Glints2/dict_0006_0253.uasset" 6158
"../../../Engine/Content/EngineMaterials/Substrate/Glints2/dict_0006_0254.uasset" 6159
"../../../Engine/Content/EngineMaterials/Substrate/Glints2/dict_0006_0255.uasset" 6160
"../../../Engine/Content/EngineMaterials/Substrate/Glints2/dict_0007_0000.uasset" 6161
"../../../Engine/Content/EngineMaterials/Substrate/Glints2/dict_0007_0001.uasset" 6162
"../../../Engine/Content/EngineMaterials/Substrate/Glints2/dict_0007_0002.uasset" 6163
"../../../Engine/Content/EngineMaterials/Substrate/Glints2/dict_0007_0003.uasset" 6164
"../../../Engine/Content/EngineMaterials/Substrate/Glints2/dict_0007_0004.uasset" 6165
"../../../Engine/Content/EngineMaterials/Substrate/Glints2/dict_0007_0005.uasset" 6166
"../../../Engine/Content/EngineMaterials/Substrate/Glints2/dict_0007_0006.uasset" 6167
"../../../Engine/Content/EngineMaterials/Substrate/Glints2/dict_0007_0007.uasset" 6168
"../../../Engine/Content/EngineMaterials/Substrate/Glints2/dict_0007_0008.uasset" 6169
"../../../Engine/Content/EngineMaterials/Substrate/Glints2/dict_0007_0009.uasset" 6170
"../../../Engine/Content/EngineMaterials/Substrate/Glints2/dict_0007_0010.uasset" 6171
"../../../Engine/Content/EngineMaterials/Substrate/Glints2/dict_0007_0011.uasset" 6172
"../../../Engine/Content/EngineMaterials/Substrate/Glints2/dict_0007_0012.uasset" 6173
"../../../Engine/Content/EngineMaterials/Substrate/Glints2/dict_0007_0013.uasset" 6174
"../../../Engine/Content/EngineMaterials/Substrate/Glints2/dict_0007_0014.uasset" 6175
"../../../Engine/Content/EngineMaterials/Substrate/Glints2/dict_0007_0015.uasset" 6176
"../../../Engine/Content/EngineMaterials/Substrate/Glints2/dict_0007_0016.uasset" 6177
"../../../Engine/Content/EngineMaterials/Substrate/Glints2/dict_0007_0017.uasset" 6178
"../../../Engine/Content/EngineMaterials/Substrate/Glints2/dict_0007_0018.uasset" 6179
"../../../Engine/Content/EngineMaterials/Substrate/Glints2/dict_0007_0019.uasset" 6180
"../../../Engine/Content/EngineMaterials/Substrate/Glints2/dict_0007_0020.uasset" 6181
"../../../Engine/Content/EngineMaterials/Substrate/Glints2/dict_0007_0021.uasset" 6182
"../../../Engine/Content/EngineMaterials/Substrate/Glints2/dict_0007_0022.uasset" 6183
"../../../Engine/Content/EngineMaterials/Substrate/Glints2/dict_0007_0023.uasset" 6184
"../../../Engine/Content/EngineMaterials/Substrate/Glints2/dict_0007_0024.uasset" 6185
"../../../Engine/Content/EngineMaterials/Substrate/Glints2/dict_0007_0025.uasset" 6186
"../../../Engine/Content/EngineMaterials/Substrate/Glints2/dict_0007_0026.uasset" 6187
"../../../Engine/Content/EngineMaterials/Substrate/Glints2/dict_0007_0027.uasset" 6188
"../../../Engine/Content/EngineMaterials/Substrate/Glints2/dict_0007_0028.uasset" 6189
"../../../Engine/Content/EngineMaterials/Substrate/Glints2/dict_0007_0029.uasset" 6190
"../../../Engine/Content/EngineMaterials/Substrate/Glints2/dict_0007_0030.uasset" 6191
"../../../Engine/Content/EngineMaterials/Substrate/Glints2/dict_0007_0031.uasset" 6192
"../../../Engine/Content/EngineMaterials/Substrate/Glints2/dict_0007_0032.uasset" 6193
"../../../Engine/Content/EngineMaterials/Substrate/Glints2/dict_0007_0033.uasset" 6194
"../../../Engine/Content/EngineMaterials/Substrate/Glints2/dict_0007_0034.uasset" 6195
"../../../Engine/Content/EngineMaterials/Substrate/Glints2/dict_0007_0035.uasset" 6196
"../../../Engine/Content/EngineMaterials/Substrate/Glints2/dict_0007_0036.uasset" 6197
"../../../Engine/Content/EngineMaterials/Substrate/Glints2/dict_0007_0037.uasset" 6198
"../../../Engine/Content/EngineMaterials/Substrate/Glints2/dict_0007_0038.uasset" 6199
"../../../Engine/Content/EngineMaterials/Substrate/Glints2/dict_0007_0039.uasset" 6200
"../../../Engine/Content/EngineMaterials/Substrate/Glints2/dict_0007_0040.uasset" 6201
"../../../Engine/Content/EngineMaterials/Substrate/Glints2/dict_0007_0041.uasset" 6202
"../../../Engine/Content/EngineMaterials/Substrate/Glints2/dict_0007_0042.uasset" 6203
"../../../Engine/Content/EngineMaterials/Substrate/Glints2/dict_0007_0043.uasset" 6204
"../../../Engine/Content/EngineMaterials/Substrate/Glints2/dict_0007_0044.uasset" 6205
"../../../Engine/Content/EngineMaterials/Substrate/Glints2/dict_0007_0045.uasset" 6206
"../../../Engine/Content/EngineMaterials/Substrate/Glints2/dict_0007_0046.uasset" 6207
"../../../Engine/Content/EngineMaterials/Substrate/Glints2/dict_0007_0047.uasset" 6208
"../../../Engine/Content/EngineMaterials/Substrate/Glints2/dict_0007_0048.uasset" 6209
"../../../Engine/Content/EngineMaterials/Substrate/Glints2/dict_0007_0049.uasset" 6210
"../../../Engine/Content/EngineMaterials/Substrate/Glints2/dict_0007_0050.uasset" 6211
"../../../Engine/Content/EngineMaterials/Substrate/Glints2/dict_0007_0051.uasset" 6212
"../../../Engine/Content/EngineMaterials/Substrate/Glints2/dict_0007_0052.uasset" 6213
"../../../Engine/Content/EngineMaterials/Substrate/Glints2/dict_0007_0053.uasset" 6214
"../../../Engine/Content/EngineMaterials/Substrate/Glints2/dict_0007_0054.uasset" 6215
"../../../Engine/Content/EngineMaterials/Substrate/Glints2/dict_0007_0055.uasset" 6216
"../../../Engine/Content/EngineMaterials/Substrate/Glints2/dict_0007_0056.uasset" 6217
"../../../Engine/Content/EngineMaterials/Substrate/Glints2/dict_0007_0057.uasset" 6218
"../../../Engine/Content/EngineMaterials/Substrate/Glints2/dict_0007_0058.uasset" 6219
"../../../Engine/Content/EngineMaterials/Substrate/Glints2/dict_0007_0059.uasset" 6220
"../../../Engine/Content/EngineMaterials/Substrate/Glints2/dict_0007_0060.uasset" 6221
"../../../Engine/Content/EngineMaterials/Substrate/Glints2/dict_0007_0061.uasset" 6222
"../../../Engine/Content/EngineMaterials/Substrate/Glints2/dict_0007_0062.uasset" 6223
"../../../Engine/Content/EngineMaterials/Substrate/Glints2/dict_0007_0063.uasset" 6224
"../../../Engine/Content/EngineMaterials/Substrate/Glints2/dict_0007_0064.uasset" 6225
"../../../Engine/Content/EngineMaterials/Substrate/Glints2/dict_0007_0065.uasset" 6226
"../../../Engine/Content/EngineMaterials/Substrate/Glints2/dict_0007_0066.uasset" 6227
"../../../Engine/Content/EngineMaterials/Substrate/Glints2/dict_0007_0067.uasset" 6228
"../../../Engine/Content/EngineMaterials/Substrate/Glints2/dict_0007_0068.uasset" 6229
"../../../Engine/Content/EngineMaterials/Substrate/Glints2/dict_0007_0069.uasset" 6230
"../../../Engine/Content/EngineMaterials/Substrate/Glints2/dict_0007_0070.uasset" 6231
"../../../Engine/Content/EngineMaterials/Substrate/Glints2/dict_0007_0071.uasset" 6232
"../../../Engine/Content/EngineMaterials/Substrate/Glints2/dict_0007_0072.uasset" 6233
"../../../Engine/Content/EngineMaterials/Substrate/Glints2/dict_0007_0073.uasset" 6234
"../../../Engine/Content/EngineMaterials/Substrate/Glints2/dict_0007_0074.uasset" 6235
"../../../Engine/Content/EngineMaterials/Substrate/Glints2/dict_0007_0075.uasset" 6236
"../../../Engine/Content/EngineMaterials/Substrate/Glints2/dict_0007_0076.uasset" 6237
"../../../Engine/Content/EngineMaterials/Substrate/Glints2/dict_0007_0077.uasset" 6238
"../../../Engine/Content/EngineMaterials/Substrate/Glints2/dict_0007_0078.uasset" 6239
"../../../Engine/Content/EngineMaterials/Substrate/Glints2/dict_0007_0079.uasset" 6240
"../../../Engine/Content/EngineMaterials/Substrate/Glints2/dict_0007_0080.uasset" 6241
"../../../Engine/Content/EngineMaterials/Substrate/Glints2/dict_0007_0081.uasset" 6242
"../../../Engine/Content/EngineMaterials/Substrate/Glints2/dict_0007_0082.uasset" 6243
"../../../Engine/Content/EngineMaterials/Substrate/Glints2/dict_0007_0083.uasset" 6244
"../../../Engine/Content/EngineMaterials/Substrate/Glints2/dict_0007_0084.uasset" 6245
"../../../Engine/Content/EngineMaterials/Substrate/Glints2/dict_0007_0085.uasset" 6246
"../../../Engine/Content/EngineMaterials/Substrate/Glints2/dict_0007_0086.uasset" 6247
"../../../Engine/Content/EngineMaterials/Substrate/Glints2/dict_0007_0087.uasset" 6248
"../../../Engine/Content/EngineMaterials/Substrate/Glints2/dict_0007_0088.uasset" 6249
"../../../Engine/Content/EngineMaterials/Substrate/Glints2/dict_0007_0089.uasset" 6250
"../../../Engine/Content/EngineMaterials/Substrate/Glints2/dict_0007_0090.uasset" 6251
"../../../Engine/Content/EngineMaterials/Substrate/Glints2/dict_0007_0091.uasset" 6252
"../../../Engine/Content/EngineMaterials/Substrate/Glints2/dict_0007_0092.uasset" 6253
"../../../Engine/Content/EngineMaterials/Substrate/Glints2/dict_0007_0093.uasset" 6254
"../../../Engine/Content/EngineMaterials/Substrate/Glints2/dict_0007_0094.uasset" 6255
"../../../Engine/Content/EngineMaterials/Substrate/Glints2/dict_0007_0095.uasset" 6256
"../../../Engine/Content/EngineMaterials/Substrate/Glints2/dict_0007_0096.uasset" 6257
"../../../Engine/Content/EngineMaterials/Substrate/Glints2/dict_0007_0097.uasset" 6258
"../../../Engine/Content/EngineMaterials/Substrate/Glints2/dict_0007_0098.uasset" 6259
"../../../Engine/Content/EngineMaterials/Substrate/Glints2/dict_0007_0099.uasset" 6260
"../../../Engine/Content/EngineMaterials/Substrate/Glints2/dict_0007_0100.uasset" 6261
"../../../Engine/Content/EngineMaterials/Substrate/Glints2/dict_0007_0101.uasset" 6262
"../../../Engine/Content/EngineMaterials/Substrate/Glints2/dict_0007_0102.uasset" 6263
"../../../Engine/Content/EngineMaterials/Substrate/Glints2/dict_0007_0103.uasset" 6264
"../../../Engine/Content/EngineMaterials/Substrate/Glints2/dict_0007_0104.uasset" 6265
"../../../Engine/Content/EngineMaterials/Substrate/Glints2/dict_0007_0105.uasset" 6266
"../../../Engine/Content/EngineMaterials/Substrate/Glints2/dict_0007_0106.uasset" 6267
"../../../Engine/Content/EngineMaterials/Substrate/Glints2/dict_0007_0107.uasset" 6268
"../../../Engine/Content/EngineMaterials/Substrate/Glints2/dict_0007_0108.uasset" 6269
"../../../Engine/Content/EngineMaterials/Substrate/Glints2/dict_0007_0109.uasset" 6270
"../../../Engine/Content/EngineMaterials/Substrate/Glints2/dict_0007_0110.uasset" 6271
"../../../Engine/Content/EngineMaterials/Substrate/Glints2/dict_0007_0111.uasset" 6272
"../../../Engine/Content/EngineMaterials/Substrate/Glints2/dict_0007_0112.uasset" 6273
"../../../Engine/Content/EngineMaterials/Substrate/Glints2/dict_0007_0113.uasset" 6274
"../../../Engine/Content/EngineMaterials/Substrate/Glints2/dict_0007_0114.uasset" 6275
"../../../Engine/Content/EngineMaterials/Substrate/Glints2/dict_0007_0115.uasset" 6276
"../../../Engine/Content/EngineMaterials/Substrate/Glints2/dict_0007_0116.uasset" 6277
"../../../Engine/Content/EngineMaterials/Substrate/Glints2/dict_0007_0117.uasset" 6278
"../../../Engine/Content/EngineMaterials/Substrate/Glints2/dict_0007_0118.uasset" 6279
"../../../Engine/Content/EngineMaterials/Substrate/Glints2/dict_0007_0119.uasset" 6280
"../../../Engine/Content/EngineMaterials/Substrate/Glints2/dict_0007_0120.uasset" 6281
"../../../Engine/Content/EngineMaterials/Substrate/Glints2/dict_0007_0121.uasset" 6282
"../../../Engine/Content/EngineMaterials/Substrate/Glints2/dict_0007_0122.uasset" 6283
"../../../Engine/Content/EngineMaterials/Substrate/Glints2/dict_0007_0123.uasset" 6284
"../../../Engine/Content/EngineMaterials/Substrate/Glints2/dict_0007_0124.uasset" 6285
"../../../Engine/Content/EngineMaterials/Substrate/Glints2/dict_0007_0125.uasset" 6286
"../../../Engine/Content/EngineMaterials/Substrate/Glints2/dict_0007_0126.uasset" 6287
"../../../Engine/Content/EngineMaterials/Substrate/Glints2/dict_0007_0127.uasset" 6288
"../../../Engine/Content/EngineMaterials/Substrate/Glints2/dict_0007_0128.uasset" 6289
"../../../Engine/Content/EngineMaterials/Substrate/Glints2/dict_0007_0129.uasset" 6290
"../../../Engine/Content/EngineMaterials/Substrate/Glints2/dict_0007_0130.uasset" 6291
"../../../Engine/Content/EngineMaterials/Substrate/Glints2/dict_0007_0131.uasset" 6292
"../../../Engine/Content/EngineMaterials/Substrate/Glints2/dict_0007_0132.uasset" 6293
"../../../Engine/Content/EngineMaterials/Substrate/Glints2/dict_0007_0133.uasset" 6294
"../../../Engine/Content/EngineMaterials/Substrate/Glints2/dict_0007_0134.uasset" 6295
"../../../Engine/Content/EngineMaterials/Substrate/Glints2/dict_0007_0135.uasset" 6296
"../../../Engine/Content/EngineMaterials/Substrate/Glints2/dict_0007_0136.uasset" 6297
"../../../Engine/Content/EngineMaterials/Substrate/Glints2/dict_0007_0137.uasset" 6298
"../../../Engine/Content/EngineMaterials/Substrate/Glints2/dict_0007_0138.uasset" 6299
"../../../Engine/Content/EngineMaterials/Substrate/Glints2/dict_0007_0139.uasset" 6300
"../../../Engine/Content/EngineMaterials/Substrate/Glints2/dict_0007_0140.uasset" 6301
"../../../Engine/Content/EngineMaterials/Substrate/Glints2/dict_0007_0141.uasset" 6302
"../../../Engine/Content/EngineMaterials/Substrate/Glints2/dict_0007_0142.uasset" 6303
"../../../Engine/Content/EngineMaterials/Substrate/Glints2/dict_0007_0143.uasset" 6304
"../../../Engine/Content/EngineMaterials/Substrate/Glints2/dict_0007_0144.uasset" 6305
"../../../Engine/Content/EngineMaterials/Substrate/Glints2/dict_0007_0145.uasset" 6306
"../../../Engine/Content/EngineMaterials/Substrate/Glints2/dict_0007_0146.uasset" 6307
"../../../Engine/Content/EngineMaterials/Substrate/Glints2/dict_0007_0147.uasset" 6308
"../../../Engine/Content/EngineMaterials/Substrate/Glints2/dict_0007_0148.uasset" 6309
"../../../Engine/Content/EngineMaterials/Substrate/Glints2/dict_0007_0149.uasset" 6310
"../../../Engine/Content/EngineMaterials/Substrate/Glints2/dict_0007_0150.uasset" 6311
"../../../Engine/Content/EngineMaterials/Substrate/Glints2/dict_0007_0151.uasset" 6312
"../../../Engine/Content/EngineMaterials/Substrate/Glints2/dict_0007_0152.uasset" 6313
"../../../Engine/Content/EngineMaterials/Substrate/Glints2/dict_0007_0153.uasset" 6314
"../../../Engine/Content/EngineMaterials/Substrate/Glints2/dict_0007_0154.uasset" 6315
"../../../Engine/Content/EngineMaterials/Substrate/Glints2/dict_0007_0155.uasset" 6316
"../../../Engine/Content/EngineMaterials/Substrate/Glints2/dict_0007_0156.uasset" 6317
"../../../Engine/Content/EngineMaterials/Substrate/Glints2/dict_0007_0157.uasset" 6318
"../../../Engine/Content/EngineMaterials/Substrate/Glints2/dict_0007_0158.uasset" 6319
"../../../Engine/Content/EngineMaterials/Substrate/Glints2/dict_0007_0159.uasset" 6320
"../../../Engine/Content/EngineMaterials/Substrate/Glints2/dict_0007_0160.uasset" 6321
"../../../Engine/Content/EngineMaterials/Substrate/Glints2/dict_0007_0161.uasset" 6322
"../../../Engine/Content/EngineMaterials/Substrate/Glints2/dict_0007_0162.uasset" 6323
"../../../Engine/Content/EngineMaterials/Substrate/Glints2/dict_0007_0163.uasset" 6324
"../../../Engine/Content/EngineMaterials/Substrate/Glints2/dict_0007_0164.uasset" 6325
"../../../Engine/Content/EngineMaterials/Substrate/Glints2/dict_0007_0165.uasset" 6326
"../../../Engine/Content/EngineMaterials/Substrate/Glints2/dict_0007_0166.uasset" 6327
"../../../Engine/Content/EngineMaterials/Substrate/Glints2/dict_0007_0167.uasset" 6328
"../../../Engine/Content/EngineMaterials/Substrate/Glints2/dict_0007_0168.uasset" 6329
"../../../Engine/Content/EngineMaterials/Substrate/Glints2/dict_0007_0169.uasset" 6330
"../../../Engine/Content/EngineMaterials/Substrate/Glints2/dict_0007_0170.uasset" 6331
"../../../Engine/Content/EngineMaterials/Substrate/Glints2/dict_0007_0171.uasset" 6332
"../../../Engine/Content/EngineMaterials/Substrate/Glints2/dict_0007_0172.uasset" 6333
"../../../Engine/Content/EngineMaterials/Substrate/Glints2/dict_0007_0173.uasset" 6334
"../../../Engine/Content/EngineMaterials/Substrate/Glints2/dict_0007_0174.uasset" 6335
"../../../Engine/Content/EngineMaterials/Substrate/Glints2/dict_0007_0175.uasset" 6336
"../../../Engine/Content/EngineMaterials/Substrate/Glints2/dict_0007_0176.uasset" 6337
"../../../Engine/Content/EngineMaterials/Substrate/Glints2/dict_0007_0177.uasset" 6338
"../../../Engine/Content/EngineMaterials/Substrate/Glints2/dict_0007_0178.uasset" 6339
"../../../Engine/Content/EngineMaterials/Substrate/Glints2/dict_0007_0179.uasset" 6340
"../../../Engine/Content/EngineMaterials/Substrate/Glints2/dict_0007_0180.uasset" 6341
"../../../Engine/Content/EngineMaterials/Substrate/Glints2/dict_0007_0181.uasset" 6342
"../../../Engine/Content/EngineMaterials/Substrate/Glints2/dict_0007_0182.uasset" 6343
"../../../Engine/Content/EngineMaterials/Substrate/Glints2/dict_0007_0183.uasset" 6344
"../../../Engine/Content/EngineMaterials/Substrate/Glints2/dict_0007_0184.uasset" 6345
"../../../Engine/Content/EngineMaterials/Substrate/Glints2/dict_0007_0185.uasset" 6346
"../../../Engine/Content/EngineMaterials/Substrate/Glints2/dict_0007_0186.uasset" 6347
"../../../Engine/Content/EngineMaterials/Substrate/Glints2/dict_0007_0187.uasset" 6348
"../../../Engine/Content/EngineMaterials/Substrate/Glints2/dict_0007_0188.uasset" 6349
"../../../Engine/Content/EngineMaterials/Substrate/Glints2/dict_0007_0189.uasset" 6350
"../../../Engine/Content/EngineMaterials/Substrate/Glints2/dict_0007_0190.uasset" 6351
"../../../Engine/Content/EngineMaterials/Substrate/Glints2/dict_0007_0191.uasset" 6352
"../../../Engine/Content/EngineMaterials/Substrate/Glints2/dict_0007_0192.uasset" 6353
"../../../Engine/Content/EngineMaterials/Substrate/Glints2/dict_0007_0193.uasset" 6354
"../../../Engine/Content/EngineMaterials/Substrate/Glints2/dict_0007_0194.uasset" 6355
"../../../Engine/Content/EngineMaterials/Substrate/Glints2/dict_0007_0195.uasset" 6356
"../../../Engine/Content/EngineMaterials/Substrate/Glints2/dict_0007_0196.uasset" 6357
"../../../Engine/Content/EngineMaterials/Substrate/Glints2/dict_0007_0197.uasset" 6358
"../../../Engine/Content/EngineMaterials/Substrate/Glints2/dict_0007_0198.uasset" 6359
"../../../Engine/Content/EngineMaterials/Substrate/Glints2/dict_0007_0199.uasset" 6360
"../../../Engine/Content/EngineMaterials/Substrate/Glints2/dict_0007_0200.uasset" 6361
"../../../Engine/Content/EngineMaterials/Substrate/Glints2/dict_0007_0201.uasset" 6362
"../../../Engine/Content/EngineMaterials/Substrate/Glints2/dict_0007_0202.uasset" 6363
"../../../Engine/Content/EngineMaterials/Substrate/Glints2/dict_0007_0203.uasset" 6364
"../../../Engine/Content/EngineMaterials/Substrate/Glints2/dict_0007_0204.uasset" 6365
"../../../Engine/Content/EngineMaterials/Substrate/Glints2/dict_0007_0205.uasset" 6366
"../../../Engine/Content/EngineMaterials/Substrate/Glints2/dict_0007_0206.uasset" 6367
"../../../Engine/Content/EngineMaterials/Substrate/Glints2/dict_0007_0207.uasset" 6368
"../../../Engine/Content/EngineMaterials/Substrate/Glints2/dict_0007_0208.uasset" 6369
"../../../Engine/Content/EngineMaterials/Substrate/Glints2/dict_0007_0209.uasset" 6370
"../../../Engine/Content/EngineMaterials/Substrate/Glints2/dict_0007_0210.uasset" 6371
"../../../Engine/Content/EngineMaterials/Substrate/Glints2/dict_0007_0211.uasset" 6372
"../../../Engine/Content/EngineMaterials/Substrate/Glints2/dict_0007_0212.uasset" 6373
"../../../Engine/Content/EngineMaterials/Substrate/Glints2/dict_0007_0213.uasset" 6374
"../../../Engine/Content/EngineMaterials/Substrate/Glints2/dict_0007_0214.uasset" 6375
"../../../Engine/Content/EngineMaterials/Substrate/Glints2/dict_0007_0215.uasset" 6376
"../../../Engine/Content/EngineMaterials/Substrate/Glints2/dict_0007_0216.uasset" 6377
"../../../Engine/Content/EngineMaterials/Substrate/Glints2/dict_0007_0217.uasset" 6378
"../../../Engine/Content/EngineMaterials/Substrate/Glints2/dict_0007_0218.uasset" 6379
"../../../Engine/Content/EngineMaterials/Substrate/Glints2/dict_0007_0219.uasset" 6380
"../../../Engine/Content/EngineMaterials/Substrate/Glints2/dict_0007_0220.uasset" 6381
"../../../Engine/Content/EngineMaterials/Substrate/Glints2/dict_0007_0221.uasset" 6382
"../../../Engine/Content/EngineMaterials/Substrate/Glints2/dict_0007_0222.uasset" 6383
"../../../Engine/Content/EngineMaterials/Substrate/Glints2/dict_0007_0223.uasset" 6384
"../../../Engine/Content/EngineMaterials/Substrate/Glints2/dict_0007_0224.uasset" 6385
"../../../Engine/Content/EngineMaterials/Substrate/Glints2/dict_0007_0225.uasset" 6386
"../../../Engine/Content/EngineMaterials/Substrate/Glints2/dict_0007_0226.uasset" 6387
"../../../Engine/Content/EngineMaterials/Substrate/Glints2/dict_0007_0227.uasset" 6388
"../../../Engine/Content/EngineMaterials/Substrate/Glints2/dict_0007_0228.uasset" 6389
"../../../Engine/Content/EngineMaterials/Substrate/Glints2/dict_0007_0229.uasset" 6390
"../../../Engine/Content/EngineMaterials/Substrate/Glints2/dict_0007_0230.uasset" 6391
"../../../Engine/Content/EngineMaterials/Substrate/Glints2/dict_0007_0231.uasset" 6392
"../../../Engine/Content/EngineMaterials/Substrate/Glints2/dict_0007_0232.uasset" 6393
"../../../Engine/Content/EngineMaterials/Substrate/Glints2/dict_0007_0233.uasset" 6394
"../../../Engine/Content/EngineMaterials/Substrate/Glints2/dict_0007_0234.uasset" 6395
"../../../Engine/Content/EngineMaterials/Substrate/Glints2/dict_0007_0235.uasset" 6396
"../../../Engine/Content/EngineMaterials/Substrate/Glints2/dict_0007_0236.uasset" 6397
"../../../Engine/Content/EngineMaterials/Substrate/Glints2/dict_0007_0237.uasset" 6398
"../../../Engine/Content/EngineMaterials/Substrate/Glints2/dict_0007_0238.uasset" 6399
"../../../Engine/Content/EngineMaterials/Substrate/Glints2/dict_0007_0239.uasset" 6400
"../../../Engine/Content/EngineMaterials/Substrate/Glints2/dict_0007_0240.uasset" 6401
"../../../Engine/Content/EngineMaterials/Substrate/Glints2/dict_0007_0241.uasset" 6402
"../../../Engine/Content/EngineMaterials/Substrate/Glints2/dict_0007_0242.uasset" 6403
"../../../Engine/Content/EngineMaterials/Substrate/Glints2/dict_0007_0243.uasset" 6404
"../../../Engine/Content/EngineMaterials/Substrate/Glints2/dict_0007_0244.uasset" 6405
"../../../Engine/Content/EngineMaterials/Substrate/Glints2/dict_0007_0245.uasset" 6406
"../../../Engine/Content/EngineMaterials/Substrate/Glints2/dict_0007_0246.uasset" 6407
"../../../Engine/Content/EngineMaterials/Substrate/Glints2/dict_0007_0247.uasset" 6408
"../../../Engine/Content/EngineMaterials/Substrate/Glints2/dict_0007_0248.uasset" 6409
"../../../Engine/Content/EngineMaterials/Substrate/Glints2/dict_0007_0249.uasset" 6410
"../../../Engine/Content/EngineMaterials/Substrate/Glints2/dict_0007_0250.uasset" 6411
"../../../Engine/Content/EngineMaterials/Substrate/Glints2/dict_0007_0251.uasset" 6412
"../../../Engine/Content/EngineMaterials/Substrate/Glints2/dict_0007_0252.uasset" 6413
"../../../Engine/Content/EngineMaterials/Substrate/Glints2/dict_0007_0253.uasset" 6414
"../../../Engine/Content/EngineMaterials/Substrate/Glints2/dict_0007_0254.uasset" 6415
"../../../Engine/Content/EngineMaterials/Substrate/Glints2/dict_0007_0255.uasset" 6416
"C:/Users/Amir sanni/Desktop/Biplo/Roomba-Biplo-Studio/Content/Characters/Mannequins/Rigs/Poses/Quinn/Quinn_foot_l_anim.uasset" 6417
"../../../Engine/Content/EngineMaterials/Substrate/GLints/dict_16_192_64_0p5_0p02_0000_0000.uasset" 6418
"../../../Engine/Content/EngineMaterials/Substrate/GLints/dict_16_192_64_0p5_0p02_0000_0001.uasset" 6419
"../../../Engine/Content/EngineMaterials/Substrate/GLints/dict_16_192_64_0p5_0p02_0000_0002.uasset" 6420
"../../../Engine/Content/EngineMaterials/Substrate/GLints/dict_16_192_64_0p5_0p02_0000_0003.uasset" 6421
"../../../Engine/Content/EngineMaterials/Substrate/GLints/dict_16_192_64_0p5_0p02_0000_0004.uasset" 6422
"../../../Engine/Content/EngineMaterials/Substrate/GLints/dict_16_192_64_0p5_0p02_0000_0005.uasset" 6423
"../../../Engine/Content/EngineMaterials/Substrate/GLints/dict_16_192_64_0p5_0p02_0000_0006.uasset" 6424
"../../../Engine/Content/EngineMaterials/Substrate/GLints/dict_16_192_64_0p5_0p02_0000_0007.uasset" 6425
"../../../Engine/Content/EngineMaterials/Substrate/GLints/dict_16_192_64_0p5_0p02_0000_0008.uasset" 6426
"../../../Engine/Content/EngineMaterials/Substrate/GLints/dict_16_192_64_0p5_0p02_0000_0009.uasset" 6427
"../../../Engine/Content/EngineMaterials/Substrate/GLints/dict_16_192_64_0p5_0p02_0000_0010.uasset" 6428
"../../../Engine/Content/EngineMaterials/Substrate/GLints/dict_16_192_64_0p5_0p02_0000_0011.uasset" 6429
"../../../Engine/Content/EngineMaterials/Substrate/GLints/dict_16_192_64_0p5_0p02_0000_0012.uasset" 6430
"../../../Engine/Content/EngineMaterials/Substrate/GLints/dict_16_192_64_0p5_0p02_0000_0013.uasset" 6431
"../../../Engine/Content/EngineMaterials/Substrate/GLints/dict_16_192_64_0p5_0p02_0000_0014.uasset" 6432
"../../../Engine/Content/EngineMaterials/Substrate/GLints/dict_16_192_64_0p5_0p02_0000_0015.uasset" 6433
"../../../Engine/Content/EngineMaterials/Substrate/GLints/dict_16_192_64_0p5_0p02_0001_0000.uasset" 6434
"../../../Engine/Content/EngineMaterials/Substrate/GLints/dict_16_192_64_0p5_0p02_0001_0001.uasset" 6435
"../../../Engine/Content/EngineMaterials/Substrate/GLints/dict_16_192_64_0p5_0p02_0001_0002.uasset" 6436
"../../../Engine/Content/EngineMaterials/Substrate/GLints/dict_16_192_64_0p5_0p02_0001_0003.uasset" 6437
"../../../Engine/Content/EngineMaterials/Substrate/GLints/dict_16_192_64_0p5_0p02_0001_0004.uasset" 6438
"../../../Engine/Content/EngineMaterials/Substrate/GLints/dict_16_192_64_0p5_0p02_0001_0005.uasset" 6439
"../../../Engine/Content/EngineMaterials/Substrate/GLints/dict_16_192_64_0p5_0p02_0001_0006.uasset" 6440
"../../../Engine/Content/EngineMaterials/Substrate/GLints/dict_16_192_64_0p5_0p02_0001_0007.uasset" 6441
"../../../Engine/Content/EngineMaterials/Substrate/GLints/dict_16_192_64_0p5_0p02_0001_0008.uasset" 6442
"../../../Engine/Content/EngineMaterials/Substrate/GLints/dict_16_192_64_0p5_0p02_0001_0009.uasset" 6443
"../../../Engine/Content/EngineMaterials/Substrate/GLints/dict_16_192_64_0p5_0p02_0001_0010.uasset" 6444
"../../../Engine/Content/EngineMaterials/Substrate/GLints/dict_16_192_64_0p5_0p02_0001_0011.uasset" 6445
"../../../Engine/Content/EngineMaterials/Substrate/GLints/dict_16_192_64_0p5_0p02_0001_0012.uasset" 6446
"../../../Engine/Content/EngineMaterials/Substrate/GLints/dict_16_192_64_0p5_0p02_0001_0013.uasset" 6447
"../../../Engine/Content/EngineMaterials/Substrate/GLints/dict_16_192_64_0p5_0p02_0001_0014.uasset" 6448
"../../../Engine/Content/EngineMaterials/Substrate/GLints/dict_16_192_64_0p5_0p02_0001_0015.uasset" 6449
"../../../Engine/Content/EngineMaterials/Substrate/GLints/dict_16_192_64_0p5_0p02_0002_0000.uasset" 6450
"../../../Engine/Content/EngineMaterials/Substrate/GLints/dict_16_192_64_0p5_0p02_0002_0001.uasset" 6451
"../../../Engine/Content/EngineMaterials/Substrate/GLints/dict_16_192_64_0p5_0p02_0002_0002.uasset" 6452
"../../../Engine/Content/EngineMaterials/Substrate/GLints/dict_16_192_64_0p5_0p02_0002_0003.uasset" 6453
"../../../Engine/Content/EngineMaterials/Substrate/GLints/dict_16_192_64_0p5_0p02_0002_0004.uasset" 6454
"../../../Engine/Content/EngineMaterials/Substrate/GLints/dict_16_192_64_0p5_0p02_0002_0005.uasset" 6455
"../../../Engine/Content/EngineMaterials/Substrate/GLints/dict_16_192_64_0p5_0p02_0002_0006.uasset" 6456
"../../../Engine/Content/EngineMaterials/Substrate/GLints/dict_16_192_64_0p5_0p02_0002_0007.uasset" 6457
"../../../Engine/Content/EngineMaterials/Substrate/GLints/dict_16_192_64_0p5_0p02_0002_0008.uasset" 6458
"../../../Engine/Content/EngineMaterials/Substrate/GLints/dict_16_192_64_0p5_0p02_0002_0009.uasset" 6459
"../../../Engine/Content/EngineMaterials/Substrate/GLints/dict_16_192_64_0p5_0p02_0002_0010.uasset" 6460
"../../../Engine/Content/EngineMaterials/Substrate/GLints/dict_16_192_64_0p5_0p02_0002_0011.uasset" 6461
"../../../Engine/Content/EngineMaterials/Substrate/GLints/dict_16_192_64_0p5_0p02_0002_0012.uasset" 6462
"../../../Engine/Content/EngineMaterials/Substrate/GLints/dict_16_192_64_0p5_0p02_0002_0013.uasset" 6463
"../../../Engine/Content/EngineMaterials/Substrate/GLints/dict_16_192_64_0p5_0p02_0002_0014.uasset" 6464
"../../../Engine/Content/EngineMaterials/Substrate/GLints/dict_16_192_64_0p5_0p02_0002_0015.uasset" 6465
"../../../Engine/Content/EngineMaterials/Substrate/GLints/dict_16_192_64_0p5_0p02_0003_0000.uasset" 6466
"../../../Engine/Content/EngineMaterials/Substrate/GLints/dict_16_192_64_0p5_0p02_0003_0001.uasset" 6467
"../../../Engine/Content/EngineMaterials/Substrate/GLints/dict_16_192_64_0p5_0p02_0003_0002.uasset" 6468
"../../../Engine/Content/EngineMaterials/Substrate/GLints/dict_16_192_64_0p5_0p02_0003_0003.uasset" 6469
"../../../Engine/Content/EngineMaterials/Substrate/GLints/dict_16_192_64_0p5_0p02_0003_0004.uasset" 6470
"../../../Engine/Content/EngineMaterials/Substrate/GLints/dict_16_192_64_0p5_0p02_0003_0005.uasset" 6471
"../../../Engine/Content/EngineMaterials/Substrate/GLints/dict_16_192_64_0p5_0p02_0003_0006.uasset" 6472
"../../../Engine/Content/EngineMaterials/Substrate/GLints/dict_16_192_64_0p5_0p02_0003_0007.uasset" 6473
"../../../Engine/Content/EngineMaterials/Substrate/GLints/dict_16_192_64_0p5_0p02_0003_0008.uasset" 6474
"../../../Engine/Content/EngineMaterials/Substrate/GLints/dict_16_192_64_0p5_0p02_0003_0009.uasset" 6475
"../../../Engine/Content/EngineMaterials/Substrate/GLints/dict_16_192_64_0p5_0p02_0003_0010.uasset" 6476
"../../../Engine/Content/EngineMaterials/Substrate/GLints/dict_16_192_64_0p5_0p02_0003_0011.uasset" 6477
"../../../Engine/Content/EngineMaterials/Substrate/GLints/dict_16_192_64_0p5_0p02_0003_0012.uasset" 6478
"../../../Engine/Content/EngineMaterials/Substrate/GLints/dict_16_192_64_0p5_0p02_0003_0013.uasset" 6479
"../../../Engine/Content/EngineMaterials/Substrate/GLints/dict_16_192_64_0p5_0p02_0003_0014.uasset" 6480
"../../../Engine/Content/EngineMaterials/Substrate/GLints/dict_16_192_64_0p5_0p02_0003_0015.uasset" 6481
"../../../Engine/Content/EngineMaterials/Substrate/GLints/dict_16_192_64_0p5_0p02_0004_0000.uasset" 6482
"../../../Engine/Content/EngineMaterials/Substrate/GLints/dict_16_192_64_0p5_0p02_0004_0001.uasset" 6483
"../../../Engine/Content/EngineMaterials/Substrate/GLints/dict_16_192_64_0p5_0p02_0004_0002.uasset" 6484
"../../../Engine/Content/EngineMaterials/Substrate/GLints/dict_16_192_64_0p5_0p02_0004_0003.uasset" 6485
"../../../Engine/Content/EngineMaterials/Substrate/GLints/dict_16_192_64_0p5_0p02_0004_0004.uasset" 6486
"../../../Engine/Content/EngineMaterials/Substrate/GLints/dict_16_192_64_0p5_0p02_0004_0005.uasset" 6487
"../../../Engine/Content/EngineMaterials/Substrate/GLints/dict_16_192_64_0p5_0p02_0004_0006.uasset" 6488
"../../../Engine/Content/EngineMaterials/Substrate/GLints/dict_16_192_64_0p5_0p02_0004_0007.uasset" 6489
"../../../Engine/Content/EngineMaterials/Substrate/GLints/dict_16_192_64_0p5_0p02_0004_0008.uasset" 6490
"../../../Engine/Content/EngineMaterials/Substrate/GLints/dict_16_192_64_0p5_0p02_0004_0009.uasset" 6491
"../../../Engine/Content/EngineMaterials/Substrate/GLints/dict_16_192_64_0p5_0p02_0004_0010.uasset" 6492
"../../../Engine/Content/EngineMaterials/Substrate/GLints/dict_16_192_64_0p5_0p02_0004_0011.uasset" 6493
"../../../Engine/Content/EngineMaterials/Substrate/GLints/dict_16_192_64_0p5_0p02_0004_0012.uasset" 6494
"../../../Engine/Content/EngineMaterials/Substrate/GLints/dict_16_192_64_0p5_0p02_0004_0013.uasset" 6495
"../../../Engine/Content/EngineMaterials/Substrate/GLints/dict_16_192_64_0p5_0p02_0004_0014.uasset" 6496
"../../../Engine/Content/EngineMaterials/Substrate/GLints/dict_16_192_64_0p5_0p02_0004_0015.uasset" 6497
"../../../Engine/Content/EngineMaterials/Substrate/GLints/dict_16_192_64_0p5_0p02_0005_0000.uasset" 6498
"../../../Engine/Content/EngineMaterials/Substrate/GLints/dict_16_192_64_0p5_0p02_0005_0001.uasset" 6499
"../../../Engine/Content/EngineMaterials/Substrate/GLints/dict_16_192_64_0p5_0p02_0005_0002.uasset" 6500
"../../../Engine/Content/EngineMaterials/Substrate/GLints/dict_16_192_64_0p5_0p02_0005_0003.uasset" 6501
"../../../Engine/Content/EngineMaterials/Substrate/GLints/dict_16_192_64_0p5_0p02_0005_0004.uasset" 6502
"../../../Engine/Content/EngineMaterials/Substrate/GLints/dict_16_192_64_0p5_0p02_0005_0005.uasset" 6503
"../../../Engine/Content/EngineMaterials/Substrate/GLints/dict_16_192_64_0p5_0p02_0005_0006.uasset" 6504
"../../../Engine/Content/EngineMaterials/Substrate/GLints/dict_16_192_64_0p5_0p02_0005_0007.uasset" 6505
"../../../Engine/Content/EngineMaterials/Substrate/GLints/dict_16_192_64_0p5_0p02_0005_0008.uasset" 6506
"../../../Engine/Content/EngineMaterials/Substrate/GLints/dict_16_192_64_0p5_0p02_0005_0009.uasset" 6507
"../../../Engine/Content/EngineMaterials/Substrate/GLints/dict_16_192_64_0p5_0p02_0005_0010.uasset" 6508
"../../../Engine/Content/EngineMaterials/Substrate/GLints/dict_16_192_64_0p5_0p02_0005_0011.uasset" 6509
"../../../Engine/Content/EngineMaterials/Substrate/GLints/dict_16_192_64_0p5_0p02_0005_0012.uasset" 6510
"../../../Engine/Content/EngineMaterials/Substrate/GLints/dict_16_192_64_0p5_0p02_0005_0013.uasset" 6511
"../../../Engine/Content/EngineMaterials/Substrate/GLints/dict_16_192_64_0p5_0p02_0005_0014.uasset" 6512
"../../../Engine/Content/EngineMaterials/Substrate/GLints/dict_16_192_64_0p5_0p02_0005_0015.uasset" 6513
"../../../Engine/Content/EngineMaterials/Substrate/GLints/dict_16_192_64_0p5_0p02_0006_0000.uasset" 6514
"../../../Engine/Content/EngineMaterials/Substrate/GLints/dict_16_192_64_0p5_0p02_0006_0001.uasset" 6515
"../../../Engine/Content/EngineMaterials/Substrate/GLints/dict_16_192_64_0p5_0p02_0006_0002.uasset" 6516
"../../../Engine/Content/EngineMaterials/Substrate/GLints/dict_16_192_64_0p5_0p02_0006_0003.uasset" 6517
"../../../Engine/Content/EngineMaterials/Substrate/GLints/dict_16_192_64_0p5_0p02_0006_0004.uasset" 6518
"../../../Engine/Content/EngineMaterials/Substrate/GLints/dict_16_192_64_0p5_0p02_0006_0005.uasset" 6519
"../../../Engine/Content/EngineMaterials/Substrate/GLints/dict_16_192_64_0p5_0p02_0006_0006.uasset" 6520
"../../../Engine/Content/EngineMaterials/Substrate/GLints/dict_16_192_64_0p5_0p02_0006_0007.uasset" 6521
"../../../Engine/Content/EngineMaterials/Substrate/GLints/dict_16_192_64_0p5_0p02_0006_0008.uasset" 6522
"../../../Engine/Content/EngineMaterials/Substrate/GLints/dict_16_192_64_0p5_0p02_0006_0009.uasset" 6523
"../../../Engine/Content/EngineMaterials/Substrate/GLints/dict_16_192_64_0p5_0p02_0006_0010.uasset" 6524
"../../../Engine/Content/EngineMaterials/Substrate/GLints/dict_16_192_64_0p5_0p02_0006_0011.uasset" 6525
"../../../Engine/Content/EngineMaterials/Substrate/GLints/dict_16_192_64_0p5_0p02_0006_0012.uasset" 6526
"../../../Engine/Content/EngineMaterials/Substrate/GLints/dict_16_192_64_0p5_0p02_0006_0013.uasset" 6527
"../../../Engine/Content/EngineMaterials/Substrate/GLints/dict_16_192_64_0p5_0p02_0006_0014.uasset" 6528
"../../../Engine/Content/EngineMaterials/Substrate/GLints/dict_16_192_64_0p5_0p02_0006_0015.uasset" 6529
"../../../Engine/Content/EngineMaterials/Substrate/GLints/dict_16_192_64_0p5_0p02_0007_0000.uasset" 6530
"../../../Engine/Content/EngineMaterials/Substrate/GLints/dict_16_192_64_0p5_0p02_0007_0001.uasset" 6531
"../../../Engine/Content/EngineMaterials/Substrate/GLints/dict_16_192_64_0p5_0p02_0007_0002.uasset" 6532
"../../../Engine/Content/EngineMaterials/Substrate/GLints/dict_16_192_64_0p5_0p02_0007_0003.uasset" 6533
"../../../Engine/Content/EngineMaterials/Substrate/GLints/dict_16_192_64_0p5_0p02_0007_0004.uasset" 6534
"../../../Engine/Content/EngineMaterials/Substrate/GLints/dict_16_192_64_0p5_0p02_0007_0005.uasset" 6535
"../../../Engine/Content/EngineMaterials/Substrate/GLints/dict_16_192_64_0p5_0p02_0007_0006.uasset" 6536
"../../../Engine/Content/EngineMaterials/Substrate/GLints/dict_16_192_64_0p5_0p02_0007_0007.uasset" 6537
"../../../Engine/Content/EngineMaterials/Substrate/GLints/dict_16_192_64_0p5_0p02_0007_0008.uasset" 6538
"../../../Engine/Content/EngineMaterials/Substrate/GLints/dict_16_192_64_0p5_0p02_0007_0009.uasset" 6539
"../../../Engine/Content/EngineMaterials/Substrate/GLints/dict_16_192_64_0p5_0p02_0007_0010.uasset" 6540
"../../../Engine/Content/EngineMaterials/Substrate/GLints/dict_16_192_64_0p5_0p02_0007_0011.uasset" 6541
"../../../Engine/Content/EngineMaterials/Substrate/GLints/dict_16_192_64_0p5_0p02_0007_0012.uasset" 6542
"../../../Engine/Content/EngineMaterials/Substrate/GLints/dict_16_192_64_0p5_0p02_0007_0013.uasset" 6543
"../../../Engine/Content/EngineMaterials/Substrate/GLints/dict_16_192_64_0p5_0p02_0007_0014.uasset" 6544
"../../../Engine/Content/EngineMaterials/Substrate/GLints/dict_16_192_64_0p5_0p02_0007_0015.uasset" 6545
"../../../Engine/Content/EngineMaterials/Substrate/GLints/dict_16_192_64_0p5_0p02_0008_0000.uasset" 6546
"../../../Engine/Content/EngineMaterials/Substrate/GLints/dict_16_192_64_0p5_0p02_0008_0001.uasset" 6547
"../../../Engine/Content/EngineMaterials/Substrate/GLints/dict_16_192_64_0p5_0p02_0008_0002.uasset" 6548
"../../../Engine/Content/EngineMaterials/Substrate/GLints/dict_16_192_64_0p5_0p02_0008_0003.uasset" 6549
"../../../Engine/Content/EngineMaterials/Substrate/GLints/dict_16_192_64_0p5_0p02_0008_0004.uasset" 6550
"../../../Engine/Content/EngineMaterials/Substrate/GLints/dict_16_192_64_0p5_0p02_0008_0005.uasset" 6551
"../../../Engine/Content/EngineMaterials/Substrate/GLints/dict_16_192_64_0p5_0p02_0008_0006.uasset" 6552
"../../../Engine/Content/EngineMaterials/Substrate/GLints/dict_16_192_64_0p5_0p02_0008_0007.uasset" 6553
"../../../Engine/Content/EngineMaterials/Substrate/GLints/dict_16_192_64_0p5_0p02_0008_0008.uasset" 6554
"../../../Engine/Content/EngineMaterials/Substrate/GLints/dict_16_192_64_0p5_0p02_0008_0009.uasset" 6555
"../../../Engine/Content/EngineMaterials/Substrate/GLints/dict_16_192_64_0p5_0p02_0008_0010.uasset" 6556
"../../../Engine/Content/EngineMaterials/Substrate/GLints/dict_16_192_64_0p5_0p02_0008_0011.uasset" 6557
"../../../Engine/Content/EngineMaterials/Substrate/GLints/dict_16_192_64_0p5_0p02_0008_0012.uasset" 6558
"../../../Engine/Content/EngineMaterials/Substrate/GLints/dict_16_192_64_0p5_0p02_0008_0013.uasset" 6559
"../../../Engine/Content/EngineMaterials/Substrate/GLints/dict_16_192_64_0p5_0p02_0008_0014.uasset" 6560
"../../../Engine/Content/EngineMaterials/Substrate/GLints/dict_16_192_64_0p5_0p02_0008_0015.uasset" 6561
"../../../Engine/Content/EngineMaterials/Substrate/GLints/dict_16_192_64_0p5_0p02_0009_0000.uasset" 6562
"../../../Engine/Content/EngineMaterials/Substrate/GLints/dict_16_192_64_0p5_0p02_0009_0001.uasset" 6563
"../../../Engine/Content/EngineMaterials/Substrate/GLints/dict_16_192_64_0p5_0p02_0009_0002.uasset" 6564
"../../../Engine/Content/EngineMaterials/Substrate/GLints/dict_16_192_64_0p5_0p02_0009_0003.uasset" 6565
"../../../Engine/Content/EngineMaterials/Substrate/GLints/dict_16_192_64_0p5_0p02_0009_0004.uasset" 6566
"../../../Engine/Content/EngineMaterials/Substrate/GLints/dict_16_192_64_0p5_0p02_0009_0005.uasset" 6567
"../../../Engine/Content/EngineMaterials/Substrate/GLints/dict_16_192_64_0p5_0p02_0009_0006.uasset" 6568
"../../../Engine/Content/EngineMaterials/Substrate/GLints/dict_16_192_64_0p5_0p02_0009_0007.uasset" 6569
"../../../Engine/Content/EngineMaterials/Substrate/GLints/dict_16_192_64_0p5_0p02_0009_0008.uasset" 6570
"../../../Engine/Content/EngineMaterials/Substrate/GLints/dict_16_192_64_0p5_0p02_0009_0009.uasset" 6571
"../../../Engine/Content/EngineMaterials/Substrate/GLints/dict_16_192_64_0p5_0p02_0009_0010.uasset" 6572
"../../../Engine/Content/EngineMaterials/Substrate/GLints/dict_16_192_64_0p5_0p02_0009_0011.uasset" 6573
"../../../Engine/Content/EngineMaterials/Substrate/GLints/dict_16_192_64_0p5_0p02_0009_0012.uasset" 6574
"../../../Engine/Content/EngineMaterials/Substrate/GLints/dict_16_192_64_0p5_0p02_0009_0013.uasset" 6575
"../../../Engine/Content/EngineMaterials/Substrate/GLints/dict_16_192_64_0p5_0p02_0009_0014.uasset" 6576
"../../../Engine/Content/EngineMaterials/Substrate/GLints/dict_16_192_64_0p5_0p02_0009_0015.uasset" 6577
"../../../Engine/Content/EngineMaterials/Substrate/GLints/dict_16_192_64_0p5_0p02_0010_0000.uasset" 6578
"../../../Engine/Content/EngineMaterials/Substrate/GLints/dict_16_192_64_0p5_0p02_0010_0001.uasset" 6579
"../../../Engine/Content/EngineMaterials/Substrate/GLints/dict_16_192_64_0p5_0p02_0010_0002.uasset" 6580
"../../../Engine/Content/EngineMaterials/Substrate/GLints/dict_16_192_64_0p5_0p02_0010_0003.uasset" 6581
"../../../Engine/Content/EngineMaterials/Substrate/GLints/dict_16_192_64_0p5_0p02_0010_0004.uasset" 6582
"../../../Engine/Content/EngineMaterials/Substrate/GLints/dict_16_192_64_0p5_0p02_0010_0005.uasset" 6583
"../../../Engine/Content/EngineMaterials/Substrate/GLints/dict_16_192_64_0p5_0p02_0010_0006.uasset" 6584
"../../../Engine/Content/EngineMaterials/Substrate/GLints/dict_16_192_64_0p5_0p02_0010_0007.uasset" 6585
"../../../Engine/Content/EngineMaterials/Substrate/GLints/dict_16_192_64_0p5_0p02_0010_0008.uasset" 6586
"../../../Engine/Content/EngineMaterials/Substrate/GLints/dict_16_192_64_0p5_0p02_0010_0009.uasset" 6587
"../../../Engine/Content/EngineMaterials/Substrate/GLints/dict_16_192_64_0p5_0p02_0010_0010.uasset" 6588
"../../../Engine/Content/EngineMaterials/Substrate/GLints/dict_16_192_64_0p5_0p02_0010_0011.uasset" 6589
"../../../Engine/Content/EngineMaterials/Substrate/GLints/dict_16_192_64_0p5_0p02_0010_0012.uasset" 6590
"../../../Engine/Content/EngineMaterials/Substrate/GLints/dict_16_192_64_0p5_0p02_0010_0013.uasset" 6591
"../../../Engine/Content/EngineMaterials/Substrate/GLints/dict_16_192_64_0p5_0p02_0010_0014.uasset" 6592
"../../../Engine/Content/EngineMaterials/Substrate/GLints/dict_16_192_64_0p5_0p02_0010_0015.uasset" 6593
"../../../Engine/Content/EngineMaterials/Substrate/GLints/dict_16_192_64_0p5_0p02_0011_0000.uasset" 6594
"../../../Engine/Content/EngineMaterials/Substrate/GLints/dict_16_192_64_0p5_0p02_0011_0001.uasset" 6595
"../../../Engine/Content/EngineMaterials/Substrate/GLints/dict_16_192_64_0p5_0p02_0011_0002.uasset" 6596
"../../../Engine/Content/EngineMaterials/Substrate/GLints/dict_16_192_64_0p5_0p02_0011_0003.uasset" 6597
"../../../Engine/Content/EngineMaterials/Substrate/GLints/dict_16_192_64_0p5_0p02_0011_0004.uasset" 6598
"../../../Engine/Content/EngineMaterials/Substrate/GLints/dict_16_192_64_0p5_0p02_0011_0005.uasset" 6599
"../../../Engine/Content/EngineMaterials/Substrate/GLints/dict_16_192_64_0p5_0p02_0011_0006.uasset" 6600
"../../../Engine/Content/EngineMaterials/Substrate/GLints/dict_16_192_64_0p5_0p02_0011_0007.uasset" 6601
"../../../Engine/Content/EngineMaterials/Substrate/GLints/dict_16_192_64_0p5_0p02_0011_0008.uasset" 6602
"../../../Engine/Content/EngineMaterials/Substrate/GLints/dict_16_192_64_0p5_0p02_0011_0009.uasset" 6603
"../../../Engine/Content/EngineMaterials/Substrate/GLints/dict_16_192_64_0p5_0p02_0011_0010.uasset" 6604
"../../../Engine/Content/EngineMaterials/Substrate/GLints/dict_16_192_64_0p5_0p02_0011_0011.uasset" 6605
"../../../Engine/Content/EngineMaterials/Substrate/GLints/dict_16_192_64_0p5_0p02_0011_0012.uasset" 6606
"../../../Engine/Content/EngineMaterials/Substrate/GLints/dict_16_192_64_0p5_0p02_0011_0013.uasset" 6607
"../../../Engine/Content/EngineMaterials/Substrate/GLints/dict_16_192_64_0p5_0p02_0011_0014.uasset" 6608
"../../../Engine/Content/EngineMaterials/Substrate/GLints/dict_16_192_64_0p5_0p02_0011_0015.uasset" 6609
"../../../Engine/Content/EngineMaterials/Substrate/GLints/dict_16_192_64_0p5_0p02_0012_0000.uasset" 6610
"../../../Engine/Content/EngineMaterials/Substrate/GLints/dict_16_192_64_0p5_0p02_0012_0001.uasset" 6611
"../../../Engine/Content/EngineMaterials/Substrate/GLints/dict_16_192_64_0p5_0p02_0012_0002.uasset" 6612
"../../../Engine/Content/EngineMaterials/Substrate/GLints/dict_16_192_64_0p5_0p02_0012_0003.uasset" 6613
"../../../Engine/Content/EngineMaterials/Substrate/GLints/dict_16_192_64_0p5_0p02_0012_0004.uasset" 6614
"../../../Engine/Content/EngineMaterials/Substrate/GLints/dict_16_192_64_0p5_0p02_0012_0005.uasset" 6615
"../../../Engine/Content/EngineMaterials/Substrate/GLints/dict_16_192_64_0p5_0p02_0012_0006.uasset" 6616
"../../../Engine/Content/EngineMaterials/Substrate/GLints/dict_16_192_64_0p5_0p02_0012_0007.uasset" 6617
"../../../Engine/Content/EngineMaterials/Substrate/GLints/dict_16_192_64_0p5_0p02_0012_0008.uasset" 6618
"../../../Engine/Content/EngineMaterials/Substrate/GLints/dict_16_192_64_0p5_0p02_0012_0009.uasset" 6619
"../../../Engine/Content/EngineMaterials/Substrate/GLints/dict_16_192_64_0p5_0p02_0012_0010.uasset" 6620
"../../../Engine/Content/EngineMaterials/Substrate/GLints/dict_16_192_64_0p5_0p02_0012_0011.uasset" 6621
"../../../Engine/Content/EngineMaterials/Substrate/GLints/dict_16_192_64_0p5_0p02_0012_0012.uasset" 6622
"../../../Engine/Content/EngineMaterials/Substrate/GLints/dict_16_192_64_0p5_0p02_0012_0013.uasset" 6623
"../../../Engine/Content/EngineMaterials/Substrate/GLints/dict_16_192_64_0p5_0p02_0012_0014.uasset" 6624
"../../../Engine/Content/EngineMaterials/Substrate/GLints/dict_16_192_64_0p5_0p02_0012_0015.uasset" 6625
"../../../Engine/Content/EngineMaterials/Substrate/GLints/dict_16_192_64_0p5_0p02_0013_0000.uasset" 6626
"../../../Engine/Content/EngineMaterials/Substrate/GLints/dict_16_192_64_0p5_0p02_0013_0001.uasset" 6627
"../../../Engine/Content/EngineMaterials/Substrate/GLints/dict_16_192_64_0p5_0p02_0013_0002.uasset" 6628
"../../../Engine/Content/EngineMaterials/Substrate/GLints/dict_16_192_64_0p5_0p02_0013_0003.uasset" 6629
"../../../Engine/Content/EngineMaterials/Substrate/GLints/dict_16_192_64_0p5_0p02_0013_0004.uasset" 6630
"../../../Engine/Content/EngineMaterials/Substrate/GLints/dict_16_192_64_0p5_0p02_0013_0005.uasset" 6631
"../../../Engine/Content/EngineMaterials/Substrate/GLints/dict_16_192_64_0p5_0p02_0013_0006.uasset" 6632
"../../../Engine/Content/EngineMaterials/Substrate/GLints/dict_16_192_64_0p5_0p02_0013_0007.uasset" 6633
"../../../Engine/Content/EngineMaterials/Substrate/GLints/dict_16_192_64_0p5_0p02_0013_0008.uasset" 6634
"../../../Engine/Content/EngineMaterials/Substrate/GLints/dict_16_192_64_0p5_0p02_0013_0009.uasset" 6635
"../../../Engine/Content/EngineMaterials/Substrate/GLints/dict_16_192_64_0p5_0p02_0013_0010.uasset" 6636
"../../../Engine/Content/EngineMaterials/Substrate/GLints/dict_16_192_64_0p5_0p02_0013_0011.uasset" 6637
"../../../Engine/Content/EngineMaterials/Substrate/GLints/dict_16_192_64_0p5_0p02_0013_0012.uasset" 6638
"../../../Engine/Content/EngineMaterials/Substrate/GLints/dict_16_192_64_0p5_0p02_0013_0013.uasset" 6639
"../../../Engine/Content/EngineMaterials/Substrate/GLints/dict_16_192_64_0p5_0p02_0013_0014.uasset" 6640
"../../../Engine/Content/EngineMaterials/Substrate/GLints/dict_16_192_64_0p5_0p02_0013_0015.uasset" 6641
"../../../Engine/Content/EngineMaterials/Substrate/GLints/dict_16_192_64_0p5_0p02_0014_0000.uasset" 6642
"../../../Engine/Content/EngineMaterials/Substrate/GLints/dict_16_192_64_0p5_0p02_0014_0001.uasset" 6643
"../../../Engine/Content/EngineMaterials/Substrate/GLints/dict_16_192_64_0p5_0p02_0014_0002.uasset" 6644
"../../../Engine/Content/EngineMaterials/Substrate/GLints/dict_16_192_64_0p5_0p02_0014_0003.uasset" 6645
"../../../Engine/Content/EngineMaterials/Substrate/GLints/dict_16_192_64_0p5_0p02_0014_0004.uasset" 6646
"../../../Engine/Content/EngineMaterials/Substrate/GLints/dict_16_192_64_0p5_0p02_0014_0005.uasset" 6647
"../../../Engine/Content/EngineMaterials/Substrate/GLints/dict_16_192_64_0p5_0p02_0014_0006.uasset" 6648
"../../../Engine/Content/EngineMaterials/Substrate/GLints/dict_16_192_64_0p5_0p02_0014_0007.uasset" 6649
"../../../Engine/Content/EngineMaterials/Substrate/GLints/dict_16_192_64_0p5_0p02_0014_0008.uasset" 6650
"../../../Engine/Content/EngineMaterials/Substrate/GLints/dict_16_192_64_0p5_0p02_0014_0009.uasset" 6651
"../../../Engine/Content/EngineMaterials/Substrate/GLints/dict_16_192_64_0p5_0p02_0014_0010.uasset" 6652
"../../../Engine/Content/EngineMaterials/Substrate/GLints/dict_16_192_64_0p5_0p02_0014_0011.uasset" 6653
"../../../Engine/Content/EngineMaterials/Substrate/GLints/dict_16_192_64_0p5_0p02_0014_0012.uasset" 6654
"../../../Engine/Content/EngineMaterials/Substrate/GLints/dict_16_192_64_0p5_0p02_0014_0013.uasset" 6655
"../../../Engine/Content/EngineMaterials/Substrate/GLints/dict_16_192_64_0p5_0p02_0014_0014.uasset" 6656
"../../../Engine/Content/EngineMaterials/Substrate/GLints/dict_16_192_64_0p5_0p02_0014_0015.uasset" 6657
"../../../Engine/Content/EngineMaterials/Substrate/GLints/dict_16_192_64_0p5_0p02_0015_0000.uasset" 6658
"../../../Engine/Content/EngineMaterials/Substrate/GLints/dict_16_192_64_0p5_0p02_0015_0001.uasset" 6659
"../../../Engine/Content/EngineMaterials/Substrate/GLints/dict_16_192_64_0p5_0p02_0015_0002.uasset" 6660
"../../../Engine/Content/EngineMaterials/Substrate/GLints/dict_16_192_64_0p5_0p02_0015_0003.uasset" 6661
"../../../Engine/Content/EngineMaterials/Substrate/GLints/dict_16_192_64_0p5_0p02_0015_0004.uasset" 6662
"../../../Engine/Content/EngineMaterials/Substrate/GLints/dict_16_192_64_0p5_0p02_0015_0005.uasset" 6663
"../../../Engine/Content/EngineMaterials/Substrate/GLints/dict_16_192_64_0p5_0p02_0015_0006.uasset" 6664
"../../../Engine/Content/EngineMaterials/Substrate/GLints/dict_16_192_64_0p5_0p02_0015_0007.uasset" 6665
"../../../Engine/Content/EngineMaterials/Substrate/GLints/dict_16_192_64_0p5_0p02_0015_0008.uasset" 6666
"../../../Engine/Content/EngineMaterials/Substrate/GLints/dict_16_192_64_0p5_0p02_0015_0009.uasset" 6667
"../../../Engine/Content/EngineMaterials/Substrate/GLints/dict_16_192_64_0p5_0p02_0015_0010.uasset" 6668
"../../../Engine/Content/EngineMaterials/Substrate/GLints/dict_16_192_64_0p5_0p02_0015_0011.uasset" 6669
"../../../Engine/Content/EngineMaterials/Substrate/GLints/dict_16_192_64_0p5_0p02_0015_0012.uasset" 6670
"../../../Engine/Content/EngineMaterials/Substrate/GLints/dict_16_192_64_0p5_0p02_0015_0013.uasset" 6671
"../../../Engine/Content/EngineMaterials/Substrate/GLints/dict_16_192_64_0p5_0p02_0015_0014.uasset" 6672
"../../../Engine/Content/EngineMaterials/Substrate/GLints/dict_16_192_64_0p5_0p02_0015_0015.uasset" 6673
"../../../Engine/Content/EngineMaterials/Substrate/GLints/dict_16_192_64_0p5_0p02_0016_0000.uasset" 6674
"../../../Engine/Content/EngineMaterials/Substrate/GLints/dict_16_192_64_0p5_0p02_0016_0001.uasset" 6675
"../../../Engine/Content/EngineMaterials/Substrate/GLints/dict_16_192_64_0p5_0p02_0016_0002.uasset" 6676
"../../../Engine/Content/EngineMaterials/Substrate/GLints/dict_16_192_64_0p5_0p02_0016_0003.uasset" 6677
"../../../Engine/Content/EngineMaterials/Substrate/GLints/dict_16_192_64_0p5_0p02_0016_0004.uasset" 6678
"../../../Engine/Content/EngineMaterials/Substrate/GLints/dict_16_192_64_0p5_0p02_0016_0005.uasset" 6679
"../../../Engine/Content/EngineMaterials/Substrate/GLints/dict_16_192_64_0p5_0p02_0016_0006.uasset" 6680
"../../../Engine/Content/EngineMaterials/Substrate/GLints/dict_16_192_64_0p5_0p02_0016_0007.uasset" 6681
"../../../Engine/Content/EngineMaterials/Substrate/GLints/dict_16_192_64_0p5_0p02_0016_0008.uasset" 6682
"../../../Engine/Content/EngineMaterials/Substrate/GLints/dict_16_192_64_0p5_0p02_0016_0009.uasset" 6683
"../../../Engine/Content/EngineMaterials/Substrate/GLints/dict_16_192_64_0p5_0p02_0016_0010.uasset" 6684
"../../../Engine/Content/EngineMaterials/Substrate/GLints/dict_16_192_64_0p5_0p02_0016_0011.uasset" 6685
"../../../Engine/Content/EngineMaterials/Substrate/GLints/dict_16_192_64_0p5_0p02_0016_0012.uasset" 6686
"../../../Engine/Content/EngineMaterials/Substrate/GLints/dict_16_192_64_0p5_0p02_0016_0013.uasset" 6687
"../../../Engine/Content/EngineMaterials/Substrate/GLints/dict_16_192_64_0p5_0p02_0016_0014.uasset" 6688
"../../../Engine/Content/EngineMaterials/Substrate/GLints/dict_16_192_64_0p5_0p02_0016_0015.uasset" 6689
"../../../Engine/Content/EngineMaterials/Substrate/GLints/dict_16_192_64_0p5_0p02_0017_0000.uasset" 6690
"../../../Engine/Content/EngineMaterials/Substrate/GLints/dict_16_192_64_0p5_0p02_0017_0001.uasset" 6691
"../../../Engine/Content/EngineMaterials/Substrate/GLints/dict_16_192_64_0p5_0p02_0017_0002.uasset" 6692
"../../../Engine/Content/EngineMaterials/Substrate/GLints/dict_16_192_64_0p5_0p02_0017_0003.uasset" 6693
"../../../Engine/Content/EngineMaterials/Substrate/GLints/dict_16_192_64_0p5_0p02_0017_0004.uasset" 6694
"../../../Engine/Content/EngineMaterials/Substrate/GLints/dict_16_192_64_0p5_0p02_0017_0005.uasset" 6695
"../../../Engine/Content/EngineMaterials/Substrate/GLints/dict_16_192_64_0p5_0p02_0017_0006.uasset" 6696
"../../../Engine/Content/EngineMaterials/Substrate/GLints/dict_16_192_64_0p5_0p02_0017_0007.uasset" 6697
"../../../Engine/Content/EngineMaterials/Substrate/GLints/dict_16_192_64_0p5_0p02_0017_0008.uasset" 6698
"../../../Engine/Content/EngineMaterials/Substrate/GLints/dict_16_192_64_0p5_0p02_0017_0009.uasset" 6699
"../../../Engine/Content/EngineMaterials/Substrate/GLints/dict_16_192_64_0p5_0p02_0017_0010.uasset" 6700
"../../../Engine/Content/EngineMaterials/Substrate/GLints/dict_16_192_64_0p5_0p02_0017_0011.uasset" 6701
"../../../Engine/Content/EngineMaterials/Substrate/GLints/dict_16_192_64_0p5_0p02_0017_0012.uasset" 6702
"../../../Engine/Content/EngineMaterials/Substrate/GLints/dict_16_192_64_0p5_0p02_0017_0013.uasset" 6703
"../../../Engine/Content/EngineMaterials/Substrate/GLints/dict_16_192_64_0p5_0p02_0017_0014.uasset" 6704
"../../../Engine/Content/EngineMaterials/Substrate/GLints/dict_16_192_64_0p5_0p02_0017_0015.uasset" 6705
"../../../Engine/Content/EngineMaterials/Substrate/GLints/dict_16_192_64_0p5_0p02_0018_0000.uasset" 6706
"../../../Engine/Content/EngineMaterials/Substrate/GLints/dict_16_192_64_0p5_0p02_0018_0001.uasset" 6707
"../../../Engine/Content/EngineMaterials/Substrate/GLints/dict_16_192_64_0p5_0p02_0018_0002.uasset" 6708
"../../../Engine/Content/EngineMaterials/Substrate/GLints/dict_16_192_64_0p5_0p02_0018_0003.uasset" 6709
"../../../Engine/Content/EngineMaterials/Substrate/GLints/dict_16_192_64_0p5_0p02_0018_0004.uasset" 6710
"../../../Engine/Content/EngineMaterials/Substrate/GLints/dict_16_192_64_0p5_0p02_0018_0005.uasset" 6711
"../../../Engine/Content/EngineMaterials/Substrate/GLints/dict_16_192_64_0p5_0p02_0018_0006.uasset" 6712
"../../../Engine/Content/EngineMaterials/Substrate/GLints/dict_16_192_64_0p5_0p02_0018_0007.uasset" 6713
"../../../Engine/Content/EngineMaterials/Substrate/GLints/dict_16_192_64_0p5_0p02_0018_0008.uasset" 6714
"../../../Engine/Content/EngineMaterials/Substrate/GLints/dict_16_192_64_0p5_0p02_0018_0009.uasset" 6715
"../../../Engine/Content/EngineMaterials/Substrate/GLints/dict_16_192_64_0p5_0p02_0018_0010.uasset" 6716
"../../../Engine/Content/EngineMaterials/Substrate/GLints/dict_16_192_64_0p5_0p02_0018_0011.uasset" 6717
"../../../Engine/Content/EngineMaterials/Substrate/GLints/dict_16_192_64_0p5_0p02_0018_0012.uasset" 6718
"../../../Engine/Content/EngineMaterials/Substrate/GLints/dict_16_192_64_0p5_0p02_0018_0013.uasset" 6719
"../../../Engine/Content/EngineMaterials/Substrate/GLints/dict_16_192_64_0p5_0p02_0018_0014.uasset" 6720
"../../../Engine/Content/EngineMaterials/Substrate/GLints/dict_16_192_64_0p5_0p02_0018_0015.uasset" 6721
"../../../Engine/Content/EngineMaterials/Substrate/GLints/dict_16_192_64_0p5_0p02_0019_0000.uasset" 6722
"../../../Engine/Content/EngineMaterials/Substrate/GLints/dict_16_192_64_0p5_0p02_0019_0001.uasset" 6723
"../../../Engine/Content/EngineMaterials/Substrate/GLints/dict_16_192_64_0p5_0p02_0019_0002.uasset" 6724
"../../../Engine/Content/EngineMaterials/Substrate/GLints/dict_16_192_64_0p5_0p02_0019_0003.uasset" 6725
"../../../Engine/Content/EngineMaterials/Substrate/GLints/dict_16_192_64_0p5_0p02_0019_0004.uasset" 6726
"../../../Engine/Content/EngineMaterials/Substrate/GLints/dict_16_192_64_0p5_0p02_0019_0005.uasset" 6727
"../../../Engine/Content/EngineMaterials/Substrate/GLints/dict_16_192_64_0p5_0p02_0019_0006.uasset" 6728
"../../../Engine/Content/EngineMaterials/Substrate/GLints/dict_16_192_64_0p5_0p02_0019_0007.uasset" 6729
"../../../Engine/Content/EngineMaterials/Substrate/GLints/dict_16_192_64_0p5_0p02_0019_0008.uasset" 6730
"../../../Engine/Content/EngineMaterials/Substrate/GLints/dict_16_192_64_0p5_0p02_0019_0009.uasset" 6731
"../../../Engine/Content/EngineMaterials/Substrate/GLints/dict_16_192_64_0p5_0p02_0019_0010.uasset" 6732
"../../../Engine/Content/EngineMaterials/Substrate/GLints/dict_16_192_64_0p5_0p02_0019_0011.uasset" 6733
"../../../Engine/Content/EngineMaterials/Substrate/GLints/dict_16_192_64_0p5_0p02_0019_0012.uasset" 6734
"../../../Engine/Content/EngineMaterials/Substrate/GLints/dict_16_192_64_0p5_0p02_0019_0013.uasset" 6735
"../../../Engine/Content/EngineMaterials/Substrate/GLints/dict_16_192_64_0p5_0p02_0019_0014.uasset" 6736
"../../../Engine/Content/EngineMaterials/Substrate/GLints/dict_16_192_64_0p5_0p02_0019_0015.uasset" 6737
"../../../Engine/Content/EngineMaterials/Substrate/GLints/dict_16_192_64_0p5_0p02_0020_0000.uasset" 6738
"../../../Engine/Content/EngineMaterials/Substrate/GLints/dict_16_192_64_0p5_0p02_0020_0001.uasset" 6739
"../../../Engine/Content/EngineMaterials/Substrate/GLints/dict_16_192_64_0p5_0p02_0020_0002.uasset" 6740
"../../../Engine/Content/EngineMaterials/Substrate/GLints/dict_16_192_64_0p5_0p02_0020_0003.uasset" 6741
"../../../Engine/Content/EngineMaterials/Substrate/GLints/dict_16_192_64_0p5_0p02_0020_0004.uasset" 6742
"../../../Engine/Content/EngineMaterials/Substrate/GLints/dict_16_192_64_0p5_0p02_0020_0005.uasset" 6743
"../../../Engine/Content/EngineMaterials/Substrate/GLints/dict_16_192_64_0p5_0p02_0020_0006.uasset" 6744
"../../../Engine/Content/EngineMaterials/Substrate/GLints/dict_16_192_64_0p5_0p02_0020_0007.uasset" 6745
"../../../Engine/Content/EngineMaterials/Substrate/GLints/dict_16_192_64_0p5_0p02_0020_0008.uasset" 6746
"../../../Engine/Content/EngineMaterials/Substrate/GLints/dict_16_192_64_0p5_0p02_0020_0009.uasset" 6747
"../../../Engine/Content/EngineMaterials/Substrate/GLints/dict_16_192_64_0p5_0p02_0020_0010.uasset" 6748
"../../../Engine/Content/EngineMaterials/Substrate/GLints/dict_16_192_64_0p5_0p02_0020_0011.uasset" 6749
"../../../Engine/Content/EngineMaterials/Substrate/GLints/dict_16_192_64_0p5_0p02_0020_0012.uasset" 6750
"../../../Engine/Content/EngineMaterials/Substrate/GLints/dict_16_192_64_0p5_0p02_0020_0013.uasset" 6751
"../../../Engine/Content/EngineMaterials/Substrate/GLints/dict_16_192_64_0p5_0p02_0020_0014.uasset" 6752
"../../../Engine/Content/EngineMaterials/Substrate/GLints/dict_16_192_64_0p5_0p02_0020_0015.uasset" 6753
"../../../Engine/Content/EngineMaterials/Substrate/GLints/dict_16_192_64_0p5_0p02_0021_0000.uasset" 6754
"../../../Engine/Content/EngineMaterials/Substrate/GLints/dict_16_192_64_0p5_0p02_0021_0001.uasset" 6755
"../../../Engine/Content/EngineMaterials/Substrate/GLints/dict_16_192_64_0p5_0p02_0021_0002.uasset" 6756
"../../../Engine/Content/EngineMaterials/Substrate/GLints/dict_16_192_64_0p5_0p02_0021_0003.uasset" 6757
"../../../Engine/Content/EngineMaterials/Substrate/GLints/dict_16_192_64_0p5_0p02_0021_0004.uasset" 6758
"../../../Engine/Content/EngineMaterials/Substrate/GLints/dict_16_192_64_0p5_0p02_0021_0005.uasset" 6759
"../../../Engine/Content/EngineMaterials/Substrate/GLints/dict_16_192_64_0p5_0p02_0021_0006.uasset" 6760
"../../../Engine/Content/EngineMaterials/Substrate/GLints/dict_16_192_64_0p5_0p02_0021_0007.uasset" 6761
"../../../Engine/Content/EngineMaterials/Substrate/GLints/dict_16_192_64_0p5_0p02_0021_0008.uasset" 6762
"../../../Engine/Content/EngineMaterials/Substrate/GLints/dict_16_192_64_0p5_0p02_0021_0009.uasset" 6763
"../../../Engine/Content/EngineMaterials/Substrate/GLints/dict_16_192_64_0p5_0p02_0021_0010.uasset" 6764
"../../../Engine/Content/EngineMaterials/Substrate/GLints/dict_16_192_64_0p5_0p02_0021_0011.uasset" 6765
"../../../Engine/Content/EngineMaterials/Substrate/GLints/dict_16_192_64_0p5_0p02_0021_0012.uasset" 6766
"../../../Engine/Content/EngineMaterials/Substrate/GLints/dict_16_192_64_0p5_0p02_0021_0013.uasset" 6767
"../../../Engine/Content/EngineMaterials/Substrate/GLints/dict_16_192_64_0p5_0p02_0021_0014.uasset" 6768
"../../../Engine/Content/EngineMaterials/Substrate/GLints/dict_16_192_64_0p5_0p02_0021_0015.uasset" 6769
"../../../Engine/Content/EngineMaterials/Substrate/GLints/dict_16_192_64_0p5_0p02_0022_0000.uasset" 6770
"../../../Engine/Content/EngineMaterials/Substrate/GLints/dict_16_192_64_0p5_0p02_0022_0001.uasset" 6771
"../../../Engine/Content/EngineMaterials/Substrate/GLints/dict_16_192_64_0p5_0p02_0022_0002.uasset" 6772
"../../../Engine/Content/EngineMaterials/Substrate/GLints/dict_16_192_64_0p5_0p02_0022_0003.uasset" 6773
"../../../Engine/Content/EngineMaterials/Substrate/GLints/dict_16_192_64_0p5_0p02_0022_0004.uasset" 6774
"../../../Engine/Content/EngineMaterials/Substrate/GLints/dict_16_192_64_0p5_0p02_0022_0005.uasset" 6775
"../../../Engine/Content/EngineMaterials/Substrate/GLints/dict_16_192_64_0p5_0p02_0022_0006.uasset" 6776
"../../../Engine/Content/EngineMaterials/Substrate/GLints/dict_16_192_64_0p5_0p02_0022_0007.uasset" 6777
"../../../Engine/Content/EngineMaterials/Substrate/GLints/dict_16_192_64_0p5_0p02_0022_0008.uasset" 6778
"../../../Engine/Content/EngineMaterials/Substrate/GLints/dict_16_192_64_0p5_0p02_0022_0009.uasset" 6779
"../../../Engine/Content/EngineMaterials/Substrate/GLints/dict_16_192_64_0p5_0p02_0022_0010.uasset" 6780
"../../../Engine/Content/EngineMaterials/Substrate/GLints/dict_16_192_64_0p5_0p02_0022_0011.uasset" 6781
"../../../Engine/Content/EngineMaterials/Substrate/GLints/dict_16_192_64_0p5_0p02_0022_0012.uasset" 6782
"../../../Engine/Content/EngineMaterials/Substrate/GLints/dict_16_192_64_0p5_0p02_0022_0013.uasset" 6783
"../../../Engine/Content/EngineMaterials/Substrate/GLints/dict_16_192_64_0p5_0p02_0022_0014.uasset" 6784
"../../../Engine/Content/EngineMaterials/Substrate/GLints/dict_16_192_64_0p5_0p02_0022_0015.uasset" 6785
"../../../Engine/Content/EngineMaterials/Substrate/GLints/dict_16_192_64_0p5_0p02_0023_0000.uasset" 6786
"../../../Engine/Content/EngineMaterials/Substrate/GLints/dict_16_192_64_0p5_0p02_0023_0001.uasset" 6787
"../../../Engine/Content/EngineMaterials/Substrate/GLints/dict_16_192_64_0p5_0p02_0023_0002.uasset" 6788
"../../../Engine/Content/EngineMaterials/Substrate/GLints/dict_16_192_64_0p5_0p02_0023_0003.uasset" 6789
"../../../Engine/Content/EngineMaterials/Substrate/GLints/dict_16_192_64_0p5_0p02_0023_0004.uasset" 6790
"../../../Engine/Content/EngineMaterials/Substrate/GLints/dict_16_192_64_0p5_0p02_0023_0005.uasset" 6791
"../../../Engine/Content/EngineMaterials/Substrate/GLints/dict_16_192_64_0p5_0p02_0023_0006.uasset" 6792
"../../../Engine/Content/EngineMaterials/Substrate/GLints/dict_16_192_64_0p5_0p02_0023_0007.uasset" 6793
"../../../Engine/Content/EngineMaterials/Substrate/GLints/dict_16_192_64_0p5_0p02_0023_0008.uasset" 6794
"../../../Engine/Content/EngineMaterials/Substrate/GLints/dict_16_192_64_0p5_0p02_0023_0009.uasset" 6795
"../../../Engine/Content/EngineMaterials/Substrate/GLints/dict_16_192_64_0p5_0p02_0023_0010.uasset" 6796
"../../../Engine/Content/EngineMaterials/Substrate/GLints/dict_16_192_64_0p5_0p02_0023_0011.uasset" 6797
"../../../Engine/Content/EngineMaterials/Substrate/GLints/dict_16_192_64_0p5_0p02_0023_0012.uasset" 6798
"../../../Engine/Content/EngineMaterials/Substrate/GLints/dict_16_192_64_0p5_0p02_0023_0013.uasset" 6799
"../../../Engine/Content/EngineMaterials/Substrate/GLints/dict_16_192_64_0p5_0p02_0023_0014.uasset" 6800
"../../../Engine/Content/EngineMaterials/Substrate/GLints/dict_16_192_64_0p5_0p02_0023_0015.uasset" 6801
"../../../Engine/Content/EngineMaterials/Substrate/GLints/dict_16_192_64_0p5_0p02_0024_0000.uasset" 6802
"../../../Engine/Content/EngineMaterials/Substrate/GLints/dict_16_192_64_0p5_0p02_0024_0001.uasset" 6803
"../../../Engine/Content/EngineMaterials/Substrate/GLints/dict_16_192_64_0p5_0p02_0024_0002.uasset" 6804
"../../../Engine/Content/EngineMaterials/Substrate/GLints/dict_16_192_64_0p5_0p02_0024_0003.uasset" 6805
"../../../Engine/Content/EngineMaterials/Substrate/GLints/dict_16_192_64_0p5_0p02_0024_0004.uasset" 6806
"../../../Engine/Content/EngineMaterials/Substrate/GLints/dict_16_192_64_0p5_0p02_0024_0005.uasset" 6807
"../../../Engine/Content/EngineMaterials/Substrate/GLints/dict_16_192_64_0p5_0p02_0024_0006.uasset" 6808
"../../../Engine/Content/EngineMaterials/Substrate/GLints/dict_16_192_64_0p5_0p02_0024_0007.uasset" 6809
"../../../Engine/Content/EngineMaterials/Substrate/GLints/dict_16_192_64_0p5_0p02_0024_0008.uasset" 6810
"../../../Engine/Content/EngineMaterials/Substrate/GLints/dict_16_192_64_0p5_0p02_0024_0009.uasset" 6811
"../../../Engine/Content/EngineMaterials/Substrate/GLints/dict_16_192_64_0p5_0p02_0024_0010.uasset" 6812
"../../../Engine/Content/EngineMaterials/Substrate/GLints/dict_16_192_64_0p5_0p02_0024_0011.uasset" 6813
"../../../Engine/Content/EngineMaterials/Substrate/GLints/dict_16_192_64_0p5_0p02_0024_0012.uasset" 6814
"../../../Engine/Content/EngineMaterials/Substrate/GLints/dict_16_192_64_0p5_0p02_0024_0013.uasset" 6815
"../../../Engine/Content/EngineMaterials/Substrate/GLints/dict_16_192_64_0p5_0p02_0024_0014.uasset" 6816
"../../../Engine/Content/EngineMaterials/Substrate/GLints/dict_16_192_64_0p5_0p02_0024_0015.uasset" 6817
"../../../Engine/Content/EngineMaterials/Substrate/GLints/dict_16_192_64_0p5_0p02_0025_0000.uasset" 6818
"../../../Engine/Content/EngineMaterials/Substrate/GLints/dict_16_192_64_0p5_0p02_0025_0001.uasset" 6819
"../../../Engine/Content/EngineMaterials/Substrate/GLints/dict_16_192_64_0p5_0p02_0025_0002.uasset" 6820
"../../../Engine/Content/EngineMaterials/Substrate/GLints/dict_16_192_64_0p5_0p02_0025_0003.uasset" 6821
"../../../Engine/Content/EngineMaterials/Substrate/GLints/dict_16_192_64_0p5_0p02_0025_0004.uasset" 6822
"../../../Engine/Content/EngineMaterials/Substrate/GLints/dict_16_192_64_0p5_0p02_0025_0005.uasset" 6823
"../../../Engine/Content/EngineMaterials/Substrate/GLints/dict_16_192_64_0p5_0p02_0025_0006.uasset" 6824
"../../../Engine/Content/EngineMaterials/Substrate/GLints/dict_16_192_64_0p5_0p02_0025_0007.uasset" 6825
"../../../Engine/Content/EngineMaterials/Substrate/GLints/dict_16_192_64_0p5_0p02_0025_0008.uasset" 6826
"../../../Engine/Content/EngineMaterials/Substrate/GLints/dict_16_192_64_0p5_0p02_0025_0009.uasset" 6827
"../../../Engine/Content/EngineMaterials/Substrate/GLints/dict_16_192_64_0p5_0p02_0025_0010.uasset" 6828
"../../../Engine/Content/EngineMaterials/Substrate/GLints/dict_16_192_64_0p5_0p02_0025_0011.uasset" 6829
"../../../Engine/Content/EngineMaterials/Substrate/GLints/dict_16_192_64_0p5_0p02_0025_0012.uasset" 6830
"../../../Engine/Content/EngineMaterials/Substrate/GLints/dict_16_192_64_0p5_0p02_0025_0013.uasset" 6831
"../../../Engine/Content/EngineMaterials/Substrate/GLints/dict_16_192_64_0p5_0p02_0025_0014.uasset" 6832
"../../../Engine/Content/EngineMaterials/Substrate/GLints/dict_16_192_64_0p5_0p02_0025_0015.uasset" 6833
"../../../Engine/Content/EngineMaterials/Substrate/GLints/dict_16_192_64_0p5_0p02_0026_0000.uasset" 6834
"../../../Engine/Content/EngineMaterials/Substrate/GLints/dict_16_192_64_0p5_0p02_0026_0001.uasset" 6835
"../../../Engine/Content/EngineMaterials/Substrate/GLints/dict_16_192_64_0p5_0p02_0026_0002.uasset" 6836
"../../../Engine/Content/EngineMaterials/Substrate/GLints/dict_16_192_64_0p5_0p02_0026_0003.uasset" 6837
"../../../Engine/Content/EngineMaterials/Substrate/GLints/dict_16_192_64_0p5_0p02_0026_0004.uasset" 6838
"../../../Engine/Content/EngineMaterials/Substrate/GLints/dict_16_192_64_0p5_0p02_0026_0005.uasset" 6839
"../../../Engine/Content/EngineMaterials/Substrate/GLints/dict_16_192_64_0p5_0p02_0026_0006.uasset" 6840
"../../../Engine/Content/EngineMaterials/Substrate/GLints/dict_16_192_64_0p5_0p02_0026_0007.uasset" 6841
"../../../Engine/Content/EngineMaterials/Substrate/GLints/dict_16_192_64_0p5_0p02_0026_0008.uasset" 6842
"../../../Engine/Content/EngineMaterials/Substrate/GLints/dict_16_192_64_0p5_0p02_0026_0009.uasset" 6843
"../../../Engine/Content/EngineMaterials/Substrate/GLints/dict_16_192_64_0p5_0p02_0026_0010.uasset" 6844
"../../../Engine/Content/EngineMaterials/Substrate/GLints/dict_16_192_64_0p5_0p02_0026_0011.uasset" 6845
"../../../Engine/Content/EngineMaterials/Substrate/GLints/dict_16_192_64_0p5_0p02_0026_0012.uasset" 6846
"../../../Engine/Content/EngineMaterials/Substrate/GLints/dict_16_192_64_0p5_0p02_0026_0013.uasset" 6847
"../../../Engine/Content/EngineMaterials/Substrate/GLints/dict_16_192_64_0p5_0p02_0026_0014.uasset" 6848
"../../../Engine/Content/EngineMaterials/Substrate/GLints/dict_16_192_64_0p5_0p02_0026_0015.uasset" 6849
"../../../Engine/Content/EngineMaterials/Substrate/GLints/dict_16_192_64_0p5_0p02_0027_0000.uasset" 6850
"../../../Engine/Content/EngineMaterials/Substrate/GLints/dict_16_192_64_0p5_0p02_0027_0001.uasset" 6851
"../../../Engine/Content/EngineMaterials/Substrate/GLints/dict_16_192_64_0p5_0p02_0027_0002.uasset" 6852
"../../../Engine/Content/EngineMaterials/Substrate/GLints/dict_16_192_64_0p5_0p02_0027_0003.uasset" 6853
"../../../Engine/Content/EngineMaterials/Substrate/GLints/dict_16_192_64_0p5_0p02_0027_0004.uasset" 6854
"../../../Engine/Content/EngineMaterials/Substrate/GLints/dict_16_192_64_0p5_0p02_0027_0005.uasset" 6855
"../../../Engine/Content/EngineMaterials/Substrate/GLints/dict_16_192_64_0p5_0p02_0027_0006.uasset" 6856
"../../../Engine/Content/EngineMaterials/Substrate/GLints/dict_16_192_64_0p5_0p02_0027_0007.uasset" 6857
"../../../Engine/Content/EngineMaterials/Substrate/GLints/dict_16_192_64_0p5_0p02_0027_0008.uasset" 6858
"../../../Engine/Content/EngineMaterials/Substrate/GLints/dict_16_192_64_0p5_0p02_0027_0009.uasset" 6859
"../../../Engine/Content/EngineMaterials/Substrate/GLints/dict_16_192_64_0p5_0p02_0027_0010.uasset" 6860
"../../../Engine/Content/EngineMaterials/Substrate/GLints/dict_16_192_64_0p5_0p02_0027_0011.uasset" 6861
"../../../Engine/Content/EngineMaterials/Substrate/GLints/dict_16_192_64_0p5_0p02_0027_0012.uasset" 6862
"../../../Engine/Content/EngineMaterials/Substrate/GLints/dict_16_192_64_0p5_0p02_0027_0013.uasset" 6863
"../../../Engine/Content/EngineMaterials/Substrate/GLints/dict_16_192_64_0p5_0p02_0027_0014.uasset" 6864
"../../../Engine/Content/EngineMaterials/Substrate/GLints/dict_16_192_64_0p5_0p02_0027_0015.uasset" 6865
"../../../Engine/Content/EngineMaterials/Substrate/GLints/dict_16_192_64_0p5_0p02_0028_0000.uasset" 6866
"../../../Engine/Content/EngineMaterials/Substrate/GLints/dict_16_192_64_0p5_0p02_0028_0001.uasset" 6867
"../../../Engine/Content/EngineMaterials/Substrate/GLints/dict_16_192_64_0p5_0p02_0028_0002.uasset" 6868
"../../../Engine/Content/EngineMaterials/Substrate/GLints/dict_16_192_64_0p5_0p02_0028_0003.uasset" 6869
"../../../Engine/Content/EngineMaterials/Substrate/GLints/dict_16_192_64_0p5_0p02_0028_0004.uasset" 6870
"../../../Engine/Content/EngineMaterials/Substrate/GLints/dict_16_192_64_0p5_0p02_0028_0005.uasset" 6871
"../../../Engine/Content/EngineMaterials/Substrate/GLints/dict_16_192_64_0p5_0p02_0028_0006.uasset" 6872
"../../../Engine/Content/EngineMaterials/Substrate/GLints/dict_16_192_64_0p5_0p02_0028_0007.uasset" 6873
"../../../Engine/Content/EngineMaterials/Substrate/GLints/dict_16_192_64_0p5_0p02_0028_0008.uasset" 6874
"../../../Engine/Content/EngineMaterials/Substrate/GLints/dict_16_192_64_0p5_0p02_0028_0009.uasset" 6875
"../../../Engine/Content/EngineMaterials/Substrate/GLints/dict_16_192_64_0p5_0p02_0028_0010.uasset" 6876
"../../../Engine/Content/EngineMaterials/Substrate/GLints/dict_16_192_64_0p5_0p02_0028_0011.uasset" 6877
"../../../Engine/Content/EngineMaterials/Substrate/GLints/dict_16_192_64_0p5_0p02_0028_0012.uasset" 6878
"../../../Engine/Content/EngineMaterials/Substrate/GLints/dict_16_192_64_0p5_0p02_0028_0013.uasset" 6879
"../../../Engine/Content/EngineMaterials/Substrate/GLints/dict_16_192_64_0p5_0p02_0028_0014.uasset" 6880
"../../../Engine/Content/EngineMaterials/Substrate/GLints/dict_16_192_64_0p5_0p02_0028_0015.uasset" 6881
"../../../Engine/Content/EngineMaterials/Substrate/GLints/dict_16_192_64_0p5_0p02_0029_0000.uasset" 6882
"../../../Engine/Content/EngineMaterials/Substrate/GLints/dict_16_192_64_0p5_0p02_0029_0001.uasset" 6883
"../../../Engine/Content/EngineMaterials/Substrate/GLints/dict_16_192_64_0p5_0p02_0029_0002.uasset" 6884
"../../../Engine/Content/EngineMaterials/Substrate/GLints/dict_16_192_64_0p5_0p02_0029_0003.uasset" 6885
"../../../Engine/Content/EngineMaterials/Substrate/GLints/dict_16_192_64_0p5_0p02_0029_0004.uasset" 6886
"../../../Engine/Content/EngineMaterials/Substrate/GLints/dict_16_192_64_0p5_0p02_0029_0005.uasset" 6887
"../../../Engine/Content/EngineMaterials/Substrate/GLints/dict_16_192_64_0p5_0p02_0029_0006.uasset" 6888
"../../../Engine/Content/EngineMaterials/Substrate/GLints/dict_16_192_64_0p5_0p02_0029_0007.uasset" 6889
"../../../Engine/Content/EngineMaterials/Substrate/GLints/dict_16_192_64_0p5_0p02_0029_0008.uasset" 6890
"../../../Engine/Content/EngineMaterials/Substrate/GLints/dict_16_192_64_0p5_0p02_0029_0009.uasset" 6891
"../../../Engine/Content/EngineMaterials/Substrate/GLints/dict_16_192_64_0p5_0p02_0029_0010.uasset" 6892
"../../../Engine/Content/EngineMaterials/Substrate/GLints/dict_16_192_64_0p5_0p02_0029_0011.uasset" 6893
"../../../Engine/Content/EngineMaterials/Substrate/GLints/dict_16_192_64_0p5_0p02_0029_0012.uasset" 6894
"../../../Engine/Content/EngineMaterials/Substrate/GLints/dict_16_192_64_0p5_0p02_0029_0013.uasset" 6895
"../../../Engine/Content/EngineMaterials/Substrate/GLints/dict_16_192_64_0p5_0p02_0029_0014.uasset" 6896
"../../../Engine/Content/EngineMaterials/Substrate/GLints/dict_16_192_64_0p5_0p02_0029_0015.uasset" 6897
"../../../Engine/Content/EngineMaterials/Substrate/GLints/dict_16_192_64_0p5_0p02_0030_0000.uasset" 6898
"../../../Engine/Content/EngineMaterials/Substrate/GLints/dict_16_192_64_0p5_0p02_0030_0001.uasset" 6899
"../../../Engine/Content/EngineMaterials/Substrate/GLints/dict_16_192_64_0p5_0p02_0030_0002.uasset" 6900
"../../../Engine/Content/EngineMaterials/Substrate/GLints/dict_16_192_64_0p5_0p02_0030_0003.uasset" 6901
"../../../Engine/Content/EngineMaterials/Substrate/GLints/dict_16_192_64_0p5_0p02_0030_0004.uasset" 6902
"../../../Engine/Content/EngineMaterials/Substrate/GLints/dict_16_192_64_0p5_0p02_0030_0005.uasset" 6903
"../../../Engine/Content/EngineMaterials/Substrate/GLints/dict_16_192_64_0p5_0p02_0030_0006.uasset" 6904
"../../../Engine/Content/EngineMaterials/Substrate/GLints/dict_16_192_64_0p5_0p02_0030_0007.uasset" 6905
"../../../Engine/Content/EngineMaterials/Substrate/GLints/dict_16_192_64_0p5_0p02_0030_0008.uasset" 6906
"../../../Engine/Content/EngineMaterials/Substrate/GLints/dict_16_192_64_0p5_0p02_0030_0009.uasset" 6907
"../../../Engine/Content/EngineMaterials/Substrate/GLints/dict_16_192_64_0p5_0p02_0030_0010.uasset" 6908
"../../../Engine/Content/EngineMaterials/Substrate/GLints/dict_16_192_64_0p5_0p02_0030_0011.uasset" 6909
"../../../Engine/Content/EngineMaterials/Substrate/GLints/dict_16_192_64_0p5_0p02_0030_0012.uasset" 6910
"../../../Engine/Content/EngineMaterials/Substrate/GLints/dict_16_192_64_0p5_0p02_0030_0013.uasset" 6911
"../../../Engine/Content/EngineMaterials/Substrate/GLints/dict_16_192_64_0p5_0p02_0030_0014.uasset" 6912
"../../../Engine/Content/EngineMaterials/Substrate/GLints/dict_16_192_64_0p5_0p02_0030_0015.uasset" 6913
"../../../Engine/Content/EngineMaterials/Substrate/GLints/dict_16_192_64_0p5_0p02_0031_0000.uasset" 6914
"../../../Engine/Content/EngineMaterials/Substrate/GLints/dict_16_192_64_0p5_0p02_0031_0001.uasset" 6915
"../../../Engine/Content/EngineMaterials/Substrate/GLints/dict_16_192_64_0p5_0p02_0031_0002.uasset" 6916
"../../../Engine/Content/EngineMaterials/Substrate/GLints/dict_16_192_64_0p5_0p02_0031_0003.uasset" 6917
"../../../Engine/Content/EngineMaterials/Substrate/GLints/dict_16_192_64_0p5_0p02_0031_0004.uasset" 6918
"../../../Engine/Content/EngineMaterials/Substrate/GLints/dict_16_192_64_0p5_0p02_0031_0005.uasset" 6919
"../../../Engine/Content/EngineMaterials/Substrate/GLints/dict_16_192_64_0p5_0p02_0031_0006.uasset" 6920
"../../../Engine/Content/EngineMaterials/Substrate/GLints/dict_16_192_64_0p5_0p02_0031_0007.uasset" 6921
"../../../Engine/Content/EngineMaterials/Substrate/GLints/dict_16_192_64_0p5_0p02_0031_0008.uasset" 6922
"../../../Engine/Content/EngineMaterials/Substrate/GLints/dict_16_192_64_0p5_0p02_0031_0009.uasset" 6923
"../../../Engine/Content/EngineMaterials/Substrate/GLints/dict_16_192_64_0p5_0p02_0031_0010.uasset" 6924
"../../../Engine/Content/EngineMaterials/Substrate/GLints/dict_16_192_64_0p5_0p02_0031_0011.uasset" 6925
"../../../Engine/Content/EngineMaterials/Substrate/GLints/dict_16_192_64_0p5_0p02_0031_0012.uasset" 6926
"../../../Engine/Content/EngineMaterials/Substrate/GLints/dict_16_192_64_0p5_0p02_0031_0013.uasset" 6927
"../../../Engine/Content/EngineMaterials/Substrate/GLints/dict_16_192_64_0p5_0p02_0031_0014.uasset" 6928
"../../../Engine/Content/EngineMaterials/Substrate/GLints/dict_16_192_64_0p5_0p02_0031_0015.uasset" 6929
"../../../Engine/Content/EngineMaterials/Substrate/GLints/dict_16_192_64_0p5_0p02_0032_0000.uasset" 6930
"../../../Engine/Content/EngineMaterials/Substrate/GLints/dict_16_192_64_0p5_0p02_0032_0001.uasset" 6931
"../../../Engine/Content/EngineMaterials/Substrate/GLints/dict_16_192_64_0p5_0p02_0032_0002.uasset" 6932
"../../../Engine/Content/EngineMaterials/Substrate/GLints/dict_16_192_64_0p5_0p02_0032_0003.uasset" 6933
"../../../Engine/Content/EngineMaterials/Substrate/GLints/dict_16_192_64_0p5_0p02_0032_0004.uasset" 6934
"../../../Engine/Content/EngineMaterials/Substrate/GLints/dict_16_192_64_0p5_0p02_0032_0005.uasset" 6935
"../../../Engine/Content/EngineMaterials/Substrate/GLints/dict_16_192_64_0p5_0p02_0032_0006.uasset" 6936
"../../../Engine/Content/EngineMaterials/Substrate/GLints/dict_16_192_64_0p5_0p02_0032_0007.uasset" 6937
"../../../Engine/Content/EngineMaterials/Substrate/GLints/dict_16_192_64_0p5_0p02_0032_0008.uasset" 6938
"../../../Engine/Content/EngineMaterials/Substrate/GLints/dict_16_192_64_0p5_0p02_0032_0009.uasset" 6939
"../../../Engine/Content/EngineMaterials/Substrate/GLints/dict_16_192_64_0p5_0p02_0032_0010.uasset" 6940
"../../../Engine/Content/EngineMaterials/Substrate/GLints/dict_16_192_64_0p5_0p02_0032_0011.uasset" 6941
"../../../Engine/Content/EngineMaterials/Substrate/GLints/dict_16_192_64_0p5_0p02_0032_0012.uasset" 6942
"../../../Engine/Content/EngineMaterials/Substrate/GLints/dict_16_192_64_0p5_0p02_0032_0013.uasset" 6943
"../../../Engine/Content/EngineMaterials/Substrate/GLints/dict_16_192_64_0p5_0p02_0032_0014.uasset" 6944
"../../../Engine/Content/EngineMaterials/Substrate/GLints/dict_16_192_64_0p5_0p02_0032_0015.uasset" 6945
"../../../Engine/Content/EngineMaterials/Substrate/GLints/dict_16_192_64_0p5_0p02_0033_0000.uasset" 6946
"../../../Engine/Content/EngineMaterials/Substrate/GLints/dict_16_192_64_0p5_0p02_0033_0001.uasset" 6947
"../../../Engine/Content/EngineMaterials/Substrate/GLints/dict_16_192_64_0p5_0p02_0033_0002.uasset" 6948
"../../../Engine/Content/EngineMaterials/Substrate/GLints/dict_16_192_64_0p5_0p02_0033_0003.uasset" 6949
"../../../Engine/Content/EngineMaterials/Substrate/GLints/dict_16_192_64_0p5_0p02_0033_0004.uasset" 6950
"../../../Engine/Content/EngineMaterials/Substrate/GLints/dict_16_192_64_0p5_0p02_0033_0005.uasset" 6951
"../../../Engine/Content/EngineMaterials/Substrate/GLints/dict_16_192_64_0p5_0p02_0033_0006.uasset" 6952
"../../../Engine/Content/EngineMaterials/Substrate/GLints/dict_16_192_64_0p5_0p02_0033_0007.uasset" 6953
"../../../Engine/Content/EngineMaterials/Substrate/GLints/dict_16_192_64_0p5_0p02_0033_0008.uasset" 6954
"../../../Engine/Content/EngineMaterials/Substrate/GLints/dict_16_192_64_0p5_0p02_0033_0009.uasset" 6955
"../../../Engine/Content/EngineMaterials/Substrate/GLints/dict_16_192_64_0p5_0p02_0033_0010.uasset" 6956
"../../../Engine/Content/EngineMaterials/Substrate/GLints/dict_16_192_64_0p5_0p02_0033_0011.uasset" 6957
"../../../Engine/Content/EngineMaterials/Substrate/GLints/dict_16_192_64_0p5_0p02_0033_0012.uasset" 6958
"../../../Engine/Content/EngineMaterials/Substrate/GLints/dict_16_192_64_0p5_0p02_0033_0013.uasset" 6959
"../../../Engine/Content/EngineMaterials/Substrate/GLints/dict_16_192_64_0p5_0p02_0033_0014.uasset" 6960
"../../../Engine/Content/EngineMaterials/Substrate/GLints/dict_16_192_64_0p5_0p02_0033_0015.uasset" 6961
"../../../Engine/Content/EngineMaterials/Substrate/GLints/dict_16_192_64_0p5_0p02_0034_0000.uasset" 6962
"../../../Engine/Content/EngineMaterials/Substrate/GLints/dict_16_192_64_0p5_0p02_0034_0001.uasset" 6963
"../../../Engine/Content/EngineMaterials/Substrate/GLints/dict_16_192_64_0p5_0p02_0034_0002.uasset" 6964
"../../../Engine/Content/EngineMaterials/Substrate/GLints/dict_16_192_64_0p5_0p02_0034_0003.uasset" 6965
"../../../Engine/Content/EngineMaterials/Substrate/GLints/dict_16_192_64_0p5_0p02_0034_0004.uasset" 6966
"../../../Engine/Content/EngineMaterials/Substrate/GLints/dict_16_192_64_0p5_0p02_0034_0005.uasset" 6967
"../../../Engine/Content/EngineMaterials/Substrate/GLints/dict_16_192_64_0p5_0p02_0034_0006.uasset" 6968
"../../../Engine/Content/EngineMaterials/Substrate/GLints/dict_16_192_64_0p5_0p02_0034_0007.uasset" 6969
"../../../Engine/Content/EngineMaterials/Substrate/GLints/dict_16_192_64_0p5_0p02_0034_0008.uasset" 6970
"../../../Engine/Content/EngineMaterials/Substrate/GLints/dict_16_192_64_0p5_0p02_0034_0009.uasset" 6971
"../../../Engine/Content/EngineMaterials/Substrate/GLints/dict_16_192_64_0p5_0p02_0034_0010.uasset" 6972
"../../../Engine/Content/EngineMaterials/Substrate/GLints/dict_16_192_64_0p5_0p02_0034_0011.uasset" 6973
"../../../Engine/Content/EngineMaterials/Substrate/GLints/dict_16_192_64_0p5_0p02_0034_0012.uasset" 6974
"../../../Engine/Content/EngineMaterials/Substrate/GLints/dict_16_192_64_0p5_0p02_0034_0013.uasset" 6975
"../../../Engine/Content/EngineMaterials/Substrate/GLints/dict_16_192_64_0p5_0p02_0034_0014.uasset" 6976
"../../../Engine/Content/EngineMaterials/Substrate/GLints/dict_16_192_64_0p5_0p02_0034_0015.uasset" 6977
"../../../Engine/Content/EngineMaterials/Substrate/GLints/dict_16_192_64_0p5_0p02_0035_0000.uasset" 6978
"../../../Engine/Content/EngineMaterials/Substrate/GLints/dict_16_192_64_0p5_0p02_0035_0001.uasset" 6979
"../../../Engine/Content/EngineMaterials/Substrate/GLints/dict_16_192_64_0p5_0p02_0035_0002.uasset" 6980
"../../../Engine/Content/EngineMaterials/Substrate/GLints/dict_16_192_64_0p5_0p02_0035_0003.uasset" 6981
"../../../Engine/Content/EngineMaterials/Substrate/GLints/dict_16_192_64_0p5_0p02_0035_0004.uasset" 6982
"../../../Engine/Content/EngineMaterials/Substrate/GLints/dict_16_192_64_0p5_0p02_0035_0005.uasset" 6983
"../../../Engine/Content/EngineMaterials/Substrate/GLints/dict_16_192_64_0p5_0p02_0035_0006.uasset" 6984
"../../../Engine/Content/EngineMaterials/Substrate/GLints/dict_16_192_64_0p5_0p02_0035_0007.uasset" 6985
"../../../Engine/Content/EngineMaterials/Substrate/GLints/dict_16_192_64_0p5_0p02_0035_0008.uasset" 6986
"../../../Engine/Content/EngineMaterials/Substrate/GLints/dict_16_192_64_0p5_0p02_0035_0009.uasset" 6987
"../../../Engine/Content/EngineMaterials/Substrate/GLints/dict_16_192_64_0p5_0p02_0035_0010.uasset" 6988
"../../../Engine/Content/EngineMaterials/Substrate/GLints/dict_16_192_64_0p5_0p02_0035_0011.uasset" 6989
"../../../Engine/Content/EngineMaterials/Substrate/GLints/dict_16_192_64_0p5_0p02_0035_0012.uasset" 6990
"../../../Engine/Content/EngineMaterials/Substrate/GLints/dict_16_192_64_0p5_0p02_0035_0013.uasset" 6991
"../../../Engine/Content/EngineMaterials/Substrate/GLints/dict_16_192_64_0p5_0p02_0035_0014.uasset" 6992
"../../../Engine/Content/EngineMaterials/Substrate/GLints/dict_16_192_64_0p5_0p02_0035_0015.uasset" 6993
"../../../Engine/Content/EngineMaterials/Substrate/GLints/dict_16_192_64_0p5_0p02_0036_0000.uasset" 6994
"../../../Engine/Content/EngineMaterials/Substrate/GLints/dict_16_192_64_0p5_0p02_0036_0001.uasset" 6995
"../../../Engine/Content/EngineMaterials/Substrate/GLints/dict_16_192_64_0p5_0p02_0036_0002.uasset" 6996
"../../../Engine/Content/EngineMaterials/Substrate/GLints/dict_16_192_64_0p5_0p02_0036_0003.uasset" 6997
"../../../Engine/Content/EngineMaterials/Substrate/GLints/dict_16_192_64_0p5_0p02_0036_0004.uasset" 6998
"../../../Engine/Content/EngineMaterials/Substrate/GLints/dict_16_192_64_0p5_0p02_0036_0005.uasset" 6999
"../../../Engine/Content/EngineMaterials/Substrate/GLints/dict_16_192_64_0p5_0p02_0036_0006.uasset" 7000
"../../../Engine/Content/EngineMaterials/Substrate/GLints/dict_16_192_64_0p5_0p02_0036_0007.uasset" 7001
"../../../Engine/Content/EngineMaterials/Substrate/GLints/dict_16_192_64_0p5_0p02_0036_0008.uasset" 7002
"../../../Engine/Content/EngineMaterials/Substrate/GLints/dict_16_192_64_0p5_0p02_0036_0009.uasset" 7003
"../../../Engine/Content/EngineMaterials/Substrate/GLints/dict_16_192_64_0p5_0p02_0036_0010.uasset" 7004
"../../../Engine/Content/EngineMaterials/Substrate/GLints/dict_16_192_64_0p5_0p02_0036_0011.uasset" 7005
"../../../Engine/Content/EngineMaterials/Substrate/GLints/dict_16_192_64_0p5_0p02_0036_0012.uasset" 7006
"../../../Engine/Content/EngineMaterials/Substrate/GLints/dict_16_192_64_0p5_0p02_0036_0013.uasset" 7007
"../../../Engine/Content/EngineMaterials/Substrate/GLints/dict_16_192_64_0p5_0p02_0036_0014.uasset" 7008
"../../../Engine/Content/EngineMaterials/Substrate/GLints/dict_16_192_64_0p5_0p02_0036_0015.uasset" 7009
"../../../Engine/Content/EngineMaterials/Substrate/GLints/dict_16_192_64_0p5_0p02_0037_0000.uasset" 7010
"../../../Engine/Content/EngineMaterials/Substrate/GLints/dict_16_192_64_0p5_0p02_0037_0001.uasset" 7011
"../../../Engine/Content/EngineMaterials/Substrate/GLints/dict_16_192_64_0p5_0p02_0037_0002.uasset" 7012
"../../../Engine/Content/EngineMaterials/Substrate/GLints/dict_16_192_64_0p5_0p02_0037_0003.uasset" 7013
"../../../Engine/Content/EngineMaterials/Substrate/GLints/dict_16_192_64_0p5_0p02_0037_0004.uasset" 7014
"../../../Engine/Content/EngineMaterials/Substrate/GLints/dict_16_192_64_0p5_0p02_0037_0005.uasset" 7015
"../../../Engine/Content/EngineMaterials/Substrate/GLints/dict_16_192_64_0p5_0p02_0037_0006.uasset" 7016
"../../../Engine/Content/EngineMaterials/Substrate/GLints/dict_16_192_64_0p5_0p02_0037_0007.uasset" 7017
"../../../Engine/Content/EngineMaterials/Substrate/GLints/dict_16_192_64_0p5_0p02_0037_0008.uasset" 7018
"../../../Engine/Content/EngineMaterials/Substrate/GLints/dict_16_192_64_0p5_0p02_0037_0009.uasset" 7019
"../../../Engine/Content/EngineMaterials/Substrate/GLints/dict_16_192_64_0p5_0p02_0037_0010.uasset" 7020
"../../../Engine/Content/EngineMaterials/Substrate/GLints/dict_16_192_64_0p5_0p02_0037_0011.uasset" 7021
"../../../Engine/Content/EngineMaterials/Substrate/GLints/dict_16_192_64_0p5_0p02_0037_0012.uasset" 7022
"../../../Engine/Content/EngineMaterials/Substrate/GLints/dict_16_192_64_0p5_0p02_0037_0013.uasset" 7023
"../../../Engine/Content/EngineMaterials/Substrate/GLints/dict_16_192_64_0p5_0p02_0037_0014.uasset" 7024
"../../../Engine/Content/EngineMaterials/Substrate/GLints/dict_16_192_64_0p5_0p02_0037_0015.uasset" 7025
"../../../Engine/Content/EngineMaterials/Substrate/GLints/dict_16_192_64_0p5_0p02_0038_0000.uasset" 7026
"../../../Engine/Content/EngineMaterials/Substrate/GLints/dict_16_192_64_0p5_0p02_0038_0001.uasset" 7027
"../../../Engine/Content/EngineMaterials/Substrate/GLints/dict_16_192_64_0p5_0p02_0038_0002.uasset" 7028
"../../../Engine/Content/EngineMaterials/Substrate/GLints/dict_16_192_64_0p5_0p02_0038_0003.uasset" 7029
"../../../Engine/Content/EngineMaterials/Substrate/GLints/dict_16_192_64_0p5_0p02_0038_0004.uasset" 7030
"../../../Engine/Content/EngineMaterials/Substrate/GLints/dict_16_192_64_0p5_0p02_0038_0005.uasset" 7031
"../../../Engine/Content/EngineMaterials/Substrate/GLints/dict_16_192_64_0p5_0p02_0038_0006.uasset" 7032
"../../../Engine/Content/EngineMaterials/Substrate/GLints/dict_16_192_64_0p5_0p02_0038_0007.uasset" 7033
"../../../Engine/Content/EngineMaterials/Substrate/GLints/dict_16_192_64_0p5_0p02_0038_0008.uasset" 7034
"../../../Engine/Content/EngineMaterials/Substrate/GLints/dict_16_192_64_0p5_0p02_0038_0009.uasset" 7035
"../../../Engine/Content/EngineMaterials/Substrate/GLints/dict_16_192_64_0p5_0p02_0038_0010.uasset" 7036
"../../../Engine/Content/EngineMaterials/Substrate/GLints/dict_16_192_64_0p5_0p02_0038_0011.uasset" 7037
"../../../Engine/Content/EngineMaterials/Substrate/GLints/dict_16_192_64_0p5_0p02_0038_0012.uasset" 7038
"../../../Engine/Content/EngineMaterials/Substrate/GLints/dict_16_192_64_0p5_0p02_0038_0013.uasset" 7039
"../../../Engine/Content/EngineMaterials/Substrate/GLints/dict_16_192_64_0p5_0p02_0038_0014.uasset" 7040
"../../../Engine/Content/EngineMaterials/Substrate/GLints/dict_16_192_64_0p5_0p02_0038_0015.uasset" 7041
"../../../Engine/Content/EngineMaterials/Substrate/GLints/dict_16_192_64_0p5_0p02_0039_0000.uasset" 7042
"../../../Engine/Content/EngineMaterials/Substrate/GLints/dict_16_192_64_0p5_0p02_0039_0001.uasset" 7043
"../../../Engine/Content/EngineMaterials/Substrate/GLints/dict_16_192_64_0p5_0p02_0039_0002.uasset" 7044
"../../../Engine/Content/EngineMaterials/Substrate/GLints/dict_16_192_64_0p5_0p02_0039_0003.uasset" 7045
"../../../Engine/Content/EngineMaterials/Substrate/GLints/dict_16_192_64_0p5_0p02_0039_0004.uasset" 7046
"../../../Engine/Content/EngineMaterials/Substrate/GLints/dict_16_192_64_0p5_0p02_0039_0005.uasset" 7047
"../../../Engine/Content/EngineMaterials/Substrate/GLints/dict_16_192_64_0p5_0p02_0039_0006.uasset" 7048
"../../../Engine/Content/EngineMaterials/Substrate/GLints/dict_16_192_64_0p5_0p02_0039_0007.uasset" 7049
"../../../Engine/Content/EngineMaterials/Substrate/GLints/dict_16_192_64_0p5_0p02_0039_0008.uasset" 7050
"../../../Engine/Content/EngineMaterials/Substrate/GLints/dict_16_192_64_0p5_0p02_0039_0009.uasset" 7051
"../../../Engine/Content/EngineMaterials/Substrate/GLints/dict_16_192_64_0p5_0p02_0039_0010.uasset" 7052
"../../../Engine/Content/EngineMaterials/Substrate/GLints/dict_16_192_64_0p5_0p02_0039_0011.uasset" 7053
"../../../Engine/Content/EngineMaterials/Substrate/GLints/dict_16_192_64_0p5_0p02_0039_0012.uasset" 7054
"../../../Engine/Content/EngineMaterials/Substrate/GLints/dict_16_192_64_0p5_0p02_0039_0013.uasset" 7055
"../../../Engine/Content/EngineMaterials/Substrate/GLints/dict_16_192_64_0p5_0p02_0039_0014.uasset" 7056
"../../../Engine/Content/EngineMaterials/Substrate/GLints/dict_16_192_64_0p5_0p02_0039_0015.uasset" 7057
"../../../Engine/Content/EngineMaterials/Substrate/GLints/dict_16_192_64_0p5_0p02_0040_0000.uasset" 7058
"../../../Engine/Content/EngineMaterials/Substrate/GLints/dict_16_192_64_0p5_0p02_0040_0001.uasset" 7059
"../../../Engine/Content/EngineMaterials/Substrate/GLints/dict_16_192_64_0p5_0p02_0040_0002.uasset" 7060
"../../../Engine/Content/EngineMaterials/Substrate/GLints/dict_16_192_64_0p5_0p02_0040_0003.uasset" 7061
"../../../Engine/Content/EngineMaterials/Substrate/GLints/dict_16_192_64_0p5_0p02_0040_0004.uasset" 7062
"../../../Engine/Content/EngineMaterials/Substrate/GLints/dict_16_192_64_0p5_0p02_0040_0005.uasset" 7063
"../../../Engine/Content/EngineMaterials/Substrate/GLints/dict_16_192_64_0p5_0p02_0040_0006.uasset" 7064
"../../../Engine/Content/EngineMaterials/Substrate/GLints/dict_16_192_64_0p5_0p02_0040_0007.uasset" 7065
"../../../Engine/Content/EngineMaterials/Substrate/GLints/dict_16_192_64_0p5_0p02_0040_0008.uasset" 7066
"../../../Engine/Content/EngineMaterials/Substrate/GLints/dict_16_192_64_0p5_0p02_0040_0009.uasset" 7067
"../../../Engine/Content/EngineMaterials/Substrate/GLints/dict_16_192_64_0p5_0p02_0040_0010.uasset" 7068
"../../../Engine/Content/EngineMaterials/Substrate/GLints/dict_16_192_64_0p5_0p02_0040_0011.uasset" 7069
"../../../Engine/Content/EngineMaterials/Substrate/GLints/dict_16_192_64_0p5_0p02_0040_0012.uasset" 7070
"../../../Engine/Content/EngineMaterials/Substrate/GLints/dict_16_192_64_0p5_0p02_0040_0013.uasset" 7071
"../../../Engine/Content/EngineMaterials/Substrate/GLints/dict_16_192_64_0p5_0p02_0040_0014.uasset" 7072
"../../../Engine/Content/EngineMaterials/Substrate/GLints/dict_16_192_64_0p5_0p02_0040_0015.uasset" 7073
"../../../Engine/Content/EngineMaterials/Substrate/GLints/dict_16_192_64_0p5_0p02_0041_0000.uasset" 7074
"../../../Engine/Content/EngineMaterials/Substrate/GLints/dict_16_192_64_0p5_0p02_0041_0001.uasset" 7075
"../../../Engine/Content/EngineMaterials/Substrate/GLints/dict_16_192_64_0p5_0p02_0041_0002.uasset" 7076
"../../../Engine/Content/EngineMaterials/Substrate/GLints/dict_16_192_64_0p5_0p02_0041_0003.uasset" 7077
"../../../Engine/Content/EngineMaterials/Substrate/GLints/dict_16_192_64_0p5_0p02_0041_0004.uasset" 7078
"../../../Engine/Content/EngineMaterials/Substrate/GLints/dict_16_192_64_0p5_0p02_0041_0005.uasset" 7079
"../../../Engine/Content/EngineMaterials/Substrate/GLints/dict_16_192_64_0p5_0p02_0041_0006.uasset" 7080
"../../../Engine/Content/EngineMaterials/Substrate/GLints/dict_16_192_64_0p5_0p02_0041_0007.uasset" 7081
"../../../Engine/Content/EngineMaterials/Substrate/GLints/dict_16_192_64_0p5_0p02_0041_0008.uasset" 7082
"../../../Engine/Content/EngineMaterials/Substrate/GLints/dict_16_192_64_0p5_0p02_0041_0009.uasset" 7083
"../../../Engine/Content/EngineMaterials/Substrate/GLints/dict_16_192_64_0p5_0p02_0041_0010.uasset" 7084
"../../../Engine/Content/EngineMaterials/Substrate/GLints/dict_16_192_64_0p5_0p02_0041_0011.uasset" 7085
"../../../Engine/Content/EngineMaterials/Substrate/GLints/dict_16_192_64_0p5_0p02_0041_0012.uasset" 7086
"../../../Engine/Content/EngineMaterials/Substrate/GLints/dict_16_192_64_0p5_0p02_0041_0013.uasset" 7087
"../../../Engine/Content/EngineMaterials/Substrate/GLints/dict_16_192_64_0p5_0p02_0041_0014.uasset" 7088
"../../../Engine/Content/EngineMaterials/Substrate/GLints/dict_16_192_64_0p5_0p02_0041_0015.uasset" 7089
"../../../Engine/Content/EngineMaterials/Substrate/GLints/dict_16_192_64_0p5_0p02_0042_0000.uasset" 7090
"../../../Engine/Content/EngineMaterials/Substrate/GLints/dict_16_192_64_0p5_0p02_0042_0001.uasset" 7091
"../../../Engine/Content/EngineMaterials/Substrate/GLints/dict_16_192_64_0p5_0p02_0042_0002.uasset" 7092
"../../../Engine/Content/EngineMaterials/Substrate/GLints/dict_16_192_64_0p5_0p02_0042_0003.uasset" 7093
"../../../Engine/Content/EngineMaterials/Substrate/GLints/dict_16_192_64_0p5_0p02_0042_0004.uasset" 7094
"../../../Engine/Content/EngineMaterials/Substrate/GLints/dict_16_192_64_0p5_0p02_0042_0005.uasset" 7095
"../../../Engine/Content/EngineMaterials/Substrate/GLints/dict_16_192_64_0p5_0p02_0042_0006.uasset" 7096
"../../../Engine/Content/EngineMaterials/Substrate/GLints/dict_16_192_64_0p5_0p02_0042_0007.uasset" 7097
"../../../Engine/Content/EngineMaterials/Substrate/GLints/dict_16_192_64_0p5_0p02_0042_0008.uasset" 7098
"../../../Engine/Content/EngineMaterials/Substrate/GLints/dict_16_192_64_0p5_0p02_0042_0009.uasset" 7099
"../../../Engine/Content/EngineMaterials/Substrate/GLints/dict_16_192_64_0p5_0p02_0042_0010.uasset" 7100
"../../../Engine/Content/EngineMaterials/Substrate/GLints/dict_16_192_64_0p5_0p02_0042_0011.uasset" 7101
"../../../Engine/Content/EngineMaterials/Substrate/GLints/dict_16_192_64_0p5_0p02_0042_0012.uasset" 7102
"../../../Engine/Content/EngineMaterials/Substrate/GLints/dict_16_192_64_0p5_0p02_0042_0013.uasset" 7103
"../../../Engine/Content/EngineMaterials/Substrate/GLints/dict_16_192_64_0p5_0p02_0042_0014.uasset" 7104
"../../../Engine/Content/EngineMaterials/Substrate/GLints/dict_16_192_64_0p5_0p02_0042_0015.uasset" 7105
"../../../Engine/Content/EngineMaterials/Substrate/GLints/dict_16_192_64_0p5_0p02_0043_0000.uasset" 7106
"../../../Engine/Content/EngineMaterials/Substrate/GLints/dict_16_192_64_0p5_0p02_0043_0001.uasset" 7107
"../../../Engine/Content/EngineMaterials/Substrate/GLints/dict_16_192_64_0p5_0p02_0043_0002.uasset" 7108
"../../../Engine/Content/EngineMaterials/Substrate/GLints/dict_16_192_64_0p5_0p02_0043_0003.uasset" 7109
"../../../Engine/Content/EngineMaterials/Substrate/GLints/dict_16_192_64_0p5_0p02_0043_0004.uasset" 7110
"../../../Engine/Content/EngineMaterials/Substrate/GLints/dict_16_192_64_0p5_0p02_0043_0005.uasset" 7111
"../../../Engine/Content/EngineMaterials/Substrate/GLints/dict_16_192_64_0p5_0p02_0043_0006.uasset" 7112
"../../../Engine/Content/EngineMaterials/Substrate/GLints/dict_16_192_64_0p5_0p02_0043_0007.uasset" 7113
"../../../Engine/Content/EngineMaterials/Substrate/GLints/dict_16_192_64_0p5_0p02_0043_0008.uasset" 7114
"../../../Engine/Content/EngineMaterials/Substrate/GLints/dict_16_192_64_0p5_0p02_0043_0009.uasset" 7115
"../../../Engine/Content/EngineMaterials/Substrate/GLints/dict_16_192_64_0p5_0p02_0043_0010.uasset" 7116
"../../../Engine/Content/EngineMaterials/Substrate/GLints/dict_16_192_64_0p5_0p02_0043_0011.uasset" 7117
"../../../Engine/Content/EngineMaterials/Substrate/GLints/dict_16_192_64_0p5_0p02_0043_0012.uasset" 7118
"../../../Engine/Content/EngineMaterials/Substrate/GLints/dict_16_192_64_0p5_0p02_0043_0013.uasset" 7119
"../../../Engine/Content/EngineMaterials/Substrate/GLints/dict_16_192_64_0p5_0p02_0043_0014.uasset" 7120
"../../../Engine/Content/EngineMaterials/Substrate/GLints/dict_16_192_64_0p5_0p02_0043_0015.uasset" 7121
"../../../Engine/Content/EngineMaterials/Substrate/GLints/dict_16_192_64_0p5_0p02_0044_0000.uasset" 7122
"../../../Engine/Content/EngineMaterials/Substrate/GLints/dict_16_192_64_0p5_0p02_0044_0001.uasset" 7123
"../../../Engine/Content/EngineMaterials/Substrate/GLints/dict_16_192_64_0p5_0p02_0044_0002.uasset" 7124
"../../../Engine/Content/EngineMaterials/Substrate/GLints/dict_16_192_64_0p5_0p02_0044_0003.uasset" 7125
"../../../Engine/Content/EngineMaterials/Substrate/GLints/dict_16_192_64_0p5_0p02_0044_0004.uasset" 7126
"../../../Engine/Content/EngineMaterials/Substrate/GLints/dict_16_192_64_0p5_0p02_0044_0005.uasset" 7127
"../../../Engine/Content/EngineMaterials/Substrate/GLints/dict_16_192_64_0p5_0p02_0044_0006.uasset" 7128
"../../../Engine/Content/EngineMaterials/Substrate/GLints/dict_16_192_64_0p5_0p02_0044_0007.uasset" 7129
"../../../Engine/Content/EngineMaterials/Substrate/GLints/dict_16_192_64_0p5_0p02_0044_0008.uasset" 7130
"../../../Engine/Content/EngineMaterials/Substrate/GLints/dict_16_192_64_0p5_0p02_0044_0009.uasset" 7131
"../../../Engine/Content/EngineMaterials/Substrate/GLints/dict_16_192_64_0p5_0p02_0044_0010.uasset" 7132
"../../../Engine/Content/EngineMaterials/Substrate/GLints/dict_16_192_64_0p5_0p02_0044_0011.uasset" 7133
"../../../Engine/Content/EngineMaterials/Substrate/GLints/dict_16_192_64_0p5_0p02_0044_0012.uasset" 7134
"../../../Engine/Content/EngineMaterials/Substrate/GLints/dict_16_192_64_0p5_0p02_0044_0013.uasset" 7135
"../../../Engine/Content/EngineMaterials/Substrate/GLints/dict_16_192_64_0p5_0p02_0044_0014.uasset" 7136
"../../../Engine/Content/EngineMaterials/Substrate/GLints/dict_16_192_64_0p5_0p02_0044_0015.uasset" 7137
"../../../Engine/Content/EngineMaterials/Substrate/GLints/dict_16_192_64_0p5_0p02_0045_0000.uasset" 7138
"../../../Engine/Content/EngineMaterials/Substrate/GLints/dict_16_192_64_0p5_0p02_0045_0001.uasset" 7139
"../../../Engine/Content/EngineMaterials/Substrate/GLints/dict_16_192_64_0p5_0p02_0045_0002.uasset" 7140
"../../../Engine/Content/EngineMaterials/Substrate/GLints/dict_16_192_64_0p5_0p02_0045_0003.uasset" 7141
"../../../Engine/Content/EngineMaterials/Substrate/GLints/dict_16_192_64_0p5_0p02_0045_0004.uasset" 7142
"../../../Engine/Content/EngineMaterials/Substrate/GLints/dict_16_192_64_0p5_0p02_0045_0005.uasset" 7143
"../../../Engine/Content/EngineMaterials/Substrate/GLints/dict_16_192_64_0p5_0p02_0045_0006.uasset" 7144
"../../../Engine/Content/EngineMaterials/Substrate/GLints/dict_16_192_64_0p5_0p02_0045_0007.uasset" 7145
"../../../Engine/Content/EngineMaterials/Substrate/GLints/dict_16_192_64_0p5_0p02_0045_0008.uasset" 7146
"../../../Engine/Content/EngineMaterials/Substrate/GLints/dict_16_192_64_0p5_0p02_0045_0009.uasset" 7147
"../../../Engine/Content/EngineMaterials/Substrate/GLints/dict_16_192_64_0p5_0p02_0045_0010.uasset" 7148
"../../../Engine/Content/EngineMaterials/Substrate/GLints/dict_16_192_64_0p5_0p02_0045_0011.uasset" 7149
"../../../Engine/Content/EngineMaterials/Substrate/GLints/dict_16_192_64_0p5_0p02_0045_0012.uasset" 7150
"../../../Engine/Content/EngineMaterials/Substrate/GLints/dict_16_192_64_0p5_0p02_0045_0013.uasset" 7151
"../../../Engine/Content/EngineMaterials/Substrate/GLints/dict_16_192_64_0p5_0p02_0045_0014.uasset" 7152
"../../../Engine/Content/EngineMaterials/Substrate/GLints/dict_16_192_64_0p5_0p02_0045_0015.uasset" 7153
"../../../Engine/Content/EngineMaterials/Substrate/GLints/dict_16_192_64_0p5_0p02_0046_0000.uasset" 7154
"../../../Engine/Content/EngineMaterials/Substrate/GLints/dict_16_192_64_0p5_0p02_0046_0001.uasset" 7155
"../../../Engine/Content/EngineMaterials/Substrate/GLints/dict_16_192_64_0p5_0p02_0046_0002.uasset" 7156
"../../../Engine/Content/EngineMaterials/Substrate/GLints/dict_16_192_64_0p5_0p02_0046_0003.uasset" 7157
"../../../Engine/Content/EngineMaterials/Substrate/GLints/dict_16_192_64_0p5_0p02_0046_0004.uasset" 7158
"../../../Engine/Content/EngineMaterials/Substrate/GLints/dict_16_192_64_0p5_0p02_0046_0005.uasset" 7159
"../../../Engine/Content/EngineMaterials/Substrate/GLints/dict_16_192_64_0p5_0p02_0046_0006.uasset" 7160
"../../../Engine/Content/EngineMaterials/Substrate/GLints/dict_16_192_64_0p5_0p02_0046_0007.uasset" 7161
"../../../Engine/Content/EngineMaterials/Substrate/GLints/dict_16_192_64_0p5_0p02_0046_0008.uasset" 7162
"../../../Engine/Content/EngineMaterials/Substrate/GLints/dict_16_192_64_0p5_0p02_0046_0009.uasset" 7163
"../../../Engine/Content/EngineMaterials/Substrate/GLints/dict_16_192_64_0p5_0p02_0046_0010.uasset" 7164
"../../../Engine/Content/EngineMaterials/Substrate/GLints/dict_16_192_64_0p5_0p02_0046_0011.uasset" 7165
"../../../Engine/Content/EngineMaterials/Substrate/GLints/dict_16_192_64_0p5_0p02_0046_0012.uasset" 7166
"../../../Engine/Content/EngineMaterials/Substrate/GLints/dict_16_192_64_0p5_0p02_0046_0013.uasset" 7167
"../../../Engine/Content/EngineMaterials/Substrate/GLints/dict_16_192_64_0p5_0p02_0046_0014.uasset" 7168
"../../../Engine/Content/EngineMaterials/Substrate/GLints/dict_16_192_64_0p5_0p02_0046_0015.uasset" 7169
"../../../Engine/Content/EngineMaterials/Substrate/GLints/dict_16_192_64_0p5_0p02_0047_0000.uasset" 7170
"../../../Engine/Content/EngineMaterials/Substrate/GLints/dict_16_192_64_0p5_0p02_0047_0001.uasset" 7171
"../../../Engine/Content/EngineMaterials/Substrate/GLints/dict_16_192_64_0p5_0p02_0047_0002.uasset" 7172
"../../../Engine/Content/EngineMaterials/Substrate/GLints/dict_16_192_64_0p5_0p02_0047_0003.uasset" 7173
"../../../Engine/Content/EngineMaterials/Substrate/GLints/dict_16_192_64_0p5_0p02_0047_0004.uasset" 7174
"../../../Engine/Content/EngineMaterials/Substrate/GLints/dict_16_192_64_0p5_0p02_0047_0005.uasset" 7175
"../../../Engine/Content/EngineMaterials/Substrate/GLints/dict_16_192_64_0p5_0p02_0047_0006.uasset" 7176
"../../../Engine/Content/EngineMaterials/Substrate/GLints/dict_16_192_64_0p5_0p02_0047_0007.uasset" 7177
"../../../Engine/Content/EngineMaterials/Substrate/GLints/dict_16_192_64_0p5_0p02_0047_0008.uasset" 7178
"../../../Engine/Content/EngineMaterials/Substrate/GLints/dict_16_192_64_0p5_0p02_0047_0009.uasset" 7179
"../../../Engine/Content/EngineMaterials/Substrate/GLints/dict_16_192_64_0p5_0p02_0047_0010.uasset" 7180
"../../../Engine/Content/EngineMaterials/Substrate/GLints/dict_16_192_64_0p5_0p02_0047_0011.uasset" 7181
"../../../Engine/Content/EngineMaterials/Substrate/GLints/dict_16_192_64_0p5_0p02_0047_0012.uasset" 7182
"../../../Engine/Content/EngineMaterials/Substrate/GLints/dict_16_192_64_0p5_0p02_0047_0013.uasset" 7183
"../../../Engine/Content/EngineMaterials/Substrate/GLints/dict_16_192_64_0p5_0p02_0047_0014.uasset" 7184
"../../../Engine/Content/EngineMaterials/Substrate/GLints/dict_16_192_64_0p5_0p02_0047_0015.uasset" 7185
"../../../Engine/Content/EngineMaterials/Substrate/GLints/dict_16_192_64_0p5_0p02_0048_0000.uasset" 7186
"../../../Engine/Content/EngineMaterials/Substrate/GLints/dict_16_192_64_0p5_0p02_0048_0001.uasset" 7187
"../../../Engine/Content/EngineMaterials/Substrate/GLints/dict_16_192_64_0p5_0p02_0048_0002.uasset" 7188
"../../../Engine/Content/EngineMaterials/Substrate/GLints/dict_16_192_64_0p5_0p02_0048_0003.uasset" 7189
"../../../Engine/Content/EngineMaterials/Substrate/GLints/dict_16_192_64_0p5_0p02_0048_0004.uasset" 7190
"../../../Engine/Content/EngineMaterials/Substrate/GLints/dict_16_192_64_0p5_0p02_0048_0005.uasset" 7191
"../../../Engine/Content/EngineMaterials/Substrate/GLints/dict_16_192_64_0p5_0p02_0048_0006.uasset" 7192
"../../../Engine/Content/EngineMaterials/Substrate/GLints/dict_16_192_64_0p5_0p02_0048_0007.uasset" 7193
"../../../Engine/Content/EngineMaterials/Substrate/GLints/dict_16_192_64_0p5_0p02_0048_0008.uasset" 7194
"../../../Engine/Content/EngineMaterials/Substrate/GLints/dict_16_192_64_0p5_0p02_0048_0009.uasset" 7195
"../../../Engine/Content/EngineMaterials/Substrate/GLints/dict_16_192_64_0p5_0p02_0048_0010.uasset" 7196
"../../../Engine/Content/EngineMaterials/Substrate/GLints/dict_16_192_64_0p5_0p02_0048_0011.uasset" 7197
"../../../Engine/Content/EngineMaterials/Substrate/GLints/dict_16_192_64_0p5_0p02_0048_0012.uasset" 7198
"../../../Engine/Content/EngineMaterials/Substrate/GLints/dict_16_192_64_0p5_0p02_0048_0013.uasset" 7199
"../../../Engine/Content/EngineMaterials/Substrate/GLints/dict_16_192_64_0p5_0p02_0048_0014.uasset" 7200
"../../../Engine/Content/EngineMaterials/Substrate/GLints/dict_16_192_64_0p5_0p02_0048_0015.uasset" 7201
"../../../Engine/Content/EngineMaterials/Substrate/GLints/dict_16_192_64_0p5_0p02_0049_0000.uasset" 7202
"../../../Engine/Content/EngineMaterials/Substrate/GLints/dict_16_192_64_0p5_0p02_0049_0001.uasset" 7203
"../../../Engine/Content/EngineMaterials/Substrate/GLints/dict_16_192_64_0p5_0p02_0049_0002.uasset" 7204
"../../../Engine/Content/EngineMaterials/Substrate/GLints/dict_16_192_64_0p5_0p02_0049_0003.uasset" 7205
"../../../Engine/Content/EngineMaterials/Substrate/GLints/dict_16_192_64_0p5_0p02_0049_0004.uasset" 7206
"../../../Engine/Content/EngineMaterials/Substrate/GLints/dict_16_192_64_0p5_0p02_0049_0005.uasset" 7207
"../../../Engine/Content/EngineMaterials/Substrate/GLints/dict_16_192_64_0p5_0p02_0049_0006.uasset" 7208
"../../../Engine/Content/EngineMaterials/Substrate/GLints/dict_16_192_64_0p5_0p02_0049_0007.uasset" 7209
"../../../Engine/Content/EngineMaterials/Substrate/GLints/dict_16_192_64_0p5_0p02_0049_0008.uasset" 7210
"../../../Engine/Content/EngineMaterials/Substrate/GLints/dict_16_192_64_0p5_0p02_0049_0009.uasset" 7211
"../../../Engine/Content/EngineMaterials/Substrate/GLints/dict_16_192_64_0p5_0p02_0049_0010.uasset" 7212
"../../../Engine/Content/EngineMaterials/Substrate/GLints/dict_16_192_64_0p5_0p02_0049_0011.uasset" 7213
"../../../Engine/Content/EngineMaterials/Substrate/GLints/dict_16_192_64_0p5_0p02_0049_0012.uasset" 7214
"../../../Engine/Content/EngineMaterials/Substrate/GLints/dict_16_192_64_0p5_0p02_0049_0013.uasset" 7215
"../../../Engine/Content/EngineMaterials/Substrate/GLints/dict_16_192_64_0p5_0p02_0049_0014.uasset" 7216
"../../../Engine/Content/EngineMaterials/Substrate/GLints/dict_16_192_64_0p5_0p02_0049_0015.uasset" 7217
"../../../Engine/Content/EngineMaterials/Substrate/GLints/dict_16_192_64_0p5_0p02_0050_0000.uasset" 7218
"../../../Engine/Content/EngineMaterials/Substrate/GLints/dict_16_192_64_0p5_0p02_0050_0001.uasset" 7219
"../../../Engine/Content/EngineMaterials/Substrate/GLints/dict_16_192_64_0p5_0p02_0050_0002.uasset" 7220
"../../../Engine/Content/EngineMaterials/Substrate/GLints/dict_16_192_64_0p5_0p02_0050_0003.uasset" 7221
"../../../Engine/Content/EngineMaterials/Substrate/GLints/dict_16_192_64_0p5_0p02_0050_0004.uasset" 7222
"../../../Engine/Content/EngineMaterials/Substrate/GLints/dict_16_192_64_0p5_0p02_0050_0005.uasset" 7223
"../../../Engine/Content/EngineMaterials/Substrate/GLints/dict_16_192_64_0p5_0p02_0050_0006.uasset" 7224
"../../../Engine/Content/EngineMaterials/Substrate/GLints/dict_16_192_64_0p5_0p02_0050_0007.uasset" 7225
"../../../Engine/Content/EngineMaterials/Substrate/GLints/dict_16_192_64_0p5_0p02_0050_0008.uasset" 7226
"../../../Engine/Content/EngineMaterials/Substrate/GLints/dict_16_192_64_0p5_0p02_0050_0009.uasset" 7227
"../../../Engine/Content/EngineMaterials/Substrate/GLints/dict_16_192_64_0p5_0p02_0050_0010.uasset" 7228
"../../../Engine/Content/EngineMaterials/Substrate/GLints/dict_16_192_64_0p5_0p02_0050_0011.uasset" 7229
"../../../Engine/Content/EngineMaterials/Substrate/GLints/dict_16_192_64_0p5_0p02_0050_0012.uasset" 7230
"../../../Engine/Content/EngineMaterials/Substrate/GLints/dict_16_192_64_0p5_0p02_0050_0013.uasset" 7231
"../../../Engine/Content/EngineMaterials/Substrate/GLints/dict_16_192_64_0p5_0p02_0050_0014.uasset" 7232
"../../../Engine/Content/EngineMaterials/Substrate/GLints/dict_16_192_64_0p5_0p02_0050_0015.uasset" 7233
"../../../Engine/Content/EngineMaterials/Substrate/GLints/dict_16_192_64_0p5_0p02_0051_0000.uasset" 7234
"../../../Engine/Content/EngineMaterials/Substrate/GLints/dict_16_192_64_0p5_0p02_0051_0001.uasset" 7235
"../../../Engine/Content/EngineMaterials/Substrate/GLints/dict_16_192_64_0p5_0p02_0051_0002.uasset" 7236
"../../../Engine/Content/EngineMaterials/Substrate/GLints/dict_16_192_64_0p5_0p02_0051_0003.uasset" 7237
"../../../Engine/Content/EngineMaterials/Substrate/GLints/dict_16_192_64_0p5_0p02_0051_0004.uasset" 7238
"../../../Engine/Content/EngineMaterials/Substrate/GLints/dict_16_192_64_0p5_0p02_0051_0005.uasset" 7239
"../../../Engine/Content/EngineMaterials/Substrate/GLints/dict_16_192_64_0p5_0p02_0051_0006.uasset" 7240
"../../../Engine/Content/EngineMaterials/Substrate/GLints/dict_16_192_64_0p5_0p02_0051_0007.uasset" 7241
"../../../Engine/Content/EngineMaterials/Substrate/GLints/dict_16_192_64_0p5_0p02_0051_0008.uasset" 7242
"../../../Engine/Content/EngineMaterials/Substrate/GLints/dict_16_192_64_0p5_0p02_0051_0009.uasset" 7243
"../../../Engine/Content/EngineMaterials/Substrate/GLints/dict_16_192_64_0p5_0p02_0051_0010.uasset" 7244
"../../../Engine/Content/EngineMaterials/Substrate/GLints/dict_16_192_64_0p5_0p02_0051_0011.uasset" 7245
"../../../Engine/Content/EngineMaterials/Substrate/GLints/dict_16_192_64_0p5_0p02_0051_0012.uasset" 7246
"../../../Engine/Content/EngineMaterials/Substrate/GLints/dict_16_192_64_0p5_0p02_0051_0013.uasset" 7247
"../../../Engine/Content/EngineMaterials/Substrate/GLints/dict_16_192_64_0p5_0p02_0051_0014.uasset" 7248
"../../../Engine/Content/EngineMaterials/Substrate/GLints/dict_16_192_64_0p5_0p02_0051_0015.uasset" 7249
"../../../Engine/Content/EngineMaterials/Substrate/GLints/dict_16_192_64_0p5_0p02_0052_0000.uasset" 7250
"../../../Engine/Content/EngineMaterials/Substrate/GLints/dict_16_192_64_0p5_0p02_0052_0001.uasset" 7251
"../../../Engine/Content/EngineMaterials/Substrate/GLints/dict_16_192_64_0p5_0p02_0052_0002.uasset" 7252
"../../../Engine/Content/EngineMaterials/Substrate/GLints/dict_16_192_64_0p5_0p02_0052_0003.uasset" 7253
"../../../Engine/Content/EngineMaterials/Substrate/GLints/dict_16_192_64_0p5_0p02_0052_0004.uasset" 7254
"../../../Engine/Content/EngineMaterials/Substrate/GLints/dict_16_192_64_0p5_0p02_0052_0005.uasset" 7255
"../../../Engine/Content/EngineMaterials/Substrate/GLints/dict_16_192_64_0p5_0p02_0052_0006.uasset" 7256
"../../../Engine/Content/EngineMaterials/Substrate/GLints/dict_16_192_64_0p5_0p02_0052_0007.uasset" 7257
"../../../Engine/Content/EngineMaterials/Substrate/GLints/dict_16_192_64_0p5_0p02_0052_0008.uasset" 7258
"../../../Engine/Content/EngineMaterials/Substrate/GLints/dict_16_192_64_0p5_0p02_0052_0009.uasset" 7259
"../../../Engine/Content/EngineMaterials/Substrate/GLints/dict_16_192_64_0p5_0p02_0052_0010.uasset" 7260
"../../../Engine/Content/EngineMaterials/Substrate/GLints/dict_16_192_64_0p5_0p02_0052_0011.uasset" 7261
"../../../Engine/Content/EngineMaterials/Substrate/GLints/dict_16_192_64_0p5_0p02_0052_0012.uasset" 7262
"../../../Engine/Content/EngineMaterials/Substrate/GLints/dict_16_192_64_0p5_0p02_0052_0013.uasset" 7263
"../../../Engine/Content/EngineMaterials/Substrate/GLints/dict_16_192_64_0p5_0p02_0052_0014.uasset" 7264
"../../../Engine/Content/EngineMaterials/Substrate/GLints/dict_16_192_64_0p5_0p02_0052_0015.uasset" 7265
"../../../Engine/Content/EngineMaterials/Substrate/GLints/dict_16_192_64_0p5_0p02_0053_0000.uasset" 7266
"../../../Engine/Content/EngineMaterials/Substrate/GLints/dict_16_192_64_0p5_0p02_0053_0001.uasset" 7267
"../../../Engine/Content/EngineMaterials/Substrate/GLints/dict_16_192_64_0p5_0p02_0053_0002.uasset" 7268
"../../../Engine/Content/EngineMaterials/Substrate/GLints/dict_16_192_64_0p5_0p02_0053_0003.uasset" 7269
"../../../Engine/Content/EngineMaterials/Substrate/GLints/dict_16_192_64_0p5_0p02_0053_0004.uasset" 7270
"../../../Engine/Content/EngineMaterials/Substrate/GLints/dict_16_192_64_0p5_0p02_0053_0005.uasset" 7271
"../../../Engine/Content/EngineMaterials/Substrate/GLints/dict_16_192_64_0p5_0p02_0053_0006.uasset" 7272
"../../../Engine/Content/EngineMaterials/Substrate/GLints/dict_16_192_64_0p5_0p02_0053_0007.uasset" 7273
"../../../Engine/Content/EngineMaterials/Substrate/GLints/dict_16_192_64_0p5_0p02_0053_0008.uasset" 7274
"../../../Engine/Content/EngineMaterials/Substrate/GLints/dict_16_192_64_0p5_0p02_0053_0009.uasset" 7275
"../../../Engine/Content/EngineMaterials/Substrate/GLints/dict_16_192_64_0p5_0p02_0053_0010.uasset" 7276
"../../../Engine/Content/EngineMaterials/Substrate/GLints/dict_16_192_64_0p5_0p02_0053_0011.uasset" 7277
"../../../Engine/Content/EngineMaterials/Substrate/GLints/dict_16_192_64_0p5_0p02_0053_0012.uasset" 7278
"../../../Engine/Content/EngineMaterials/Substrate/GLints/dict_16_192_64_0p5_0p02_0053_0013.uasset" 7279
"../../../Engine/Content/EngineMaterials/Substrate/GLints/dict_16_192_64_0p5_0p02_0053_0014.uasset" 7280
"../../../Engine/Content/EngineMaterials/Substrate/GLints/dict_16_192_64_0p5_0p02_0053_0015.uasset" 7281
"../../../Engine/Content/EngineMaterials/Substrate/GLints/dict_16_192_64_0p5_0p02_0054_0000.uasset" 7282
"../../../Engine/Content/EngineMaterials/Substrate/GLints/dict_16_192_64_0p5_0p02_0054_0001.uasset" 7283
"../../../Engine/Content/EngineMaterials/Substrate/GLints/dict_16_192_64_0p5_0p02_0054_0002.uasset" 7284
"../../../Engine/Content/EngineMaterials/Substrate/GLints/dict_16_192_64_0p5_0p02_0054_0003.uasset" 7285
"../../../Engine/Content/EngineMaterials/Substrate/GLints/dict_16_192_64_0p5_0p02_0054_0004.uasset" 7286
"../../../Engine/Content/EngineMaterials/Substrate/GLints/dict_16_192_64_0p5_0p02_0054_0005.uasset" 7287
"../../../Engine/Content/EngineMaterials/Substrate/GLints/dict_16_192_64_0p5_0p02_0054_0006.uasset" 7288
"../../../Engine/Content/EngineMaterials/Substrate/GLints/dict_16_192_64_0p5_0p02_0054_0007.uasset" 7289
"../../../Engine/Content/EngineMaterials/Substrate/GLints/dict_16_192_64_0p5_0p02_0054_0008.uasset" 7290
"../../../Engine/Content/EngineMaterials/Substrate/GLints/dict_16_192_64_0p5_0p02_0054_0009.uasset" 7291
"../../../Engine/Content/EngineMaterials/Substrate/GLints/dict_16_192_64_0p5_0p02_0054_0010.uasset" 7292
"../../../Engine/Content/EngineMaterials/Substrate/GLints/dict_16_192_64_0p5_0p02_0054_0011.uasset" 7293
"../../../Engine/Content/EngineMaterials/Substrate/GLints/dict_16_192_64_0p5_0p02_0054_0012.uasset" 7294
"../../../Engine/Content/EngineMaterials/Substrate/GLints/dict_16_192_64_0p5_0p02_0054_0013.uasset" 7295
"../../../Engine/Content/EngineMaterials/Substrate/GLints/dict_16_192_64_0p5_0p02_0054_0014.uasset" 7296
"../../../Engine/Content/EngineMaterials/Substrate/GLints/dict_16_192_64_0p5_0p02_0054_0015.uasset" 7297
"../../../Engine/Content/EngineMaterials/Substrate/GLints/dict_16_192_64_0p5_0p02_0055_0000.uasset" 7298
"../../../Engine/Content/EngineMaterials/Substrate/GLints/dict_16_192_64_0p5_0p02_0055_0001.uasset" 7299
"../../../Engine/Content/EngineMaterials/Substrate/GLints/dict_16_192_64_0p5_0p02_0055_0002.uasset" 7300
"../../../Engine/Content/EngineMaterials/Substrate/GLints/dict_16_192_64_0p5_0p02_0055_0003.uasset" 7301
"../../../Engine/Content/EngineMaterials/Substrate/GLints/dict_16_192_64_0p5_0p02_0055_0004.uasset" 7302
"../../../Engine/Content/EngineMaterials/Substrate/GLints/dict_16_192_64_0p5_0p02_0055_0005.uasset" 7303
"../../../Engine/Content/EngineMaterials/Substrate/GLints/dict_16_192_64_0p5_0p02_0055_0006.uasset" 7304
"../../../Engine/Content/EngineMaterials/Substrate/GLints/dict_16_192_64_0p5_0p02_0055_0007.uasset" 7305
"../../../Engine/Content/EngineMaterials/Substrate/GLints/dict_16_192_64_0p5_0p02_0055_0008.uasset" 7306
"../../../Engine/Content/EngineMaterials/Substrate/GLints/dict_16_192_64_0p5_0p02_0055_0009.uasset" 7307
"../../../Engine/Content/EngineMaterials/Substrate/GLints/dict_16_192_64_0p5_0p02_0055_0010.uasset" 7308
"../../../Engine/Content/EngineMaterials/Substrate/GLints/dict_16_192_64_0p5_0p02_0055_0011.uasset" 7309
"../../../Engine/Content/EngineMaterials/Substrate/GLints/dict_16_192_64_0p5_0p02_0055_0012.uasset" 7310
"../../../Engine/Content/EngineMaterials/Substrate/GLints/dict_16_192_64_0p5_0p02_0055_0013.uasset" 7311
"../../../Engine/Content/EngineMaterials/Substrate/GLints/dict_16_192_64_0p5_0p02_0055_0014.uasset" 7312
"../../../Engine/Content/EngineMaterials/Substrate/GLints/dict_16_192_64_0p5_0p02_0055_0015.uasset" 7313
"../../../Engine/Content/EngineMaterials/Substrate/GLints/dict_16_192_64_0p5_0p02_0056_0000.uasset" 7314
"../../../Engine/Content/EngineMaterials/Substrate/GLints/dict_16_192_64_0p5_0p02_0056_0001.uasset" 7315
"../../../Engine/Content/EngineMaterials/Substrate/GLints/dict_16_192_64_0p5_0p02_0056_0002.uasset" 7316
"../../../Engine/Content/EngineMaterials/Substrate/GLints/dict_16_192_64_0p5_0p02_0056_0003.uasset" 7317
"../../../Engine/Content/EngineMaterials/Substrate/GLints/dict_16_192_64_0p5_0p02_0056_0004.uasset" 7318
"../../../Engine/Content/EngineMaterials/Substrate/GLints/dict_16_192_64_0p5_0p02_0056_0005.uasset" 7319
"../../../Engine/Content/EngineMaterials/Substrate/GLints/dict_16_192_64_0p5_0p02_0056_0006.uasset" 7320
"../../../Engine/Content/EngineMaterials/Substrate/GLints/dict_16_192_64_0p5_0p02_0056_0007.uasset" 7321
"../../../Engine/Content/EngineMaterials/Substrate/GLints/dict_16_192_64_0p5_0p02_0056_0008.uasset" 7322
"../../../Engine/Content/EngineMaterials/Substrate/GLints/dict_16_192_64_0p5_0p02_0056_0009.uasset" 7323
"../../../Engine/Content/EngineMaterials/Substrate/GLints/dict_16_192_64_0p5_0p02_0056_0010.uasset" 7324
"../../../Engine/Content/EngineMaterials/Substrate/GLints/dict_16_192_64_0p5_0p02_0056_0011.uasset" 7325
"../../../Engine/Content/EngineMaterials/Substrate/GLints/dict_16_192_64_0p5_0p02_0056_0012.uasset" 7326
"../../../Engine/Content/EngineMaterials/Substrate/GLints/dict_16_192_64_0p5_0p02_0056_0013.uasset" 7327
"../../../Engine/Content/EngineMaterials/Substrate/GLints/dict_16_192_64_0p5_0p02_0056_0014.uasset" 7328
"../../../Engine/Content/EngineMaterials/Substrate/GLints/dict_16_192_64_0p5_0p02_0056_0015.uasset" 7329
"../../../Engine/Content/EngineMaterials/Substrate/GLints/dict_16_192_64_0p5_0p02_0057_0000.uasset" 7330
"../../../Engine/Content/EngineMaterials/Substrate/GLints/dict_16_192_64_0p5_0p02_0057_0001.uasset" 7331
"../../../Engine/Content/EngineMaterials/Substrate/GLints/dict_16_192_64_0p5_0p02_0057_0002.uasset" 7332
"../../../Engine/Content/EngineMaterials/Substrate/GLints/dict_16_192_64_0p5_0p02_0057_0003.uasset" 7333
"../../../Engine/Content/EngineMaterials/Substrate/GLints/dict_16_192_64_0p5_0p02_0057_0004.uasset" 7334
"../../../Engine/Content/EngineMaterials/Substrate/GLints/dict_16_192_64_0p5_0p02_0057_0005.uasset" 7335
"../../../Engine/Content/EngineMaterials/Substrate/GLints/dict_16_192_64_0p5_0p02_0057_0006.uasset" 7336
"../../../Engine/Content/EngineMaterials/Substrate/GLints/dict_16_192_64_0p5_0p02_0057_0007.uasset" 7337
"../../../Engine/Content/EngineMaterials/Substrate/GLints/dict_16_192_64_0p5_0p02_0057_0008.uasset" 7338
"../../../Engine/Content/EngineMaterials/Substrate/GLints/dict_16_192_64_0p5_0p02_0057_0009.uasset" 7339
"../../../Engine/Content/EngineMaterials/Substrate/GLints/dict_16_192_64_0p5_0p02_0057_0010.uasset" 7340
"../../../Engine/Content/EngineMaterials/Substrate/GLints/dict_16_192_64_0p5_0p02_0057_0011.uasset" 7341
"../../../Engine/Content/EngineMaterials/Substrate/GLints/dict_16_192_64_0p5_0p02_0057_0012.uasset" 7342
"../../../Engine/Content/EngineMaterials/Substrate/GLints/dict_16_192_64_0p5_0p02_0057_0013.uasset" 7343
"../../../Engine/Content/EngineMaterials/Substrate/GLints/dict_16_192_64_0p5_0p02_0057_0014.uasset" 7344
"../../../Engine/Content/EngineMaterials/Substrate/GLints/dict_16_192_64_0p5_0p02_0057_0015.uasset" 7345
"../../../Engine/Content/EngineMaterials/Substrate/GLints/dict_16_192_64_0p5_0p02_0058_0000.uasset" 7346
"../../../Engine/Content/EngineMaterials/Substrate/GLints/dict_16_192_64_0p5_0p02_0058_0001.uasset" 7347
"../../../Engine/Content/EngineMaterials/Substrate/GLints/dict_16_192_64_0p5_0p02_0058_0002.uasset" 7348
"../../../Engine/Content/EngineMaterials/Substrate/GLints/dict_16_192_64_0p5_0p02_0058_0003.uasset" 7349
"../../../Engine/Content/EngineMaterials/Substrate/GLints/dict_16_192_64_0p5_0p02_0058_0004.uasset" 7350
"../../../Engine/Content/EngineMaterials/Substrate/GLints/dict_16_192_64_0p5_0p02_0058_0005.uasset" 7351
"../../../Engine/Content/EngineMaterials/Substrate/GLints/dict_16_192_64_0p5_0p02_0058_0006.uasset" 7352
"../../../Engine/Content/EngineMaterials/Substrate/GLints/dict_16_192_64_0p5_0p02_0058_0007.uasset" 7353
"../../../Engine/Content/EngineMaterials/Substrate/GLints/dict_16_192_64_0p5_0p02_0058_0008.uasset" 7354
"../../../Engine/Content/EngineMaterials/Substrate/GLints/dict_16_192_64_0p5_0p02_0058_0009.uasset" 7355
"../../../Engine/Content/EngineMaterials/Substrate/GLints/dict_16_192_64_0p5_0p02_0058_0010.uasset" 7356
"../../../Engine/Content/EngineMaterials/Substrate/GLints/dict_16_192_64_0p5_0p02_0058_0011.uasset" 7357
"../../../Engine/Content/EngineMaterials/Substrate/GLints/dict_16_192_64_0p5_0p02_0058_0012.uasset" 7358
"../../../Engine/Content/EngineMaterials/Substrate/GLints/dict_16_192_64_0p5_0p02_0058_0013.uasset" 7359
"../../../Engine/Content/EngineMaterials/Substrate/GLints/dict_16_192_64_0p5_0p02_0058_0014.uasset" 7360
"../../../Engine/Content/EngineMaterials/Substrate/GLints/dict_16_192_64_0p5_0p02_0058_0015.uasset" 7361
"../../../Engine/Content/EngineMaterials/Substrate/GLints/dict_16_192_64_0p5_0p02_0059_0000.uasset" 7362
"../../../Engine/Content/EngineMaterials/Substrate/GLints/dict_16_192_64_0p5_0p02_0059_0001.uasset" 7363
"../../../Engine/Content/EngineMaterials/Substrate/GLints/dict_16_192_64_0p5_0p02_0059_0002.uasset" 7364
"../../../Engine/Content/EngineMaterials/Substrate/GLints/dict_16_192_64_0p5_0p02_0059_0003.uasset" 7365
"../../../Engine/Content/EngineMaterials/Substrate/GLints/dict_16_192_64_0p5_0p02_0059_0004.uasset" 7366
"../../../Engine/Content/EngineMaterials/Substrate/GLints/dict_16_192_64_0p5_0p02_0059_0005.uasset" 7367
"../../../Engine/Content/EngineMaterials/Substrate/GLints/dict_16_192_64_0p5_0p02_0059_0006.uasset" 7368
"../../../Engine/Content/EngineMaterials/Substrate/GLints/dict_16_192_64_0p5_0p02_0059_0007.uasset" 7369
"../../../Engine/Content/EngineMaterials/Substrate/GLints/dict_16_192_64_0p5_0p02_0059_0008.uasset" 7370
"../../../Engine/Content/EngineMaterials/Substrate/GLints/dict_16_192_64_0p5_0p02_0059_0009.uasset" 7371
"../../../Engine/Content/EngineMaterials/Substrate/GLints/dict_16_192_64_0p5_0p02_0059_0010.uasset" 7372
"../../../Engine/Content/EngineMaterials/Substrate/GLints/dict_16_192_64_0p5_0p02_0059_0011.uasset" 7373
"../../../Engine/Content/EngineMaterials/Substrate/GLints/dict_16_192_64_0p5_0p02_0059_0012.uasset" 7374
"../../../Engine/Content/EngineMaterials/Substrate/GLints/dict_16_192_64_0p5_0p02_0059_0013.uasset" 7375
"../../../Engine/Content/EngineMaterials/Substrate/GLints/dict_16_192_64_0p5_0p02_0059_0014.uasset" 7376
"../../../Engine/Content/EngineMaterials/Substrate/GLints/dict_16_192_64_0p5_0p02_0059_0015.uasset" 7377
"../../../Engine/Content/EngineMaterials/Substrate/GLints/dict_16_192_64_0p5_0p02_0060_0000.uasset" 7378
"../../../Engine/Content/EngineMaterials/Substrate/GLints/dict_16_192_64_0p5_0p02_0060_0001.uasset" 7379
"../../../Engine/Content/EngineMaterials/Substrate/GLints/dict_16_192_64_0p5_0p02_0060_0002.uasset" 7380
"../../../Engine/Content/EngineMaterials/Substrate/GLints/dict_16_192_64_0p5_0p02_0060_0003.uasset" 7381
"../../../Engine/Content/EngineMaterials/Substrate/GLints/dict_16_192_64_0p5_0p02_0060_0004.uasset" 7382
"../../../Engine/Content/EngineMaterials/Substrate/GLints/dict_16_192_64_0p5_0p02_0060_0005.uasset" 7383
"../../../Engine/Content/EngineMaterials/Substrate/GLints/dict_16_192_64_0p5_0p02_0060_0006.uasset" 7384
"../../../Engine/Content/EngineMaterials/Substrate/GLints/dict_16_192_64_0p5_0p02_0060_0007.uasset" 7385
"../../../Engine/Content/EngineMaterials/Substrate/GLints/dict_16_192_64_0p5_0p02_0060_0008.uasset" 7386
"../../../Engine/Content/EngineMaterials/Substrate/GLints/dict_16_192_64_0p5_0p02_0060_0009.uasset" 7387
"../../../Engine/Content/EngineMaterials/Substrate/GLints/dict_16_192_64_0p5_0p02_0060_0010.uasset" 7388
"../../../Engine/Content/EngineMaterials/Substrate/GLints/dict_16_192_64_0p5_0p02_0060_0011.uasset" 7389
"../../../Engine/Content/EngineMaterials/Substrate/GLints/dict_16_192_64_0p5_0p02_0060_0012.uasset" 7390
"../../../Engine/Content/EngineMaterials/Substrate/GLints/dict_16_192_64_0p5_0p02_0060_0013.uasset" 7391
"../../../Engine/Content/EngineMaterials/Substrate/GLints/dict_16_192_64_0p5_0p02_0060_0014.uasset" 7392
"../../../Engine/Content/EngineMaterials/Substrate/GLints/dict_16_192_64_0p5_0p02_0060_0015.uasset" 7393
"../../../Engine/Content/EngineMaterials/Substrate/GLints/dict_16_192_64_0p5_0p02_0061_0000.uasset" 7394
"../../../Engine/Content/EngineMaterials/Substrate/GLints/dict_16_192_64_0p5_0p02_0061_0001.uasset" 7395
"../../../Engine/Content/EngineMaterials/Substrate/GLints/dict_16_192_64_0p5_0p02_0061_0002.uasset" 7396
"../../../Engine/Content/EngineMaterials/Substrate/GLints/dict_16_192_64_0p5_0p02_0061_0003.uasset" 7397
"../../../Engine/Content/EngineMaterials/Substrate/GLints/dict_16_192_64_0p5_0p02_0061_0004.uasset" 7398
"../../../Engine/Content/EngineMaterials/Substrate/GLints/dict_16_192_64_0p5_0p02_0061_0005.uasset" 7399
"../../../Engine/Content/EngineMaterials/Substrate/GLints/dict_16_192_64_0p5_0p02_0061_0006.uasset" 7400
"../../../Engine/Content/EngineMaterials/Substrate/GLints/dict_16_192_64_0p5_0p02_0061_0007.uasset" 7401
"../../../Engine/Content/EngineMaterials/Substrate/GLints/dict_16_192_64_0p5_0p02_0061_0008.uasset" 7402
"../../../Engine/Content/EngineMaterials/Substrate/GLints/dict_16_192_64_0p5_0p02_0061_0009.uasset" 7403
"../../../Engine/Content/EngineMaterials/Substrate/GLints/dict_16_192_64_0p5_0p02_0061_0010.uasset" 7404
"../../../Engine/Content/EngineMaterials/Substrate/GLints/dict_16_192_64_0p5_0p02_0061_0011.uasset" 7405
"../../../Engine/Content/EngineMaterials/Substrate/GLints/dict_16_192_64_0p5_0p02_0061_0012.uasset" 7406
"../../../Engine/Content/EngineMaterials/Substrate/GLints/dict_16_192_64_0p5_0p02_0061_0013.uasset" 7407
"../../../Engine/Content/EngineMaterials/Substrate/GLints/dict_16_192_64_0p5_0p02_0061_0014.uasset" 7408
"../../../Engine/Content/EngineMaterials/Substrate/GLints/dict_16_192_64_0p5_0p02_0061_0015.uasset" 7409
"../../../Engine/Content/EngineMaterials/Substrate/GLints/dict_16_192_64_0p5_0p02_0062_0000.uasset" 7410
"../../../Engine/Content/EngineMaterials/Substrate/GLints/dict_16_192_64_0p5_0p02_0062_0001.uasset" 7411
"../../../Engine/Content/EngineMaterials/Substrate/GLints/dict_16_192_64_0p5_0p02_0062_0002.uasset" 7412
"../../../Engine/Content/EngineMaterials/Substrate/GLints/dict_16_192_64_0p5_0p02_0062_0003.uasset" 7413
"../../../Engine/Content/EngineMaterials/Substrate/GLints/dict_16_192_64_0p5_0p02_0062_0004.uasset" 7414
"../../../Engine/Content/EngineMaterials/Substrate/GLints/dict_16_192_64_0p5_0p02_0062_0005.uasset" 7415
"../../../Engine/Content/EngineMaterials/Substrate/GLints/dict_16_192_64_0p5_0p02_0062_0006.uasset" 7416
"../../../Engine/Content/EngineMaterials/Substrate/GLints/dict_16_192_64_0p5_0p02_0062_0007.uasset" 7417
"../../../Engine/Content/EngineMaterials/Substrate/GLints/dict_16_192_64_0p5_0p02_0062_0008.uasset" 7418
"../../../Engine/Content/EngineMaterials/Substrate/GLints/dict_16_192_64_0p5_0p02_0062_0009.uasset" 7419
"../../../Engine/Content/EngineMaterials/Substrate/GLints/dict_16_192_64_0p5_0p02_0062_0010.uasset" 7420
"../../../Engine/Content/EngineMaterials/Substrate/GLints/dict_16_192_64_0p5_0p02_0062_0011.uasset" 7421
"../../../Engine/Content/EngineMaterials/Substrate/GLints/dict_16_192_64_0p5_0p02_0062_0012.uasset" 7422
"../../../Engine/Content/EngineMaterials/Substrate/GLints/dict_16_192_64_0p5_0p02_0062_0013.uasset" 7423
"../../../Engine/Content/EngineMaterials/Substrate/GLints/dict_16_192_64_0p5_0p02_0062_0014.uasset" 7424
"../../../Engine/Content/EngineMaterials/Substrate/GLints/dict_16_192_64_0p5_0p02_0062_0015.uasset" 7425
"../../../Engine/Content/EngineMaterials/Substrate/GLints/dict_16_192_64_0p5_0p02_0063_0000.uasset" 7426
"../../../Engine/Content/EngineMaterials/Substrate/GLints/dict_16_192_64_0p5_0p02_0063_0001.uasset" 7427
"../../../Engine/Content/EngineMaterials/Substrate/GLints/dict_16_192_64_0p5_0p02_0063_0002.uasset" 7428
"../../../Engine/Content/EngineMaterials/Substrate/GLints/dict_16_192_64_0p5_0p02_0063_0003.uasset" 7429
"../../../Engine/Content/EngineMaterials/Substrate/GLints/dict_16_192_64_0p5_0p02_0063_0004.uasset" 7430
"../../../Engine/Content/EngineMaterials/Substrate/GLints/dict_16_192_64_0p5_0p02_0063_0005.uasset" 7431
"../../../Engine/Content/EngineMaterials/Substrate/GLints/dict_16_192_64_0p5_0p02_0063_0006.uasset" 7432
"../../../Engine/Content/EngineMaterials/Substrate/GLints/dict_16_192_64_0p5_0p02_0063_0007.uasset" 7433
"../../../Engine/Content/EngineMaterials/Substrate/GLints/dict_16_192_64_0p5_0p02_0063_0008.uasset" 7434
"../../../Engine/Content/EngineMaterials/Substrate/GLints/dict_16_192_64_0p5_0p02_0063_0009.uasset" 7435
"../../../Engine/Content/EngineMaterials/Substrate/GLints/dict_16_192_64_0p5_0p02_0063_0010.uasset" 7436
"../../../Engine/Content/EngineMaterials/Substrate/GLints/dict_16_192_64_0p5_0p02_0063_0011.uasset" 7437
"../../../Engine/Content/EngineMaterials/Substrate/GLints/dict_16_192_64_0p5_0p02_0063_0012.uasset" 7438
"../../../Engine/Content/EngineMaterials/Substrate/GLints/dict_16_192_64_0p5_0p02_0063_0013.uasset" 7439
"../../../Engine/Content/EngineMaterials/Substrate/GLints/dict_16_192_64_0p5_0p02_0063_0014.uasset" 7440
"../../../Engine/Content/EngineMaterials/Substrate/GLints/dict_16_192_64_0p5_0p02_0063_0015.uasset" 7441
"C:/Users/Amir sanni/Desktop/Biplo/Roomba-Biplo-Studio/Content/Characters/Mannequins/Rigs/Poses/Quinn/Quinn_clavicle_r_anim.uasset" 7442
"C:/Users/Amir sanni/Desktop/Biplo/Roomba-Biplo-Studio/Content/Characters/Mannequins/Rigs/Poses/Quinn/Quinn_clavicle_l_anim.uasset" 7443
"../../../Engine/Content/EditorBlueprintResources/StandardMacros.uasset" 7444
"C:/Users/Amir sanni/Desktop/Biplo/Roomba-Biplo-Studio/Content/Characters/Mannequins/Rigs/Poses/Quinn/Quinn_calf_r_anim.uasset" 7445
"C:/Users/Amir sanni/Desktop/Biplo/Roomba-Biplo-Studio/Content/Characters/Mannequins/Rigs/Poses/Quinn/Quinn_calf_l_anim.uasset" 7446
"C:/Users/Amir sanni/Desktop/Biplo/Roomba-Biplo-Studio/Content/Characters/Mannequins/Rigs/Poses/Manny/Manny_upperarm_r_anim.uasset" 7447
"C:/Users/Amir sanni/Desktop/Biplo/Roomba-Biplo-Studio/Content/Characters/Mannequins/Rigs/Poses/Manny/Manny_upperarm_l_anim.uasset" 7448
"C:/Users/Amir sanni/Desktop/Biplo/Roomba-Biplo-Studio/Content/Characters/Mannequins/Rigs/Poses/Manny/Manny_thigh_r_anim.uasset" 7449
"C:/Users/Amir sanni/Desktop/Biplo/Roomba-Biplo-Studio/Content/Characters/Mannequins/Rigs/Poses/Manny/Manny_thigh_l_anim.uasset" 7450
"C:/Users/Amir sanni/Desktop/Biplo/Roomba-Biplo-Studio/Content/Characters/Mannequins/Rigs/Poses/Manny/Manny_lowerarm_r_anim.uasset" 7451
"C:/Users/Amir sanni/Desktop/Biplo/Roomba-Biplo-Studio/Content/Characters/Mannequins/Rigs/Poses/Manny/Manny_lowerarm_l_anim.uasset" 7452
"C:/Users/Amir sanni/Desktop/Biplo/Roomba-Biplo-Studio/Content/Characters/Mannequins/Rigs/Poses/Manny/Manny_hand_r_anim.uasset" 7453
"C:/Users/Amir sanni/Desktop/Biplo/Roomba-Biplo-Studio/Content/Characters/Mannequins/Rigs/Poses/Manny/Manny_hand_l_anim.uasset" 7454
"C:/Users/Amir sanni/Desktop/Biplo/Roomba-Biplo-Studio/Content/Characters/Mannequins/Rigs/Poses/Manny/Manny_foot_r_anim.uasset" 7455
"C:/Users/Amir sanni/Desktop/Biplo/Roomba-Biplo-Studio/Content/Characters/Mannequins/Rigs/Poses/Manny/Manny_foot_l_anim.uasset" 7456
"C:/Users/Amir sanni/Desktop/Biplo/Roomba-Biplo-Studio/Content/Characters/Mannequins/Rigs/Poses/Manny/Manny_clavicle_r_anim.uasset" 7457
"C:/Users/Amir sanni/Desktop/Biplo/Roomba-Biplo-Studio/Content/Characters/Mannequins/Rigs/Poses/Manny/Manny_clavicle_l_anim.uasset" 7458
"C:/Users/Amir sanni/Desktop/Biplo/Roomba-Biplo-Studio/Content/Characters/Mannequins/Rigs/Poses/Manny/Manny_calf_r_anim.uasset" 7459
"C:/Users/Amir sanni/Desktop/Biplo/Roomba-Biplo-Studio/Content/Characters/Mannequins/Rigs/Poses/Manny/Manny_calf_l_anim.uasset" 7460
"C:/Users/Amir sanni/Desktop/Biplo/Roomba-Biplo-Studio/Content/Characters/Mannequins/Animations/Quinn/MF_Walk_Fwd.uasset" 7461
"C:/Users/Amir sanni/Desktop/Biplo/Roomba-Biplo-Studio/Content/Characters/Mannequins/Animations/Quinn/MF_Run_Fwd.uasset" 7462
"C:/Users/Amir sanni/Desktop/Biplo/Roomba-Biplo-Studio/Content/Characters/Mannequins/Animations/Quinn/MF_Idle.uasset" 7463
"C:/Users/Amir sanni/Desktop/Biplo/Roomba-Biplo-Studio/Content/Characters/Mannequins/Animations/Manny/MM_Walk_Fwd.uasset" 7464
"C:/Users/Amir sanni/Desktop/Biplo/Roomba-Biplo-Studio/Content/Characters/Mannequins/Animations/Manny/MM_T_Pose.uasset" 7465
"C:/Users/Amir sanni/Desktop/Biplo/Roomba-Biplo-Studio/Content/Characters/Mannequins/Animations/Manny/MM_Run_Fwd.uasset" 7466
"C:/Users/Amir sanni/Desktop/Biplo/Roomba-Biplo-Studio/Content/Characters/Mannequins/Animations/Manny/MM_Land.uasset" 7467
"C:/Users/Amir sanni/Desktop/Biplo/Roomba-Biplo-Studio/Content/Characters/Mannequins/Animations/Manny/MM_Jump.uasset" 7468
"C:/Users/Amir sanni/Desktop/Biplo/Roomba-Biplo-Studio/Content/Characters/Mannequins/Animations/Manny/MM_Idle.uasset" 7469
"C:/Users/Amir sanni/Desktop/Biplo/Roomba-Biplo-Studio/Content/Characters/Mannequins/Animations/Manny/MM_Fall_Loop.uasset" 7470
"C:/Users/Amir sanni/Desktop/Biplo/Roomba-Biplo-Studio/Content/Characters/Mannequins/Rigs/CR_Mannequin_Procedural.uasset" 7471
"C:/Users/Amir sanni/Desktop/Biplo/Roomba-Biplo-Studio/Content/Characters/Mannequins/Rigs/CR_Mannequin_BasicFootIK.uasset" 7472
"C:/Users/Amir sanni/Desktop/Biplo/Roomba-Biplo-Studio/Content/Assets/2DImages/M_VineSmall.uasset" 7473
"C:/Users/Amir sanni/Desktop/Biplo/Roomba-Biplo-Studio/Content/Assets/2DImages/M_VineSingle.uasset" 7474
"C:/Users/Amir sanni/Desktop/Biplo/Roomba-Biplo-Studio/Content/Assets/2DImages/M_Vines.uasset" 7475
"../../../Engine/Content/EngineSky/M_Sky_Panning_Clouds2.uasset" 7476
"../../../Engine/Content/EngineMaterials/AntiAliasedTextMaterialTranslucent.uasset" 7477
"../../../Engine/Content/EditorMeshes/ColorCalibrator/M_ColorGrid.uasset" 7478
"../../../Engine/Plugins/2D/Paper2D/Content/TranslucentUnlitSpriteMaterial.uasset" 7479
"../../../Engine/Plugins/Interchange/Runtime/Content/Functions/MX_StandardSurface.uasset" 7480
"C:/Users/Amir sanni/Desktop/Biplo/Roomba-Biplo-Studio/Content/roomba_CtrlRig_Take1.uasset" 7481
"../../../Engine/Plugins/Interchange/Runtime/Content/Functions/MX_Transmission.uasset" 7482
"C:/Users/Amir sanni/Desktop/Biplo/Roomba-Biplo-Studio/Content/Characters/Mannequins/Materials/Functions/MF_logo3layers.uasset" 7483
"../../../Engine/Plugins/FX/NiagaraFluids/Content/Materials/Grid3D/Instances/MI_DebugVolumeSlice.uasset" 7484
"../../../Engine/Content/Functions/Engine_MaterialFunctions02/Texturing/ScreenAlignedUVs.uasset" 7485
"../../../Engine/Content/Maps/Entry.umap" 7486
"../../../Engine/Content/MapTemplates/SM_Template_Map_Floor.uasset" 7487
"../../../Engine/Plugins/Animation/ControlRig/Content/Controls/ControlRig_Wedge_solid.uasset" 7488
"../../../Engine/Plugins/Animation/ControlRig/Content/Controls/ControlRig_Wedge_3mm.uasset" 7489
"../../../Engine/Plugins/Animation/ControlRig/Content/Controls/ControlRig_Wedge_1mm.uasset" 7490
"../../../Engine/Plugins/Animation/ControlRig/Content/Controls/ControlRig_Triangle_solid.uasset" 7491
"../../../Engine/Plugins/Animation/ControlRig/Content/Controls/ControlRig_Triangle_3mm.uasset" 7492
"../../../Engine/Plugins/Animation/ControlRig/Content/Controls/ControlRig_Triangle_1mm.uasset" 7493
"../../../Engine/Plugins/Animation/ControlRig/Content/Controls/ControlRig_Star4_solid.uasset" 7494
"../../../Engine/Plugins/Animation/ControlRig/Content/Controls/ControlRig_Star4_3mm.uasset" 7495
"../../../Engine/Plugins/Animation/ControlRig/Content/Controls/ControlRig_Star4_1mm.uasset" 7496
"../../../Engine/Plugins/Animation/ControlRig/Content/Controls/ControlRig_Square_solid.uasset" 7497
"../../../Engine/Plugins/Animation/ControlRig/Content/Controls/ControlRig_Square_3mm.uasset" 7498
"../../../Engine/Plugins/Animation/ControlRig/Content/Controls/ControlRig_Square_1mm.uasset" 7499
"../../../Engine/Plugins/Animation/ControlRig/Content/Controls/ControlRig_Sphere_3mm.uasset" 7500
"../../../Engine/Plugins/Animation/ControlRig/Content/Controls/ControlRig_RoundedTriangle_solid.uasset" 7501
"../../../Engine/Plugins/Animation/ControlRig/Content/Controls/ControlRig_Sphere_1mm.uasset" 7502
"../../../Engine/Plugins/Animation/ControlRig/Content/Controls/ControlRig_RoundedTriangle_3mm.uasset" 7503
"../../../Engine/Plugins/Animation/ControlRig/Content/Controls/ControlRig_RoundedSquare_solid.uasset" 7504
"../../../Engine/Plugins/Animation/ControlRig/Content/Controls/ControlRig_RoundedTriangle_1mm.uasset" 7505
"../../../Engine/Plugins/Animation/ControlRig/Content/Controls/ControlRig_RoundedSquare_3mm.uasset" 7506
"../../../Engine/Plugins/Animation/ControlRig/Content/Controls/ControlRig_RoundedSquare_1mm.uasset" 7507
"../../../Engine/Plugins/Animation/ControlRig/Content/Controls/ControlRig_QuarterCircle_solid.uasset" 7508
"../../../Engine/Plugins/Animation/ControlRig/Content/Controls/ControlRig_QuarterCircle_3mm.uasset" 7509
"../../../Engine/Plugins/Animation/ControlRig/Content/Controls/ControlRig_QuarterCircle_1mm.uasset" 7510
"../../../Engine/Plugins/Animation/ControlRig/Content/Controls/ControlRig_Pyramid_solid.uasset" 7511
"../../../Engine/Plugins/Animation/ControlRig/Content/Controls/ControlRig_Pyramid_3mm.uasset" 7512
"../../../Engine/Plugins/Animation/ControlRig/Content/Controls/ControlRig_Octagon_solid.uasset" 7513
"../../../Engine/Plugins/Animation/ControlRig/Content/Controls/ControlRig_Octagon_3mm.uasset" 7514
"../../../Engine/Plugins/Animation/ControlRig/Content/Controls/ControlRig_Pyramid_1mm.uasset" 7515
"../../../Engine/Plugins/Animation/ControlRig/Content/Controls/ControlRig_Octagon_1mm.uasset" 7516
"../../../Engine/Plugins/Animation/ControlRig/Content/Controls/ControlRig_Hexagon_solid.uasset" 7517
"../../../Engine/Plugins/Animation/ControlRig/Content/Controls/ControlRig_Hexagon_1mm.uasset" 7518
"../../../Engine/Plugins/Animation/ControlRig/Content/Controls/ControlRig_Hexagon_3mm.uasset" 7519
"../../../Engine/Plugins/Animation/ControlRig/Content/Controls/ControlRig_HalfCircle_solid.uasset" 7520
"../../../Engine/Plugins/Animation/ControlRig/Content/Controls/ControlRig_HalfCircle_3mm.uasset" 7521
"../../../Engine/Plugins/Animation/ControlRig/Content/Controls/ControlRig_HalfCircle_1mm.uasset" 7522
"../../../Engine/Plugins/Animation/ControlRig/Content/Controls/ControlRig_Diamond_solid.uasset" 7523
"../../../Engine/Plugins/Animation/ControlRig/Content/Controls/ControlRig_Diamond_3mm.uasset" 7524
"../../../Engine/Plugins/Animation/ControlRig/Content/Controls/ControlRig_Diamond_1mm.uasset" 7525
"../../../Engine/Plugins/Animation/ControlRig/Content/Controls/ControlRig_Circle_solid.uasset" 7526
"../../../Engine/Plugins/Animation/ControlRig/Content/Controls/ControlRig_Circle_3mm.uasset" 7527
"../../../Engine/Plugins/Animation/ControlRig/Content/Controls/ControlRig_Circle_1mm.uasset" 7528
"../../../Engine/Plugins/Animation/ControlRig/Content/Controls/ControlRig_Box_solid.uasset" 7529
"../../../Engine/Plugins/Animation/ControlRig/Content/Controls/ControlRig_Box_3mm.uasset" 7530
"../../../Engine/Plugins/Animation/ControlRig/Content/Controls/ControlRig_Box_1mm.uasset" 7531
"../../../Engine/Plugins/Animation/ControlRig/Content/Controls/ControlRig_Arrow_solid.uasset" 7532
"../../../Engine/Plugins/Animation/ControlRig/Content/Controls/ControlRig_Arrow_3mm.uasset" 7533
"../../../Engine/Plugins/Animation/ControlRig/Content/Controls/ControlRig_Arrow_1mm.uasset" 7534
"../../../Engine/Plugins/Animation/ControlRig/Content/Controls/ControlRig_Arrow4_solid.uasset" 7535
"../../../Engine/Plugins/Animation/ControlRig/Content/Controls/ControlRig_Arrow4_3mm.uasset" 7536
"../../../Engine/Plugins/Animation/ControlRig/Content/Controls/ControlRig_Arrow4_1mm.uasset" 7537
"../../../Engine/Plugins/Animation/ControlRig/Content/Controls/ControlRig_Arrow2_solid.uasset" 7538
"../../../Engine/Plugins/Animation/ControlRig/Content/Controls/ControlRig_Arrow2_3mm.uasset" 7539
"../../../Engine/Plugins/Animation/ControlRig/Content/Controls/ControlRig_Arrow2_1mm.uasset" 7540
"../../../Engine/Plugins/Animation/ControlRig/Content/Controls/ControlRig_Sphere_solid.uasset" 7541
"C:/Users/Amir sanni/Desktop/Biplo/Roomba-Biplo-Studio/Content/ThirdPerson/Maps/ThirdPersonMap1.umap" 7542
"C:/Users/Amir sanni/Desktop/Biplo/Roomba-Biplo-Studio/Content/StarterContent/Props/MaterialSphere.uasset" 7543
"C:/Users/Amir sanni/Desktop/Biplo/Roomba-Biplo-Studio/Content/StarterContent/Blueprints/Assets/SM_Arrows.uasset" 7544
"C:/Users/Amir sanni/Desktop/Biplo/Roomba-Biplo-Studio/Content/NewAssetsCool/Streetlight/StreetLight.uasset" 7545
"C:/Users/Amir sanni/Desktop/Biplo/Roomba-Biplo-Studio/Content/NewAssetsCool/ShippingContainer/container.uasset" 7546
"C:/Users/Amir sanni/Desktop/Biplo/Roomba-Biplo-Studio/Content/NewAssetsCool/RooftopVents/VentilationLong.uasset" 7547
"C:/Users/Amir sanni/Desktop/Biplo/Roomba-Biplo-Studio/Content/NewAssetsCool/Fence/fence.uasset" 7548
"C:/Users/Amir sanni/Desktop/Biplo/Roomba-Biplo-Studio/Content/NewAssetsCool/Dumpster/dumpster_lid2_Low1.uasset" 7549
"C:/Users/Amir sanni/Desktop/Biplo/Roomba-Biplo-Studio/Content/NewAssetsCool/Dumpster/dumpster_lid1_Low1.uasset" 7550
"C:/Users/Amir sanni/Desktop/Biplo/Roomba-Biplo-Studio/Content/NewAssetsCool/Dumpster/dumpster_dumpster.uasset" 7551
"C:/Users/Amir sanni/Desktop/Biplo/Roomba-Biplo-Studio/Content/NewAssetsCool/Cones/cone_Low1.uasset" 7552
"C:/Users/Amir sanni/Desktop/Biplo/Roomba-Biplo-Studio/Content/NewAssetsCool/CityStairs/Stairs.uasset" 7553
"C:/Users/Amir sanni/Desktop/Biplo/Roomba-Biplo-Studio/Content/NewAssetsCool/Bus/bus.uasset" 7554
"C:/Users/Amir sanni/Desktop/Biplo/Roomba-Biplo-Studio/Content/NewAssetsCool/Buildings/Shop/Shop.uasset" 7555
"C:/Users/Amir sanni/Desktop/Biplo/Roomba-Biplo-Studio/Content/NewAssetsCool/Buildings/Building6/building6.uasset" 7556
"C:/Users/Amir sanni/Desktop/Biplo/Roomba-Biplo-Studio/Content/NewAssetsCool/Buildings/Building5/building5.uasset" 7557
"C:/Users/Amir sanni/Desktop/Biplo/Roomba-Biplo-Studio/Content/NewAssetsCool/Buildings/Building4/building4.uasset" 7558
"C:/Users/Amir sanni/Desktop/Biplo/Roomba-Biplo-Studio/Content/NewAssetsCool/Buildings/Building3/building3.uasset" 7559
"C:/Users/Amir sanni/Desktop/Biplo/Roomba-Biplo-Studio/Content/NewAssetsCool/Buildings/Building2/Building2.uasset" 7560
"C:/Users/Amir sanni/Desktop/Biplo/Roomba-Biplo-Studio/Content/NewAssetsCool/Buildings/Building1/Building1.uasset" 7561
"C:/Users/Amir sanni/Desktop/Biplo/Roomba-Biplo-Studio/Content/NewAssetsCool/Bike/Bike.uasset" 7562
"C:/Users/Amir sanni/Desktop/Biplo/Roomba-Biplo-Studio/Content/NewAssetsCool/Barriers/roadblock.uasset" 7563
"C:/Users/Amir sanni/Desktop/Biplo/Roomba-Biplo-Studio/Content/NewAssetsCool/Bakery/BakeryBuilding/Bakery.uasset" 7564
"C:/Users/Amir sanni/Desktop/Biplo/Roomba-Biplo-Studio/Content/NewAssetsCool/BackgroundBuildings/BgBuilding2/BgBuilding2.uasset" 7565
"C:/Users/Amir sanni/Desktop/Biplo/Roomba-Biplo-Studio/Content/NewAssetsCool/BackgroundBuildings/BgBuilding1/bgBuilding1.uasset" 7566
"C:/Users/Amir sanni/Desktop/Biplo/Roomba-Biplo-Studio/Content/LevelDesign/DavidsCooking/Wire_SM.uasset" 7567
"C:/Users/Amir sanni/Desktop/Biplo/Roomba-Biplo-Studio/Content/LevelDesign/DavidsCooking/WarehouseWire.uasset" 7568
"C:/Users/Amir sanni/Desktop/Biplo/Roomba-Biplo-Studio/Content/LevelDesign/DavidsCooking/WarehouseShutterWire.uasset" 7569
"C:/Users/Amir sanni/Desktop/Biplo/Roomba-Biplo-Studio/Content/LevelDesign/DavidsCooking/WarehouseDoorWire1.uasset" 7570
"C:/Users/Amir sanni/Desktop/Biplo/Roomba-Biplo-Studio/Content/LevelDesign/DavidsCooking/VentsGatesWire4.uasset" 7571
"C:/Users/Amir sanni/Desktop/Biplo/Roomba-Biplo-Studio/Content/LevelDesign/DavidsCooking/VentGateWire1.uasset" 7572
"C:/Users/Amir sanni/Desktop/Biplo/Roomba-Biplo-Studio/Content/LevelDesign/DavidsCooking/StreetEndWire2.uasset" 7573
"../../../Engine/Content/Maps/Templates/HLODs/HLODLayer_Instanced.uasset" 7574
"../../../Engine/Content/Maps/Templates/HLODs/HLODLayer_Merged.uasset" 7575
"C:/Users/Amir sanni/Desktop/Biplo/Roomba-Biplo-Studio/Content/__ExternalActors__/ThirdPerson/Maps/ThirdPersonMap1/B/RD/P7A79W1AL4KZKH09Z02ILP.uasset" 7576
"C:/Users/Amir sanni/Desktop/Biplo/Roomba-Biplo-Studio/Content/LevelDesign/DavidsCooking/StreetEndWire1.uasset" 7577
"C:/Users/Amir sanni/Desktop/Biplo/Roomba-Biplo-Studio/Content/LevelDesign/DavidsCooking/PowerPlantDoor1Wire.uasset" 7578
"C:/Users/Amir sanni/Desktop/Biplo/Roomba-Biplo-Studio/Content/LevelDesign/DavidsCooking/ConstructionSiteLightingWire2.uasset" 7579
"C:/Users/Amir sanni/Desktop/Biplo/Roomba-Biplo-Studio/Content/LevelDesign/DavidsCooking/ConstructionLightingWire1.uasset" 7580
"C:/Users/Amir sanni/Desktop/Biplo/Roomba-Biplo-Studio/Content/LevelDesign/DavidsCooking/BakeryWire2.uasset" 7581
"C:/Users/Amir sanni/Desktop/Biplo/Roomba-Biplo-Studio/Content/LevelDesign/DavidsCooking/BakeryWire.uasset" 7582
"C:/Users/Amir sanni/Desktop/Biplo/Roomba-Biplo-Studio/Content/LevelDesign/DavidsCooking/BakeryLightingWire.uasset" 7583
"C:/Users/Amir sanni/Desktop/Biplo/Roomba-Biplo-Studio/Content/LevelDesign/DavidsCooking/BakeryLightingCull.uasset" 7584
"C:/Users/Amir sanni/Desktop/Biplo/Roomba-Biplo-Studio/Content/__ExternalActors__/ThirdPerson/Maps/ThirdPersonMap1/0/9I/RMM4MPNKQ194ZG29YUO3XW.uasset" 7585
"C:/Users/Amir sanni/Desktop/Biplo/Roomba-Biplo-Studio/Content/__ExternalActors__/ThirdPerson/Maps/ThirdPersonMap1/0/XV/DX96H1XX75YJNGIT3R7WP7.uasset" 7586
"C:/Users/Amir sanni/Desktop/Biplo/Roomba-Biplo-Studio/Content/LevelPrototyping/Meshes/SM_ChamferCube.uasset" 7587
"C:/Users/Amir sanni/Desktop/Biplo/Roomba-Biplo-Studio/Content/__ExternalActors__/ThirdPerson/Maps/ThirdPersonMap1/1/45/WE53BZZ05H5NOAMCEK38AI.uasset" 7588
"C:/Users/Amir sanni/Desktop/Biplo/Roomba-Biplo-Studio/Content/LevelPrototyping/Materials/MI_PrototypeGrid_TopDark.uasset" 7589
"C:/Users/Amir sanni/Desktop/Biplo/Roomba-Biplo-Studio/Content/LevelPrototyping/Materials/M_PrototypeGrid.uasset" 7590
"C:/Users/Amir sanni/Desktop/Biplo/Roomba-Biplo-Studio/Content/LevelPrototyping/Materials/MF_ProcGrid.uasset" 7591
"C:/Users/Amir sanni/Desktop/Biplo/Roomba-Biplo-Studio/Content/LevelPrototyping/Meshes/SM_QuarterCylinder.uasset" 7592
"C:/Users/Amir sanni/Desktop/Biplo/Roomba-Biplo-Studio/Content/LevelPrototyping/Materials/MI_PrototypeGrid_Gray.uasset" 7593
"C:/Users/Amir sanni/Desktop/Biplo/Roomba-Biplo-Studio/Content/__ExternalActors__/ThirdPerson/Maps/ThirdPersonMap1/1/UJ/LY5OLZHARM4CPNSOFJ0J7Z.uasset" 7594
"C:/Users/Amir sanni/Desktop/Biplo/Roomba-Biplo-Studio/Content/LevelPrototyping/Meshes/SM_Cube.uasset" 7595
"C:/Users/Amir sanni/Desktop/Biplo/Roomba-Biplo-Studio/Content/__ExternalActors__/ThirdPerson/Maps/ThirdPersonMap1/2/2C/7EW8SLEIIR781TS0G56B8C.uasset" 7596
"C:/Users/Amir sanni/Desktop/Biplo/Roomba-Biplo-Studio/Content/__ExternalActors__/ThirdPerson/Maps/ThirdPersonMap1/3/8L/AWR2KFAEBWRPI27D5DOPDB.uasset" 7597
"C:/Users/Amir sanni/Desktop/Biplo/Roomba-Biplo-Studio/Content/__ExternalActors__/ThirdPerson/Maps/ThirdPersonMap1/3/FB/5FN0VSKBYVMA6CRNXX4WSQ.uasset" 7598
"C:/Users/Amir sanni/Desktop/Biplo/Roomba-Biplo-Studio/Content/__ExternalActors__/ThirdPerson/Maps/ThirdPersonMap1/3/L7/FEJG05IPLXX4FXJAYOQQ2U.uasset" 7599
"C:/Users/Amir sanni/Desktop/Biplo/Roomba-Biplo-Studio/Content/__ExternalActors__/ThirdPerson/Maps/ThirdPersonMap1/4/3X/RNBNEGWHCFJOD4C1DJPOKO.uasset" 7600
"C:/Users/Amir sanni/Desktop/Biplo/Roomba-Biplo-Studio/Content/__ExternalActors__/ThirdPerson/Maps/ThirdPersonMap1/4/BA/QM7FAYC1ECU15NH043L7DO.uasset" 7601
"C:/Users/Amir sanni/Desktop/Biplo/Roomba-Biplo-Studio/Content/LevelPrototyping/Meshes/SM_Ramp.uasset" 7602
"C:/Users/Amir sanni/Desktop/Biplo/Roomba-Biplo-Studio/Content/__ExternalActors__/ThirdPerson/Maps/ThirdPersonMap1/5/2C/3GQXNX93ZAARKAM2DB45PT.uasset" 7603
"C:/Users/Amir sanni/Desktop/Biplo/Roomba-Biplo-Studio/Content/__ExternalActors__/ThirdPerson/Maps/ThirdPersonMap1/5/4A/ODIM7I7HEY828N14LTU6MH.uasset" 7604
"C:/Users/Amir sanni/Desktop/Biplo/Roomba-Biplo-Studio/Content/__ExternalActors__/ThirdPerson/Maps/ThirdPersonMap1/6/Q2/A08NSY2NAKRGKXP51HIDUA.uasset" 7605
"C:/Users/Amir sanni/Desktop/Biplo/Roomba-Biplo-Studio/Content/__ExternalActors__/ThirdPerson/Maps/ThirdPersonMap1/7/3J/X13BQ4SA7ERZR7W8NJLMNT.uasset" 7606
"C:/Users/Amir sanni/Desktop/Biplo/Roomba-Biplo-Studio/Content/__ExternalActors__/ThirdPerson/Maps/ThirdPersonMap1/7/EO/D0N26MDY39RUFTAWSIK9W5.uasset" 7607
"C:/Users/Amir sanni/Desktop/Biplo/Roomba-Biplo-Studio/Content/__ExternalActors__/ThirdPerson/Maps/ThirdPersonMap1/7/PA/79OUBG34JC1QNSXSXQ0N1Z.uasset" 7608
"C:/Users/Amir sanni/Desktop/Biplo/Roomba-Biplo-Studio/Content/__ExternalActors__/ThirdPerson/Maps/ThirdPersonMap1/7/PN/E4NMPSNOACYMOAZ92VOMK9.uasset" 7609
"../../../Engine/Content/EngineSky/SM_SkySphere.uasset" 7610
"C:/Users/Amir sanni/Desktop/Biplo/Roomba-Biplo-Studio/Content/__ExternalActors__/ThirdPerson/Maps/ThirdPersonMap1/7/Y4/YS8SJGQI8KE4076MRFRQ81.uasset" 7611
"C:/Users/Amir sanni/Desktop/Biplo/Roomba-Biplo-Studio/Content/ThirdPerson/Blueprints/CameraSwitcher_BP/BP_CameraSwitcher.uasset" 7612
"C:/Users/Amir sanni/Desktop/Biplo/Roomba-Biplo-Studio/Content/ThirdPerson/Blueprints/Player_BP/Player_BP.uasset" 7613
"C:/Users/Amir sanni/Desktop/Biplo/Roomba-Biplo-Studio/Content/NewAssetsCool/RoombaFinal/Animation/ABP_PlayerMovement.uasset" 7614
"C:/Users/Amir sanni/Desktop/Biplo/Roomba-Biplo-Studio/Content/NewAssetsCool/RoombaFinal/Animation/BS_Roomba.uasset" 7615
"C:/Users/Amir sanni/Desktop/Biplo/Roomba-Biplo-Studio/Content/Menu/PauseMenu.uasset" 7616
"C:/Users/Amir sanni/Desktop/Biplo/Roomba-Biplo-Studio/Content/Menu/OptionsMenu.uasset" 7617
"C:/Users/Amir sanni/Desktop/Biplo/Roomba-Biplo-Studio/Content/ThirdPerson/Blueprints/Niagra/NS_TrailGreen.uasset" 7618
"../../Plugins/FX/Niagara/Content/DynamicInputs/ValueFromCurve/FloatFromCurve.uasset" 7619
"../../Plugins/FX/Niagara/Content/Functions/Localspace/TransformVector.uasset" 7620
"../../Plugins/FX/Niagara/Content/Functions/Localspace/TransformBase.uasset" 7621
"../../Plugins/FX/Niagara/Content/Modules/Emitter/EmitterState.uasset" 7622
"../../Plugins/FX/Niagara/Content/Functions/Emitter/EmitterChangeState.uasset" 7623
"../../Plugins/FX/Niagara/Content/Enums/ENiagara_EmitterStateOptions.uasset" 7624
"../../Plugins/FX/Niagara/Content/Enums/ENiagara_InfiniteLoopDuration.uasset" 7625
"../../Plugins/FX/Niagara/Content/Enums/ENiagaraEmitterLifeCycleMode.uasset" 7626
"../../Plugins/FX/Niagara/Content/Enums/ENiagaraEmitterScalabilityMode_Limited.uasset" 7627
"../../Plugins/FX/Niagara/Content/Enums/ENiagaraExecutionStateManagement.uasset" 7628
"../../Plugins/FX/Niagara/Content/Enums/ENiagaraInactiveMode.uasset" 7629
"../../Plugins/FX/Niagara/Content/Modules/Emitter/SpawnPerFrame.uasset" 7630
"../../Plugins/FX/Niagara/Content/Functions/RandomRangeFloat.uasset" 7631
"../../Plugins/FX/Niagara/Content/Functions/GetRandomInfo.uasset" 7632
"../../Plugins/FX/Niagara/Content/Enums/ENiagaraRandomnessMode.uasset" 7633
"../../Plugins/FX/Niagara/Content/Modules/Ribbons/ScaleRibbonWidth.uasset" 7634
"../../Plugins/FX/Niagara/Content/Modules/Spawn/Initialization/V2/InitializeParticle.uasset" 7635
"../../Plugins/FX/Niagara/Content/Functions/LinearColor/HueShiftLinearColor.uasset" 7636
"../../Plugins/FX/Niagara/Content/Functions/Localspace/SimulationPosition.uasset" 7637
"../../Plugins/FX/Niagara/Content/Functions/V2/CalculateRandomBool.uasset" 7638
"../../Plugins/FX/Niagara/Content/Functions/V2/CalculateRandomRangeInteger.uasset" 7639
"../../Plugins/FX/Niagara/Content/Enums/ENiagaraRandomnessEvaluation.uasset" 7640
"../../Plugins/FX/Niagara/Content/Functions/V2/CalculateRandomRange.uasset" 7641
"../../Plugins/FX/Niagara/Content/Functions/V2/CalculateRandomRangeFloat.uasset" 7642
"../../Plugins/FX/Niagara/Content/Enums/ENiagara_ColorInitializationMode.uasset" 7643
"../../Plugins/FX/Niagara/Content/Enums/ENiagara_LifetimeMode.uasset" 7644
"../../Plugins/FX/Niagara/Content/Enums/ENiagara_MassInitializationMode.uasset" 7645
"../../Plugins/FX/Niagara/Content/Enums/ENiagara_PositionInitializationMode.uasset" 7646
"../../Plugins/FX/Niagara/Content/Enums/ENiagara_SizeScaleMode.uasset" 7647
"../../Plugins/FX/Niagara/Content/Enums/ENiagara_SpriteRotationMode.uasset" 7648
"../../Plugins/FX/Niagara/Content/Enums/ENiagara_UVFlippingMode.uasset" 7649
"../../Plugins/FX/Niagara/Content/Enums/ENiagaraChannelCorrelation.uasset" 7650
"../../Plugins/FX/Niagara/Content/Enums/Ribbons/ENiagara_UnsetDirectSet.uasset" 7651
"../../Plugins/FX/Niagara/Content/Enums/Ribbons/ENiagara_UnsetDirectSetRandom.uasset" 7652
"../../Plugins/FX/Niagara/Content/Modules/System/SystemState.uasset" 7653
"../../Plugins/FX/Niagara/Content/Functions/System/SystemChangeState.uasset" 7654
"../../Plugins/FX/Niagara/Content/Enums/ENiagaraSystemInactiveMode.uasset" 7655
"../../Plugins/FX/Niagara/Content/Modules/Update/Color/Color.uasset" 7656
"../../Plugins/FX/Niagara/Content/Modules/Update/Lifetime/ParticleState.uasset" 7657
"../../Plugins/FX/Niagara/Content/Functions/Math/SaturateFloat.uasset" 7658
"../../Plugins/FX/Niagara/Content/Icons/Modules/T_Icon_Particle_InfiniteLife.uasset" 7659
"C:/Users/Amir sanni/Desktop/Biplo/Roomba-Biplo-Studio/Content/Assets/2DImages/Facial/Face2.uasset" 7660
"C:/Users/Amir sanni/Desktop/Biplo/Roomba-Biplo-Studio/Content/Assets/2DImages/Facial/Biplo_faces_glow_scanlines-ezgif_com-webp-to-png-converter_Sprite_0.uasset" 7661
"C:/Users/Amir sanni/Desktop/Biplo/Roomba-Biplo-Studio/Content/Assets/2DImages/Facial/Biplo_faces_glow_scanlines-ezgif_com-webp-to-png-converter_Sprite_1.uasset" 7662
"C:/Users/Amir sanni/Desktop/Biplo/Roomba-Biplo-Studio/Content/Assets/2DImages/Facial/Biplo_faces_glow_scanlines-ezgif_com-webp-to-png-converter_Sprite_2.uasset" 7663
"C:/Users/Amir sanni/Desktop/Biplo/Roomba-Biplo-Studio/Content/Assets/2DImages/Facial/Biplo_faces_glow_scanlines-ezgif_com-webp-to-png-converter_Sprite_4.uasset" 7664
"C:/Users/Amir sanni/Desktop/Biplo/Roomba-Biplo-Studio/Content/Assets/2DImages/Facial/Biplo_faces_glow_scanlines-ezgif_com-webp-to-png-converter_Sprite_5.uasset" 7665
"C:/Users/Amir sanni/Desktop/Biplo/Roomba-Biplo-Studio/Content/Assets/Powerstation/Generator_Temp-20250326T122037Z-001/Generator_Temp/Plug.uasset" 7666
"C:/Users/Amir sanni/Desktop/Biplo/Roomba-Biplo-Studio/Content/Menu/MainMenu.uasset" 7667
"C:/Users/Amir sanni/Desktop/Biplo/Roomba-Biplo-Studio/Content/Menu/SaveMenu.uasset" 7668
"C:/Users/Amir sanni/Desktop/Biplo/Roomba-Biplo-Studio/Content/ThirdPerson/Blueprints/SaveSystem_BP/SaveSystem_BP.uasset" 7669
"C:/Users/Amir sanni/Desktop/Biplo/Roomba-Biplo-Studio/Content/ThirdPerson/Blueprints/CheckPoint_BP/CheckPoint_BP.uasset" 7670
"C:/Users/Amir sanni/Desktop/Biplo/Roomba-Biplo-Studio/Content/ThirdPerson/Blueprints/SaveSystem_BP/SaveSystemFunctionLibrary_BP.uasset" 7671
"C:/Users/Amir sanni/Desktop/Biplo/Roomba-Biplo-Studio/Content/NewAssetsCool/RoombaFinal/roomba.uasset" 7672
"C:/Users/Amir sanni/Desktop/Biplo/Roomba-Biplo-Studio/Content/ThirdPerson/Blueprints/Tutorial_BP/TutorialFunctionLibrary_BP.uasset" 7673
"C:/Users/Amir sanni/Desktop/Biplo/Roomba-Biplo-Studio/Content/ThirdPerson/Blueprints/Tutorial_BP/Tutorial_BP.uasset" 7674
"C:/Users/Amir sanni/Desktop/Biplo/Roomba-Biplo-Studio/Content/ThirdPerson/Blueprints/Tutorial_BP/TutorialWidget_BP.uasset" 7675
"C:/Users/Amir sanni/Desktop/Biplo/Roomba-Biplo-Studio/Content/Assets/2DImages/Facial/Improved/DeathFace.uasset" 7676
"C:/Users/Amir sanni/Desktop/Biplo/Roomba-Biplo-Studio/Content/Assets/2DImages/Facial/Improved/BiploFaces2_0_Sprite_17.uasset" 7677
"C:/Users/Amir sanni/Desktop/Biplo/Roomba-Biplo-Studio/Content/Assets/2DImages/Facial/Improved/BiploFaces2_0_Sprite_19.uasset" 7678
"C:/Users/Amir sanni/Desktop/Biplo/Roomba-Biplo-Studio/Content/Assets/2DImages/Facial/Improved/BiploFaces2_0_Sprite_20.uasset" 7679
"C:/Users/Amir sanni/Desktop/Biplo/Roomba-Biplo-Studio/Content/Assets/2DImages/Facial/Improved/BiploFaces2_0_Sprite_21.uasset" 7680
"C:/Users/Amir sanni/Desktop/Biplo/Roomba-Biplo-Studio/Content/Assets/2DImages/Facial/Improved/GreenFace.uasset" 7681
"C:/Users/Amir sanni/Desktop/Biplo/Roomba-Biplo-Studio/Content/Assets/2DImages/Facial/Improved/BiploFaces2_0_Sprite_0.uasset" 7682
"C:/Users/Amir sanni/Desktop/Biplo/Roomba-Biplo-Studio/Content/Assets/2DImages/Facial/Improved/BiploFaces2_0_Sprite_1.uasset" 7683
"C:/Users/Amir sanni/Desktop/Biplo/Roomba-Biplo-Studio/Content/Assets/2DImages/Facial/Improved/BiploFaces2_0_Sprite_2.uasset" 7684
"C:/Users/Amir sanni/Desktop/Biplo/Roomba-Biplo-Studio/Content/Assets/2DImages/Facial/Improved/BiploFaces2_0_Sprite_3.uasset" 7685
"C:/Users/Amir sanni/Desktop/Biplo/Roomba-Biplo-Studio/Content/Assets/2DImages/Facial/Improved/BiploFaces2_0_Sprite_4.uasset" 7686
"C:/Users/Amir sanni/Desktop/Biplo/Roomba-Biplo-Studio/Content/Assets/2DImages/Facial/Improved/OrangeFace.uasset" 7687
"C:/Users/Amir sanni/Desktop/Biplo/Roomba-Biplo-Studio/Content/Assets/2DImages/Facial/Improved/BiploFaces2_0_Sprite_10.uasset" 7688
"C:/Users/Amir sanni/Desktop/Biplo/Roomba-Biplo-Studio/Content/Assets/2DImages/Facial/Improved/BiploFaces2_0_Sprite_6.uasset" 7689
"C:/Users/Amir sanni/Desktop/Biplo/Roomba-Biplo-Studio/Content/Assets/2DImages/Facial/Improved/BiploFaces2_0_Sprite_7.uasset" 7690
"C:/Users/Amir sanni/Desktop/Biplo/Roomba-Biplo-Studio/Content/Assets/2DImages/Facial/Improved/BiploFaces2_0_Sprite_8.uasset" 7691
"C:/Users/Amir sanni/Desktop/Biplo/Roomba-Biplo-Studio/Content/Assets/2DImages/Facial/Improved/BiploFaces2_0_Sprite_9.uasset" 7692
"C:/Users/Amir sanni/Desktop/Biplo/Roomba-Biplo-Studio/Content/Assets/2DImages/Facial/Improved/RedFace.uasset" 7693
"C:/Users/Amir sanni/Desktop/Biplo/Roomba-Biplo-Studio/Content/Assets/2DImages/Facial/Improved/BiploFaces2_0_Sprite_13.uasset" 7694
"C:/Users/Amir sanni/Desktop/Biplo/Roomba-Biplo-Studio/Content/Assets/2DImages/Facial/Improved/BiploFaces2_0_Sprite_14.uasset" 7695
"C:/Users/Amir sanni/Desktop/Biplo/Roomba-Biplo-Studio/Content/Assets/2DImages/Facial/Improved/BiploFaces2_0_Sprite_15.uasset" 7696
"C:/Users/Amir sanni/Desktop/Biplo/Roomba-Biplo-Studio/Content/Assets/2DImages/Facial/Improved/BiploFaces2_0_Sprite_22.uasset" 7697
"../../../Engine/Plugins/FX/Niagara/Shaders/Private/NiagaraDataInterfaceCurveTemplate.ush" 7698
"../../../Engine/Plugins/FX/Niagara/Shaders/Private/NiagaraDataInterfaceMeshRendererInfoTemplate.ush" 7699
"../../../Engine/Plugins/FX/Niagara/Shaders/Private/NiagaraDataInterfaceTexture2DArrayTemplate.ush" 7700
"../../../Engine/Plugins/FX/Niagara/Shaders/Private/NiagaraDataInterfaceActorComponentTemplate.ush" 7701
"../../../Engine/Plugins/FX/Niagara/Shaders/Private/NiagaraDataInterfaceArrayTemplate.ush" 7702
"../../../Engine/Plugins/FX/Niagara/Shaders/Private/NiagaraDataInterfaceArrayRWTemplate.ush" 7703
"../../../Engine/Plugins/FX/Niagara/Shaders/Private/NiagaraDataInterfaceAsyncGpuTrace.ush" 7704
"../../../Engine/Plugins/FX/Niagara/Shaders/Private/NiagaraDataInterfaceAsyncGpuTraceTemplate.ush" 7705
"../../../Engine/Plugins/FX/Niagara/Shaders/Private/NiagaraDataInterfaceCamera.ush" 7706
"../../../Engine/Plugins/Experimental/ChaosNiagara/Shaders/NiagaraDataInterfaceChaosDestruction.ush" 7707
"../../../Engine/Plugins/FX/Niagara/Shaders/Private/NiagaraDataInterfaceCollisionQuery.ush" 7708
"../../../Engine/Shaders/Public/SubstratePublic.ush" 7709
"../../../Engine/Plugins/FX/Niagara/Shaders/Private/NiagaraDataInterfaceCollisionQueryTemplate.ush" 7710
"../../../Engine/Plugins/FX/Niagara/Shaders/Private/NiagaraDataInterfaceCubeTextureTemplate.ush" 7711
"../../../Engine/Plugins/FX/Niagara/Shaders/Private/DataChannel/NiagaraDataInterfaceDataChannelCommon.ush" 7712
"../../../Engine/Plugins/FX/Niagara/Shaders/Private/DataChannel/NiagaraDataInterfaceDataChannelTemplateCommon.ush" 7713
"../../../Engine/Plugins/FX/Niagara/Shaders/Private/DataChannel/NiagaraDataInterfaceDataChannelTemplate_Read.ush" 7714
"../../../Engine/Plugins/FX/Niagara/Shaders/Private/DataChannel/NiagaraDataInterfaceDataChannelTemplate_Consume.ush" 7715
"../../../Engine/Plugins/FX/Niagara/Shaders/Private/NiagaraDataInterfaceDebugDraw.ush" 7716
"../../../Engine/Plugins/FX/Niagara/Shaders/Private/NiagaraDataInterfaceDebugDrawTemplate.ush" 7717
"../../../Engine/Plugins/FX/Niagara/Shaders/Private/NiagaraDataInterfaceDynamicMeshTemplate.ush" 7718
"../../../Engine/Plugins/FX/Niagara/Shaders/Private/NiagaraDataInterfaceEmitterPropertiesTemplate.ush" 7719
"../../../Engine/Plugins/FX/Niagara/Shaders/Private/NiagaraDataInterfaceExportTemplate.ush" 7720
"../../../Engine/Plugins/FX/Niagara/Shaders/Private/NiagaraDataInterfaceGBufferTemplate.ush" 7721
"../../../Engine/Plugins/Experimental/ChaosNiagara/Shaders/NiagaraDataInterfaceGeometryCollection.ush" 7722
"../../../Engine/Plugins/FX/Niagara/Shaders/Private/NiagaraDataInterfaceIntRenderTarget2D.ush" 7723
"../../../Engine/Plugins/FX/Niagara/Shaders/Private/NiagaraDataInterfaceLandscape.ush" 7724
"../../../Engine/Plugins/FX/Niagara/Shaders/Private/NiagaraDataInterfaceMemoryBufferTemplate.ush" 7725
"../../../Engine/Plugins/FX/Niagara/Shaders/Private/NiagaraDataInterfaceOcclusion.ush" 7726
"../../../Engine/Plugins/FX/Niagara/Shaders/Private/NiagaraDataInterfacePhysicsAsset.ush" 7727
"../../../Engine/Plugins/Experimental/ChaosNiagara/Shaders/NiagaraDataInterfacePhysicsField.ush" 7728
"../../../Engine/Plugins/FX/Niagara/Shaders/Private/NiagaraDataInterfaceRenderTarget2DTemplate.ush" 7729
"../../../Engine/Plugins/FX/Niagara/Shaders/Private/NiagaraDataInterfaceRenderTarget2DArrayTemplate.ush" 7730
"../../../Engine/Plugins/FX/Niagara/Shaders/Private/NiagaraDataInterfaceRenderTargetCubeTemplate.ush" 7731
"../../../Engine/Plugins/FX/Niagara/Shaders/Private/NiagaraDataInterfaceRenderTargetVolumeTemplate.ush" 7732
"../../../Engine/Plugins/FX/Niagara/Shaders/Private/NiagaraDataInterfaceRigidMeshCollisionQuery.ush" 7733
"../../../Engine/Plugins/FX/Niagara/Shaders/Private/NiagaraDataInterfaceSceneCapture2DTemplate.ush" 7734
"../../../Engine/Plugins/FX/Niagara/Shaders/Private/NiagaraDataInterfaceSimCacheReaderTemplate.ush" 7735
"../../../Engine/Plugins/FX/Niagara/Shaders/Private/NiagaraDataInterfaceSimpleCounterTemplate.ush" 7736
"../../../Engine/Plugins/FX/Niagara/Shaders/Private/NiagaraDataInterfaceSkeletalMesh.ush" 7737
"../../../Engine/Plugins/FX/Niagara/Shaders/Private/NiagaraBaryCentricUtils.ush" 7738
"../../../Engine/Plugins/FX/Niagara/Shaders/Private/NiagaraDataInterfaceSkeletalMeshTemplate.ush" 7739
"../../../Engine/Plugins/FX/Niagara/Shaders/Private/NiagaraDataInterfaceSparseVolumeTextureTemplate.ush" 7740
"../../../Engine/Plugins/FX/Niagara/Shaders/Private/NiagaraDataInterfaceSplineTemplate.ush" 7741
"../../../Engine/Plugins/FX/Niagara/Shaders/Private/NiagaraDataInterfaceSpriteRendererInfoTemplate.ush" 7742
"../../../Engine/Plugins/FX/Niagara/Shaders/Private/NiagaraDataInterfaceStaticMeshTemplate.ush" 7743
"../../../Engine/Plugins/FX/Niagara/Shaders/Private/NiagaraDataInterfaceTextureTemplate.ush" 7744
"../../../Engine/Plugins/FX/Niagara/Shaders/Private/NiagaraDataInterfaceVirtualTexture.ush" 7745
"../../../Engine/Plugins/FX/Niagara/Shaders/Private/NiagaraDataInterfaceVirtualTextureTemplate.ush" 7746
"../../../Engine/Plugins/FX/Niagara/Shaders/Private/NiagaraDataInterfaceVolumeCache.ush" 7747
"../../../Engine/Plugins/FX/Niagara/Shaders/Private/NiagaraDataInterfaceVolumeTextureTemplate.ush" 7748
"C:/Users/Amir sanni/Desktop/Biplo/Roomba-Biplo-Studio/Content/__ExternalActors__/ThirdPerson/Maps/ThirdPersonMap1/8/3Q/IEJ4ZVD4QSKO6OFLX6AOJ1.uasset" 7749
"C:/Users/Amir sanni/Desktop/Biplo/Roomba-Biplo-Studio/Content/__ExternalActors__/ThirdPerson/Maps/ThirdPersonMap1/8/IN/JSFOU6CYMYUIX1XR4RLCPU.uasset" 7750
"C:/Users/Amir sanni/Desktop/Biplo/Roomba-Biplo-Studio/Content/__ExternalActors__/ThirdPerson/Maps/ThirdPersonMap1/8/IO/3SHNQS6K4M65ER1JC8GAJM.uasset" 7751
"C:/Users/Amir sanni/Desktop/Biplo/Roomba-Biplo-Studio/Content/__ExternalActors__/ThirdPerson/Maps/ThirdPersonMap1/8/R9/KWUGWZFB28YYTEBQLECDOC.uasset" 7752
"C:/Users/Amir sanni/Desktop/Biplo/Roomba-Biplo-Studio/Content/StarterContent/Props/SM_DoorFrame.uasset" 7753
"C:/Users/Amir sanni/Desktop/Biplo/Roomba-Biplo-Studio/Content/__ExternalActors__/ThirdPerson/Maps/ThirdPersonMap1/8/T4/NI2R58UEZHFHVTKJSOL4P2.uasset" 7754
"C:/Users/Amir sanni/Desktop/Biplo/Roomba-Biplo-Studio/Content/__ExternalActors__/ThirdPerson/Maps/ThirdPersonMap1/9/7G/V9IK6J8YHK5ZWATA4U4R7O.uasset" 7755
"C:/Users/Amir sanni/Desktop/Biplo/Roomba-Biplo-Studio/Content/__ExternalActors__/ThirdPerson/Maps/ThirdPersonMap1/9/JE/8MB8IX2DW5L34K7VPSIAZU.uasset" 7756
"C:/Users/Amir sanni/Desktop/Biplo/Roomba-Biplo-Studio/Content/__ExternalActors__/ThirdPerson/Maps/ThirdPersonMap1/9/Q4/MATQVDJ5YKLQNH7G0SDBDK.uasset" 7757
"C:/Users/Amir sanni/Desktop/Biplo/Roomba-Biplo-Studio/Content/__ExternalActors__/ThirdPerson/Maps/ThirdPersonMap1/A/HD/K90G7JQLWJWY146FHFBWZA.uasset" 7758
"C:/Users/Amir sanni/Desktop/Biplo/Roomba-Biplo-Studio/Content/__ExternalActors__/ThirdPerson/Maps/ThirdPersonMap1/A/YW/H3DEQHOG8C1FQYWM97EFLE.uasset" 7759
"C:/Users/Amir sanni/Desktop/Biplo/Roomba-Biplo-Studio/Content/ThirdPerson/Blueprints/LevelSwitcher_BP/BP_LevelSwitcher.uasset" 7760
"C:/Users/Amir sanni/Desktop/Biplo/Roomba-Biplo-Studio/Content/__ExternalActors__/ThirdPerson/Maps/ThirdPersonMap1/B/5A/BNS6FMJ08Z1EEDN04GDGW0.uasset" 7761
"C:/Users/Amir sanni/Desktop/Biplo/Roomba-Biplo-Studio/Content/__ExternalActors__/ThirdPerson/Maps/ThirdPersonMap1/B/5K/WPOZU0UF613EIXEH48X65Z.uasset" 7762
"C:/Users/Amir sanni/Desktop/Biplo/Roomba-Biplo-Studio/Content/__ExternalActors__/ThirdPerson/Maps/ThirdPersonMap1/B/GK/6DJTLUZ5N7ELUN15G40VXY.uasset" 7763
"C:/Users/Amir sanni/Desktop/Biplo/Roomba-Biplo-Studio/Content/__ExternalActors__/ThirdPerson/Maps/ThirdPersonMap1/B/LV/5KN4A2TFBMSDOGPCAXGRQJ.uasset" 7764
"C:/Users/Amir sanni/Desktop/Biplo/Roomba-Biplo-Studio/Content/__ExternalActors__/ThirdPerson/Maps/ThirdPersonMap1/B/UK/061D5QPSB2JWBN5U7UH3L6.uasset" 7765
"C:/Users/Amir sanni/Desktop/Biplo/Roomba-Biplo-Studio/Content/__ExternalActors__/ThirdPerson/Maps/ThirdPersonMap1/C/D8/3JBDQ3R5JT3QXC6TZA91HP.uasset" 7766
"C:/Users/Amir sanni/Desktop/Biplo/Roomba-Biplo-Studio/Content/__ExternalActors__/ThirdPerson/Maps/ThirdPersonMap1/C/K1/64PXUQDBF5RNR3V3KLVFL1.uasset" 7767
"C:/Users/Amir sanni/Desktop/Biplo/Roomba-Biplo-Studio/Content/__ExternalActors__/ThirdPerson/Maps/ThirdPersonMap1/C/MF/4BWR9CQD2US75PO7Q03R5Y.uasset" 7768
"C:/Users/Amir sanni/Desktop/Biplo/Roomba-Biplo-Studio/Content/__ExternalActors__/ThirdPerson/Maps/ThirdPersonMap1/D/BE/DWVJ7REM84DF4Y0TOJGFQN.uasset" 7769
"C:/Users/Amir sanni/Desktop/Biplo/Roomba-Biplo-Studio/Content/__ExternalActors__/ThirdPerson/Maps/ThirdPersonMap1/E/2X/G6BI6XXUF9AQZ4WT2BHAHF.uasset" 7770
"C:/Users/Amir sanni/Desktop/Biplo/Roomba-Biplo-Studio/Content/__ExternalActors__/ThirdPerson/Maps/ThirdPersonMap1/E/QZ/JS4A82HLHQ56SCVUT43MSC.uasset" 7771
"../../../Engine/Content/EditorResources/EmptyActor.uasset" 7772
"../../../Engine/Content/EditorResources/LightIcons/S_LightError.uasset" 7773
"C:/Users/Amir sanni/Desktop/Biplo/Roomba-Biplo-Studio/Content/LevelDesign/DavidsCooking/ApartmentLightLeakFix.uasset" 7774
"C:/Users/Amir sanni/Desktop/Biplo/Roomba-Biplo-Studio/Content/LevelDesign/DavidsCooking/ApartmentLightBlocker2.uasset" 7775
"C:/Users/Amir sanni/Desktop/Biplo/Roomba-Biplo-Studio/Content/LevelDesign/DavidsCooking/ApartmentDoorWire.uasset" 7776
"C:/Users/Amir sanni/Desktop/Biplo/Roomba-Biplo-Studio/Content/Assets/Roomba/roomba__1__Roomba.uasset" 7777
"C:/Users/Amir sanni/Desktop/Biplo/Roomba-Biplo-Studio/Content/Assets/Roomba/roomba__1__meter.uasset" 7778
"C:/Users/Amir sanni/Desktop/Biplo/Roomba-Biplo-Studio/Content/Assets/Rooftop/Railing2.uasset" 7779
"C:/Users/Amir sanni/Desktop/Biplo/Roomba-Biplo-Studio/Content/Assets/Rooftop/Railing1.uasset" 7780
"C:/Users/Amir sanni/Desktop/Biplo/Roomba-Biplo-Studio/Content/Assets/Powerstation/Generator_Temp-20250326T122037Z-001/Generator_Temp/Socket.uasset" 7781
"C:/Users/Amir sanni/Desktop/Biplo/Roomba-Biplo-Studio/Content/Assets/PLACEHOLDERS/Crane.uasset" 7782
"C:/Users/Amir sanni/Desktop/Biplo/Roomba-Biplo-Studio/Content/Assets/ConstructionSite/Crane_and_girder/Ladder/LadderTop/LadderTopLow.uasset" 7783
"C:/Users/Amir sanni/Desktop/Biplo/Roomba-Biplo-Studio/Content/Assets/ConstructionSite/Crane_and_girder/Ladder/LadderLow.uasset" 7784
"C:/Users/Amir sanni/Desktop/Biplo/Roomba-Biplo-Studio/Content/Assets/ConstructionSite/Crane_and_girder/Girder/Rope.uasset" 7785
"C:/Users/Amir sanni/Desktop/Biplo/Roomba-Biplo-Studio/Content/Assets/Bike/Bike.uasset" 7786
"C:/Users/Amir sanni/Desktop/Biplo/Roomba-Biplo-Studio/Content/VentsGatesWire3.uasset" 7787
"C:/Users/Amir sanni/Desktop/Biplo/Roomba-Biplo-Studio/Content/VentsGatesWire2.uasset" 7788
"C:/Users/Amir sanni/Desktop/Biplo/Roomba-Biplo-Studio/Content/OlliesCooking1.uasset" 7789
"C:/Users/Amir sanni/Desktop/Biplo/Roomba-Biplo-Studio/Content/StarterContent/Props/SM_TableRound.uasset" 7790
"C:/Users/Amir sanni/Desktop/Biplo/Roomba-Biplo-Studio/Content/StarterContent/Props/SM_Statue.uasset" 7791
"C:/Users/Amir sanni/Desktop/Biplo/Roomba-Biplo-Studio/Content/StarterContent/Particles/P_Steam_Lit.uasset" 7792
"../../../Engine/Content/EngineMeshes/s_cube_1cm_flippednormals.uasset" 7793
"../../../Engine/Plugins/FX/NiagaraFluids/Content/Materials/Grid3D/M_3DGas_Base.uasset" 7794
"C:/Users/Amir sanni/Desktop/Biplo/Roomba-Biplo-Studio/Content/StarterContent/Particles/P_Smoke.uasset" 7795
"C:/Users/Amir sanni/Desktop/Biplo/Roomba-Biplo-Studio/Content/StarterContent/Props/SM_Shelf.uasset" 7796
"C:/Users/Amir sanni/Desktop/Biplo/Roomba-Biplo-Studio/Content/Assets/PLACEHOLDERS/MI_Fog.uasset" 7797
"C:/Users/Amir sanni/Desktop/Biplo/Roomba-Biplo-Studio/Content/Assets/Bakery/AugustusSign.uasset" 7798
"C:/Users/Amir sanni/Desktop/Biplo/Roomba-Biplo-Studio/Content/Assets/Apartment/Furniture/PictureFrame2.uasset" 7799
"C:/Users/Amir sanni/Desktop/Biplo/Roomba-Biplo-Studio/Content/StarterContent/Props/SM_Lamp_Wall.uasset" 7800
"C:/Users/Amir sanni/Desktop/Biplo/Roomba-Biplo-Studio/Content/StarterContent/Props/SM_Lamp_Ceiling.uasset" 7801
"C:/Users/Amir sanni/Desktop/Biplo/Roomba-Biplo-Studio/Content/StarterContent/Props/SM_WindowFrame.uasset" 7802
"C:/Users/Amir sanni/Desktop/Biplo/Roomba-Biplo-Studio/Content/StarterContent/Props/SM_PillarFrame300.uasset" 7803
"C:/Users/Amir sanni/Desktop/Biplo/Roomba-Biplo-Studio/Content/StarterContent/Props/SM_PillarFrame.uasset" 7804
"C:/Users/Amir sanni/Desktop/Biplo/Roomba-Biplo-Studio/Content/StarterContent/Props/SM_CornerFrame.uasset" 7805
"C:/Users/Amir sanni/Desktop/Biplo/Roomba-Biplo-Studio/Content/StarterContent/Particles/P_Ambient_Dust.uasset" 7806
"C:/Users/Amir sanni/Desktop/Biplo/Roomba-Biplo-Studio/Content/StarterContent/Props/SM_Door.uasset" 7807
"C:/Users/Amir sanni/Desktop/Biplo/Roomba-Biplo-Studio/Content/StarterContent/Props/SM_Couch.uasset" 7808
"C:/Users/Amir sanni/Desktop/Biplo/Roomba-Biplo-Studio/Content/StarterContent/Props/SM_Chair.uasset" 7809
"C:/Users/Amir sanni/Desktop/Biplo/Roomba-Biplo-Studio/Content/StarterContent/Props/SM_Bush.uasset" 7810
"C:/Users/Amir sanni/Desktop/Biplo/Roomba-Biplo-Studio/Content/ThirdPerson/Blueprints/Generator/Terminal_BP.uasset" 7811
"C:/Users/Amir sanni/Desktop/Biplo/Roomba-Biplo-Studio/Content/ThirdPerson/Blueprints/Generator/TerminalSwitch_BP.uasset" 7812
"C:/Users/Amir sanni/Desktop/Biplo/Roomba-Biplo-Studio/Content/NewAssetsCool/WaterTower/waterTower.uasset" 7813
"C:/Users/Amir sanni/Desktop/Biplo/Roomba-Biplo-Studio/Content/NewAssetsCool/Warehouse/warehouse.uasset" 7814
"C:/Users/Amir sanni/Desktop/Biplo/Roomba-Biplo-Studio/Content/NewAssetsCool/TimedPowerboxes/timedFuseBox.uasset" 7815
"C:/Users/Amir sanni/Desktop/Biplo/Roomba-Biplo-Studio/Content/NewAssetsCool/Terminal/terminal.uasset" 7816
"C:/Users/Amir sanni/Desktop/Biplo/Roomba-Biplo-Studio/Content/NewAssetsCool/Tarp/tarp_Low.uasset" 7817
"C:/Users/Amir sanni/Desktop/Biplo/Roomba-Biplo-Studio/Content/NewAssetsCool/Roof/VentilationLong.uasset" 7818
"C:/Users/Amir sanni/Desktop/Biplo/Roomba-Biplo-Studio/Content/NewAssetsCool/Roof/VentilationBlock.uasset" 7819
"C:/Users/Amir sanni/Desktop/Biplo/Roomba-Biplo-Studio/Content/NewAssetsCool/Roof/VentilationRamp.uasset" 7820
"C:/Users/Amir sanni/Desktop/Biplo/Roomba-Biplo-Studio/Content/NewAssetsCool/Powerplant/powerPlant.uasset" 7821
"C:/Users/Amir sanni/Desktop/Biplo/Roomba-Biplo-Studio/Content/NewAssetsCool/Powerplant/nuclearTower.uasset" 7822
"C:/Users/Amir sanni/Desktop/Biplo/Roomba-Biplo-Studio/Content/NewAssetsCool/ModularVents/singleVent/vent1.uasset" 7823
"C:/Users/Amir sanni/Desktop/Biplo/Roomba-Biplo-Studio/Content/NewAssetsCool/ConstructionSiteFence/fenceBlock.uasset" 7824
"C:/Users/Amir sanni/Desktop/Biplo/Roomba-Biplo-Studio/Content/NewAssetsCool/ConstructionSiteFence/constructionSiteFence.uasset" 7825
"C:/Users/Amir sanni/Desktop/Biplo/Roomba-Biplo-Studio/Content/LevelDesign/M_Secret.uasset" 7826
"C:/Users/Amir sanni/Desktop/Biplo/Roomba-Biplo-Studio/Content/LevelDesign/DavidsCooking/Cooking2/My_name_is_david.uasset" 7827
"C:/Users/Amir sanni/Desktop/Biplo/Roomba-Biplo-Studio/Content/LevelDesign/M_BakeryDecale.uasset" 7828
"C:/Users/Amir sanni/Desktop/Biplo/Roomba-Biplo-Studio/Content/Characters/Mannequins/Materials/Functions/MF_Diffraction.uasset" 7829
"C:/Users/Amir sanni/Desktop/Biplo/Roomba-Biplo-Studio/Content/Assets/Warehouse/WoodenCrate.uasset" 7830
"C:/Users/Amir sanni/Desktop/Biplo/Roomba-Biplo-Studio/Content/Assets/Warehouse/WarehouseInt.uasset" 7831
"C:/Users/Amir sanni/Desktop/Biplo/Roomba-Biplo-Studio/Content/Assets/Warehouse/WarehouseExt.uasset" 7832
"C:/Users/Amir sanni/Desktop/Biplo/Roomba-Biplo-Studio/Content/Assets/Warehouse/DriveBox.uasset" 7833
"C:/Users/Amir sanni/Desktop/Biplo/Roomba-Biplo-Studio/Content/Assets/Warehouse/CardboardBox.uasset" 7834
"C:/Users/Amir sanni/Desktop/Biplo/Roomba-Biplo-Studio/Content/Assets/Vents/VentFrame.uasset" 7835
"C:/Users/Amir sanni/Desktop/Biplo/Roomba-Biplo-Studio/Content/InteractPrototypeBP/Triggers/LightTrigger/SpotLightInteract_BP.uasset" 7836
"C:/Users/Amir sanni/Desktop/Biplo/Roomba-Biplo-Studio/Content/Assets/StreetLight.uasset" 7837
"C:/Users/Amir sanni/Desktop/Biplo/Roomba-Biplo-Studio/Content/PointLightInteract_BP.uasset" 7838
"C:/Users/Amir sanni/Desktop/Biplo/Roomba-Biplo-Studio/Content/Assets/Road/RoadStraight.uasset" 7839
"C:/Users/Amir sanni/Desktop/Biplo/Roomba-Biplo-Studio/Content/Assets/Road/RoadMain.uasset" 7840
"C:/Users/Amir sanni/Desktop/Biplo/Roomba-Biplo-Studio/Content/Assets/Powerstation/Generator_Temp-20250326T122037Z-001/Generator_Temp/Generator/Generator.uasset" 7841
"C:/Users/Amir sanni/Desktop/Biplo/Roomba-Biplo-Studio/Content/Assets/Lift/Lift_Fix.uasset" 7842
"C:/Users/Amir sanni/Desktop/Biplo/Roomba-Biplo-Studio/Content/Assets/fuseBox2.uasset" 7843
"C:/Users/Amir sanni/Desktop/Biplo/Roomba-Biplo-Studio/Content/Assets/fence.uasset" 7844
"C:/Users/Amir sanni/Desktop/Biplo/Roomba-Biplo-Studio/Content/Assets/Dumpster/dumpster_lid2_Low1.uasset" 7845
"C:/Users/Amir sanni/Desktop/Biplo/Roomba-Biplo-Studio/Content/Assets/Dumpster/dumpster_lid1_Low1.uasset" 7846
"C:/Users/Amir sanni/Desktop/Biplo/Roomba-Biplo-Studio/Content/Assets/Dumpster/dumpster_dumpster.uasset" 7847
"C:/Users/Amir sanni/Desktop/Biplo/Roomba-Biplo-Studio/Content/Assets/BakeryDoor.uasset" 7848
"C:/Users/Amir sanni/Desktop/Biplo/Roomba-Biplo-Studio/Content/Assets/ConstructionSite/Term/ELERM.uasset" 7849
"C:/Users/Amir sanni/Desktop/Biplo/Roomba-Biplo-Studio/Content/Assets/ConstructionSite/Tarp/Tarp.uasset" 7850
"C:/Users/Amir sanni/Desktop/Biplo/Roomba-Biplo-Studio/Content/Assets/ConstructionSite/Rebar3.uasset" 7851
"C:/Users/Amir sanni/Desktop/Biplo/Roomba-Biplo-Studio/Content/Assets/ConstructionSite/Rebar2.uasset" 7852
"C:/Users/Amir sanni/Desktop/Biplo/Roomba-Biplo-Studio/Content/Assets/ConstructionSite/Rebar1.uasset" 7853
"C:/Users/Amir sanni/Desktop/Biplo/Roomba-Biplo-Studio/Content/Assets/ConstructionSite/Pillar1.uasset" 7854
"C:/Users/Amir sanni/Desktop/Biplo/Roomba-Biplo-Studio/Content/Assets/ConstructionSite/Floor.uasset" 7855
"C:/Users/Amir sanni/Desktop/Biplo/Roomba-Biplo-Studio/Content/Assets/ConstructionSite/Fence.uasset" 7856
"C:/Users/Amir sanni/Desktop/Biplo/Roomba-Biplo-Studio/Content/Assets/ConstructionSite/Container.uasset" 7857
"C:/Users/Amir sanni/Desktop/Biplo/Roomba-Biplo-Studio/Content/Assets/ConstructionSite/Crane_and_girder/Girder/BeamMain.uasset" 7858
"C:/Users/Amir sanni/Desktop/Biplo/Roomba-Biplo-Studio/Content/Assets/ConstructionSite/Crane_and_girder/Girder/BeamEnd.uasset" 7859
"C:/Users/Amir sanni/Desktop/Biplo/Roomba-Biplo-Studio/Content/Assets/ConstructionSite/Crane_and_girder/Crane/Crane_Neck.uasset" 7860
"C:/Users/Amir sanni/Desktop/Biplo/Roomba-Biplo-Studio/Content/Assets/ConstructionSite/Crane_and_girder/Crane/Crane_TopPart.uasset" 7861
"C:/Users/Amir sanni/Desktop/Biplo/Roomba-Biplo-Studio/Content/Assets/ConstructionSite/Building1/ConstructionHouse.uasset" 7862
"C:/Users/Amir sanni/Desktop/Biplo/Roomba-Biplo-Studio/Content/Assets/cone_Low1.uasset" 7863
"C:/Users/Amir sanni/Desktop/Biplo/Roomba-Biplo-Studio/Content/Assets/SM_Car.uasset" 7864
"C:/Users/Amir sanni/Desktop/Biplo/Roomba-Biplo-Studio/Content/Assets/Buildings/Roof.uasset" 7865
"C:/Users/Amir sanni/Desktop/Biplo/Roomba-Biplo-Studio/Content/Assets/Buildings/Wall.uasset" 7866
"C:/Users/Amir sanni/Desktop/Biplo/Roomba-Biplo-Studio/Content/Assets/Buildings/M_GradientWallOrange.uasset" 7867
"C:/Users/Amir sanni/Desktop/Biplo/Roomba-Biplo-Studio/Content/Assets/Buildings/Edge2.uasset" 7868
"C:/Users/Amir sanni/Desktop/Biplo/Roomba-Biplo-Studio/Content/Assets/Buildings/Edge.uasset" 7869
"C:/Users/Amir sanni/Desktop/Biplo/Roomba-Biplo-Studio/Content/Assets/Buildings/Door.uasset" 7870
"C:/Users/Amir sanni/Desktop/Biplo/Roomba-Biplo-Studio/Content/Assets/Buildings/Window.uasset" 7871
"C:/Users/Amir sanni/Desktop/Biplo/Roomba-Biplo-Studio/Content/Assets/Boxes/CardboardBox.uasset" 7872
"C:/Users/Amir sanni/Desktop/Biplo/Roomba-Biplo-Studio/Content/Assets/roadblock_Low.uasset" 7873
"C:/Users/Amir sanni/Desktop/Biplo/Roomba-Biplo-Studio/Content/Assets/Bakery/ShelfLow.uasset" 7874
"C:/Users/Amir sanni/Desktop/Biplo/Roomba-Biplo-Studio/Content/Assets/Bakery/RegisterLow1.uasset" 7875
"C:/Users/Amir sanni/Desktop/Biplo/Roomba-Biplo-Studio/Content/Assets/Bakery/DisplayLow.uasset" 7876
"C:/Users/Amir sanni/Desktop/Biplo/Roomba-Biplo-Studio/Content/Assets/Bakery/CounterLow2.uasset" 7877
"C:/Users/Amir sanni/Desktop/Biplo/Roomba-Biplo-Studio/Content/Assets/Bakery/bakeryLow3.uasset" 7878
"C:/Users/Amir sanni/Desktop/Biplo/Roomba-Biplo-Studio/Content/Assets/Apartment/Furniture/ToyCar.uasset" 7879
"C:/Users/Amir sanni/Desktop/Biplo/Roomba-Biplo-Studio/Content/Assets/Apartment/M_Test.uasset" 7880
"C:/Users/Amir sanni/Desktop/Biplo/Roomba-Biplo-Studio/Content/Assets/Apartment/Modular/FloorWithHole.uasset" 7881
"C:/Users/Amir sanni/Desktop/Biplo/Roomba-Biplo-Studio/Content/Assets/Apartment/Modular/FloorSmall2.uasset" 7882
"C:/Users/Amir sanni/Desktop/Biplo/Roomba-Biplo-Studio/Content/Assets/Apartment/Modular/FloorSmall1.uasset" 7883
"C:/Users/Amir sanni/Desktop/Biplo/Roomba-Biplo-Studio/Content/Assets/Apartment/Modular/Floor.uasset" 7884
"C:/Users/Amir sanni/Desktop/Biplo/Roomba-Biplo-Studio/Content/Assets/Apartment/Furniture/Ramp.uasset" 7885
"C:/Users/Amir sanni/Desktop/Biplo/Roomba-Biplo-Studio/Content/Assets/Apartment/M_Plank2.uasset" 7886
"C:/Users/Amir sanni/Desktop/Biplo/Roomba-Biplo-Studio/Content/Assets/Apartment/Furniture/Plank.uasset" 7887
"C:/Users/Amir sanni/Desktop/Biplo/Roomba-Biplo-Studio/Content/Assets/Apartment/Furniture/M_PCOn.uasset" 7888
"C:/Users/Amir sanni/Desktop/Biplo/Roomba-Biplo-Studio/Content/Assets/Apartment/FLATSCREEN.uasset" 7889
"C:/Users/Amir sanni/Desktop/Biplo/Roomba-Biplo-Studio/Content/Assets/Apartment/FlorenscentLight.uasset" 7890
"C:/Users/Amir sanni/Desktop/Biplo/Roomba-Biplo-Studio/Content/Assets/Apartment/Ceiling.uasset" 7891
"C:/Users/Amir sanni/Desktop/Biplo/Roomba-Biplo-Studio/Content/Assets/Apartment/Furniture/DeskAttempt1.uasset" 7892
"C:/Users/Amir sanni/Desktop/Biplo/Roomba-Biplo-Studio/Content/Assets/Apartment/Furniture/Bottle.uasset" 7893
"C:/Users/Amir sanni/Desktop/Biplo/Roomba-Biplo-Studio/Content/Assets/Apartment/Hole.uasset" 7894
"C:/Users/Amir sanni/Desktop/Biplo/Roomba-Biplo-Studio/Content/Assets/M_Pavement2.uasset" 7895
"C:/Users/Amir sanni/Desktop/Biplo/Roomba-Biplo-Studio/Content/Assets/M_Pavement1.uasset" 7896
"C:/Users/Amir sanni/Desktop/Biplo/Roomba-Biplo-Studio/Content/Menu/InteractionWidget.uasset" 7897
"C:/Users/Amir sanni/Desktop/Biplo/Roomba-Biplo-Studio/Content/InteractPrototypeBP/ProximityPromptComponent_BP.uasset" 7898
"C:/Users/Amir sanni/Desktop/Biplo/Roomba-Biplo-Studio/Content/InteractPrototypeBP/poweboxPopupPlaceholder.uasset" 7899
"C:/Users/Amir sanni/Desktop/Biplo/Roomba-Biplo-Studio/Content/Assets/Roomba/roomba__1_.uasset" 7900
"C:/Users/Amir sanni/Desktop/Biplo/Roomba-Biplo-Studio/Content/Assets/M_Roomba.uasset" 7901
"C:/Users/Amir sanni/Desktop/Biplo/Roomba-Biplo-Studio/Content/Assets/MI_GLass.uasset" 7902
"C:/Users/Amir sanni/Desktop/Biplo/Roomba-Biplo-Studio/Content/StarterContent/Props/SM_Rock.uasset" 7903
"C:/Users/Amir sanni/Desktop/Biplo/Roomba-Biplo-Studio/Content/Characters/Mannequin_UE4/Materials/M_MannequinUE4_Body.uasset" 7904
"C:/Users/Amir sanni/Desktop/Biplo/Roomba-Biplo-Studio/Content/StarterContent/Particles/P_Explosion.uasset" 7905
"C:/Users/Amir sanni/Desktop/Biplo/Roomba-Biplo-Studio/Content/P_Explosion2.uasset" 7906
"C:/Users/Amir sanni/Desktop/Biplo/Roomba-Biplo-Studio/Content/StarterContent/Particles/P_Sparks2.uasset" 7907
"C:/Users/Amir sanni/Desktop/Biplo/Roomba-Biplo-Studio/Content/StarterContent/Particles/P_Sparks1.uasset" 7908
"C:/Users/Amir sanni/Desktop/Biplo/Roomba-Biplo-Studio/Content/StarterContent/Particles/P_Sparks.uasset" 7909
"C:/Users/Amir sanni/Desktop/Biplo/Roomba-Biplo-Studio/Content/StarterContent/Particles/P_Fire.uasset" 7910
"C:/Users/Amir sanni/Desktop/Biplo/Roomba-Biplo-Studio/Content/StarterContent/Blueprints/Assets/M_LightStage_Skybox_HDRI.uasset" 7911
"C:/Users/Amir sanni/Desktop/Biplo/Roomba-Biplo-Studio/Content/StarterContent/Blueprints/Assets/M_LightStage_Skybox_Black.uasset" 7912
"C:/Users/Amir sanni/Desktop/Biplo/Roomba-Biplo-Studio/Content/Menu/Console/SciFiMonitor.uasset" 7913
"C:/Users/Amir sanni/Desktop/Biplo/Roomba-Biplo-Studio/Content/Assets/Road/M_Road.uasset" 7914
"C:/Users/Amir sanni/Desktop/Biplo/Roomba-Biplo-Studio/Content/Assets/Apartment/Textures/M_TVScreenOn.uasset" 7915
"C:/Users/Amir sanni/Desktop/Biplo/Roomba-Biplo-Studio/Content/Assets/Apartment/Textures/M_Stairs.uasset" 7916
"C:/Users/Amir sanni/Desktop/Biplo/Roomba-Biplo-Studio/Content/Assets/Apartment/Textures/M_SmallFloor.uasset" 7917
"C:/Users/Amir sanni/Desktop/Biplo/Roomba-Biplo-Studio/Content/Assets/Apartment/Textures/M_FlorenscentLightBulb.uasset" 7918
"C:/Users/Amir sanni/Desktop/Biplo/Roomba-Biplo-Studio/Content/Assets/Apartment/Textures/M_FloorWithHole.uasset" 7919
"C:/Users/Amir sanni/Desktop/Biplo/Roomba-Biplo-Studio/Content/Assets/2DImages/D_Crack2.uasset" 7920
"C:/Users/Amir sanni/Desktop/Biplo/Roomba-Biplo-Studio/Content/Assets/2DImages/D_Crack1.uasset" 7921
"C:/Users/Amir sanni/Desktop/Biplo/Roomba-Biplo-Studio/Content/LevelDesign/DavidsCooking/M_FakeDepth.uasset" 7922
"C:/Users/Amir sanni/Desktop/Biplo/Roomba-Biplo-Studio/Content/LevelDesign/M_ProgressDoor.uasset" 7923
"C:/Users/Amir sanni/Desktop/Biplo/Roomba-Biplo-Studio/Content/LevelDesign/DavidsCooking/M_BlackFade.uasset" 7924
"C:/Users/Amir sanni/Desktop/Biplo/Roomba-Biplo-Studio/Content/Assets/Apartment/Textures/M_Wall7.uasset" 7925
"C:/Users/Amir sanni/Desktop/Biplo/Roomba-Biplo-Studio/Content/Assets/Apartment/Textures/M_Wall6.uasset" 7926
"C:/Users/Amir sanni/Desktop/Biplo/Roomba-Biplo-Studio/Content/Assets/Apartment/Textures/M_Wall5.uasset" 7927
"../../../Engine/Content/OpenWorldTemplate/LandscapeMaterial/MF_ProcGrid.uasset" 7928
"C:/Users/Amir sanni/Desktop/Biplo/Roomba-Biplo-Studio/Content/Assets/Apartment/Textures/M_Wall4.uasset" 7929
"C:/Users/Amir sanni/Desktop/Biplo/Roomba-Biplo-Studio/Content/Assets/Apartment/Textures/M_Wall3.uasset" 7930
"C:/Users/Amir sanni/Desktop/Biplo/Roomba-Biplo-Studio/Content/Assets/Apartment/Textures/M_Wall2.uasset" 7931
"C:/Users/Amir sanni/Desktop/Biplo/Roomba-Biplo-Studio/Content/Assets/Apartment/Textures/M_Wall1.uasset" 7932
"C:/Users/Amir sanni/Desktop/Biplo/Roomba-Biplo-Studio/Content/Assets/Apartment/Textures/M_Trim.uasset" 7933
"C:/Users/Amir sanni/Desktop/Biplo/Roomba-Biplo-Studio/Content/Assets/Apartment/Textures/M_Hole.uasset" 7934
"C:/Users/Amir sanni/Desktop/Biplo/Roomba-Biplo-Studio/Content/Assets/Apartment/Textures/M_Floor.uasset" 7935
"C:/Users/Amir sanni/Desktop/Biplo/Roomba-Biplo-Studio/Content/Assets/Apartment/Grunge/MF_Grunge1.uasset" 7936
"C:/Users/Amir sanni/Desktop/Biplo/Roomba-Biplo-Studio/Content/Assets/Apartment/Grunge/MF_Grunge.uasset" 7937
"C:/Users/Amir sanni/Desktop/Biplo/Roomba-Biplo-Studio/Content/Assets/Apartment/Grunge/MF_BaseWall1.uasset" 7938
"C:/Users/Amir sanni/Desktop/Biplo/Roomba-Biplo-Studio/Content/Assets/Apartment/MF_Grunge1.uasset" 7939
"C:/Users/Amir sanni/Desktop/Biplo/Roomba-Biplo-Studio/Content/Assets/Apartment/MF_Grunge.uasset" 7940
"C:/Users/Amir sanni/Desktop/Biplo/Roomba-Biplo-Studio/Content/Assets/Apartment/MF_BaseWall1.uasset" 7941
"C:/Users/Amir sanni/Desktop/Biplo/Roomba-Biplo-Studio/Content/Characters/Mannequins/Rigs/Poses/Quinn/Quinn_upperarm_r_pose.uasset" 7942
"C:/Users/Amir sanni/Desktop/Biplo/Roomba-Biplo-Studio/Content/Characters/Mannequins/Rigs/Poses/Quinn/Quinn_upperarm_l_pose.uasset" 7943
"C:/Users/Amir sanni/Desktop/Biplo/Roomba-Biplo-Studio/Content/Characters/Mannequins/Rigs/Poses/Quinn/Quinn_thigh_r_pose.uasset" 7944
"C:/Users/Amir sanni/Desktop/Biplo/Roomba-Biplo-Studio/Content/Characters/Mannequins/Rigs/Poses/Quinn/Quinn_thigh_l_pose.uasset" 7945
"C:/Users/Amir sanni/Desktop/Biplo/Roomba-Biplo-Studio/Content/Characters/Mannequins/Rigs/Poses/Quinn/Quinn_lowerarm_r_pose.uasset" 7946
"C:/Users/Amir sanni/Desktop/Biplo/Roomba-Biplo-Studio/Content/Characters/Mannequins/Rigs/Poses/Quinn/Quinn_lowerarm_l_pose.uasset" 7947
"C:/Users/Amir sanni/Desktop/Biplo/Roomba-Biplo-Studio/Content/Characters/Mannequins/Rigs/Poses/Quinn/Quinn_hand_r_pose.uasset" 7948
"C:/Users/Amir sanni/Desktop/Biplo/Roomba-Biplo-Studio/Content/Characters/Mannequins/Rigs/Poses/Quinn/Quinn_hand_l_pose.uasset" 7949
"C:/Users/Amir sanni/Desktop/Biplo/Roomba-Biplo-Studio/Content/Characters/Mannequins/Rigs/Poses/Quinn/Quinn_foot_r_pose.uasset" 7950
"C:/Users/Amir sanni/Desktop/Biplo/Roomba-Biplo-Studio/Content/Characters/Mannequins/Rigs/Poses/Quinn/Quinn_foot_l_pose.uasset" 7951
"C:/Users/Amir sanni/Desktop/Biplo/Roomba-Biplo-Studio/Content/Characters/Mannequins/Rigs/Poses/Quinn/Quinn_clavicle_r_pose.uasset" 7952
"C:/Users/Amir sanni/Desktop/Biplo/Roomba-Biplo-Studio/Content/Characters/Mannequins/Rigs/Poses/Quinn/Quinn_clavicle_l_pose.uasset" 7953
"C:/Users/Amir sanni/Desktop/Biplo/Roomba-Biplo-Studio/Content/Characters/Mannequins/Rigs/Poses/Quinn/Quinn_calf_r_pose.uasset" 7954
"C:/Users/Amir sanni/Desktop/Biplo/Roomba-Biplo-Studio/Content/Characters/Mannequins/Rigs/Poses/Quinn/Quinn_calf_l_pose.uasset" 7955
"C:/Users/Amir sanni/Desktop/Biplo/Roomba-Biplo-Studio/Content/Characters/Mannequins/Rigs/Poses/Manny/Manny_upperarm_r_pose.uasset" 7956
"C:/Users/Amir sanni/Desktop/Biplo/Roomba-Biplo-Studio/Content/Characters/Mannequins/Rigs/Poses/Manny/Manny_upperarm_l_pose.uasset" 7957
"C:/Users/Amir sanni/Desktop/Biplo/Roomba-Biplo-Studio/Content/Characters/Mannequins/Rigs/Poses/Manny/Manny_thigh_r_pose.uasset" 7958
"C:/Users/Amir sanni/Desktop/Biplo/Roomba-Biplo-Studio/Content/Characters/Mannequins/Rigs/Poses/Manny/Manny_thigh_l_pose.uasset" 7959
"C:/Users/Amir sanni/Desktop/Biplo/Roomba-Biplo-Studio/Content/Characters/Mannequins/Rigs/Poses/Manny/Manny_lowerarm_r_pose.uasset" 7960
"C:/Users/Amir sanni/Desktop/Biplo/Roomba-Biplo-Studio/Content/Characters/Mannequins/Rigs/Poses/Manny/Manny_lowerarm_l_pose.uasset" 7961
"C:/Users/Amir sanni/Desktop/Biplo/Roomba-Biplo-Studio/Content/Characters/Mannequins/Rigs/Poses/Manny/Manny_hand_r_pose.uasset" 7962
"C:/Users/Amir sanni/Desktop/Biplo/Roomba-Biplo-Studio/Content/Characters/Mannequins/Rigs/Poses/Manny/Manny_hand_l_pose.uasset" 7963
"C:/Users/Amir sanni/Desktop/Biplo/Roomba-Biplo-Studio/Content/Characters/Mannequins/Rigs/Poses/Manny/Manny_foot_r_pose.uasset" 7964
"C:/Users/Amir sanni/Desktop/Biplo/Roomba-Biplo-Studio/Content/Characters/Mannequins/Rigs/Poses/Manny/Manny_foot_l_pose.uasset" 7965
"C:/Users/Amir sanni/Desktop/Biplo/Roomba-Biplo-Studio/Content/Characters/Mannequins/Rigs/Poses/Manny/Manny_clavicle_r_pose.uasset" 7966
"C:/Users/Amir sanni/Desktop/Biplo/Roomba-Biplo-Studio/Content/Characters/Mannequins/Rigs/Poses/Manny/Manny_clavicle_l_pose.uasset" 7967
"C:/Users/Amir sanni/Desktop/Biplo/Roomba-Biplo-Studio/Content/Characters/Mannequins/Rigs/Poses/Manny/Manny_calf_r_pose.uasset" 7968
"C:/Users/Amir sanni/Desktop/Biplo/Roomba-Biplo-Studio/Content/Characters/Mannequins/Rigs/Poses/Manny/Manny_calf_l_pose.uasset" 7969
"C:/Users/Amir sanni/Desktop/Biplo/Roomba-Biplo-Studio/Content/Characters/Mannequins/Animations/Quinn/BS_MF_Unarmed_WalkRun.uasset" 7970
"C:/Users/Amir sanni/Desktop/Biplo/Roomba-Biplo-Studio/Content/Characters/Mannequins/Animations/Manny/BS_MM_WalkRun.uasset" 7971
"C:/Users/Amir sanni/Desktop/Biplo/Roomba-Biplo-Studio/Content/ThirdPerson/Blueprints/Niagra/NS_Smoke3.uasset" 7972
"C:/Users/Amir sanni/Desktop/Biplo/Roomba-Biplo-Studio/Content/Assets/2DImages/Facial/Improved/BiploFaces2_0_Sprite_5.uasset" 7973
"../../../Engine/Content/EditorMeshes/ColorCalibrator/SM_ColorCalibrator.uasset" 7974
"C:/Users/Amir sanni/Desktop/Biplo/Roomba-Biplo-Studio/Content/Assets/2DImages/Facial/Improved/BiploFaces2_0_Sprite_18.uasset" 7975
"C:/Users/Amir sanni/Desktop/Biplo/Roomba-Biplo-Studio/Content/Assets/2DImages/Facial/Improved/BiploFaces2_0_Sprite_16.uasset" 7976
"C:/Users/Amir sanni/Desktop/Biplo/Roomba-Biplo-Studio/Content/Assets/2DImages/Facial/Improved/BiploFaces2_0_Sprite_12.uasset" 7977
"C:/Users/Amir sanni/Desktop/Biplo/Roomba-Biplo-Studio/Content/Assets/2DImages/Facial/Improved/BiploFaces2_0_Sprite_11.uasset" 7978
"C:/Users/Amir sanni/Desktop/Biplo/Roomba-Biplo-Studio/Content/Assets/2DImages/Facial/Biplo_power_up-ezgif_com-webp-to-png-converter_Sprite_3.uasset" 7979
"C:/Users/Amir sanni/Desktop/Biplo/Roomba-Biplo-Studio/Content/Assets/2DImages/Facial/Biplo_power_up-ezgif_com-webp-to-png-converter_Sprite_2.uasset" 7980
"C:/Users/Amir sanni/Desktop/Biplo/Roomba-Biplo-Studio/Content/Assets/2DImages/Facial/Biplo_power_up-ezgif_com-webp-to-png-converter_Sprite_1.uasset" 7981
"C:/Users/Amir sanni/Desktop/Biplo/Roomba-Biplo-Studio/Content/Assets/2DImages/Facial/Biplo_power_up-ezgif_com-webp-to-png-converter_Sprite_0.uasset" 7982
"C:/Users/Amir sanni/Desktop/Biplo/Roomba-Biplo-Studio/Content/Assets/2DImages/Facial/Biplo_faces_glow_scanlines-ezgif_com-webp-to-png-converter_Sprite_6.uasset" 7983
"C:/Users/Amir sanni/Desktop/Biplo/Roomba-Biplo-Studio/Content/Assets/2DImages/Facial/Biplo_faces_glow_scanlines-ezgif_com-webp-to-png-converter_Sprite_3.uasset" 7984
"../../../Engine/Plugins/Interchange/Runtime/Content/Functions/MX_OpenPBR_Opaque.uasset" 7985
"../../../Engine/Plugins/Interchange/Runtime/Content/gltf/M_Unlit.uasset" 7986
"../../../Engine/Plugins/Interchange/Runtime/Content/Functions/MX_TransmissionSurface.uasset" 7987
"../../../Engine/Content/EditorMaterials/Thumbnails/SkySphereMaterial.uasset" 7988
"C:/Users/Amir sanni/Desktop/Biplo/Roomba-Biplo-Studio/Content/InteractPrototypeBP/Triggers/Gate/Gate_BP.uasset" 7989
"C:/Users/Amir sanni/Desktop/Biplo/Roomba-Biplo-Studio/Content/InteractPrototypeBP/Triggers/Shutter/Shutter_BP.uasset" 7990
"C:/Users/Amir sanni/Desktop/Biplo/Roomba-Biplo-Studio/Content/__ExternalObjects__/ThirdPerson/Maps/ThirdPersonMap1/E/SQ/QZ1D9RLN65396VJ7F4GRFJ.uasset" 7991
"C:/Users/Amir sanni/Desktop/Biplo/Roomba-Biplo-Studio/Content/__ExternalObjects__/ThirdPerson/Maps/ThirdPersonMap1/C/DX/FHTF8E8352PT3FRBSFHK3D.uasset" 7992
"C:/Users/Amir sanni/Desktop/Biplo/Roomba-Biplo-Studio/Content/__ExternalObjects__/ThirdPerson/Maps/ThirdPersonMap1/9/PT/DOH9E3RVSGX6HGDFU6LBZ9.uasset" 7993
"C:/Users/Amir sanni/Desktop/Biplo/Roomba-Biplo-Studio/Content/__ExternalObjects__/ThirdPerson/Maps/ThirdPersonMap1/7/8T/P3HLCFZR3UHSB0XGNAXM4X.uasset" 7994
"C:/Users/Amir sanni/Desktop/Biplo/Roomba-Biplo-Studio/Content/__ExternalObjects__/ThirdPerson/Maps/ThirdPersonMap1/6/ED/V3VLSXDK79PSW3MCL2TTSC.uasset" 7995
"C:/Users/Amir sanni/Desktop/Biplo/Roomba-Biplo-Studio/Content/__ExternalObjects__/ThirdPerson/Maps/ThirdPersonMap1/4/SF/WOYCQKZW186DH7HDSGFUC1.uasset" 7996
"C:/Users/Amir sanni/Desktop/Biplo/Roomba-Biplo-Studio/Content/NewAssetsCool/Buildings/Building3/building6.uasset" 7997
"C:/Users/Amir sanni/Desktop/Biplo/Roomba-Biplo-Studio/Content/Assets/roomba__1__Roomba.uasset" 7998
"../../../Engine/Plugins/FX/NiagaraFluids/Content/Materials/Grid3D/Instances/MI_3DGas_Base.uasset" 7999
"C:/Users/Amir sanni/Desktop/Biplo/Roomba-Biplo-Studio/Content/StarterContent/Blueprints/Blueprint_Effect_Steam.uasset" 8000
"C:/Users/Amir sanni/Desktop/Biplo/Roomba-Biplo-Studio/Content/StarterContent/Blueprints/Blueprint_Effect_Smoke.uasset" 8001
"C:/Users/Amir sanni/Desktop/Biplo/Roomba-Biplo-Studio/Content/Assets/Apartment/PictureFrame2.uasset" 8002
"C:/Users/Amir sanni/Desktop/Biplo/Roomba-Biplo-Studio/Content/StarterContent/Blueprints/Blueprint_WallSconce.uasset" 8003
"C:/Users/Amir sanni/Desktop/Biplo/Roomba-Biplo-Studio/Content/StarterContent/Blueprints/Blueprint_CeilingLight.uasset" 8004
"C:/Users/Amir sanni/Desktop/Biplo/Roomba-Biplo-Studio/Content/ThirdPerson/Blueprints/Generator/GeneratorBp.uasset" 8005
"C:/Users/Amir sanni/Desktop/Biplo/Roomba-Biplo-Studio/Content/ThirdPerson/Blueprints/Generator/GeneratorSwitch_BP.uasset" 8006
"C:/Users/Amir sanni/Desktop/Biplo/Roomba-Biplo-Studio/Content/NewAssetsCool/Roof/New/VentilationRamp.uasset" 8007
"C:/Users/Amir sanni/Desktop/Biplo/Roomba-Biplo-Studio/Content/LevelDesign/DavidsCooking/Cooking2/BP_God.uasset" 8008
"C:/Users/Amir sanni/Desktop/Biplo/Roomba-Biplo-Studio/Content/Characters/Mannequins/Materials/M_Mannequin.uasset" 8009
"C:/Users/Amir sanni/Desktop/Biplo/Roomba-Biplo-Studio/Content/InteractPrototypeBP/Triggers/LightTrigger/LightInteract_BP.uasset" 8010
"C:/Users/Amir sanni/Desktop/Biplo/Roomba-Biplo-Studio/Content/ThirdPerson/Blueprints/Generator/Generator_BP.uasset" 8011
"C:/Users/Amir sanni/Desktop/Biplo/Roomba-Biplo-Studio/Content/Assets/Fence/fence.uasset" 8012
"C:/Users/Amir sanni/Desktop/Biplo/Roomba-Biplo-Studio/Content/InteractPrototypeBP/Triggers/DoorTrigger/DoorInteractable_BP.uasset" 8013
"C:/Users/Amir sanni/Desktop/Biplo/Roomba-Biplo-Studio/Content/ThirdPerson/Blueprints/Crane_BP/Crane_BP.uasset" 8014
"C:/Users/Amir sanni/Desktop/Biplo/Roomba-Biplo-Studio/Content/Assets/Apartment/FloorWithHole.uasset" 8015
"C:/Users/Amir sanni/Desktop/Biplo/Roomba-Biplo-Studio/Content/Assets/Apartment/FloorSmall1.uasset" 8016
"C:/Users/Amir sanni/Desktop/Biplo/Roomba-Biplo-Studio/Content/Assets/Apartment/Floor.uasset" 8017
"C:/Users/Amir sanni/Desktop/Biplo/Roomba-Biplo-Studio/Content/Assets/M_Pavement.uasset" 8018
"C:/Users/Amir sanni/Desktop/Biplo/Roomba-Biplo-Studio/Content/InteractPrototypeBP/InteractableComponent_BP.uasset" 8019
"C:/Users/Amir sanni/Desktop/Biplo/Roomba-Biplo-Studio/Content/Menu/BP_RoombaBouncing.uasset" 8020
"C:/Users/Amir sanni/Desktop/Biplo/Roomba-Biplo-Studio/Content/Assets/roomba__1_.uasset" 8021
"C:/Users/Amir sanni/Desktop/Biplo/Roomba-Biplo-Studio/Content/Characters/Mannequin_UE4/Materials/M_MannequinUE4_ChestLogo.uasset" 8022
"C:/Users/Amir sanni/Desktop/Biplo/Roomba-Biplo-Studio/Content/StarterContent/Blueprints/Blueprint_Effect_Explosion.uasset" 8023
"C:/Users/Amir sanni/Desktop/Biplo/Roomba-Biplo-Studio/Content/StarterContent/Blueprints/Blueprint_Effect_Sparks.uasset" 8024
"C:/Users/Amir sanni/Desktop/Biplo/Roomba-Biplo-Studio/Content/StarterContent/Blueprints/Blueprint_Effect_Fire.uasset" 8025
"C:/Users/Amir sanni/Desktop/Biplo/Roomba-Biplo-Studio/Content/Menu/Console/Console.uasset" 8026
"C:/Users/Amir sanni/Desktop/Biplo/Roomba-Biplo-Studio/Content/Assets/M_Road.uasset" 8027
"C:/Users/Amir sanni/Desktop/Biplo/Roomba-Biplo-Studio/Content/Assets/Apartment/Furniture/FlorenscentLightBulb.uasset" 8028
"C:/Users/Amir sanni/Desktop/Biplo/Roomba-Biplo-Studio/Content/Assets/Apartment/M_FlorenscentLightBulb.uasset" 8029
"C:/Users/Amir sanni/Desktop/Biplo/Roomba-Biplo-Studio/Content/Assets/Apartment/M_Wall6.uasset" 8030
"C:/Users/Amir sanni/Desktop/Biplo/Roomba-Biplo-Studio/Content/Assets/Apartment/M_Wall4.uasset" 8031
"../../../Engine/Content/OpenWorldTemplate/LandscapeMaterial/M_ProcGrid.uasset" 8032
"C:/Users/Amir sanni/Desktop/Biplo/Roomba-Biplo-Studio/Content/Assets/Apartment/Modular/WindowFrame3.uasset" 8033
"C:/Users/Amir sanni/Desktop/Biplo/Roomba-Biplo-Studio/Content/Assets/Apartment/Modular/WindowFrame2.uasset" 8034
"C:/Users/Amir sanni/Desktop/Biplo/Roomba-Biplo-Studio/Content/Assets/Apartment/Modular/WindowFrame1.uasset" 8035
"C:/Users/Amir sanni/Desktop/Biplo/Roomba-Biplo-Studio/Content/Assets/Apartment/Modular/WallWithHole.uasset" 8036
"C:/Users/Amir sanni/Desktop/Biplo/Roomba-Biplo-Studio/Content/Assets/Apartment/Modular/WallShortWidth.uasset" 8037
"C:/Users/Amir sanni/Desktop/Biplo/Roomba-Biplo-Studio/Content/Assets/Apartment/Modular/WallShortHeight.uasset" 8038
"C:/Users/Amir sanni/Desktop/Biplo/Roomba-Biplo-Studio/Content/Assets/Apartment/Modular/WallLongWidth.uasset" 8039
"C:/Users/Amir sanni/Desktop/Biplo/Roomba-Biplo-Studio/Content/Assets/Apartment/Modular/Wall.uasset" 8040
"C:/Users/Amir sanni/Desktop/Biplo/Roomba-Biplo-Studio/Content/Assets/Apartment/Modular/Stair.uasset" 8041
"C:/Users/Amir sanni/Desktop/Biplo/Roomba-Biplo-Studio/Content/Assets/Apartment/Modular/Doorway.uasset" 8042
"C:/Users/Amir sanni/Desktop/Biplo/Roomba-Biplo-Studio/Content/Assets/Apartment/Modular/Barrier.uasset" 8043
"C:/Users/Amir sanni/Desktop/Biplo/Roomba-Biplo-Studio/Content/Assets/Apartment/Modular/WindowTrim.uasset" 8044
"C:/Users/Amir sanni/Desktop/Biplo/Roomba-Biplo-Studio/Content/Assets/Apartment/Modular/WallTrim.uasset" 8045
"C:/Users/Amir sanni/Desktop/Biplo/Roomba-Biplo-Studio/Content/Assets/Apartment/Modular/ShortWallTrim.uasset" 8046
"C:/Users/Amir sanni/Desktop/Biplo/Roomba-Biplo-Studio/Content/Assets/Apartment/Modular/DoorWayTrim.uasset" 8047
"C:/Users/Amir sanni/Desktop/Biplo/Roomba-Biplo-Studio/Content/Assets/Apartment/Grunge/M_GrungeWall1.uasset" 8048
"C:/Users/Amir sanni/Desktop/Biplo/Roomba-Biplo-Studio/Content/Assets/Apartment/M_TestWallMat.uasset" 8049
"C:/Users/Amir sanni/Desktop/Biplo/Roomba-Biplo-Studio/Content/Characters/Mannequins/Rigs/ABP_Quinn_PostProcess.uasset" 8050
"C:/Users/Amir sanni/Desktop/Biplo/Roomba-Biplo-Studio/Content/Characters/Mannequins/Rigs/ABP_Manny_PostProcess.uasset" 8051
"C:/Users/Amir sanni/Desktop/Biplo/Roomba-Biplo-Studio/Content/Characters/Mannequins/Animations/ABP_Manny.uasset" 8052
"C:/Users/Amir sanni/Desktop/Biplo/Roomba-Biplo-Studio/Content/StarterContent/Maps/Minimal_Default.umap" 8053
"C:/Users/Amir sanni/Desktop/Biplo/Roomba-Biplo-Studio/Content/Assets/2DImages/Facial/PowerUp.uasset" 8054
"C:/Users/Amir sanni/Desktop/Biplo/Roomba-Biplo-Studio/Content/Assets/2DImages/Facial/Face1.uasset" 8055
"../../../Engine/Plugins/Interchange/Runtime/Content/gltf/MaterialInstances/MI_Unlit_Blend_DS.uasset" 8056
"../../../Engine/Plugins/Interchange/Runtime/Content/gltf/MaterialInstances/MI_Unlit_Mask_DS.uasset" 8057
"../../../Engine/Plugins/Interchange/Runtime/Content/gltf/MaterialInstances/MI_Unlit_Opaque_DS.uasset" 8058
"C:/Users/Amir sanni/Desktop/Biplo/Roomba-Biplo-Studio/Content/StarterContent/Blueprints/Assets/Skybox.uasset" 8059
"C:/Users/Amir sanni/Desktop/Biplo/Roomba-Biplo-Studio/Content/InteractPrototypeBP/Gate_BP.uasset" 8060
"../../../Engine/Plugins/Interchange/Runtime/Content/gltf/MaterialInstances/MI_Unlit_Blend.uasset" 8061
"C:/Users/Amir sanni/Desktop/Biplo/Roomba-Biplo-Studio/Content/Characters/Mannequins/Materials/Instances/Quinn/MI_Quinn_01.uasset" 8062
"../../../Engine/Plugins/Interchange/Runtime/Content/gltf/MaterialInstances/MI_Unlit_Mask.uasset" 8063
"C:/Users/Amir sanni/Desktop/Biplo/Roomba-Biplo-Studio/Content/Characters/Mannequins/Materials/Instances/Manny/MI_Manny_01.uasset" 8064
"../../../Engine/Plugins/Interchange/Runtime/Content/gltf/MaterialInstances/MI_Unlit_Opaque.uasset" 8065
"C:/Users/Amir sanni/Desktop/Biplo/Roomba-Biplo-Studio/Content/DoorPrototyp/LightInteract_BP.uasset" 8066
"C:/Users/Amir sanni/Desktop/Biplo/Roomba-Biplo-Studio/Content/ThirdPerson/Blueprints/Generator/BP_Generator.uasset" 8067
"C:/Users/Amir sanni/Desktop/Biplo/Roomba-Biplo-Studio/Content/InteractPrototypeBP/DoorInteractable_BP.uasset" 8068
"../../../Engine/Plugins/Interchange/Runtime/Content/Functions/MX_OpenPBR_Translucent.uasset" 8069
"C:/Users/Amir sanni/Desktop/Biplo/Roomba-Biplo-Studio/Content/ThirdPerson/Blueprints/Niagra/NS_Smoke1.uasset" 8070
"C:/Users/Amir sanni/Desktop/Biplo/Roomba-Biplo-Studio/Content/Characters/Mannequin_UE4/Meshes/SK_Mannequin.uasset" 8071
"C:/Users/Amir sanni/Desktop/Biplo/Roomba-Biplo-Studio/Content/StarterContent/Maps/StarterMap.umap" 8072
"C:/Users/Amir sanni/Desktop/Biplo/Roomba-Biplo-Studio/Content/ThirdPerson/Blueprints/Crane_BP/CraneController_BP.uasset" 8073
"C:/Users/Amir sanni/Desktop/Biplo/Roomba-Biplo-Studio/Content/Assets/Apartment/FlorenscentLightBulb.uasset" 8074
"C:/Users/Amir sanni/Desktop/Biplo/Roomba-Biplo-Studio/Content/LevelPrototyping/Materials/MI_PrototypeGrid_Gray_02.uasset" 8075
"C:/Users/Amir sanni/Desktop/Biplo/Roomba-Biplo-Studio/Content/Assets/Apartment/Furniture/PictureFrame1.uasset" 8076
"C:/Users/Amir sanni/Desktop/Biplo/Roomba-Biplo-Studio/Content/Assets/Apartment/WindowFrame3.uasset" 8077
"C:/Users/Amir sanni/Desktop/Biplo/Roomba-Biplo-Studio/Content/Assets/Apartment/WindowFrame2.uasset" 8078
"C:/Users/Amir sanni/Desktop/Biplo/Roomba-Biplo-Studio/Content/Assets/Apartment/WindowFrame1.uasset" 8079
"C:/Users/Amir sanni/Desktop/Biplo/Roomba-Biplo-Studio/Content/Assets/Apartment/WallWithHole.uasset" 8080
"../../../Engine/Content/OpenWorldTemplate/LandscapeMaterial/MI_ProcGrid.uasset" 8081
"C:/Users/Amir sanni/Desktop/Biplo/Roomba-Biplo-Studio/Content/Assets/Apartment/WallShortWidth.uasset" 8082
"C:/Users/Amir sanni/Desktop/Biplo/Roomba-Biplo-Studio/Content/Assets/Apartment/WallShortHeight.uasset" 8083
"C:/Users/Amir sanni/Desktop/Biplo/Roomba-Biplo-Studio/Content/Assets/Apartment/Wall.uasset" 8084
"C:/Users/Amir sanni/Desktop/Biplo/Roomba-Biplo-Studio/Content/Assets/Apartment/Stair.uasset" 8085
"C:/Users/Amir sanni/Desktop/Biplo/Roomba-Biplo-Studio/Content/Assets/Apartment/Doorway.uasset" 8086
"C:/Users/Amir sanni/Desktop/Biplo/Roomba-Biplo-Studio/Content/Assets/Apartment/Barrier.uasset" 8087
"C:/Users/Amir sanni/Desktop/Biplo/Roomba-Biplo-Studio/Content/Assets/Apartment/WindowTrim.uasset" 8088
"C:/Users/Amir sanni/Desktop/Biplo/Roomba-Biplo-Studio/Content/Assets/Apartment/WallTrim.uasset" 8089
"C:/Users/Amir sanni/Desktop/Biplo/Roomba-Biplo-Studio/Content/Assets/Apartment/ShortWallTrim.uasset" 8090
"C:/Users/Amir sanni/Desktop/Biplo/Roomba-Biplo-Studio/Content/Assets/Apartment/DoorWayTrim.uasset" 8091
"C:/Users/Amir sanni/Desktop/Biplo/Roomba-Biplo-Studio/Content/Characters/Mannequins/Animations/ABP_Quinn.uasset" 8092
"C:/Users/Amir sanni/Desktop/Biplo/Roomba-Biplo-Studio/Content/ThirdPerson/Blueprints/Niagra/NS_TrailRed.uasset" 8093
"C:/Users/Amir sanni/Desktop/Biplo/Roomba-Biplo-Studio/Content/ThirdPerson/Blueprints/Niagra/NS_TrailOrange.uasset" 8094
"../../../Engine/Content/EditorResources/AudioIcons/S_AudioComponent_AutoActivate.uasset" 8095
"C:/Users/Amir sanni/Desktop/Biplo/Roomba-Biplo-Studio/Content/StarterContent/Blueprints/BP_LightStudio.uasset" 8096
"../../../Engine/Plugins/Interchange/Runtime/Content/gltf/M_SpecularGlossiness.uasset" 8097
"C:/Users/Amir sanni/Desktop/Biplo/Roomba-Biplo-Studio/Content/Characters/Mannequins/Materials/Instances/Quinn/MI_Quinn_02.uasset" 8098
"../../../Engine/Plugins/Interchange/Runtime/Content/gltf/M_Sheen.uasset" 8099
"../../../Engine/Plugins/Interchange/Runtime/Content/gltf/M_Transmission.uasset" 8100
"../../../Engine/Plugins/Interchange/Runtime/Content/gltf/M_ClearCoat.uasset" 8101
"../../../Engine/Plugins/Interchange/Runtime/Content/gltf/M_Default.uasset" 8102
"../../Plugins/FX/Niagara/Content/DefaultAssets/Templates/CascadeConversion/CompletelyEmpty.uasset" 8103
"../../Plugins/FX/Niagara/Content/Modules/Emitter/SpawnBurst_Instantaneous.uasset" 8104
"../../Plugins/FX/Niagara/Content/Modules/Update/SubUV/V2/SubUVAnimation.uasset" 8105
"../../Plugins/FX/Niagara/Content/Functions/Helpers/SetBoolByTimer.uasset" 8106
"../../Plugins/FX/Niagara/Content/Functions/RandomRangeInteger.uasset" 8107
"../../Plugins/FX/Niagara/Content/Enums/ENiagara_SubUVLookupMode.uasset" 8108
"../../Plugins/FX/Niagara/Content/Enums/ENiagara_SubUVLookupModeV2.uasset" 8109
"../../Plugins/FX/Niagara/Content/Enums/ENiagara_WrapClamp.uasset" 8110
"../../Plugins/FX/Niagara/Content/Enums/ENiagaraMeshOrSprite.uasset" 8111
"../../Plugins/FX/Niagara/Content/Enums/SpriteRenderer/ENiagara_AutomaticManual.uasset" 8112
"../../Plugins/FX/Niagara/Content/Enums/SpriteRenderer/ENiagara_FPSPlayrate.uasset" 8113
"C:/Users/Amir sanni/Desktop/Biplo/Roomba-Biplo-Studio/Content/Characters/Mannequins/Materials/Instances/Manny/MI_Manny_02.uasset" 8114
"C:/Users/Amir sanni/Desktop/Biplo/Roomba-Biplo-Studio/Content/InteractPrototypeBP/TestInteractable2_BP.uasset" 8115
"C:/Users/Amir sanni/Desktop/Biplo/Roomba-Biplo-Studio/Content/ThirdPerson/Blueprints/Niagra/NS_Smoke2.uasset" 8116
"C:/Users/Amir sanni/Desktop/Biplo/Roomba-Biplo-Studio/Content/LevelPrototyping/Meshes/SM_Cylinder.uasset" 8117
"C:/Users/Amir sanni/Desktop/Biplo/Roomba-Biplo-Studio/Content/NewAssetsCool/RoombaFinal/Animation/AnimationMakerThing.umap" 8118
"C:/Users/Amir sanni/Desktop/Biplo/Roomba-Biplo-Studio/Content/LevelDesign/DavidsCooking/PLACEHOLDEROOM.umap" 8119
"C:/Users/Amir sanni/Desktop/Biplo/Roomba-Biplo-Studio/Content/LevelDesign/End.umap" 8120
"../../../Engine/Plugins/Interchange/Runtime/Content/gltf/MaterialInstances/MI_SpecularGlossiness_Blend_DS.uasset" 8121
"../../../Engine/Plugins/Interchange/Runtime/Content/gltf/MaterialInstances/MI_SpecularGlossiness_Opaque_DS.uasset" 8122
"../../../Engine/Plugins/Interchange/Runtime/Content/gltf/MaterialInstances/MI_SpecularGlossiness_Mask_DS.uasset" 8123
"../../../Engine/Plugins/Interchange/Runtime/Content/gltf/MaterialInstances/MI_Transmission_DS.uasset" 8124
"../../../Engine/Plugins/Interchange/Runtime/Content/gltf/MaterialInstances/MI_SpecularGlossiness_Opaque.uasset" 8125
"../../../Engine/Plugins/Interchange/Runtime/Content/gltf/MaterialInstances/MI_SpecularGlossiness_Mask.uasset" 8126
"../../../Engine/Plugins/Interchange/Runtime/Content/gltf/MaterialInstances/MI_Transmission.uasset" 8127
"../../../Engine/Plugins/Interchange/Runtime/Content/gltf/MaterialInstances/MI_SpecularGlossiness_Blend.uasset" 8128
"../../../Engine/Plugins/Interchange/Runtime/Content/gltf/MaterialInstances/MI_Sheen_Mask_DS.uasset" 8129
"../../../Engine/Plugins/Interchange/Runtime/Content/gltf/MaterialInstances/MI_Sheen_Blend_DS.uasset" 8130
"../../../Engine/Content/EditorResources/AudioIcons/S_AudioComponent.uasset" 8131
"../../../Engine/Plugins/Interchange/Runtime/Content/gltf/MaterialInstances/MI_Sheen_Opaque_DS.uasset" 8132
"../../../Engine/Plugins/Interchange/Runtime/Content/gltf/MaterialInstances/MI_Sheen_Blend.uasset" 8133
"../../../Engine/Plugins/Interchange/Runtime/Content/gltf/MaterialInstances/MI_Sheen_Opaque.uasset" 8134
"../../../Engine/Plugins/Interchange/Runtime/Content/gltf/MaterialInstances/MI_Sheen_Mask.uasset" 8135
"../../../Engine/Plugins/Interchange/Runtime/Content/gltf/MaterialInstances/MI_ClearCoat_Blend_DS.uasset" 8136
"../../../Engine/Plugins/Interchange/Runtime/Content/gltf/MaterialInstances/MI_ClearCoat_Mask_DS.uasset" 8137
"../../Plugins/FX/Niagara/Content/DynamicInputs/ValueFromCurve/ColorFromCurve.uasset" 8138
"../../../Engine/Plugins/Interchange/Runtime/Content/gltf/MaterialInstances/MI_ClearCoat_Opaque_DS.uasset" 8139
"../../../Engine/Plugins/Interchange/Runtime/Content/gltf/MaterialInstances/MI_ClearCoat_Blend.uasset" 8140
"../../../Engine/Plugins/Interchange/Runtime/Content/gltf/MaterialInstances/MI_ClearCoat_Mask.uasset" 8141
"../../../Engine/Plugins/Interchange/Runtime/Content/gltf/MaterialInstances/MI_ClearCoat_Opaque.uasset" 8142
"../../../Engine/Plugins/Interchange/Runtime/Content/gltf/MaterialInstances/MI_Default_Blend_DS.uasset" 8143
"../../../Engine/Plugins/Interchange/Runtime/Content/gltf/MaterialInstances/MI_Default_Mask_DS.uasset" 8144
"../../../Engine/Plugins/Interchange/Runtime/Content/gltf/MaterialInstances/MI_Default_Opaque_DS.uasset" 8145
"../../../Engine/Plugins/Interchange/Runtime/Content/gltf/MaterialInstances/MI_Default_Blend.uasset" 8146
"../../../Engine/Plugins/Interchange/Runtime/Content/gltf/MaterialInstances/MI_Default_Mask.uasset" 8147
"C:/Users/Amir sanni/Desktop/Biplo/Roomba-Biplo-Studio/Content/StarterContent/Maps/Advanced_Lighting.umap" 8148
"../../../Engine/Plugins/Interchange/Runtime/Content/gltf/MaterialInstances/MI_Default_Opaque.uasset" 8149
"../../Plugins/FX/Niagara/Content/DynamicInputs/UniformRange/V2/RandomRangeFloat.uasset" 8150
"../../Plugins/FX/Niagara/Content/Modules/Emitter/SpawnRate.uasset" 8151
"../../Plugins/FX/Niagara/Content/Modules/Solvers/SolveForcesAndVelocity.uasset" 8152
"../../Plugins/FX/Niagara/Content/Functions/DirectionAndLengthSafe.uasset" 8153
"../../Plugins/FX/Niagara/Content/Functions/Drag/DragVelocity.uasset" 8154
"../../Plugins/FX/Niagara/Content/Functions/Math/CentimeterMeterConversion.uasset" 8155
"../../Plugins/FX/Niagara/Content/Functions/Rotation/MultiplyVectorWithQuaternion.uasset" 8156
"../../Plugins/FX/Niagara/Content/Modules/Solvers/ApplyRotationVector.uasset" 8157
"../../Plugins/FX/Niagara/Content/Functions/Rotation/AxisAngleToQuaternion.uasset" 8158
"../../Plugins/FX/Niagara/Content/Functions/Rotation/MultiplyQuaternion.uasset" 8159
"../../Plugins/FX/Niagara/Content/Icons/Modules/T_Icon_Solver_LimitAccel.uasset" 8160
"../../Plugins/FX/Niagara/Content/Icons/Modules/T_Icon_Solver_LimitSpeed.uasset" 8161
"../../Plugins/FX/Niagara/Content/Icons/Modules/T_Icon_Solver_RotationalSolve.uasset" 8162
"../../Plugins/FX/Niagara/Content/Modules/Spawn/Location/V2/ShapeLocation.uasset" 8163
"../../Plugins/FX/Niagara/Content/Functions/Localspace/TransformPosition.uasset" 8164
"../../Plugins/FX/Niagara/Content/Functions/Math/CalculateRandomPointInConeSphereIntersection.uasset" 8165
"../../Plugins/FX/Niagara/Content/Functions/Rotation/AngleUnitConverter.uasset" 8166
"../../Plugins/FX/Niagara/Content/Enums/Angles/ENiagara_AngleInput.uasset" 8167
"../../Plugins/FX/Niagara/Content/Functions/Rotation/FindQuatBetween.uasset" 8168
"../../Plugins/FX/Niagara/Content/Functions/NormalizedExecutionIndex.uasset" 8169
"../../Plugins/FX/Niagara/Content/Functions/ParametricTorus.uasset" 8170
"../../Plugins/FX/Niagara/Content/Functions/ParametricTorusKnot.uasset" 8171
"../../Plugins/FX/Niagara/Content/Functions/PolarToCartesianCoordinates.uasset" 8172
"../../Plugins/FX/Niagara/Content/Functions/RandomPointInBox.uasset" 8173
"../../Plugins/FX/Niagara/Content/Functions/IsolateLongestVectorComponent.uasset" 8174
"../../Plugins/FX/Niagara/Content/Functions/Rotation/RotateVector2D.uasset" 8175
"../../Plugins/FX/Niagara/Content/Functions/Rotation/TransformStack/TransformStack_Rotation.uasset" 8176
"../../Plugins/FX/Niagara/Content/Functions/Rotation/InvertQuaternion.uasset" 8177
"../../Plugins/FX/Niagara/Content/Functions/Rotation/MakeQuaternionFrom3BasisVectors.uasset" 8178
"../../Plugins/FX/Niagara/Content/Functions/Rotation/MatrixToQuaternion.uasset" 8179
"../../Plugins/FX/Niagara/Content/Functions/Rotation/XYZRotationToQuaternion.uasset" 8180
"../../Plugins/FX/Niagara/Content/Enums/Transforms/ENiagara_RotationMode.uasset" 8181
"../../Plugins/FX/Niagara/Content/Functions/SphericalToCartesianCoordinates.uasset" 8182
"../../Plugins/FX/Niagara/Content/Functions/V2/RemapRange.uasset" 8183
"../../Plugins/FX/Niagara/Content/Enums/ENiagara_AttributeSamplingApplyOutput.uasset" 8184
"../../Plugins/FX/Niagara/Content/Enums/ENiagaraExpansionMode.uasset" 8185
"../../Plugins/FX/Niagara/Content/Enums/ENiagaraShapeTorusMode.uasset" 8186
"../../Plugins/FX/Niagara/Content/Enums/ENiagaraSphereDistributionMode.uasset" 8187
"../../Plugins/FX/Niagara/Content/Enums/ENiagaraTorusDistributionMode.uasset" 8188
"../../Plugins/FX/Niagara/Content/Enums/Location/ENiagara_BoxPlaneMode.uasset" 8189
"../../Plugins/FX/Niagara/Content/Enums/Location/ENiagara_ConeMode.uasset" 8190
"../../Plugins/FX/Niagara/Content/Enums/Location/ENiagara_CylinderMode.uasset" 8191
"../../Plugins/FX/Niagara/Content/Enums/Location/ENiagara_LocationShapes.uasset" 8192
"../../Plugins/FX/Niagara/Content/Enums/Location/ENiagaraRingDiscMode.uasset" 8193
"../../Plugins/FX/Niagara/Content/Enums/Transforms/ENiagara_OffsetMode.uasset" 8194
"../../Plugins/FX/Niagara/Content/Enums/Transforms/ENiagara_ScaleMode.uasset" 8195
"../../Plugins/FX/Niagara/Content/Enums/Transforms/ENiagara_TransformOrder.uasset" 8196
"../../Plugins/FX/Niagara/Content/Enums/Transforms/ENiagara_TransformType.uasset" 8197
"../../Plugins/FX/Niagara/Content/Modules/Spawn/Orientation/V3/InitialMeshOrientation.uasset" 8198
"../../Plugins/FX/Niagara/Content/Functions/Rotation/RandomQuaternion.uasset" 8199
"../../Plugins/FX/Niagara/Content/Enums/ENiagaraMeshTransforms.uasset" 8200
"../../Plugins/FX/Niagara/Content/Enums/Transforms/ENiagara_MeshOrientationOptions.uasset" 8201
"../../Plugins/FX/Niagara/Content/Modules/Spawn/Velocity/AddVelocity.uasset" 8202
"../../Plugins/FX/Niagara/Content/Functions/V2/CalculateRandomUnitVector.uasset" 8203
"../../Plugins/FX/Niagara/Content/Functions/V2/DistanceBasedFalloff.uasset" 8204
"../../Plugins/FX/Niagara/Content/Functions/NormalizeDistanceRange.uasset" 8205
"../../Plugins/FX/Niagara/Content/Enums/Utility/ENiagara_VelocityMode.uasset" 8206
"../../Plugins/FX/Niagara/Content/Modules/Update/Color/ScaleColor.uasset" 8207
"../../Plugins/FX/Niagara/Content/Enums/ENiagaraScaleColorMode.uasset" 8208
"../../Plugins/FX/Niagara/Content/Modules/Update/Size/ScaleMeshSize.uasset" 8209
"C:/Users/Amir sanni/Desktop/Biplo/Roomba-Biplo-Studio/Content/Characters/Mannequins/Meshes/SKM_Quinn_Simple.uasset" 8210
"C:/Users/Amir sanni/Desktop/Biplo/Roomba-Biplo-Studio/Content/Characters/Mannequins/Meshes/SKM_Quinn.uasset" 8211
"C:/Users/Amir sanni/Desktop/Biplo/Roomba-Biplo-Studio/Content/Characters/Mannequins/Meshes/SKM_Manny_Simple.uasset" 8212
"C:/Users/Amir sanni/Desktop/Biplo/Roomba-Biplo-Studio/Content/Characters/Mannequins/Meshes/SKM_Manny.uasset" 8213
"C:/Users/Amir sanni/Desktop/Biplo/Roomba-Biplo-Studio/Content/ThirdPerson/Blueprints/WorldMechanics/RampOnTable_BP/Ramp.uasset" 8214
"C:/Users/Amir sanni/Desktop/Biplo/Roomba-Biplo-Studio/Content/ThirdPerson/Blueprints/Niagra/NS_CardboardSmoke.uasset" 8215
"../../../Engine/Content/EngineSounds/Submixes/MasterEQSubmixDefault.uasset" 8216
"../../../Engine/Content/EngineSounds/Submixes/MasterSubmixDefault.uasset" 8217
"../../../Engine/Content/EngineSounds/Submixes/MasterReverbSubmixDefault.uasset" 8218
"C:/Users/Amir sanni/Desktop/Biplo/Roomba-Biplo-Studio/Content/ThirdPerson/Blueprints/Player_BP/ForceSwitchCameraMode.uasset" 8219
"C:/Users/Amir sanni/Desktop/Biplo/Roomba-Biplo-Studio/Content/Menu/LoadingScreen.uasset" 8220
"C:/Users/Amir sanni/Desktop/Biplo/Roomba-Biplo-Studio/Content/LevelDesign/ForOllie/BP_ElevatorCable.uasset" 8221
"C:/Users/Amir sanni/Desktop/Biplo/Roomba-Biplo-Studio/Content/LevelDesign/ForOllie/BP_Cable1.uasset" 8222
"C:/Users/Amir sanni/Desktop/Biplo/Roomba-Biplo-Studio/Content/LevelDesign/DavidsCooking/BP_Killzone.uasset" 8223
"C:/Users/Amir sanni/Desktop/Biplo/Roomba-Biplo-Studio/Content/LevelDesign/DavidsCooking/BP_BreakableObject.uasset" 8224
"C:/Users/Amir sanni/Desktop/Biplo/Roomba-Biplo-Studio/Content/InteractPrototypeBP/Triggers/LightTrigger/BP_TimedLightBox.uasset" 8225
"C:/Users/Amir sanni/Desktop/Biplo/Roomba-Biplo-Studio/Content/InteractPrototypeBP/Triggers/Gate/GatePowerBox_BP.uasset" 8226
"C:/Users/Amir sanni/Desktop/Biplo/Roomba-Biplo-Studio/Content/InteractPrototypeBP/Triggers/Elevator/ElevatorInteract_BP.uasset" 8227
"C:/Users/Amir sanni/Desktop/Biplo/Roomba-Biplo-Studio/Content/InteractPrototypeBP/Triggers/DoorTrigger/PowerBox_BP1.uasset" 8228
"C:/Users/Amir sanni/Desktop/Biplo/Roomba-Biplo-Studio/Content/InteractPrototypeBP/Triggers/DoorTrigger/PowerBox_BP.uasset" 8229
"../../Plugins/Animation/ControlRig/Content/Controls/DefaultGizmoLibrary.uasset" 8230
"C:/Users/Amir sanni/Desktop/Biplo/Roomba-Biplo-Studio/Content/InteractPrototypeBP/OldInteractionWidget_BP.uasset" 8231
"C:/Users/Amir sanni/Desktop/Biplo/Roomba-Biplo-Studio/Content/InteractPrototypeBP/NewInteractionWidget_BP.uasset" 8232
"C:/Users/Amir sanni/Desktop/Biplo/Roomba-Biplo-Studio/Content/InteractPrototypeBP/Triggers/Shutter/ShutterInteract_BP.uasset" 8233
"C:/Users/Amir sanni/Desktop/Biplo/Roomba-Biplo-Studio/Content/InteractPrototypeBP/Triggers/LightTrigger/ButtonInteract_BP.uasset" 8234
"../../Plugins/FX/NiagaraFluids/Content/Materials/Utility/M_SolidParticle.uasset" 8235
"../../Plugins/FX/NiagaraFluids/Content/Materials/Grid3D/Instances/MI_3DGas_Base.uasset" 8236
"../../Plugins/FX/NiagaraFluids/Content/Materials/Grid3D/M_3DGas_Base.uasset" 8237
"../../Plugins/FX/NiagaraFluids/Content/Materials/Grid3D/Instances/MI_DebugVolumeSlice.uasset" 8238
"../../Plugins/FX/NiagaraFluids/Content/Materials/Grid3D/M_DebugVolumeSlice.uasset" 8239
"../../Plugins/FX/NiagaraFluids/Content/Templates/Gas/3D/Emitters/Grid3D_Gas_Master_Emitter.uasset" 8240
"../../Plugins/FX/NiagaraFluids/Content/Templates/Gas/3D/Emitters/Grid3D_Gas_Emitter.uasset" 8241
"../../Plugins/FX/NiagaraFluids/Content/Materials/Grid3D/Instances/M_RayMarch_Smoke_Inst.uasset" 8242
"../../Plugins/FX/NiagaraFluids/Content/Materials/Grid3D/M_RayMarch_Smoke.uasset" 8243
"../../../Engine/Content/Functions/Engine_MaterialFunctions01/Volumetrics/SchlickPhase.uasset" 8244
"../../../Engine/Content/Functions/Engine_MaterialFunctions02/Utility/MakeFloat4.uasset" 8245
"../../Plugins/FX/NiagaraFluids/Content/Materials/Functions/Niagara_Grid3D_BoxIntersection.uasset" 8246
"../../Plugins/FX/NiagaraFluids/Content/Materials/Grid3D/Instances/MI_RayMarch_Basic.uasset" 8247
"../../Plugins/FX/NiagaraFluids/Content/Materials/Grid3D/M_RayMarch_Fire_Ramps.uasset" 8248
"../../Plugins/FX/Niagara/Content/DynamicInputs/TypeConversions/MakeFloatFromVector.uasset" 8249
"../../Plugins/FX/Niagara/Content/Functions/ChannelMasks/SelectV3Channel.uasset" 8250
"../../Plugins/FX/Niagara/Content/Enums/ENiagaraVector3_Channels.uasset" 8251
"../../Plugins/FX/Niagara/Content/DynamicInputs/TypeConversions/VectorLength.uasset" 8252
"../../Plugins/FX/NiagaraFluids/Content/DynamicInput/MaskFloatByBoundary.uasset" 8253
"../../Plugins/FX/NiagaraFluids/Content/DynamicInput/MaskVectorByBoundary.uasset" 8254
"../../Plugins/FX/NiagaraFluids/Content/Functions/General/DissipateFloat.uasset" 8255
"../../Plugins/FX/NiagaraFluids/Content/Functions/General/DissipateFloat_Fn.uasset" 8256
"../../Plugins/FX/NiagaraFluids/Content/Functions/General/DissipateVector.uasset" 8257
"../../Plugins/FX/NiagaraFluids/Content/Functions/General/DissipateVector_Fn.uasset" 8258
"../../Plugins/FX/NiagaraFluids/Content/Modules/Grid3D/Grid3D_Advect_FluidAttribute.uasset" 8259
"../../Plugins/FX/NiagaraFluids/Content/Functions/General/DissipateVector4_Fn.uasset" 8260
"../../Plugins/FX/NiagaraFluids/Content/Functions/Grid3D/Grid3D_AdvectScalarSemiLagranian.uasset" 8261
"../../Plugins/FX/NiagaraFluids/Content/Functions/Grid3D/Grid3D_AdvectVector2DSemiLagranian.uasset" 8262
"../../Plugins/FX/NiagaraFluids/Content/Functions/Grid3D/Grid3D_AdvectVector4SemiLagranian.uasset" 8263
"../../Plugins/FX/NiagaraFluids/Content/Functions/Grid3D/Grid3D_AdvectVectorSemiLagranian.uasset" 8264
"../../Plugins/FX/NiagaraFluids/Content/Enums/ENiagaraFluidAttributeList.uasset" 8265
"../../Plugins/FX/NiagaraFluids/Content/Modules/Grid3D/Grid3D_AdvectScalar.uasset" 8266
"../../Plugins/FX/NiagaraFluids/Content/Enums/ENiagaraAdvectionMethod.uasset" 8267
"../../Plugins/FX/NiagaraFluids/Content/Modules/Grid3D/Grid3D_AdvectVector.uasset" 8268
"../../Plugins/FX/NiagaraFluids/Content/Modules/Grid3D/Grid3D_BakeDirectionalLight.uasset" 8269
"../../Plugins/FX/NiagaraFluids/Content/Functions/General/RayBoxIntersection.uasset" 8270
"../../Plugins/FX/NiagaraFluids/Content/Modules/Grid3D/Grid3D_ComputeBoundary.uasset" 8271
"../../Plugins/FX/Niagara/Content/Functions/Localspace/PositionToVector.uasset" 8272
"../../Plugins/FX/Niagara/Content/Functions/ChannelMasks/SelectV4Channel.uasset" 8273
"../../Plugins/FX/Niagara/Content/Enums/ENiagaraVector4_Channels.uasset" 8274
"../../Plugins/FX/Niagara/Content/Functions/Localspace/VectorToPosition.uasset" 8275
"../../Plugins/FX/NiagaraFluids/Content/Functions/General/SceneDepthQuery_CheckOccluded.uasset" 8276
"../../Plugins/FX/NiagaraFluids/Content/Functions/Grid3D/Grid3D_RigidMesh_ComputeFaceFractions.uasset" 8277
"../../Plugins/FX/NiagaraFluids/Content/Functions/General/ComputeFaceFractions.uasset" 8278
"../../Plugins/FX/NiagaraFluids/Content/Functions/General/ComputeAreaFraction.uasset" 8279
"../../Plugins/FX/NiagaraFluids/Content/Modules/Grid3D/Grid3D_ComputeCurl.uasset" 8280
"../../Plugins/FX/NiagaraFluids/Content/Modules/Grid3D/Grid3D_ComputeDivergence.uasset" 8281
"../../Plugins/FX/NiagaraFluids/Content/Modules/Grid3D/Grid3D_ComputeGradient.uasset" 8282
"../../Plugins/FX/NiagaraFluids/Content/Modules/Grid3D/Grid3D_CreateDebugFromFluidAttribute.uasset" 8283
"../../Plugins/FX/NiagaraFluids/Content/Modules/Grid3D/Grid3D_CreateGridAttributeIndices.uasset" 8284
"../../Plugins/FX/NiagaraFluids/Content/Modules/Grid3D/Grid3D_CreateUnitToWorldTransform.uasset" 8285
"../../Plugins/FX/Niagara/Content/Functions/Rotation/AxisAngleToRotationMatrix.uasset" 8286
"../../Plugins/FX/Niagara/Content/Functions/Rotation/QuaternionToRotationMatrix.uasset" 8287
"../../Plugins/FX/NiagaraFluids/Content/Modules/Grid3D/Grid3D_Gas_Buoyancy.uasset" 8288
"../../Plugins/FX/NiagaraFluids/Content/Modules/Grid3D/Grid3D_Gas_Init.uasset" 8289
"../../Plugins/FX/NiagaraFluids/Content/Functions/General/SceneDepthQuery_IntersectMask.uasset" 8290
"../../Plugins/FX/NiagaraFluids/Content/Modules/Grid3D/Grid3D_Gas_InitializeEmitter.uasset" 8291
"../../Plugins/FX/NiagaraFluids/Content/Functions/Grid3D/Grid3D_SetResolutionBasic.uasset" 8292
"../../Plugins/FX/NiagaraFluids/Content/Enums/ENiagaraFluidRTFormat.uasset" 8293
"../../Plugins/FX/NiagaraFluids/Content/Enums/ENiagaraGrid3DVolumePlane.uasset" 8294
"../../Plugins/FX/NiagaraFluids/Content/Modules/Grid3D/Grid3D_Gas_SphereSource.uasset" 8295
"../../Plugins/FX/NiagaraFluids/Content/Modules/Grid3D/Grid3D_Gas_UpdateEmitter.uasset" 8296
"../../Plugins/FX/Niagara/Content/Functions/Math/GetMatrixScale.uasset" 8297
"../../Plugins/FX/NiagaraFluids/Content/Modules/Grid3D/Grid3D_GetFloat.uasset" 8298
"../../Plugins/FX/NiagaraFluids/Content/Modules/Grid3D/Grid3D_GetFluidAttribute.uasset" 8299
"../../Plugins/FX/NiagaraFluids/Content/Modules/Grid3D/Grid3D_GetTransientsFromGridValues.uasset" 8300
"../../Plugins/FX/NiagaraFluids/Content/Modules/Grid3D/Grid3D_GetVector.uasset" 8301
"../../Plugins/FX/NiagaraFluids/Content/Modules/Grid3D/Grid3D_InitRT.uasset" 8302
"../../Plugins/FX/NiagaraFluids/Content/Modules/Grid3D/Grid3D_IntegrateForces.uasset" 8303
"../../Plugins/FX/NiagaraFluids/Content/Modules/Grid3D/Grid3D_ModifyGridScale.uasset" 8304
"../../Plugins/FX/NiagaraFluids/Content/Modules/Grid3D/Grid3D_PressureIteration.uasset" 8305
"../../Plugins/FX/Niagara/Content/Functions/SimulationStageIterationInfo.uasset" 8306
"../../Plugins/FX/NiagaraFluids/Content/Modules/Grid3D/Grid3D_ProjectPressure.uasset" 8307
"../../Plugins/FX/NiagaraFluids/Content/Modules/Grid3D/Grid3D_Resample_FluidAttribute.uasset" 8308
"../../Plugins/FX/NiagaraFluids/Content/Modules/Grid3D/Grid3D_ResampleFloat.uasset" 8309
"../../Plugins/FX/NiagaraFluids/Content/Modules/Grid3D/Grid3D_SetBoundaryGridValues.uasset" 8310
"../../Plugins/FX/NiagaraFluids/Content/Modules/Grid3D/Grid3D_SetBounds.uasset" 8311
"../../Plugins/FX/NiagaraFluids/Content/Modules/Grid3D/Grid3D_SetFloatValue.uasset" 8312
"../../Plugins/FX/NiagaraFluids/Content/Modules/Grid3D/Grid3D_SetFluidAttribute.uasset" 8313
"../../Plugins/FX/NiagaraFluids/Content/Modules/Grid3D/Grid3D_SetResolution.uasset" 8314
"../../Plugins/FX/NiagaraFluids/Content/Enums/ENiagaraGrid2DResolution.uasset" 8315
"../../Plugins/FX/NiagaraFluids/Content/Modules/Grid3D/Grid3D_SetRTValues.uasset" 8316
"../../Plugins/FX/NiagaraFluids/Content/Modules/Grid3D/Grid3D_SetVectorValue.uasset" 8317
"../../Plugins/FX/NiagaraFluids/Content/Modules/Grid3D/Grid3D_VorticityConfinementForce.uasset" 8318
"../../Plugins/FX/Niagara/Content/DynamicInputs/Add/Add_Vector.uasset" 8319
"../../Plugins/FX/Niagara/Content/DynamicInputs/Bool/v2/SetBoolByFloatComparison.uasset" 8320
"../../Plugins/FX/Niagara/Content/Enums/ENiagaraBooleanLogicOps.uasset" 8321
"../../Plugins/FX/Niagara/Content/Enums/ENiagaraBooleanLogicOps_v2.uasset" 8322
"../../Plugins/FX/Niagara/Content/DynamicInputs/Subtract/Subtract_Float.uasset" 8323
"../../Plugins/FX/Niagara/Content/DynamicInputs/TypeConversions/MakeCustomFloatFromBool.uasset" 8324
"../../Plugins/FX/Niagara/Content/DynamicInputs/TypeConversions/MakeCustomVector4FromBool.uasset" 8325
"../../Plugins/FX/NiagaraFluids/Content/Modules/Grid3D/Grid3D_ActorMotionForce.uasset" 8326
"../../Plugins/FX/NiagaraFluids/Content/Modules/Grid3D/Grid3D_Gas_DebugDisplay.uasset" 8327
"../../Plugins/FX/NiagaraFluids/Content/Modules/Grid3D/Grid3D_Gas_GetAttributeFromRasterGrid.uasset" 8328
"../../Plugins/FX/NiagaraFluids/Content/Modules/Grid3D/Grid3D_Gas_GetParticleDataFromRasterGrid.uasset" 8329
"../../Plugins/FX/NiagaraFluids/Content/Functions/General/MaxVectorByLength.uasset" 8330
"../../Plugins/FX/NiagaraFluids/Content/Modules/Grid3D/Grid3D_Gas_InitializeParticleSource.uasset" 8331
"../../Plugins/FX/NiagaraFluids/Content/Functions/Grid3D/RasterizationGrid3D_SetResolutionBasic.uasset" 8332
"../../Plugins/FX/NiagaraFluids/Content/Enums/ENiagaraParticleSourceType.uasset" 8333
"../../Plugins/FX/NiagaraFluids/Content/Modules/Grid3D/Grid3D_Gas_MaterialControls.uasset" 8334
"../../Plugins/FX/NiagaraFluids/Content/Modules/Grid3D/Grid3D_Gas_QualityOverrides.uasset" 8335
"../../Plugins/FX/NiagaraFluids/Content/Modules/Grid3D/Grid3D_Gas_SplatParticleDataIntoRasterGrid.uasset" 8336
"../../Plugins/FX/NiagaraFluids/Content/Functions/Grid3D/Grid3D_RasterizationSplatScalar.uasset" 8337
"../../Plugins/FX/NiagaraFluids/Content/Functions/Grid3D/Grid3D_RasterizationSplatVector.uasset" 8338
"../../Plugins/FX/NiagaraFluids/Content/Functions/Grid3D/Grid3D_RasterizationSplatVector4.uasset" 8339
"../../Plugins/FX/NiagaraFluids/Content/Functions/Grid3D/Grid3D_Splat_Scalar.uasset" 8340
"../../Plugins/FX/NiagaraFluids/Content/Functions/Grid3D/Grid3D_Splat_Vector.uasset" 8341
"../../Plugins/FX/NiagaraFluids/Content/Functions/Grid3D/Grid3D_Splat_Vector2.uasset" 8342
"../../Plugins/FX/NiagaraFluids/Content/Functions/Grid3D/Grid3D_Splat_Vector4.uasset" 8343
"../../Plugins/FX/NiagaraFluids/Content/Modules/Grid3D/Grid3D_RigidMesh_FindColliders.uasset" 8344
"../../Plugins/FX/NiagaraFluids/Content/Modules/Grid3D/Grid3D_SmallScaleForce.uasset" 8345
"../../Plugins/FX/NiagaraFluids/Content/Enums/ENiagaraTurbulenceMaskChannels.uasset" 8346
"../../Plugins/FX/NiagaraFluids/Content/Modules/Grid3D/Grid3D_Turbulence.uasset" 8347
"../../Plugins/FX/NiagaraFluids/Content/Enums/ENiagaraGasTurbulenceMaskType.uasset" 8348
"../../Plugins/FX/NiagaraFluids/Content/Modules/Grid3D/Grid3D_Visualize_VectorField.uasset" 8349
"../../Plugins/FX/NiagaraFluids/Content/Modules/Grid3D/Grid3D_Wind.uasset" 8350
"../../Plugins/FX/Niagara/Content/DynamicInputs/Add/Add_Float.uasset" 8351
"../../Plugins/FX/Niagara/Content/DynamicInputs/Add/Add_Integer.uasset" 8352
"../../Plugins/FX/Niagara/Content/DynamicInputs/Clamp/Float/RemapRange.uasset" 8353
"../../Plugins/FX/Niagara/Content/DynamicInputs/Execution/V2/ReturnParticleIDAttributes.uasset" 8354
"../../Plugins/FX/Niagara/Content/Enums/ENiagara_IDAttributes.uasset" 8355
"../../Plugins/FX/Niagara/Content/DynamicInputs/Fmod/ModuloInt.uasset" 8356
"../../Plugins/FX/Niagara/Content/DynamicInputs/Helpers/MaskFloatBySpawnGroup.uasset" 8357
"../../Plugins/FX/Niagara/Content/DynamicInputs/Helpers/MaskIntBySpawnGroup.uasset" 8358
"../../Plugins/FX/Niagara/Content/DynamicInputs/Helpers/SimulationPosition.uasset" 8359
"../../Plugins/FX/Niagara/Content/DynamicInputs/LinearColor/MakeFloat4FromVectorAndFloat.uasset" 8360
"../../Plugins/FX/Niagara/Content/DynamicInputs/LinearColor/MultiplyLinearColor.uasset" 8361
"../../Plugins/FX/Niagara/Content/DynamicInputs/Math/Min_Float.uasset" 8362
"../../Plugins/FX/Niagara/Content/DynamicInputs/Multiply/Multiply_Float.uasset" 8363
"../../Plugins/FX/Niagara/Content/DynamicInputs/Multiply/Multiply_VectorByFloat.uasset" 8364
"../../Plugins/FX/Niagara/Content/DynamicInputs/Power/Power.uasset" 8365
"../../Plugins/FX/Niagara/Content/DynamicInputs/Subtract/Subtract_Vector.uasset" 8366
"../../Plugins/FX/Niagara/Content/DynamicInputs/Transforms/ConvertPositionToVector.uasset" 8367
"../../Plugins/FX/Niagara/Content/Enums/Transforms/ENiagara_LWCConvertPosToVec.uasset" 8368
"../../Plugins/FX/Niagara/Content/DynamicInputs/Transforms/ConvertVectorToPosition.uasset" 8369
"../../Plugins/FX/Niagara/Content/Enums/Transforms/ENiagara_LWCConvertVecToPos.uasset" 8370
"../../Plugins/FX/Niagara/Content/DynamicInputs/TypeConversions/MakeFloatFromVector2d.uasset" 8371
"../../Plugins/FX/Niagara/Content/Functions/ChannelMasks/SelectV2Channel.uasset" 8372
"../../Plugins/FX/Niagara/Content/Enums/ENiagaraVector2_Channels.uasset" 8373
"../../Plugins/FX/Niagara/Content/DynamicInputs/TypeConversions/MakeVector.uasset" 8374
"../../Plugins/FX/Niagara/Content/DynamicInputs/TypeConversions/Vector2DFromFloat.uasset" 8375
"../../Plugins/FX/Niagara/Content/DynamicInputs/TypeConversions/VectorFromFloat.uasset" 8376
"../../Plugins/FX/Niagara/Content/Modules/Update/Forces/Drag.uasset" 8377
"../../Plugins/FX/Niagara/Content/Modules/Update/Forces/V2/CurlNoiseForce.uasset" 8378
"../../Plugins/FX/Niagara/Content/Functions/V2/ConeMask.uasset" 8379
"../../Plugins/FX/Niagara/Content/Functions/FindAngleBetweenVectors.uasset" 8380
"../../Plugins/FX/Niagara/Content/Enums/ENiagaraCurlNoiseQuality.uasset" 8381
"../../Plugins/FX/Niagara/Content/VectorFields/Assets/TilingCurl16.uasset" 8382
"../../Plugins/FX/Niagara/Content/VectorFields/Assets/TilingCurl32.uasset" 8383
"../../Plugins/FX/Niagara/Content/VectorFields/Assets/TilingCurl64.uasset" 8384
"../../Plugins/FX/Niagara/Content/Modules/Update/Lifetime/KillParticles.uasset" 8385
"../../Plugins/FX/Niagara/Content/Modules/Update/Size/ScaleSpriteSize.uasset" 8386
"../../Plugins/FX/Niagara/Content/Enums/SpriteRenderer/ENiagara_ScaleSpriteSize.uasset" 8387
"../../Plugins/FX/NiagaraFluids/Content/Modules/Particles/SetFluidSourceAttributes.uasset" 8388
"C:/Users/Amir sanni/Desktop/Biplo/Roomba-Biplo-Studio/Content/GeneratorButtonInteract_BP.uasset" 8389
"C:/Users/Amir sanni/Desktop/Biplo/Roomba-Biplo-Studio/Content/StarterContent/Particles/Player_BP_redundant.uasset" 8390
"C:/Users/Amir sanni/Desktop/Biplo/Roomba-Biplo-Studio/Content/Menu/OptionsMenuPause.uasset" 8391
"C:/Users/Amir sanni/Desktop/Biplo/Roomba-Biplo-Studio/Content/Menu/OptionsMenuForPause.uasset" 8392
"../../Plugins/2D/Paper2D/Content/TranslucentUnlitSpriteMaterial.uasset" 8393
"C:/Users/Amir sanni/Desktop/Biplo/Roomba-Biplo-Studio/Content/Menu/BP_MEN.uasset" 8394
"C:/Users/Amir sanni/Desktop/Biplo/Roomba-Biplo-Studio/Content/LevelDesign/Section1StreetStart.umap" 8395
"C:/Users/Amir sanni/Desktop/Biplo/Roomba-Biplo-Studio/Content/LevelDesign/Section1StreetReverse.umap" 8396
"C:/Users/Amir sanni/Desktop/Biplo/Roomba-Biplo-Studio/Content/LevelDesign/AudioTemp/Section1StreetAud.umap" 8397
"C:/Users/Amir sanni/Desktop/Biplo/Roomba-Biplo-Studio/Content/LevelDesign/RandomSideThing.umap" 8398
"C:/Users/Amir sanni/Desktop/Biplo/Roomba-Biplo-Studio/Content/ThirdPerson/Blueprints/BP_GameMode.uasset" 8399
"C:/Users/Amir sanni/Desktop/Biplo/Roomba-Biplo-Studio/Content/LevelDesign/Section2RooftopOllie.umap" 8400
"C:/Users/Amir sanni/Desktop/Biplo/Roomba-Biplo-Studio/Content/LevelDesign/Section2Rooftop.umap" 8401
"C:/Users/Amir sanni/Desktop/Biplo/Roomba-Biplo-Studio/Content/LevelDesign/BP_BreakableObject.uasset" 8402
"C:/Users/Amir sanni/Desktop/Biplo/Roomba-Biplo-Studio/Content/LevelDesign/Section2ConstUpperOllie.umap" 8403
"C:/Users/Amir sanni/Desktop/Biplo/Roomba-Biplo-Studio/Content/LevelDesign/Section3Vents.umap" 8404
"C:/Users/Amir sanni/Desktop/Biplo/Roomba-Biplo-Studio/Content/InteractPrototypeBP/GatePowerBox_BP.uasset" 8405
"C:/Users/Amir sanni/Desktop/Biplo/Roomba-Biplo-Studio/Content/InteractPrototypeBP/Triggers/Elevator/ElevatorPowerBox_BP.uasset" 8406
"C:/Users/Amir sanni/Desktop/Biplo/Roomba-Biplo-Studio/Content/InteractPrototypeBP/PowerBox_BP.uasset" 8407
"C:/Users/Amir sanni/Desktop/Biplo/Roomba-Biplo-Studio/Content/InteractPrototypeBP/InteractionWidget_BP.uasset" 8408
"C:/Users/Amir sanni/Desktop/Biplo/Roomba-Biplo-Studio/Content/DoorPrototyp/ShutterInteract_BP.uasset" 8409
"C:/Users/Amir sanni/Desktop/Biplo/Roomba-Biplo-Studio/Content/LevelDesign/Section3PowerPlantInterior.umap" 8410
"C:/Users/Amir sanni/Desktop/Biplo/Roomba-Biplo-Studio/Content/LevelDesign/Section2Warehouse.umap" 8411
"C:/Users/Amir sanni/Desktop/Biplo/Roomba-Biplo-Studio/Content/LevelDesign/Section2ConstructionSite.umap" 8412
"C:/Users/Amir sanni/Desktop/Biplo/Roomba-Biplo-Studio/Content/LevelDesign/Section1Bakery.umap" 8413
"C:/Users/Amir sanni/Desktop/Biplo/Roomba-Biplo-Studio/Content/LevelDesign/Section1Apartment.umap" 8414
"C:/Users/Amir sanni/Desktop/Biplo/Roomba-Biplo-Studio/Content/DoorPrototyp/ButtonInteract_BP.uasset" 8415
"C:/Users/Amir sanni/Desktop/Biplo/Roomba-Biplo-Studio/Content/LevelDesign/Section3PowerStationFinal.umap" 8416
"C:/Users/Amir sanni/Desktop/Biplo/Roomba-Biplo-Studio/Content/Menu/MenuGameMode.uasset" 8417
"C:/Users/Amir sanni/Desktop/Biplo/Roomba-Biplo-Studio/Content/ThirdPerson/Maps/ThirdPersonMap.umap" 8418
"C:/Users/Amir sanni/Desktop/Biplo/Roomba-Biplo-Studio/Content/LevelDesign/BP_BreakableGlass.uasset" 8419
"C:/Users/Amir sanni/Desktop/Biplo/Roomba-Biplo-Studio/Content/LevelDesign/Section1StreetEnd.umap" 8420
"C:/Users/Amir sanni/Desktop/Biplo/Roomba-Biplo-Studio/Content/DoorPrototyp/ElevatorPowerBox_BP.uasset" 8421
"C:/Users/Amir sanni/Desktop/Biplo/Roomba-Biplo-Studio/Content/DoorPrototyp/ButtonInteract_BP2.uasset" 8422
"C:/Users/Amir sanni/Desktop/Biplo/Roomba-Biplo-Studio/Content/Menu/MenuMap.umap" 8423
"C:/Users/Amir sanni/Desktop/Biplo/Roomba-Biplo-Studio/Content/__ExternalObjects__/ThirdPerson/Maps/ThirdPersonMap/D/13/KQB15WT334LUGWVAUX80XH.uasset" 8424
"C:/Users/Amir sanni/Desktop/Biplo/Roomba-Biplo-Studio/Content/__ExternalObjects__/ThirdPerson/Maps/ThirdPersonMap/B/AN/0Z4D0BFPHEXAYK76DY0WLL.uasset" 8425
"C:/Users/Amir sanni/Desktop/Biplo/Roomba-Biplo-Studio/Content/__ExternalObjects__/ThirdPerson/Maps/ThirdPersonMap/A/KP/VZTB4WP3P1L1F1WL9R6XLZ.uasset" 8426
"C:/Users/Amir sanni/Desktop/Biplo/Roomba-Biplo-Studio/Content/__ExternalObjects__/ThirdPerson/Maps/ThirdPersonMap/8/05/U8OLLG133BEQMR58UPHM3P.uasset" 8427
"C:/Users/Amir sanni/Desktop/Biplo/Roomba-Biplo-Studio/Content/__ExternalObjects__/ThirdPerson/Maps/ThirdPersonMap/4/4A/NCNZF2U4ZTZ8XZJNF86FNT.uasset" 8428
"C:/Users/Amir sanni/Desktop/Biplo/Roomba-Biplo-Studio/Content/__ExternalObjects__/ThirdPerson/Maps/ThirdPersonMap/3/DH/JQTP3L9HHXRN8IUHATI906.uasset" 8429
"C:/Users/Amir sanni/Desktop/Biplo/Roomba-Biplo-Studio/Content/__ExternalObjects__/Menu/MenuMap/E/MB/CHGWJO32F060DAMBS30G4E.uasset" 8430
"C:/Users/Amir sanni/Desktop/Biplo/Roomba-Biplo-Studio/Content/__ExternalObjects__/Menu/MenuMap/C/CN/S5192FB43815DHGVLAO6ZE.uasset" 8431
"C:/Users/Amir sanni/Desktop/Biplo/Roomba-Biplo-Studio/Content/__ExternalObjects__/Menu/MenuMap/9/97/JXIHJC5DFCJCNYYH8N3OJX.uasset" 8432
"C:/Users/Amir sanni/Desktop/Biplo/Roomba-Biplo-Studio/Content/__ExternalObjects__/Menu/MenuMap/7/H7/B2VOWU28QQUO7JPQWJY9EL.uasset" 8433
"C:/Users/Amir sanni/Desktop/Biplo/Roomba-Biplo-Studio/Content/__ExternalObjects__/Menu/MenuMap/1/MT/371DVUF76CZ3Y8N28AZZUM.uasset" 8434
"C:/Users/Amir sanni/Desktop/Biplo/Roomba-Biplo-Studio/Content/__ExternalObjects__/Menu/MenuMap/0/15/XFFW4R68SLAEIBHDYYN5KL.uasset" 8435
"C:/Users/Amir sanni/Desktop/Biplo/Roomba-Biplo-Studio/Content/LevelDesign/ForOllie/BP_CraneElevatorGenerator.uasset" 8436
"C:/Users/Amir sanni/Desktop/Biplo/Roomba-Biplo-Studio/Content/LevelDesign/ForOllie/BP_CraneElevatorPowerbox.uasset" 8437
"C:/Users/Amir sanni/Desktop/Biplo/Roomba-Biplo-Studio/Content/LevelDesign/Section2ConstLowerOllie.umap" 8438
"C:/Users/Amir sanni/Desktop/Biplo/Roomba-Biplo-Studio/Content/LevelDesign/ConstructionSiteLowerOllie.umap" 8439
"C:/Users/Amir sanni/Desktop/Biplo/Roomba-Biplo-Studio/Content/__ExternalActors__/ThirdPerson/Maps/ThirdPersonMap/0/43/HYQWORMY4JDQ5X3OKZXFLC.uasset" 8440
"C:/Users/Amir sanni/Desktop/Biplo/Roomba-Biplo-Studio/Content/__ExternalActors__/Menu/MenuMap/1/2V/CSV4209C60N9362TRNBT1T.uasset" 8441
"C:/Users/Amir sanni/Desktop/Biplo/Roomba-Biplo-Studio/Content/__ExternalActors__/ThirdPerson/Maps/ThirdPersonMap/0/FZ/4XWWUGWFDLX56REQRH8Z9W.uasset" 8442
"C:/Users/Amir sanni/Desktop/Biplo/Roomba-Biplo-Studio/Content/__ExternalActors__/ThirdPerson/Maps/ThirdPersonMap/0/SX/SKO7AH9HKZVPN4OMFO4DV3.uasset" 8443
"C:/Users/Amir sanni/Desktop/Biplo/Roomba-Biplo-Studio/Content/__ExternalActors__/ThirdPerson/Maps/ThirdPersonMap/1/0G/HOAJZN9E4DDI6Y1W3JU13K.uasset" 8444
"C:/Users/Amir sanni/Desktop/Biplo/Roomba-Biplo-Studio/Content/__ExternalActors__/ThirdPerson/Maps/ThirdPersonMap/1/2J/AQ1PWWT9TBAI7AA470T014.uasset" 8445
"C:/Users/Amir sanni/Desktop/Biplo/Roomba-Biplo-Studio/Content/__ExternalActors__/ThirdPerson/Maps/ThirdPersonMap/1/AZ/A7GPT109Y6ZTTJD4A7TXER.uasset" 8446
"C:/Users/Amir sanni/Desktop/Biplo/Roomba-Biplo-Studio/Content/__ExternalActors__/ThirdPerson/Maps/ThirdPersonMap/1/KZ/0ZUHH4TCOINQKTH52AG7VB.uasset" 8447
"C:/Users/Amir sanni/Desktop/Biplo/Roomba-Biplo-Studio/Content/__ExternalActors__/ThirdPerson/Maps/ThirdPersonMap/1/QS/VHQF8JWOATZI5V3ZVY5YTM.uasset" 8448
"C:/Users/Amir sanni/Desktop/Biplo/Roomba-Biplo-Studio/Content/__ExternalActors__/ThirdPerson/Maps/ThirdPersonMap/1/WU/NB37RT5Q32Z8MJWD8BD2SO.uasset" 8449
"C:/Users/Amir sanni/Desktop/Biplo/Roomba-Biplo-Studio/Content/__ExternalActors__/ThirdPerson/Maps/ThirdPersonMap/2/66/0OP5U85W4H0R7CHG999ZDN.uasset" 8450
"C:/Users/Amir sanni/Desktop/Biplo/Roomba-Biplo-Studio/Content/__ExternalActors__/ThirdPerson/Maps/ThirdPersonMap/2/EJ/W80MPH6ZCVLJWDC1VE04DA.uasset" 8451
"C:/Users/Amir sanni/Desktop/Biplo/Roomba-Biplo-Studio/Content/__ExternalActors__/ThirdPerson/Maps/ThirdPersonMap/3/1V/XSFYSB2EC9Z21RQOBXZLMO.uasset" 8452
"C:/Users/Amir sanni/Desktop/Biplo/Roomba-Biplo-Studio/Content/__ExternalActors__/ThirdPerson/Maps/ThirdPersonMap/3/B1/9G3WNX7WIR7UKI26T9LK5O.uasset" 8453
"C:/Users/Amir sanni/Desktop/Biplo/Roomba-Biplo-Studio/Content/__ExternalActors__/ThirdPerson/Maps/ThirdPersonMap/3/HE/U35NZS5A9W1UXP1E3FF2GW.uasset" 8454
"C:/Users/Amir sanni/Desktop/Biplo/Roomba-Biplo-Studio/Content/__ExternalActors__/ThirdPerson/Maps/ThirdPersonMap/5/9W/996K490AMEY6ZOP4S4DG5S.uasset" 8455
"C:/Users/Amir sanni/Desktop/Biplo/Roomba-Biplo-Studio/Content/__ExternalActors__/ThirdPerson/Maps/ThirdPersonMap/5/Q1/5IZD4L3UPM3EEODZK67MH1.uasset" 8456
"C:/Users/Amir sanni/Desktop/Biplo/Roomba-Biplo-Studio/Content/__ExternalActors__/ThirdPerson/Maps/ThirdPersonMap/6/0D/0WM78RPJCXHX477YOZXKQE.uasset" 8457
"C:/Users/Amir sanni/Desktop/Biplo/Roomba-Biplo-Studio/Content/__ExternalActors__/ThirdPerson/Maps/ThirdPersonMap/6/HF/9H7TKAXH9DD8KI3TIXGI2I.uasset" 8458
"C:/Users/Amir sanni/Desktop/Biplo/Roomba-Biplo-Studio/Content/__ExternalActors__/ThirdPerson/Maps/ThirdPersonMap/6/NC/UUYHDUFQAXTRRN4RVOPIUF.uasset" 8459
"C:/Users/Amir sanni/Desktop/Biplo/Roomba-Biplo-Studio/Content/__ExternalActors__/ThirdPerson/Maps/ThirdPersonMap/6/NP/Z9EK2TXQ1TFO26WFZHWZII.uasset" 8460
"C:/Users/Amir sanni/Desktop/Biplo/Roomba-Biplo-Studio/Content/__ExternalActors__/ThirdPerson/Maps/ThirdPersonMap/6/SX/RMIPK8L7GWE900YNXZ69PW.uasset" 8461
"C:/Users/Amir sanni/Desktop/Biplo/Roomba-Biplo-Studio/Content/__ExternalActors__/ThirdPerson/Maps/ThirdPersonMap/6/UV/1C6W14EIHMXOXXB657JYKB.uasset" 8462
"C:/Users/Amir sanni/Desktop/Biplo/Roomba-Biplo-Studio/Content/__ExternalActors__/ThirdPerson/Maps/ThirdPersonMap/7/X4/LHYY5YCBWR1E8KOL4YPH67.uasset" 8463
"C:/Users/Amir sanni/Desktop/Biplo/Roomba-Biplo-Studio/Content/__ExternalActors__/ThirdPerson/Maps/ThirdPersonMap/8/0H/0C4G3QSF6CIAJTN0AWUUBV.uasset" 8464
"C:/Users/Amir sanni/Desktop/Biplo/Roomba-Biplo-Studio/Content/__ExternalActors__/ThirdPerson/Maps/ThirdPersonMap/8/7Y/C94R5C0R01QSL2SVHUG3KD.uasset" 8465
"C:/Users/Amir sanni/Desktop/Biplo/Roomba-Biplo-Studio/Content/__ExternalActors__/ThirdPerson/Maps/ThirdPersonMap/8/H9/GITN2HJQNERMM41FAE68W0.uasset" 8466
"C:/Users/Amir sanni/Desktop/Biplo/Roomba-Biplo-Studio/Content/__ExternalActors__/ThirdPerson/Maps/ThirdPersonMap/8/P1/NN84RP20JNUCL0SHI5W2B8.uasset" 8467
"C:/Users/Amir sanni/Desktop/Biplo/Roomba-Biplo-Studio/Content/__ExternalActors__/ThirdPerson/Maps/ThirdPersonMap/9/21/WWYX44RDCCS98492P9K9O3.uasset" 8468
"C:/Users/Amir sanni/Desktop/Biplo/Roomba-Biplo-Studio/Content/__ExternalActors__/ThirdPerson/Maps/ThirdPersonMap/9/6I/RU1L28PS820IOVH625A0DA.uasset" 8469
"C:/Users/Amir sanni/Desktop/Biplo/Roomba-Biplo-Studio/Content/__ExternalActors__/ThirdPerson/Maps/ThirdPersonMap/9/9A/T0TQF45U20YEMMDZHMCIE1.uasset" 8470
"C:/Users/Amir sanni/Desktop/Biplo/Roomba-Biplo-Studio/Content/__ExternalActors__/ThirdPerson/Maps/ThirdPersonMap/9/CI/KST702KSCRZWYV56G3VJBD.uasset" 8471
"C:/Users/Amir sanni/Desktop/Biplo/Roomba-Biplo-Studio/Content/__ExternalActors__/ThirdPerson/Maps/ThirdPersonMap/9/MO/72II2GSLK9VS0ULW9SACWH.uasset" 8472
"C:/Users/Amir sanni/Desktop/Biplo/Roomba-Biplo-Studio/Content/__ExternalActors__/ThirdPerson/Maps/ThirdPersonMap/A/BW/M7Z5RX3O7568TBJFK5R76I.uasset" 8473
"C:/Users/Amir sanni/Desktop/Biplo/Roomba-Biplo-Studio/Content/__ExternalActors__/ThirdPerson/Maps/ThirdPersonMap/A/IO/07IVU4EY14FMETPGTJULEO.uasset" 8474
"C:/Users/Amir sanni/Desktop/Biplo/Roomba-Biplo-Studio/Content/__ExternalActors__/ThirdPerson/Maps/ThirdPersonMap/B/CJ/ZQ5BFL59YGMQUT9ZD7CAHJ.uasset" 8475
"C:/Users/Amir sanni/Desktop/Biplo/Roomba-Biplo-Studio/Content/__ExternalActors__/ThirdPerson/Maps/ThirdPersonMap/B/KW/9YH18EUCJFK5CZXL6H3W3R.uasset" 8476
"C:/Users/Amir sanni/Desktop/Biplo/Roomba-Biplo-Studio/Content/__ExternalActors__/ThirdPerson/Maps/ThirdPersonMap/C/0I/VIQQWOEJKSKV1EK1XGX3EY.uasset" 8477
"C:/Users/Amir sanni/Desktop/Biplo/Roomba-Biplo-Studio/Content/__ExternalActors__/ThirdPerson/Maps/ThirdPersonMap/D/MM/5416TNIX8GKJW3B714Y6WF.uasset" 8478
"C:/Users/Amir sanni/Desktop/Biplo/Roomba-Biplo-Studio/Content/__ExternalActors__/ThirdPerson/Maps/ThirdPersonMap/D/OI/BVNTLHAPOPDXURSVGR63ME.uasset" 8479
"C:/Users/Amir sanni/Desktop/Biplo/Roomba-Biplo-Studio/Content/__ExternalActors__/ThirdPerson/Maps/ThirdPersonMap/D/VL/KUT2U1MQ1ND9CXN070OTDM.uasset" 8480
"C:/Users/Amir sanni/Desktop/Biplo/Roomba-Biplo-Studio/Content/__ExternalActors__/ThirdPerson/Maps/ThirdPersonMap/E/T8/46ZIBNTTDDR3AOR2XC9VO6.uasset" 8481
"C:/Users/Amir sanni/Desktop/Biplo/Roomba-Biplo-Studio/Content/__ExternalActors__/Menu/MenuMap/0/K7/3CDA5GY3RDPVIQOSYCGHLY.uasset" 8482
"C:/Users/Amir sanni/Desktop/Biplo/Roomba-Biplo-Studio/Content/__ExternalActors__/Menu/MenuMap/1/81/49G6HMM0FBPEO6WSNK1DRH.uasset" 8483
"C:/Users/Amir sanni/Desktop/Biplo/Roomba-Biplo-Studio/Content/__ExternalActors__/Menu/MenuMap/1/YC/4G6FU9OQG4D5M1KUH5HQ96.uasset" 8484
"C:/Users/Amir sanni/Desktop/Biplo/Roomba-Biplo-Studio/Content/__ExternalActors__/Menu/MenuMap/2/4E/F2EEXUEQ55VQ4GU5FONL1P.uasset" 8485
"C:/Users/Amir sanni/Desktop/Biplo/Roomba-Biplo-Studio/Content/__ExternalActors__/Menu/MenuMap/2/A7/SS4PYL6BBV7GSKV8TB2XR1.uasset" 8486
"C:/Users/Amir sanni/Desktop/Biplo/Roomba-Biplo-Studio/Content/__ExternalActors__/Menu/MenuMap/3/9P/AI7967YO452IHLB67U84HB.uasset" 8487
"C:/Users/Amir sanni/Desktop/Biplo/Roomba-Biplo-Studio/Content/__ExternalActors__/Menu/MenuMap/3/GD/J97AG7X6TKCSK9WWK98S0W.uasset" 8488
"C:/Users/Amir sanni/Desktop/Biplo/Roomba-Biplo-Studio/Content/__ExternalActors__/Menu/MenuMap/3/K4/TSL9HNE9O74WKGYSOOLLA8.uasset" 8489
"C:/Users/Amir sanni/Desktop/Biplo/Roomba-Biplo-Studio/Content/__ExternalActors__/Menu/MenuMap/3/KP/ZN3LW21N8T1C9PVO9W280S.uasset" 8490
"C:/Users/Amir sanni/Desktop/Biplo/Roomba-Biplo-Studio/Content/__ExternalActors__/Menu/MenuMap/3/RA/0J267EP6X0EWTR6ZLY54A7.uasset" 8491
"C:/Users/Amir sanni/Desktop/Biplo/Roomba-Biplo-Studio/Content/__ExternalActors__/Menu/MenuMap/4/HH/ETIUKSV7A96KJHJQT34D51.uasset" 8492
"C:/Users/Amir sanni/Desktop/Biplo/Roomba-Biplo-Studio/Content/__ExternalActors__/Menu/MenuMap/4/IE/V835ZVSYXJ6XINTE9UONNB.uasset" 8493
"C:/Users/Amir sanni/Desktop/Biplo/Roomba-Biplo-Studio/Content/__ExternalActors__/Menu/MenuMap/4/LU/6ES8UA56BEBPRAWCEDBAEP.uasset" 8494
"C:/Users/Amir sanni/Desktop/Biplo/Roomba-Biplo-Studio/Content/__ExternalActors__/Menu/MenuMap/4/NW/T75LQ4Y4GLFT25M2SJH0EM.uasset" 8495
"C:/Users/Amir sanni/Desktop/Biplo/Roomba-Biplo-Studio/Content/__ExternalActors__/Menu/MenuMap/5/LU/HP5OK9LVG5HAPWTI7K7ZMH.uasset" 8496
"C:/Users/Amir sanni/Desktop/Biplo/Roomba-Biplo-Studio/Content/__ExternalActors__/Menu/MenuMap/5/QV/O3XGCK1Q6Y11Y9K6DJZSD0.uasset" 8497
"C:/Users/Amir sanni/Desktop/Biplo/Roomba-Biplo-Studio/Content/__ExternalActors__/Menu/MenuMap/6/2J/248A3NZRNLH5WB37WQ6PZP.uasset" 8498
"C:/Users/Amir sanni/Desktop/Biplo/Roomba-Biplo-Studio/Content/__ExternalActors__/Menu/MenuMap/6/BK/DTATNDI8TCYVUG45K1KEXJ.uasset" 8499
"C:/Users/Amir sanni/Desktop/Biplo/Roomba-Biplo-Studio/Content/__ExternalActors__/Menu/MenuMap/6/CU/SN21WPMRRHMUJBG8VH5W7M.uasset" 8500
"C:/Users/Amir sanni/Desktop/Biplo/Roomba-Biplo-Studio/Content/__ExternalActors__/Menu/MenuMap/6/H5/PZJ4C2QGRKJFGZKY9TFATH.uasset" 8501
"C:/Users/Amir sanni/Desktop/Biplo/Roomba-Biplo-Studio/Content/__ExternalActors__/Menu/MenuMap/6/MG/UOCULA0PEJULJITHQSLZP0.uasset" 8502
"C:/Users/Amir sanni/Desktop/Biplo/Roomba-Biplo-Studio/Content/__ExternalActors__/Menu/MenuMap/6/WX/BQIMA600MD5G2J7A2TH0MI.uasset" 8503
"C:/Users/Amir sanni/Desktop/Biplo/Roomba-Biplo-Studio/Content/__ExternalActors__/Menu/MenuMap/6/YN/OQL6KTCEZSSLKWQNIRXXR9.uasset" 8504
"C:/Users/Amir sanni/Desktop/Biplo/Roomba-Biplo-Studio/Content/__ExternalActors__/Menu/MenuMap/7/5D/9K616WWDB4U96T0GTKX1GX.uasset" 8505
"C:/Users/Amir sanni/Desktop/Biplo/Roomba-Biplo-Studio/Content/__ExternalActors__/Menu/MenuMap/7/HT/OJBJQU03T7KRX0DGB57QPC.uasset" 8506
"C:/Users/Amir sanni/Desktop/Biplo/Roomba-Biplo-Studio/Content/__ExternalActors__/Menu/MenuMap/7/RV/QXNJOQSUDFAZN1KHV1QRFE.uasset" 8507
"C:/Users/Amir sanni/Desktop/Biplo/Roomba-Biplo-Studio/Content/__ExternalActors__/Menu/MenuMap/7/ZW/J4KMO21H54L10PLNCFPEH9.uasset" 8508
"C:/Users/Amir sanni/Desktop/Biplo/Roomba-Biplo-Studio/Content/__ExternalActors__/Menu/MenuMap/8/P8/MQHWA0I0IHWAAG8YV4UAME.uasset" 8509
"C:/Users/Amir sanni/Desktop/Biplo/Roomba-Biplo-Studio/Content/__ExternalActors__/Menu/MenuMap/8/QH/BG0DPVWLY94G0I670OSEQA.uasset" 8510
"C:/Users/Amir sanni/Desktop/Biplo/Roomba-Biplo-Studio/Content/__ExternalActors__/Menu/MenuMap/9/CN/XS407H05SPFPE7FSWOZ8BZ.uasset" 8511
"C:/Users/Amir sanni/Desktop/Biplo/Roomba-Biplo-Studio/Content/__ExternalActors__/Menu/MenuMap/A/0G/2P2LVFP83N9JCVFL76YXD2.uasset" 8512
"C:/Users/Amir sanni/Desktop/Biplo/Roomba-Biplo-Studio/Content/__ExternalActors__/Menu/MenuMap/A/2T/0E137GLHX9N7SENI00EWB6.uasset" 8513
"C:/Users/Amir sanni/Desktop/Biplo/Roomba-Biplo-Studio/Content/__ExternalActors__/Menu/MenuMap/A/6H/14FJSK18N459466JGD2634.uasset" 8514
"C:/Users/Amir sanni/Desktop/Biplo/Roomba-Biplo-Studio/Content/__ExternalActors__/Menu/MenuMap/A/LG/2HCWI5AUGYDC7N5B6THR4Q.uasset" 8515
"C:/Users/Amir sanni/Desktop/Biplo/Roomba-Biplo-Studio/Content/__ExternalActors__/Menu/MenuMap/A/NG/GPDG37DTSQUH6FB57AGPAB.uasset" 8516
"C:/Users/Amir sanni/Desktop/Biplo/Roomba-Biplo-Studio/Content/__ExternalActors__/Menu/MenuMap/A/SN/LH2SMBC3TE4FG8REVUZHTN.uasset" 8517
"C:/Users/Amir sanni/Desktop/Biplo/Roomba-Biplo-Studio/Content/__ExternalActors__/Menu/MenuMap/B/3F/0KKGRTDBWGUKG1PBM3HYFF.uasset" 8518
"C:/Users/Amir sanni/Desktop/Biplo/Roomba-Biplo-Studio/Content/__ExternalActors__/Menu/MenuMap/B/PA/WESHZB979MV079VPR2H5TA.uasset" 8519
"C:/Users/Amir sanni/Desktop/Biplo/Roomba-Biplo-Studio/Content/__ExternalActors__/Menu/MenuMap/B/YV/WMROUTNNHEPNRBQCNMEIAN.uasset" 8520
"C:/Users/Amir sanni/Desktop/Biplo/Roomba-Biplo-Studio/Content/__ExternalActors__/Menu/MenuMap/C/BG/V147U1M8QGCB9GISDWL0N1.uasset" 8521
"C:/Users/Amir sanni/Desktop/Biplo/Roomba-Biplo-Studio/Content/__ExternalActors__/Menu/MenuMap/C/MM/1SGOVO9O2VGW5JS6P4WOCH.uasset" 8522
"C:/Users/Amir sanni/Desktop/Biplo/Roomba-Biplo-Studio/Content/__ExternalActors__/Menu/MenuMap/D/OC/RQMLUV68PEWFEE8AU4GEN5.uasset" 8523
"../../../Engine/Content/EditorResources/BadBlueprintSprite.uasset" 8524
"C:/Users/Amir sanni/Desktop/Biplo/Roomba-Biplo-Studio/Content/__ExternalActors__/Menu/MenuMap/D/YH/C9WOUUJIQQTPV1F003S38P.uasset" 8525
"C:/Users/Amir sanni/Desktop/Biplo/Roomba-Biplo-Studio/Content/__ExternalActors__/Menu/MenuMap/E/3D/82QV2TS714CQCJHBPEL6ZA.uasset" 8526
"C:/Users/Amir sanni/Desktop/Biplo/Roomba-Biplo-Studio/Content/__ExternalActors__/Menu/MenuMap/E/M1/1G8OSJ4X1CVTXHYAU1DKA4.uasset" 8527
