"../../../Engine/Content/EditorResources/S_Actor.uexp" 0
"../../../Engine/Content/EditorResources/S_Actor.ubulk" 1
"../../../Engine/Content/EditorResources/S_Actor.uasset" 2
"../../../Engine/Content/EditorResources/S_BoxReflectionCapture.uasset" 3
"../../../Engine/Content/EditorResources/S_BoxReflectionCapture.uexp" 4
"../../../Engine/Content/EngineResources/DefaultTexture.uasset" 5
"../../../Engine/Content/EngineResources/DefaultTexture.uexp" 6
"../../../Engine/Content/EngineResources/DefaultTexture.ubulk" 7
"../../../Engine/Content/EngineResources/DefaultTextureCube.uasset" 8
"../../../Engine/Content/EngineResources/DefaultTextureCube.uexp" 9
"../../../Engine/Content/EngineResources/DefaultVolumeTexture2D.uexp" 10
"../../../Engine/Content/EngineResources/DefaultVolumeTexture2D.uasset" 11
"../../../Engine/Content/EngineResources/DefaultVolumeTexture.uexp" 12
"../../../Engine/Content/EngineResources/DefaultVolumeTexture.uasset" 13
"../../../Engine/Content/EditorResources/S_Trigger.uexp" 14
"../../../Engine/Content/EditorResources/S_Trigger.ubulk" 15
"../../../Engine/Content/EditorResources/S_Trigger.uasset" 16
"../../../Engine/Content/EditorResources/S_TriggerBox.uexp" 17
"../../../Engine/Content/EditorResources/S_TriggerBox.uasset" 18
"../../../Engine/Content/EditorResources/S_TriggerCapsule.uexp" 19
"../../../Engine/Content/EditorResources/S_TriggerCapsule.uasset" 20
"../../../Engine/Content/EditorResources/S_TriggerSphere.uasset" 21
"../../../Engine/Content/EditorResources/S_TriggerSphere.uexp" 22
"../../../Engine/Content/EngineMeshes/Sphere.uexp" 23
"../../../Engine/Content/EngineMeshes/Sphere.ubulk" 24
"../../../Engine/Content/EngineMeshes/Sphere.uasset" 25
"../../../Engine/Content/EngineResources/GradientTexture0.uexp" 26
"../../../Engine/Content/EngineResources/GradientTexture0.uasset" 27
"../../../Engine/Content/EngineResources/Black.uasset" 28
"../../../Engine/Content/EngineResources/Black.uexp" 29
"../../../Engine/Content/EditorResources/S_Solver.uasset" 30
"../../../Engine/Content/EditorResources/S_Solver.uexp" 31
"../../../Engine/Content/EditorResources/S_Solver.ubulk" 32
"../../../Engine/Content/EditorMaterials/Camera/CineMat.uasset" 33
"../../../Engine/Content/EditorMaterials/Camera/CineMat.uexp" 34
"../../../Engine/Content/EditorMaterials/Camera/MI_CineMat_Rig.uasset" 35
"../../../Engine/Content/EditorMaterials/Camera/MI_CineMat_Rig.uexp" 36
"../../../Engine/Content/EditorMeshes/Camera/SM_CraneRig_Base.ubulk" 37
"../../../Engine/Content/EditorMeshes/Camera/SM_CraneRig_Base.uexp" 38
"../../../Engine/Content/EditorMeshes/Camera/SM_CraneRig_Base.uasset" 39
"../../../Engine/Content/EditorMeshes/Camera/SM_CraneRig_Arm.ubulk" 40
"../../../Engine/Content/EditorMeshes/Camera/SM_CraneRig_Arm.uexp" 41
"../../../Engine/Content/EditorMeshes/Camera/SM_CraneRig_Arm.uasset" 42
"../../../Engine/Content/EditorMeshes/Camera/SM_CraneRig_Mount.uexp" 43
"../../../Engine/Content/EditorMeshes/Camera/SM_CraneRig_Mount.ubulk" 44
"../../../Engine/Content/EditorMeshes/Camera/SM_CraneRig_Mount.uasset" 45
"../../../Engine/Content/EditorMeshes/Camera/SM_CraneRig_Body.ubulk" 46
"../../../Engine/Content/EditorMeshes/Camera/SM_CraneRig_Body.uasset" 47
"../../../Engine/Content/EditorMeshes/Camera/SM_CraneRig_Body.uexp" 48
"../../../Engine/Content/EditorMeshes/Camera/SM_RailRig_Track.uexp" 49
"../../../Engine/Content/EditorMeshes/Camera/SM_RailRig_Track.ubulk" 50
"../../../Engine/Content/EditorMeshes/Camera/SM_RailRig_Track.uasset" 51
"../../../Engine/Content/EditorMeshes/Camera/SM_RailRig_Mount.ubulk" 52
"../../../Engine/Content/EditorMeshes/Camera/SM_RailRig_Mount.uexp" 53
"../../../Engine/Content/EditorMeshes/Camera/SM_RailRig_Mount.uasset" 54
"../../../Engine/Content/EngineMaterials/T_Default_Material_Grid_M.uasset" 55
"../../../Engine/Content/EngineMaterials/T_Default_Material_Grid_M.ubulk" 56
"../../../Engine/Content/EngineMaterials/T_Default_Material_Grid_M.uexp" 57
"../../../Engine/Content/EngineMaterials/T_Default_Material_Grid_N.uasset" 58
"../../../Engine/Content/EngineMaterials/T_Default_Material_Grid_N.uexp" 59
"../../../Engine/Content/EngineMaterials/T_Default_Material_Grid_N.ubulk" 60
"../../../Engine/Content/Functions/Engine_MaterialFunctions01/Opacity/CameraDepthFade.uexp" 61
"../../../Engine/Content/Functions/Engine_MaterialFunctions01/Opacity/CameraDepthFade.uasset" 62
"../../../Engine/Content/EngineMaterials/WorldGridMaterial.uexp" 63
"../../../Engine/Content/EngineMaterials/WorldGridMaterial.uasset" 64
"../../../Engine/Content/ArtTools/RenderToTexture/Meshes/S_1_Unit_Plane.uexp" 65
"../../../Engine/Content/ArtTools/RenderToTexture/Meshes/S_1_Unit_Plane.ubulk" 66
"../../../Engine/Content/ArtTools/RenderToTexture/Meshes/S_1_Unit_Plane.uasset" 67
"../../../Engine/Content/VREditor/LaserPointer/VR_LaserPower_01.uexp" 68
"../../../Engine/Content/VREditor/LaserPointer/VR_LaserPower_01.ubulk" 69
"../../../Engine/Content/VREditor/LaserPointer/VR_LaserPower_01.uasset" 70
"../../../Engine/Content/VREditor/TransformGizmo/TransformGizmoMaterial.uasset" 71
"../../../Engine/Content/VREditor/TransformGizmo/TransformGizmoMaterial.uexp" 72
"../../../Engine/Content/VREditor/TransformGizmo/TranslucentTransformGizmoMaterial.uasset" 73
"../../../Engine/Content/VREditor/TransformGizmo/TranslucentTransformGizmoMaterial.uexp" 74
"../../../Engine/Content/VREditor/TransformGizmo/BoundingBoxCorner.ubulk" 75
"../../../Engine/Content/VREditor/TransformGizmo/BoundingBoxCorner.uasset" 76
"../../../Engine/Content/VREditor/TransformGizmo/BoundingBoxCorner.uexp" 77
"../../../Engine/Content/VREditor/TransformGizmo/BoundingBoxEdge.ubulk" 78
"../../../Engine/Content/VREditor/TransformGizmo/BoundingBoxEdge.uexp" 79
"../../../Engine/Content/VREditor/TransformGizmo/BoundingBoxEdge.uasset" 80
"../../../Engine/Content/VREditor/TransformGizmo/Main.uasset" 81
"../../../Engine/Content/VREditor/TransformGizmo/Main.uexp" 82
"../../../Engine/Content/VREditor/TransformGizmo/Xray.uexp" 83
"../../../Engine/Content/VREditor/TransformGizmo/Xray.uasset" 84
"../../../Engine/Content/VREditor/TransformGizmo/SM_Sequencer_Node.uexp" 85
"../../../Engine/Content/VREditor/TransformGizmo/SM_Sequencer_Node.ubulk" 86
"../../../Engine/Content/VREditor/TransformGizmo/SM_Sequencer_Node.uasset" 87
"../../../Engine/Content/EditorMaterials/ParticleSystems/PSysThumbnail_NoImage.ubulk" 88
"../../../Engine/Content/EditorMaterials/ParticleSystems/PSysThumbnail_NoImage.uexp" 89
"../../../Engine/Content/EditorMaterials/ParticleSystems/PSysThumbnail_NoImage.uasset" 90
"../../../Engine/Content/EditorMaterials/ParticleSystems/PSysThumbnail_OOD.ubulk" 91
"../../../Engine/Content/EditorMaterials/ParticleSystems/PSysThumbnail_OOD.uexp" 92
"../../../Engine/Content/EditorMaterials/ParticleSystems/PSysThumbnail_OOD.uasset" 93
"../../../Engine/Content/EditorLandscapeResources/SplineEditorMeshMat.uasset" 94
"../../../Engine/Content/EditorLandscapeResources/SplineEditorMeshMat.uexp" 95
"../../../Engine/Content/EditorLandscapeResources/SplineEditorMesh.uexp" 96
"../../../Engine/Content/EditorLandscapeResources/SplineEditorMesh.uasset" 97
"../../../Engine/Content/EditorLandscapeResources/SplineEditorMesh.ubulk" 98
"../../../Engine/Content/EditorLandscapeResources/DefaultAlphaTexture.uexp" 99
"../../../Engine/Content/EditorLandscapeResources/DefaultAlphaTexture.uasset" 100
"../../../Engine/Content/EditorResources/S_Terrain.uasset" 101
"../../../Engine/Content/EditorResources/S_Terrain.uexp" 102
"../../../Engine/Content/EditorResources/S_Terrain.ubulk" 103
"../../../Engine/Plugins/Media/MediaPlate/Content/SM_MediaPlateScreen.ubulk" 104
"../../../Engine/Plugins/Media/MediaPlate/Content/SM_MediaPlateScreen.uasset" 105
"../../../Engine/Plugins/Media/MediaPlate/Content/SM_MediaPlateScreen.uexp" 106
"../../../Engine/Content/EngineMaterials/DefaultBokeh.uexp" 107
"../../../Engine/Content/EngineMaterials/DefaultBokeh.uasset" 108
"../../../Engine/Content/EngineMaterials/MiniFont.uexp" 109
"../../../Engine/Content/EngineMaterials/MiniFont.uasset" 110
"../../../Engine/Content/EngineMaterials/WeightMapPlaceholderTexture.uasset" 111
"../../../Engine/Content/EngineMaterials/WeightMapPlaceholderTexture.uexp" 112
"../../../Engine/Content/EngineMaterials/WeightMapArrayPlaceholderTexture.uasset" 113
"../../../Engine/Content/EngineMaterials/WeightMapArrayPlaceholderTexture.uexp" 114
"../../../Engine/Content/EngineMaterials/DefaultWhiteGrid.ubulk" 115
"../../../Engine/Content/EngineMaterials/DefaultWhiteGrid.uexp" 116
"../../../Engine/Content/EngineMaterials/DefaultWhiteGrid.uasset" 117
"../../../Engine/Content/EngineMaterials/PreintegratedSkinBRDF.uexp" 118
"../../../Engine/Content/EngineMaterials/PreintegratedSkinBRDF.uasset" 119
"../../../Engine/Content/Functions/Engine_MaterialFunctions02/WorldPositionOffset/CameraOffset.uexp" 120
"../../../Engine/Content/Functions/Engine_MaterialFunctions02/WorldPositionOffset/CameraOffset.uasset" 121
"../../../Engine/Plugins/Animation/ControlRig/Content/M_Manip.uasset" 122
"../../../Engine/Plugins/Animation/ControlRig/Content/M_Manip.uexp" 123
"../../../Engine/Plugins/Animation/ACLPlugin/Content/ACLAnimBoneCompressionSettings.uexp" 124
"../../../Engine/Plugins/Animation/ACLPlugin/Content/ACLAnimBoneCompressionSettings.uasset" 125
"../../../Engine/Plugins/Animation/ACLPlugin/Content/ACLAnimCurveCompressionSettings.uasset" 126
"../../../Engine/Plugins/Animation/ACLPlugin/Content/ACLAnimCurveCompressionSettings.uexp" 127
"../../../Engine/Plugins/2D/Paper2D/Content/PlaceholderTextures/DummySpriteTexture.ubulk" 128
"../../../Engine/Plugins/2D/Paper2D/Content/PlaceholderTextures/DummySpriteTexture.uexp" 129
"../../../Engine/Plugins/2D/Paper2D/Content/PlaceholderTextures/DummySpriteTexture.uasset" 130
"../../../Engine/Plugins/2D/Paper2D/Content/DefaultSpriteMaterial.uexp" 131
"../../../Engine/Plugins/2D/Paper2D/Content/DefaultSpriteMaterial.uasset" 132
"../../../Engine/Plugins/2D/Paper2D/Content/MaskedUnlitSpriteMaterial.uexp" 133
"../../../Engine/Plugins/2D/Paper2D/Content/MaskedUnlitSpriteMaterial.uasset" 134
"../../../Engine/Plugins/2D/Paper2D/Content/DummySprite.uasset" 135
"../../../Engine/Plugins/2D/Paper2D/Content/DummySprite.uexp" 136
"../../../Engine/Plugins/2D/Paper2D/Content/DefaultPaperTerrainMaterial.uexp" 137
"../../../Engine/Plugins/2D/Paper2D/Content/DefaultPaperTerrainMaterial.uasset" 138
"../../../Engine/Plugins/2D/Paper2D/Content/OpaqueUnlitSpriteMaterial.uasset" 139
"../../../Engine/Plugins/2D/Paper2D/Content/OpaqueUnlitSpriteMaterial.uexp" 140
"../../../Engine/Plugins/Runtime/MeshModelingToolset/Content/Materials/M_DynamicMeshComponentVtxColor.uexp" 141
"../../../Engine/Plugins/Runtime/MeshModelingToolset/Content/Materials/M_DynamicMeshComponentVtxColor.uasset" 142
"../../../Engine/Plugins/Interchange/Runtime/Content/Pipelines/DefaultGLTFPipeline.uexp" 143
"../../../Engine/Plugins/Interchange/Runtime/Content/Pipelines/DefaultGLTFPipeline.uasset" 144
"../../../Engine/Plugins/Interchange/Runtime/Content/Pipelines/DefaultGLTFAssetsPipeline.uexp" 145
"../../../Engine/Plugins/Interchange/Runtime/Content/Pipelines/DefaultGLTFAssetsPipeline.uasset" 146
"../../../Engine/Plugins/Interchange/Runtime/Content/Pipelines/DefaultAssetsPipeline.uexp" 147
"../../../Engine/Plugins/Interchange/Runtime/Content/Pipelines/DefaultAssetsPipeline.uasset" 148
"../../../Engine/Plugins/Interchange/Runtime/Content/Pipelines/DefaultSceneLevelPipeline.uexp" 149
"../../../Engine/Plugins/Interchange/Runtime/Content/Pipelines/DefaultSceneLevelPipeline.uasset" 150
"../../../Engine/Plugins/Interchange/Runtime/Content/Pipelines/DefaultMaterialXPipeline.uexp" 151
"../../../Engine/Plugins/Interchange/Runtime/Content/Pipelines/DefaultMaterialXPipeline.uasset" 152
"../../../Engine/Plugins/Interchange/Runtime/Content/Pipelines/DefaultSceneAssetsPipeline.uasset" 153
"../../../Engine/Plugins/Interchange/Runtime/Content/Pipelines/DefaultSceneAssetsPipeline.uexp" 154
"../../../Engine/Plugins/Interchange/Runtime/Content/Pipelines/DefaultMaterialPipeline.uasset" 155
"../../../Engine/Plugins/Interchange/Runtime/Content/Pipelines/DefaultMaterialPipeline.uexp" 156
"../../../Engine/Plugins/Interchange/Runtime/Content/Pipelines/DefaultGLTFSceneAssetsPipeline.uexp" 157
"../../../Engine/Plugins/Interchange/Runtime/Content/Pipelines/DefaultGLTFSceneAssetsPipeline.uasset" 158
"../../../Engine/Plugins/Interchange/Runtime/Content/Pipelines/DefaultTexturePipeline.uasset" 159
"../../../Engine/Plugins/Interchange/Runtime/Content/Pipelines/DefaultTexturePipeline.uexp" 160
"../../../Engine/Plugins/Interchange/Runtime/Content/Functions/MX_GeneralizedSchlickBSDF.uexp" 161
"../../../Engine/Plugins/Interchange/Runtime/Content/Functions/MX_GeneralizedSchlickBSDF.uasset" 162
"../../../Engine/Plugins/Interchange/Runtime/Content/Functions/MX_UniformEDF.uexp" 163
"../../../Engine/Plugins/Interchange/Runtime/Content/Functions/MX_UniformEDF.uasset" 164
"../../../Engine/Plugins/Interchange/Runtime/Content/Functions/MX_Surface.uexp" 165
"../../../Engine/Plugins/Interchange/Runtime/Content/Functions/MX_Surface.uasset" 166
"../../../Engine/Plugins/Interchange/Runtime/Content/Functions/MX_SurfaceUnlit.uasset" 167
"../../../Engine/Plugins/Interchange/Runtime/Content/Functions/MX_SurfaceUnlit.uexp" 168
"../../../Engine/Plugins/Interchange/Runtime/Content/Functions/MX_ConductorBSDF.uexp" 169
"../../../Engine/Plugins/Interchange/Runtime/Content/Functions/MX_ConductorBSDF.uasset" 170
"../../../Engine/Plugins/Interchange/Runtime/Content/Functions/MF_OrenNayerView.uexp" 171
"../../../Engine/Plugins/Interchange/Runtime/Content/Functions/MF_OrenNayerView.uasset" 172
"../../../Engine/Plugins/Interchange/Runtime/Content/Functions/MF_SchlickApprox.uasset" 173
"../../../Engine/Plugins/Interchange/Runtime/Content/Functions/MF_SchlickApprox.uexp" 174
"../../../Engine/Plugins/Interchange/Runtime/Content/Utilities/New_LUT.uasset" 175
"../../../Engine/Plugins/Interchange/Runtime/Content/Utilities/New_LUT.uexp" 176
"../../../Engine/Content/Functions/Engine_MaterialFunctions03/Math/RemapValueRange.uexp" 177
"../../../Engine/Content/Functions/Engine_MaterialFunctions03/Math/RemapValueRange.uasset" 178
"../../../Engine/Plugins/Interchange/Runtime/Content/Functions/MF_Iridescence.uasset" 179
"../../../Engine/Plugins/Interchange/Runtime/Content/Functions/MF_Iridescence.uexp" 180
"../../../Engine/Plugins/Interchange/Runtime/Content/Functions/MX_StandardSurface.uasset" 181
"../../../Engine/Plugins/Interchange/Runtime/Content/Functions/MX_StandardSurface.uexp" 182
"../../../Engine/Plugins/Interchange/Runtime/Content/Functions/MX_OpenPBR_Opaque.uexp" 183
"../../../Engine/Plugins/Interchange/Runtime/Content/Functions/MX_OpenPBR_Opaque.uasset" 184
"../../../Engine/Plugins/Interchange/Runtime/Content/Functions/MX_UsdPreviewSurface.uexp" 185
"../../../Engine/Plugins/Interchange/Runtime/Content/Functions/MX_UsdPreviewSurface.uasset" 186
"../../../Engine/Plugins/Interchange/Runtime/Content/Functions/MX_TranslucentBSDF.uasset" 187
"../../../Engine/Plugins/Interchange/Runtime/Content/Functions/MX_TranslucentBSDF.uexp" 188
"../../../Engine/Plugins/Interchange/Runtime/Content/Functions/MX_AnisotropicVDF.uexp" 189
"../../../Engine/Plugins/Interchange/Runtime/Content/Functions/MX_AnisotropicVDF.uasset" 190
"../../../Engine/Plugins/Interchange/Runtime/Content/Functions/MX_SheenBSDF.uexp" 191
"../../../Engine/Plugins/Interchange/Runtime/Content/Functions/MX_SheenBSDF.uasset" 192
"../../../Engine/Plugins/Interchange/Runtime/Content/Functions/MX_SubsurfaceBSDF.uexp" 193
"../../../Engine/Plugins/Interchange/Runtime/Content/Functions/MX_SubsurfaceBSDF.uasset" 194
"../../../Engine/Plugins/Interchange/Runtime/Content/Functions/MX_ConicalEDF.uasset" 195
"../../../Engine/Plugins/Interchange/Runtime/Content/Functions/MX_ConicalEDF.uexp" 196
"../../../Engine/Plugins/Interchange/Runtime/Content/Functions/MX_MeasuredEDF.uasset" 197
"../../../Engine/Plugins/Interchange/Runtime/Content/Functions/MX_MeasuredEDF.uexp" 198
"../../../Engine/Plugins/Interchange/Runtime/Content/Functions/MX_BurleyDiffuseBSDF.uasset" 199
"../../../Engine/Plugins/Interchange/Runtime/Content/Functions/MX_BurleyDiffuseBSDF.uexp" 200
"../../../Engine/Plugins/Interchange/Runtime/Content/Functions/MX_DielectricBSDF.uasset" 201
"../../../Engine/Plugins/Interchange/Runtime/Content/Functions/MX_DielectricBSDF.uexp" 202
"../../../Engine/Plugins/Interchange/Runtime/Content/Functions/MX_AbsorptionVDF.uasset" 203
"../../../Engine/Plugins/Interchange/Runtime/Content/Functions/MX_AbsorptionVDF.uexp" 204
"../../../Engine/Plugins/Interchange/Runtime/Content/Functions/MX_OrenNayarBSDF.uasset" 205
"../../../Engine/Plugins/Interchange/Runtime/Content/Functions/MX_OrenNayarBSDF.uexp" 206
"../../../Engine/Plugins/Interchange/Runtime/Content/Functions/MX_ThinFilmBSDF.uasset" 207
"../../../Engine/Plugins/Interchange/Runtime/Content/Functions/MX_ThinFilmBSDF.uexp" 208
"../../../Engine/Content/Functions/Engine_MaterialFunctions02/Utility/CameraDirectionVector.uexp" 209
"../../../Engine/Content/Functions/Engine_MaterialFunctions02/Utility/CameraDirectionVector.uasset" 210
"../../../Engine/Content/Functions/Engine_MaterialFunctions01/Volumetrics/BeersLaw.uasset" 211
"../../../Engine/Content/Functions/Engine_MaterialFunctions01/Volumetrics/BeersLaw.uexp" 212
"../../../Engine/Content/EngineMaterials/Good64x64TilingNoiseHighFreq.uasset" 213
"../../../Engine/Content/EngineMaterials/Good64x64TilingNoiseHighFreq.uexp" 214
"../../../Engine/Content/Functions/Engine_MaterialFunctions02/Texturing/ScreenAlignedPixelToPixelUVs.uasset" 215
"../../../Engine/Content/Functions/Engine_MaterialFunctions02/Texturing/ScreenAlignedPixelToPixelUVs.uexp" 216
"../../../Engine/Plugins/Interchange/Runtime/Content/gltf/MaterialFunctions/MF_Temporal_Blur.uexp" 217
"../../../Engine/Plugins/Interchange/Runtime/Content/gltf/MaterialFunctions/MF_Temporal_Blur.uasset" 218
"../../../Engine/Plugins/Interchange/Runtime/Content/gltf/MaterialFunctions/MF_Fresnel_DS.uexp" 219
"../../../Engine/Plugins/Interchange/Runtime/Content/gltf/MaterialFunctions/MF_Fresnel_DS.uasset" 220
"../../../Engine/Content/Functions/Engine_MaterialFunctions02/Utility/BreakOutFloat3Components.uasset" 221
"../../../Engine/Content/Functions/Engine_MaterialFunctions02/Utility/BreakOutFloat3Components.uexp" 222
"../../../Engine/Plugins/Interchange/Runtime/Content/Functions/MX_Transmission.uexp" 223
"../../../Engine/Plugins/Interchange/Runtime/Content/Functions/MX_Transmission.uasset" 224
"../../../Engine/Plugins/Interchange/Runtime/Content/Functions/MX_TransmissionSurface.uexp" 225
"../../../Engine/Plugins/Interchange/Runtime/Content/Functions/MX_TransmissionSurface.uasset" 226
"../../../Engine/Plugins/Interchange/Runtime/Content/Functions/MX_OpenPBR_Translucent.uasset" 227
"../../../Engine/Plugins/Interchange/Runtime/Content/Functions/MX_OpenPBR_Translucent.uexp" 228
"../../../Engine/Plugins/Editor/SpeedTreeImporter/Content/SpeedTree9/game_wind_noise.uexp" 229
"../../../Engine/Plugins/Editor/SpeedTreeImporter/Content/SpeedTree9/game_wind_noise.uasset" 230
"../../../Engine/Plugins/Editor/SpeedTreeImporter/Content/SpeedTree9/game_wind_noise.ubulk" 231
"../../../Engine/Plugins/Editor/SpeedTreeImporter/Content/SpeedTree9/UnpackDirection.uexp" 232
"../../../Engine/Plugins/Editor/SpeedTreeImporter/Content/SpeedTree9/UnpackDirection.uasset" 233
"../../../Engine/Content/Functions/Engine_MaterialFunctions02/ObjectLocalBounds.uasset" 234
"../../../Engine/Content/Functions/Engine_MaterialFunctions02/ObjectLocalBounds.uexp" 235
"../../../Engine/Content/Functions/Engine_MaterialFunctions02/UVs/BoundingBoxBased_0-1_UVW.uexp" 236
"../../../Engine/Content/Functions/Engine_MaterialFunctions02/UVs/BoundingBoxBased_0-1_UVW.uasset" 237
"../../../Engine/Content/Functions/Engine_MaterialFunctions02/Utility/VectorLength.uexp" 238
"../../../Engine/Content/Functions/Engine_MaterialFunctions02/Utility/VectorLength.uasset" 239
"../../../Engine/Plugins/Editor/SpeedTreeImporter/Content/SpeedTree9/UnpackInteger3.uexp" 240
"../../../Engine/Plugins/Editor/SpeedTreeImporter/Content/SpeedTree9/UnpackInteger3.uasset" 241
"../../../Engine/Plugins/Editor/SpeedTreeImporter/Content/SpeedTree9/SpeedTreeCameraFacing.uasset" 242
"../../../Engine/Plugins/Editor/SpeedTreeImporter/Content/SpeedTree9/SpeedTreeCameraFacing.uexp" 243
"../../../Engine/Content/Functions/Engine_MaterialFunctions02/WorldPositionOffset/ObjectScale.uexp" 244
"../../../Engine/Content/Functions/Engine_MaterialFunctions02/WorldPositionOffset/ObjectScale.uasset" 245
"../../../Engine/Content/Functions/Engine_MaterialFunctions02/SafeNormalize.uasset" 246
"../../../Engine/Content/Functions/Engine_MaterialFunctions02/SafeNormalize.uexp" 247
"../../../Engine/Plugins/Editor/SpeedTreeImporter/Content/SpeedTree9/SpeedTreeWindMotion.uexp" 248
"../../../Engine/Plugins/Editor/SpeedTreeImporter/Content/SpeedTree9/SpeedTreeWindMotion.uasset" 249
"../../../Engine/Plugins/Editor/SpeedTreeImporter/Content/SpeedTree9/SpeedTreeBranchMotion.uexp" 250
"../../../Engine/Plugins/Editor/SpeedTreeImporter/Content/SpeedTree9/SpeedTreeBranchMotion.uasset" 251
"../../../Engine/Plugins/Editor/SpeedTreeImporter/Content/SpeedTree9/SpeedTreeWind.uasset" 252
"../../../Engine/Plugins/Editor/SpeedTreeImporter/Content/SpeedTree9/SpeedTreeWind.uexp" 253
"../../../Engine/Plugins/Editor/SpeedTreeImporter/Content/SpeedTree9/EmptyNormal.uasset" 254
"../../../Engine/Plugins/Editor/SpeedTreeImporter/Content/SpeedTree9/EmptyNormal.uexp" 255
"../../../Engine/Plugins/Editor/SpeedTreeImporter/Content/SpeedTree9/Empty.uasset" 256
"../../../Engine/Plugins/Editor/SpeedTreeImporter/Content/SpeedTree9/Empty.uexp" 257
"../../../Engine/Plugins/Editor/SpeedTreeImporter/Content/SpeedTree9/SpeedTreeMaster.uexp" 258
"../../../Engine/Plugins/Editor/SpeedTreeImporter/Content/SpeedTree9/SpeedTreeMaster.uasset" 259
"../../../Engine/Plugins/Editor/SpeedTreeImporter/Content/SpeedTree9/SpeedTreeBillboard.uexp" 260
"../../../Engine/Plugins/Editor/SpeedTreeImporter/Content/SpeedTree9/SpeedTreeBillboard.uasset" 261
"../../../Engine/Plugins/Editor/SpeedTreeImporter/Content/SpeedTree9/SpeedTreeBillboardMaster.uasset" 262
"../../../Engine/Plugins/Editor/SpeedTreeImporter/Content/SpeedTree9/SpeedTreeBillboardMaster.uexp" 263
"../../../Engine/Plugins/Animation/ControlRig/Content/Controls/ControlRig_Octagon_solid.uexp" 264
"../../../Engine/Plugins/Animation/ControlRig/Content/Controls/ControlRig_Octagon_solid.ubulk" 265
"../../../Engine/Plugins/Animation/ControlRig/Content/Controls/ControlRig_Octagon_solid.uasset" 266
"../../../Engine/Plugins/Animation/ControlRig/Content/Controls/ControlRig_Pyramid_solid.uexp" 267
"../../../Engine/Plugins/Animation/ControlRig/Content/Controls/ControlRig_Pyramid_solid.ubulk" 268
"../../../Engine/Plugins/Animation/ControlRig/Content/Controls/ControlRig_Pyramid_solid.uasset" 269
"../../../Engine/Plugins/Animation/ControlRig/Content/Controls/ControlRig_Wedge_solid.uexp" 270
"../../../Engine/Plugins/Animation/ControlRig/Content/Controls/ControlRig_Wedge_solid.ubulk" 271
"../../../Engine/Plugins/Animation/ControlRig/Content/Controls/ControlRig_Wedge_solid.uasset" 272
"../../../Engine/Plugins/Animation/ControlRig/Content/Controls/ControlRig_RoundedSquare_1mm.ubulk" 273
"../../../Engine/Plugins/Animation/ControlRig/Content/Controls/ControlRig_RoundedSquare_1mm.uexp" 274
"../../../Engine/Plugins/Animation/ControlRig/Content/Controls/ControlRig_RoundedSquare_1mm.uasset" 275
"../../../Engine/Plugins/Animation/ControlRig/Content/Controls/ControlRig_Star4_1mm.ubulk" 276
"../../../Engine/Plugins/Animation/ControlRig/Content/Controls/ControlRig_Star4_1mm.uexp" 277
"../../../Engine/Plugins/Animation/ControlRig/Content/Controls/ControlRig_Star4_1mm.uasset" 278
"../../../Engine/Plugins/Animation/ControlRig/Content/Controls/ControlRigXRayMaterial.uexp" 279
"../../../Engine/Plugins/Animation/ControlRig/Content/Controls/ControlRigXRayMaterial.uasset" 280
"../../../Engine/Plugins/Animation/ControlRig/Content/Controls/ControlRig_Hexagon_solid.ubulk" 281
"../../../Engine/Plugins/Animation/ControlRig/Content/Controls/ControlRig_Hexagon_solid.uexp" 282
"../../../Engine/Plugins/Animation/ControlRig/Content/Controls/ControlRig_Hexagon_solid.uasset" 283
"../../../Engine/Plugins/Animation/ControlRig/Content/Controls/ControlRig_Arrow_solid.ubulk" 284
"../../../Engine/Plugins/Animation/ControlRig/Content/Controls/ControlRig_Arrow_solid.uexp" 285
"../../../Engine/Plugins/Animation/ControlRig/Content/Controls/ControlRig_Arrow_solid.uasset" 286
"../../../Engine/Plugins/Animation/ControlRig/Content/Controls/ControlRig_Triangle_3mm.uasset" 287
"../../../Engine/Plugins/Animation/ControlRig/Content/Controls/ControlRig_Triangle_3mm.uexp" 288
"../../../Engine/Plugins/Animation/ControlRig/Content/Controls/ControlRig_Triangle_3mm.ubulk" 289
"../../../Engine/Plugins/Animation/ControlRig/Content/Controls/ControlRig_Box_solid.uasset" 290
"../../../Engine/Plugins/Animation/ControlRig/Content/Controls/ControlRig_Box_solid.ubulk" 291
"../../../Engine/Plugins/Animation/ControlRig/Content/Controls/ControlRig_Box_solid.uexp" 292
"../../../Engine/Plugins/Animation/ControlRig/Content/Controls/ControlRig_Wedge_3mm.uasset" 293
"../../../Engine/Plugins/Animation/ControlRig/Content/Controls/ControlRig_Wedge_3mm.ubulk" 294
"../../../Engine/Plugins/Animation/ControlRig/Content/Controls/ControlRig_Wedge_3mm.uexp" 295
"../../../Engine/Plugins/Animation/ControlRig/Content/Controls/ControlRig_HalfCircle_1mm.ubulk" 296
"../../../Engine/Plugins/Animation/ControlRig/Content/Controls/ControlRig_HalfCircle_1mm.uexp" 297
"../../../Engine/Plugins/Animation/ControlRig/Content/Controls/ControlRig_HalfCircle_1mm.uasset" 298
"../../../Engine/Plugins/Animation/ControlRig/Content/Controls/ControlRig_HalfCircle_solid.uexp" 299
"../../../Engine/Plugins/Animation/ControlRig/Content/Controls/ControlRig_HalfCircle_solid.ubulk" 300
"../../../Engine/Plugins/Animation/ControlRig/Content/Controls/ControlRig_HalfCircle_solid.uasset" 301
"../../../Engine/Plugins/Animation/ControlRig/Content/Controls/ControlRig_Arrow2_1mm.uexp" 302
"../../../Engine/Plugins/Animation/ControlRig/Content/Controls/ControlRig_Arrow2_1mm.ubulk" 303
"../../../Engine/Plugins/Animation/ControlRig/Content/Controls/ControlRig_Arrow2_1mm.uasset" 304
"../../../Engine/Plugins/Animation/ControlRig/Content/Controls/ControlRig_Octagon_3mm.uexp" 305
"../../../Engine/Plugins/Animation/ControlRig/Content/Controls/ControlRig_Octagon_3mm.ubulk" 306
"../../../Engine/Plugins/Animation/ControlRig/Content/Controls/ControlRig_Octagon_3mm.uasset" 307
"../../../Engine/Plugins/Animation/ControlRig/Content/Controls/ControlRig_Box_3mm.uexp" 308
"../../../Engine/Plugins/Animation/ControlRig/Content/Controls/ControlRig_Box_3mm.ubulk" 309
"../../../Engine/Plugins/Animation/ControlRig/Content/Controls/ControlRig_Box_3mm.uasset" 310
"../../../Engine/Plugins/Animation/ControlRig/Content/Controls/ControlRig_Sphere_1mm.uasset" 311
"../../../Engine/Plugins/Animation/ControlRig/Content/Controls/ControlRig_Sphere_1mm.uexp" 312
"../../../Engine/Plugins/Animation/ControlRig/Content/Controls/ControlRig_Sphere_1mm.ubulk" 313
"../../../Engine/Plugins/Animation/ControlRig/Content/Controls/ControlRig_Pyramid_3mm.uasset" 314
"../../../Engine/Plugins/Animation/ControlRig/Content/Controls/ControlRig_Pyramid_3mm.ubulk" 315
"../../../Engine/Plugins/Animation/ControlRig/Content/Controls/ControlRig_Pyramid_3mm.uexp" 316
"../../../Engine/Plugins/Animation/ControlRig/Content/Controls/ControlRig_QuarterCircle_3mm.ubulk" 317
"../../../Engine/Plugins/Animation/ControlRig/Content/Controls/ControlRig_QuarterCircle_3mm.uexp" 318
"../../../Engine/Plugins/Animation/ControlRig/Content/Controls/ControlRig_QuarterCircle_3mm.uasset" 319
"../../../Engine/Plugins/Animation/ControlRig/Content/Controls/ControlRig_Circle_1mm.ubulk" 320
"../../../Engine/Plugins/Animation/ControlRig/Content/Controls/ControlRig_Circle_1mm.uexp" 321
"../../../Engine/Plugins/Animation/ControlRig/Content/Controls/ControlRig_Circle_1mm.uasset" 322
"../../../Engine/Plugins/Animation/ControlRig/Content/Controls/ControlRig_RoundedTriangle_3mm.uasset" 323
"../../../Engine/Plugins/Animation/ControlRig/Content/Controls/ControlRig_RoundedTriangle_3mm.uexp" 324
"../../../Engine/Plugins/Animation/ControlRig/Content/Controls/ControlRig_RoundedTriangle_3mm.ubulk" 325
"../../../Engine/Plugins/Animation/ControlRig/Content/Controls/ControlRig_Triangle_solid.uasset" 326
"../../../Engine/Plugins/Animation/ControlRig/Content/Controls/ControlRig_Triangle_solid.ubulk" 327
"../../../Engine/Plugins/Animation/ControlRig/Content/Controls/ControlRig_Triangle_solid.uexp" 328
"../../../Engine/Plugins/Animation/ControlRig/Content/Controls/ControlRig_Diamond_1mm.uasset" 329
"../../../Engine/Plugins/Animation/ControlRig/Content/Controls/ControlRig_Diamond_1mm.uexp" 330
"../../../Engine/Plugins/Animation/ControlRig/Content/Controls/ControlRig_Diamond_1mm.ubulk" 331
"../../../Engine/Plugins/Animation/ControlRig/Content/Controls/ControlRig_Arrow2_solid.uasset" 332
"../../../Engine/Plugins/Animation/ControlRig/Content/Controls/ControlRig_Arrow2_solid.uexp" 333
"../../../Engine/Plugins/Animation/ControlRig/Content/Controls/ControlRig_Arrow2_solid.ubulk" 334
"../../../Engine/Plugins/Animation/ControlRig/Content/Controls/ControlRig_Arrow4_3mm.uasset" 335
"../../../Engine/Plugins/Animation/ControlRig/Content/Controls/ControlRig_Arrow4_3mm.ubulk" 336
"../../../Engine/Plugins/Animation/ControlRig/Content/Controls/ControlRig_Arrow4_3mm.uexp" 337
"../../../Engine/Plugins/Animation/ControlRig/Content/Controls/ControlRig_Hexagon_1mm.uasset" 338
"../../../Engine/Plugins/Animation/ControlRig/Content/Controls/ControlRig_Hexagon_1mm.uexp" 339
"../../../Engine/Plugins/Animation/ControlRig/Content/Controls/ControlRig_Hexagon_1mm.ubulk" 340
"../../../Engine/Plugins/Animation/ControlRig/Content/Controls/ControlRig_QuarterCircle_solid.uasset" 341
"../../../Engine/Plugins/Animation/ControlRig/Content/Controls/ControlRig_QuarterCircle_solid.ubulk" 342
"../../../Engine/Plugins/Animation/ControlRig/Content/Controls/ControlRig_QuarterCircle_solid.uexp" 343
"../../../Engine/Plugins/Animation/ControlRig/Content/Controls/ControlRig_Arrow_1mm.uasset" 344
"../../../Engine/Plugins/Animation/ControlRig/Content/Controls/ControlRig_Arrow_1mm.uexp" 345
"../../../Engine/Plugins/Animation/ControlRig/Content/Controls/ControlRig_Arrow_1mm.ubulk" 346
"../../../Engine/Plugins/Animation/ControlRig/Content/Controls/ControlRig_Square_1mm.ubulk" 347
"../../../Engine/Plugins/Animation/ControlRig/Content/Controls/ControlRig_Square_1mm.uexp" 348
"../../../Engine/Plugins/Animation/ControlRig/Content/Controls/ControlRig_Square_1mm.uasset" 349
"../../../Engine/Plugins/Animation/ControlRig/Content/Controls/ControlRig_Circle_solid.ubulk" 350
"../../../Engine/Plugins/Animation/ControlRig/Content/Controls/ControlRig_Circle_solid.uexp" 351
"../../../Engine/Plugins/Animation/ControlRig/Content/Controls/ControlRig_Circle_solid.uasset" 352
"../../../Engine/Plugins/Animation/ControlRig/Content/Controls/ControlRig_Arrow4_solid.uexp" 353
"../../../Engine/Plugins/Animation/ControlRig/Content/Controls/ControlRig_Arrow4_solid.uasset" 354
"../../../Engine/Plugins/Animation/ControlRig/Content/Controls/ControlRig_Arrow4_solid.ubulk" 355
"../../../Engine/Plugins/Animation/ControlRig/Content/Controls/ControlRig_RoundedSquare_solid.uexp" 356
"../../../Engine/Plugins/Animation/ControlRig/Content/Controls/ControlRig_RoundedSquare_solid.ubulk" 357
"../../../Engine/Plugins/Animation/ControlRig/Content/Controls/ControlRig_RoundedSquare_solid.uasset" 358
"../../../Engine/Plugins/Animation/ControlRig/Content/Controls/ControlRig_Star4_solid.uasset" 359
"../../../Engine/Plugins/Animation/ControlRig/Content/Controls/ControlRig_Star4_solid.uexp" 360
"../../../Engine/Plugins/Animation/ControlRig/Content/Controls/ControlRig_Star4_solid.ubulk" 361
"../../../Engine/Plugins/Animation/ControlRig/Content/Controls/ControlRig_Diamond_solid.uexp" 362
"../../../Engine/Plugins/Animation/ControlRig/Content/Controls/ControlRig_Diamond_solid.ubulk" 363
"../../../Engine/Plugins/Animation/ControlRig/Content/Controls/ControlRig_Diamond_solid.uasset" 364
"../../../Engine/Plugins/Animation/ControlRig/Content/Controls/ControlRig_Arrow2_3mm.uasset" 365
"../../../Engine/Plugins/Animation/ControlRig/Content/Controls/ControlRig_Arrow2_3mm.ubulk" 366
"../../../Engine/Plugins/Animation/ControlRig/Content/Controls/ControlRig_Arrow2_3mm.uexp" 367
"../../../Engine/Plugins/Animation/ControlRig/Content/Controls/ControlRig_Box_1mm.ubulk" 368
"../../../Engine/Plugins/Animation/ControlRig/Content/Controls/ControlRig_Box_1mm.uexp" 369
"../../../Engine/Plugins/Animation/ControlRig/Content/Controls/ControlRig_Box_1mm.uasset" 370
"../../../Engine/Plugins/Animation/ControlRig/Content/Controls/ControlRig_Octagon_1mm.uasset" 371
"../../../Engine/Plugins/Animation/ControlRig/Content/Controls/ControlRig_Octagon_1mm.ubulk" 372
"../../../Engine/Plugins/Animation/ControlRig/Content/Controls/ControlRig_Octagon_1mm.uexp" 373
"../../../Engine/Plugins/Animation/ControlRig/Content/Controls/ControlRig_Sphere_3mm.uasset" 374
"../../../Engine/Plugins/Animation/ControlRig/Content/Controls/ControlRig_Sphere_3mm.uexp" 375
"../../../Engine/Plugins/Animation/ControlRig/Content/Controls/ControlRig_Sphere_3mm.ubulk" 376
"../../../Engine/Plugins/Animation/ControlRig/Content/Controls/ControlRig_Triangle_1mm.uasset" 377
"../../../Engine/Plugins/Animation/ControlRig/Content/Controls/ControlRig_Triangle_1mm.uexp" 378
"../../../Engine/Plugins/Animation/ControlRig/Content/Controls/ControlRig_Triangle_1mm.ubulk" 379
"../../../Engine/Plugins/Animation/ControlRig/Content/Controls/ControlRig_RoundedTriangle_solid.ubulk" 380
"../../../Engine/Plugins/Animation/ControlRig/Content/Controls/ControlRig_RoundedTriangle_solid.uasset" 381
"../../../Engine/Plugins/Animation/ControlRig/Content/Controls/ControlRig_RoundedTriangle_solid.uexp" 382
"../../../Engine/Plugins/Animation/ControlRig/Content/Controls/ControlRig_HalfCircle_3mm.uasset" 383
"../../../Engine/Plugins/Animation/ControlRig/Content/Controls/ControlRig_HalfCircle_3mm.uexp" 384
"../../../Engine/Plugins/Animation/ControlRig/Content/Controls/ControlRig_HalfCircle_3mm.ubulk" 385
"../../../Engine/Plugins/Animation/ControlRig/Content/Controls/ControlRig_Wedge_1mm.uasset" 386
"../../../Engine/Plugins/Animation/ControlRig/Content/Controls/ControlRig_Wedge_1mm.ubulk" 387
"../../../Engine/Plugins/Animation/ControlRig/Content/Controls/ControlRig_Wedge_1mm.uexp" 388
"../../../Engine/Plugins/Animation/ControlRig/Content/Controls/ControlRig_RoundedSquare_3mm.uasset" 389
"../../../Engine/Plugins/Animation/ControlRig/Content/Controls/ControlRig_RoundedSquare_3mm.ubulk" 390
"../../../Engine/Plugins/Animation/ControlRig/Content/Controls/ControlRig_RoundedSquare_3mm.uexp" 391
"../../../Engine/Plugins/Animation/ControlRig/Content/Controls/ControlRig_Star4_3mm.uasset" 392
"../../../Engine/Plugins/Animation/ControlRig/Content/Controls/ControlRig_Star4_3mm.uexp" 393
"../../../Engine/Plugins/Animation/ControlRig/Content/Controls/ControlRig_Star4_3mm.ubulk" 394
"../../../Engine/Plugins/Animation/ControlRig/Content/Controls/ControlRig_Square_3mm.uexp" 395
"../../../Engine/Plugins/Animation/ControlRig/Content/Controls/ControlRig_Square_3mm.ubulk" 396
"../../../Engine/Plugins/Animation/ControlRig/Content/Controls/ControlRig_Square_3mm.uasset" 397
"../../../Engine/Plugins/Animation/ControlRig/Content/Controls/ControlRig_Sphere_solid.uexp" 398
"../../../Engine/Plugins/Animation/ControlRig/Content/Controls/ControlRig_Sphere_solid.uasset" 399
"../../../Engine/Plugins/Animation/ControlRig/Content/Controls/ControlRig_Sphere_solid.ubulk" 400
"../../../Engine/Plugins/Animation/ControlRig/Content/Controls/ControlRig_Hexagon_3mm.uexp" 401
"../../../Engine/Plugins/Animation/ControlRig/Content/Controls/ControlRig_Hexagon_3mm.uasset" 402
"../../../Engine/Plugins/Animation/ControlRig/Content/Controls/ControlRig_Hexagon_3mm.ubulk" 403
"../../../Engine/Plugins/Animation/ControlRig/Content/Controls/ControlRig_Arrow_3mm.uexp" 404
"../../../Engine/Plugins/Animation/ControlRig/Content/Controls/ControlRig_Arrow_3mm.uasset" 405
"../../../Engine/Plugins/Animation/ControlRig/Content/Controls/ControlRig_Arrow_3mm.ubulk" 406
"../../../Engine/Plugins/Animation/ControlRig/Content/Controls/ControlRig_Diamond_3mm.ubulk" 407
"../../../Engine/Plugins/Animation/ControlRig/Content/Controls/ControlRig_Diamond_3mm.uasset" 408
"../../../Engine/Plugins/Animation/ControlRig/Content/Controls/ControlRig_Diamond_3mm.uexp" 409
"../../../Engine/Plugins/Animation/ControlRig/Content/Controls/ControlRig_Square_solid.uexp" 410
"../../../Engine/Plugins/Animation/ControlRig/Content/Controls/ControlRig_Square_solid.uasset" 411
"../../../Engine/Plugins/Animation/ControlRig/Content/Controls/ControlRig_Square_solid.ubulk" 412
"../../../Engine/Plugins/Animation/ControlRig/Content/Controls/ControlRig_Arrow4_1mm.ubulk" 413
"../../../Engine/Plugins/Animation/ControlRig/Content/Controls/ControlRig_Arrow4_1mm.uasset" 414
"../../../Engine/Plugins/Animation/ControlRig/Content/Controls/ControlRig_Arrow4_1mm.uexp" 415
"../../../Engine/Plugins/Animation/ControlRig/Content/Controls/ControlRig_Pyramid_1mm.ubulk" 416
"../../../Engine/Plugins/Animation/ControlRig/Content/Controls/ControlRig_Pyramid_1mm.uasset" 417
"../../../Engine/Plugins/Animation/ControlRig/Content/Controls/ControlRig_Pyramid_1mm.uexp" 418
"../../../Engine/Plugins/Animation/ControlRig/Content/Controls/ControlRig_QuarterCircle_1mm.uexp" 419
"../../../Engine/Plugins/Animation/ControlRig/Content/Controls/ControlRig_QuarterCircle_1mm.uasset" 420
"../../../Engine/Plugins/Animation/ControlRig/Content/Controls/ControlRig_QuarterCircle_1mm.ubulk" 421
"../../../Engine/Plugins/Animation/ControlRig/Content/Controls/ControlRig_Circle_3mm.ubulk" 422
"../../../Engine/Plugins/Animation/ControlRig/Content/Controls/ControlRig_Circle_3mm.uasset" 423
"../../../Engine/Plugins/Animation/ControlRig/Content/Controls/ControlRig_Circle_3mm.uexp" 424
"../../../Engine/Plugins/Animation/ControlRig/Content/Controls/ControlRig_RoundedTriangle_1mm.uexp" 425
"../../../Engine/Plugins/Animation/ControlRig/Content/Controls/ControlRig_RoundedTriangle_1mm.uasset" 426
"../../../Engine/Plugins/Animation/ControlRig/Content/Controls/ControlRig_RoundedTriangle_1mm.ubulk" 427
"../../../Engine/Plugins/Animation/ControlRig/Content/Controls/ControlRigGizmoMaterial.uasset" 428
"../../../Engine/Plugins/Animation/ControlRig/Content/Controls/ControlRigGizmoMaterial.uexp" 429
"../../../Engine/Content/VREditor/TransformGizmo/StartRotationHandleIndicator.ubulk" 430
"../../../Engine/Content/VREditor/TransformGizmo/StartRotationHandleIndicator.uexp" 431
"../../../Engine/Content/VREditor/TransformGizmo/StartRotationHandleIndicator.uasset" 432
"../../../Engine/Content/VREditor/Sounds/UI/Drop_Item_From_ContentBrowser.ubulk" 433
"../../../Engine/Content/VREditor/Sounds/UI/Drop_Item_From_ContentBrowser.uasset" 434
"../../../Engine/Content/VREditor/Sounds/UI/Drop_Item_From_ContentBrowser.uexp" 435
"../../../Engine/Content/VREditor/TransformGizmo/PlaneTranslationHandle.ubulk" 436
"../../../Engine/Content/VREditor/TransformGizmo/PlaneTranslationHandle.uasset" 437
"../../../Engine/Content/VREditor/TransformGizmo/PlaneTranslationHandle.uexp" 438
"../../../Engine/Content/VREditor/Sounds/UI/Object_Snaps_To_Grid.ubulk" 439
"../../../Engine/Content/VREditor/Sounds/UI/Object_Snaps_To_Grid.uasset" 440
"../../../Engine/Content/VREditor/Sounds/UI/Object_Snaps_To_Grid.uexp" 441
"../../../Engine/Content/VREditor/Sounds/UI/Selection_Changes.ubulk" 442
"../../../Engine/Content/VREditor/Sounds/UI/Selection_Changes.uasset" 443
"../../../Engine/Content/VREditor/Sounds/UI/Selection_Changes.uexp" 444
"../../../Engine/Content/VREditor/Sounds/UI/Object_Snaps_To_Another_Actor.uasset" 445
"../../../Engine/Content/VREditor/Sounds/UI/Object_Snaps_To_Another_Actor.ubulk" 446
"../../../Engine/Content/VREditor/Sounds/UI/Object_Snaps_To_Another_Actor.uexp" 447
"../../../Engine/Content/VREditor/TransformGizmo/TranslucentTransformGizmoMaterial_Inst.uexp" 448
"../../../Engine/Content/VREditor/TransformGizmo/TranslucentTransformGizmoMaterial_Inst.uasset" 449
"../../../Engine/Content/VREditor/TransformGizmo/TransformGizmoFreeRotation.ubulk" 450
"../../../Engine/Content/VREditor/TransformGizmo/TransformGizmoFreeRotation.uasset" 451
"../../../Engine/Content/VREditor/TransformGizmo/TransformGizmoFreeRotation.uexp" 452
"../../../Engine/Content/VREditor/Sounds/UI/Scaling_Down.ubulk" 453
"../../../Engine/Content/VREditor/Sounds/UI/Scaling_Down.uexp" 454
"../../../Engine/Content/VREditor/Sounds/UI/Scaling_Down.uasset" 455
"../../../Engine/Content/Functions/Engine_MaterialFunctions02/Math/Transform3x3Matrix.uasset" 456
"../../../Engine/Content/Functions/Engine_MaterialFunctions02/Math/Transform3x3Matrix.uexp" 457
"../../../Engine/Content/Functions/Engine_MaterialFunctions02/SplitComponents.uasset" 458
"../../../Engine/Content/Functions/Engine_MaterialFunctions02/SplitComponents.uexp" 459
"../../../Engine/Content/Functions/Engine_MaterialFunctions02/Utility/MakeFloat3.uexp" 460
"../../../Engine/Content/Functions/Engine_MaterialFunctions02/Utility/MakeFloat3.uasset" 461
"../../../Engine/Content/VREditor/SnapGrid/SnapGridMaterial.uasset" 462
"../../../Engine/Content/VREditor/SnapGrid/SnapGridMaterial.uexp" 463
"../../../Engine/Content/VREditor/SnapGrid/SnapGridPlaneMesh.uexp" 464
"../../../Engine/Content/VREditor/SnapGrid/SnapGridPlaneMesh.ubulk" 465
"../../../Engine/Content/VREditor/SnapGrid/SnapGridPlaneMesh.uasset" 466
"../../../Engine/Content/VREditor/Sounds/UI/Scaling_Up.ubulk" 467
"../../../Engine/Content/VREditor/Sounds/UI/Scaling_Up.uasset" 468
"../../../Engine/Content/VREditor/Sounds/UI/Scaling_Up.uexp" 469
"../../../Engine/Content/VREditor/TransformGizmo/TransformGizmoMaterial_Inst.uexp" 470
"../../../Engine/Content/VREditor/TransformGizmo/TransformGizmoMaterial_Inst.uasset" 471
"../../../Engine/Content/VREditor/Sounds/UI/Gizmo_Handle_Clicked.uasset" 472
"../../../Engine/Content/VREditor/Sounds/UI/Gizmo_Handle_Clicked.uexp" 473
"../../../Engine/Content/VREditor/Sounds/UI/Gizmo_Handle_Clicked.ubulk" 474
"../../../Engine/Content/VREditor/TransformGizmo/RotationHandleQuarter.uasset" 475
"../../../Engine/Content/VREditor/TransformGizmo/RotationHandleQuarter.ubulk" 476
"../../../Engine/Content/VREditor/TransformGizmo/RotationHandleQuarter.uexp" 477
"../../../Engine/Content/VREditor/TransformGizmo/TranslateArrowHandle.ubulk" 478
"../../../Engine/Content/VREditor/TransformGizmo/TranslateArrowHandle.uasset" 479
"../../../Engine/Content/VREditor/TransformGizmo/TranslateArrowHandle.uexp" 480
"../../../Engine/Content/VREditor/TransformGizmo/RotationHandleIndicator.uexp" 481
"../../../Engine/Content/VREditor/TransformGizmo/RotationHandleIndicator.ubulk" 482
"../../../Engine/Content/VREditor/TransformGizmo/RotationHandleIndicator.uasset" 483
"../../../Engine/Content/VREditor/TransformGizmo/UniformScaleHandle.ubulk" 484
"../../../Engine/Content/VREditor/TransformGizmo/UniformScaleHandle.uasset" 485
"../../../Engine/Content/VREditor/TransformGizmo/UniformScaleHandle.uexp" 486
"../../../Engine/Content/VREditor/TransformGizmo/RotationHandleFull.uexp" 487
"../../../Engine/Content/VREditor/TransformGizmo/RotationHandleFull.ubulk" 488
"../../../Engine/Content/VREditor/TransformGizmo/RotationHandleFull.uasset" 489
"../../../Engine/Content/VREditor/Sounds/UI/Object_PickUp.ubulk" 490
"../../../Engine/Content/VREditor/Sounds/UI/Object_PickUp.uexp" 491
"../../../Engine/Content/VREditor/Sounds/UI/Object_PickUp.uasset" 492
"../../../Engine/Content/EngineSounds/Master.uexp" 493
"../../../Engine/Content/EngineSounds/Master.uasset" 494
"../../../Engine/Content/EngineMaterials/DefaultLightFunctionMaterial.uasset" 495
"../../../Engine/Content/EngineMaterials/DefaultLightFunctionMaterial.uexp" 496
"../../../Engine/Content/EngineResources/WhiteSquareTexture.uexp" 497
"../../../Engine/Content/EngineResources/WhiteSquareTexture.uasset" 498
"../../../Engine/Content/EngineMaterials/Widget3DPassThrough.uexp" 499
"../../../Engine/Content/EngineMaterials/Widget3DPassThrough.uasset" 500
"../../../Engine/Content/EngineMaterials/Widget3DPassThrough_Opaque.uasset" 501
"../../../Engine/Content/EngineMaterials/Widget3DPassThrough_Opaque.uexp" 502
"../../../Engine/Content/EngineMaterials/Widget3DPassThrough_Opaque_OneSided.uasset" 503
"../../../Engine/Content/EngineMaterials/Widget3DPassThrough_Opaque_OneSided.uexp" 504
"../../../Engine/Content/EngineFonts/RobotoDistanceField.uexp" 505
"../../../Engine/Content/EngineFonts/RobotoDistanceField.uasset" 506
"../../../Engine/Content/EngineMaterials/DefaultTextMaterialOpaque.uexp" 507
"../../../Engine/Content/EngineMaterials/DefaultTextMaterialOpaque.uasset" 508
"../../../Engine/Content/EngineMaterials/InvalidLightmapSettings.ubulk" 509
"../../../Engine/Content/EngineMaterials/InvalidLightmapSettings.uasset" 510
"../../../Engine/Content/EngineMaterials/InvalidLightmapSettings.uexp" 511
"../../../Engine/Content/EngineMaterials/M_InvalidLightmapSettings.uexp" 512
"../../../Engine/Content/EngineMaterials/M_InvalidLightmapSettings.uasset" 513
"../../../Engine/Content/EngineMaterials/BaseFlattenEmissiveMap_VT.uexp" 514
"../../../Engine/Content/EngineMaterials/BaseFlattenEmissiveMap_VT.uasset" 515
"../../../Engine/Content/EngineMaterials/BaseFlattenGrayscaleMap_VT.uexp" 516
"../../../Engine/Content/EngineMaterials/BaseFlattenGrayscaleMap_VT.uasset" 517
"../../../Engine/Content/EngineMaterials/BaseFlattenLinearColor_VT.uasset" 518
"../../../Engine/Content/EngineMaterials/BaseFlattenLinearColor_VT.uexp" 519
"../../../Engine/Content/EngineMaterials/Black_1x1_EXR_Texture_VT.uasset" 520
"../../../Engine/Content/EngineMaterials/Black_1x1_EXR_Texture_VT.uexp" 521
"../../../Engine/Content/EngineMaterials/BaseFlattenDiffuseMap_VT.uasset" 522
"../../../Engine/Content/EngineMaterials/BaseFlattenDiffuseMap_VT.uexp" 523
"../../../Engine/Content/EngineMaterials/BaseFlattenNormalMap_VT.uasset" 524
"../../../Engine/Content/EngineMaterials/BaseFlattenNormalMap_VT.uexp" 525
"../../../Engine/Content/EngineMaterials/FlattenMaterial_VT.uasset" 526
"../../../Engine/Content/EngineMaterials/FlattenMaterial_VT.uexp" 527
"../../../Engine/Content/EngineMaterials/DefaultPhysicalMaterial.uasset" 528
"../../../Engine/Content/EngineMaterials/DefaultPhysicalMaterial.uexp" 529
"../../../Engine/Content/EngineMaterials/DefaultDiffuse.ubulk" 530
"../../../Engine/Content/EngineMaterials/DefaultDiffuse.uexp" 531
"../../../Engine/Content/EngineMaterials/DefaultDiffuse.uasset" 532
"../../../Engine/Content/Functions/Engine_MaterialFunctions02/Utility/BreakOutFloat2Components.uasset" 533
"../../../Engine/Content/Functions/Engine_MaterialFunctions02/Utility/BreakOutFloat2Components.uexp" 534
"../../../Engine/Content/EngineMaterials/DefaultPostProcessMaterial.uexp" 535
"../../../Engine/Content/EngineMaterials/DefaultPostProcessMaterial.uasset" 536
"../../../Engine/Content/EngineMaterials/DefaultDeferredDecalMaterial.uexp" 537
"../../../Engine/Content/EngineMaterials/DefaultDeferredDecalMaterial.uasset" 538
"../../../Engine/Content/EngineMaterials/RemoveSurfaceMaterial.uasset" 539
"../../../Engine/Content/EngineMaterials/RemoveSurfaceMaterial.uexp" 540
"../../../Engine/Content/EngineMaterials/FlattenMaterial_WS_Normal_VT.uexp" 541
"../../../Engine/Content/EngineMaterials/FlattenMaterial_WS_Normal_VT.uasset" 542
"../../../Engine/Content/EngineMaterials/DefaultBloomKernel.uexp" 543
"../../../Engine/Content/EngineMaterials/DefaultBloomKernel.uasset" 544
"../../../Engine/Content/EngineMaterials/Widget3DPassThrough_Masked_OneSided.uexp" 545
"../../../Engine/Content/EngineMaterials/Widget3DPassThrough_Masked_OneSided.uasset" 546
"../../../Engine/Content/EngineMaterials/DefaultWhiteGrid_Low.uasset" 547
"../../../Engine/Content/EngineMaterials/DefaultWhiteGrid_Low.uexp" 548
"../../../Engine/Content/EngineMaterials/EmissiveMeshMaterial.uexp" 549
"../../../Engine/Content/EngineMaterials/EmissiveMeshMaterial.uasset" 550
"../../../Engine/Content/EngineMaterials/STBlueNoise_scalar_128x128x64.uasset" 551
"../../../Engine/Content/EngineMaterials/STBlueNoise_scalar_128x128x64.uexp" 552
"../../../Engine/Content/EngineMaterials/BaseFlattenNormalMap.uexp" 553
"../../../Engine/Content/EngineMaterials/BaseFlattenNormalMap.uasset" 554
"../../../Engine/Content/EngineMaterials/BaseFlattenGrayscaleMap.uasset" 555
"../../../Engine/Content/EngineMaterials/BaseFlattenGrayscaleMap.uexp" 556
"../../../Engine/Content/EngineMaterials/BaseFlattenDiffuseMap.uasset" 557
"../../../Engine/Content/EngineMaterials/BaseFlattenDiffuseMap.uexp" 558
"../../../Engine/Content/Functions/Engine_MaterialFunctions02/PivotPainter2/Black_1x1_EXR_Texture.uexp" 559
"../../../Engine/Content/Functions/Engine_MaterialFunctions02/PivotPainter2/Black_1x1_EXR_Texture.uasset" 560
"../../../Engine/Content/EngineMaterials/BaseFlattenEmissiveMap.uexp" 561
"../../../Engine/Content/EngineMaterials/BaseFlattenEmissiveMap.uasset" 562
"../../../Engine/Content/EngineMaterials/BaseFlattenLinearColor.uasset" 563
"../../../Engine/Content/EngineMaterials/BaseFlattenLinearColor.uexp" 564
"../../../Engine/Content/EngineMaterials/FlattenMaterial.uasset" 565
"../../../Engine/Content/EngineMaterials/FlattenMaterial.uexp" 566
"../../../Engine/Content/EngineMaterials/GizmoMaterial.uexp" 567
"../../../Engine/Content/EngineMaterials/GizmoMaterial.uasset" 568
"../../../Engine/Content/EngineMaterials/DefaultDestructiblePhysicalMaterial.uasset" 569
"../../../Engine/Content/EngineMaterials/DefaultDestructiblePhysicalMaterial.uexp" 570
"../../../Engine/Content/EngineMaterials/PhAT_JointLimitMaterial.uasset" 571
"../../../Engine/Content/EngineMaterials/PhAT_JointLimitMaterial.uexp" 572
"../../../Engine/Content/EngineMaterials/STBlueNoise_vec2_128x128x64.uasset" 573
"../../../Engine/Content/EngineMaterials/STBlueNoise_vec2_128x128x64.uexp" 574
"../../../Engine/Content/EngineMaterials/DefaultCalibrationColor.uexp" 575
"../../../Engine/Content/EngineMaterials/DefaultCalibrationColor.uasset" 576
"../../../Engine/Content/EngineMaterials/PPM_DefaultCalibrationColor.uasset" 577
"../../../Engine/Content/EngineMaterials/PPM_DefaultCalibrationColor.uexp" 578
"../../../Engine/Content/EngineMaterials/Widget3DPassThrough_Translucent.uasset" 579
"../../../Engine/Content/EngineMaterials/Widget3DPassThrough_Translucent.uexp" 580
"../../../Engine/Content/EngineMaterials/Widget3DPassThrough_Translucent_OneSided.uasset" 581
"../../../Engine/Content/EngineMaterials/Widget3DPassThrough_Translucent_OneSided.uexp" 582
"../../../Engine/Content/EngineMaterials/Widget3DPassThrough_Masked.uasset" 583
"../../../Engine/Content/EngineMaterials/Widget3DPassThrough_Masked.uexp" 584
"../../../Engine/Content/EngineMaterials/NaniteHiddenSectionMaterial.uasset" 585
"../../../Engine/Content/EngineMaterials/NaniteHiddenSectionMaterial.uexp" 586
"../../../Engine/Content/EngineMaterials/DefaultCalibrationGrayscale.uexp" 587
"../../../Engine/Content/EngineMaterials/DefaultCalibrationGrayscale.uasset" 588
"../../../Engine/Content/EngineMaterials/PPM_DefaultCalibrationGrayscale.uasset" 589
"../../../Engine/Content/EngineMaterials/PPM_DefaultCalibrationGrayscale.uexp" 590
"../../../Engine/Content/EngineFonts/Faces/RobotoLight.ufont" 591
"../../../Engine/Content/EngineFonts/Faces/RobotoLight.uasset" 592
"../../../Engine/Content/EngineFonts/Faces/RobotoLight.uexp" 593
"../../../Engine/Content/EngineFonts/Faces/RobotoBold.ufont" 594
"../../../Engine/Content/EngineFonts/Faces/RobotoBold.uasset" 595
"../../../Engine/Content/EngineFonts/Faces/RobotoBold.uexp" 596
"../../../Engine/Content/EngineFonts/Faces/RobotoRegular.uasset" 597
"../../../Engine/Content/EngineFonts/Faces/RobotoRegular.uexp" 598
"../../../Engine/Content/EngineFonts/Faces/RobotoRegular.ufont" 599
"../../../Engine/Content/EngineFonts/Faces/DroidSansFallback.uasset" 600
"../../../Engine/Content/EngineFonts/Faces/DroidSansFallback.ufont" 601
"../../../Engine/Content/EngineFonts/Faces/DroidSansFallback.uexp" 602
"../../../Engine/Content/EngineFonts/Faces/RobotoItalic.ufont" 603
"../../../Engine/Content/EngineFonts/Faces/RobotoItalic.uasset" 604
"../../../Engine/Content/EngineFonts/Faces/RobotoItalic.uexp" 605
"../../../Engine/Content/EngineFonts/Faces/RobotoBoldItalic.uasset" 606
"../../../Engine/Content/EngineFonts/Faces/RobotoBoldItalic.uexp" 607
"../../../Engine/Content/EngineFonts/Faces/RobotoBoldItalic.ufont" 608
"../../../Engine/Content/EngineFonts/Roboto.uasset" 609
"../../../Engine/Content/EngineFonts/Roboto.uexp" 610
"../../../Engine/Content/EngineDebugMaterials/DebugMeshMaterial.uexp" 611
"../../../Engine/Content/EngineDebugMaterials/DebugMeshMaterial.uasset" 612
"../../../Engine/Content/EngineDebugMaterials/M_SimpleUnlitTranslucent.uexp" 613
"../../../Engine/Content/EngineDebugMaterials/M_SimpleUnlitTranslucent.uasset" 614
"../../../Engine/Content/EngineDebugMaterials/VolumeToRender.uexp" 615
"../../../Engine/Content/EngineDebugMaterials/VolumeToRender.uasset" 616
"../../../Engine/Content/EngineDebugMaterials/M_VolumeRenderSphereTracePP.uexp" 617
"../../../Engine/Content/EngineDebugMaterials/M_VolumeRenderSphereTracePP.uasset" 618
"../../../Engine/Content/EngineDebugMaterials/DebugEditorMaterial.uasset" 619
"../../../Engine/Content/EngineDebugMaterials/DebugEditorMaterial.uexp" 620
"../../../Engine/Content/EngineDamageTypes/DmgTypeBP_Environmental.uasset" 621
"../../../Engine/Content/EngineDamageTypes/DmgTypeBP_Environmental.uexp" 622
"../../../Engine/Content/EditorResources/BSPVertex.uexp" 623
"../../../Engine/Content/EditorResources/BSPVertex.uasset" 624
"../../../Engine/Content/EditorResources/EmptyActor.uexp" 625
"../../../Engine/Content/EditorResources/EmptyActor.uasset" 626
"../../../Engine/Content/EditorMaterials/PhAT_UnselectedMaterial.uexp" 627
"../../../Engine/Content/EditorMaterials/PhAT_UnselectedMaterial.uasset" 628
"../../../Engine/Content/EditorMaterials/PhAT_NoCollisionMaterial.uexp" 629
"../../../Engine/Content/EditorMaterials/PhAT_NoCollisionMaterial.uasset" 630
"../../../Engine/Content/EditorMaterials/PreviewShadowIndicator.uasset" 631
"../../../Engine/Content/EditorMaterials/PreviewShadowIndicator.uexp" 632
"../../../Engine/Content/EditorMaterials/PreviewShadowIndicator.ubulk" 633
"../../../Engine/Content/EditorMaterials/PreviewShadowIndicatorMaterial.uasset" 634
"../../../Engine/Content/EditorMaterials/PreviewShadowIndicatorMaterial.uexp" 635
"../../../Engine/Content/EditorLandscapeResources/DataLayer.uasset" 636
"../../../Engine/Content/EditorLandscapeResources/DataLayer.uexp" 637
"../../../Engine/Content/EngineMaterials/DefaultMaterial.uasset" 638
"../../../Engine/Content/EngineMaterials/DefaultMaterial.uexp" 639
"../../../Engine/Content/BasicShapes/Sphere.uexp" 640
"../../../Engine/Content/BasicShapes/Sphere.ubulk" 641
"../../../Engine/Content/BasicShapes/Sphere.uasset" 642
"../../../Engine/Content/BasicShapes/Plane.ubulk" 643
"../../../Engine/Content/BasicShapes/Plane.uasset" 644
"../../../Engine/Content/BasicShapes/Plane.uexp" 645
"../../../Engine/Content/BasicShapes/Cylinder.uasset" 646
"../../../Engine/Content/BasicShapes/Cylinder.ubulk" 647
"../../../Engine/Content/BasicShapes/Cylinder.uexp" 648
"../../../Engine/Content/BasicShapes/Cube.ubulk" 649
"../../../Engine/Content/BasicShapes/Cube.uasset" 650
"../../../Engine/Content/BasicShapes/Cube.uexp" 651
"/Users/jackwood/Documents/GitHub/Biplo--Studio-Roomba/Biplo--Studio-Roomba/Content/StarterContent/Textures/T_Wood_Oak_N.uexp" 652
"/Users/jackwood/Documents/GitHub/Biplo--Studio-Roomba/Biplo--Studio-Roomba/Content/StarterContent/Textures/T_Wood_Oak_N.ubulk" 653
"/Users/jackwood/Documents/GitHub/Biplo--Studio-Roomba/Biplo--Studio-Roomba/Content/StarterContent/Textures/T_Wood_Oak_N.uasset" 654
"/Users/jackwood/Documents/GitHub/Biplo--Studio-Roomba/Biplo--Studio-Roomba/Content/StarterContent/Textures/T_Wood_Oak_D.uasset" 655
"/Users/jackwood/Documents/GitHub/Biplo--Studio-Roomba/Biplo--Studio-Roomba/Content/StarterContent/Textures/T_Wood_Oak_D.ubulk" 656
"/Users/jackwood/Documents/GitHub/Biplo--Studio-Roomba/Biplo--Studio-Roomba/Content/StarterContent/Textures/T_Wood_Oak_D.uexp" 657
"/Users/jackwood/Documents/GitHub/Biplo--Studio-Roomba/Biplo--Studio-Roomba/Content/StarterContent/Textures/T_MacroVariation.uasset" 658
"/Users/jackwood/Documents/GitHub/Biplo--Studio-Roomba/Biplo--Studio-Roomba/Content/StarterContent/Textures/T_MacroVariation.uexp" 659
"/Users/jackwood/Documents/GitHub/Biplo--Studio-Roomba/Biplo--Studio-Roomba/Content/StarterContent/Materials/M_Wood_Oak.uasset" 660
"/Users/jackwood/Documents/GitHub/Biplo--Studio-Roomba/Biplo--Studio-Roomba/Content/StarterContent/Materials/M_Wood_Oak.uexp" 661
"/Users/jackwood/Documents/GitHub/Biplo--Studio-Roomba/Biplo--Studio-Roomba/Content/InteractPrototypeBP/DoorInteractable_BP.uasset" 662
"/Users/jackwood/Documents/GitHub/Biplo--Studio-Roomba/Biplo--Studio-Roomba/Content/InteractPrototypeBP/DoorInteractable_BP.uexp" 663
"/Users/jackwood/Documents/GitHub/Biplo--Studio-Roomba/Biplo--Studio-Roomba/Content/InteractPrototypeBP/InteractionWidget_BP.uasset" 664
"/Users/jackwood/Documents/GitHub/Biplo--Studio-Roomba/Biplo--Studio-Roomba/Content/InteractPrototypeBP/InteractionWidget_BP.uexp" 665
"/Users/jackwood/Documents/GitHub/Biplo--Studio-Roomba/Biplo--Studio-Roomba/Content/InteractPrototypeBP/ProximityPromptComponent_BP.uexp" 666
"/Users/jackwood/Documents/GitHub/Biplo--Studio-Roomba/Biplo--Studio-Roomba/Content/InteractPrototypeBP/ProximityPromptComponent_BP.uasset" 667
"/Users/jackwood/Documents/GitHub/Biplo--Studio-Roomba/Biplo--Studio-Roomba/Content/DoorPrototyp/DoorInteract_BP.uexp" 668
"/Users/jackwood/Documents/GitHub/Biplo--Studio-Roomba/Biplo--Studio-Roomba/Content/DoorPrototyp/DoorInteract_BP.uasset" 669
"../../../Engine/Plugins/Interchange/Runtime/Content/gltf/MaterialFunctions/MF_RotateV2.uasset" 670
"../../../Engine/Plugins/Interchange/Runtime/Content/gltf/MaterialFunctions/MF_RotateV2.uexp" 671
"../../../Engine/Plugins/Interchange/Runtime/Content/gltf/MaterialFunctions/MF_TransformUVs.uasset" 672
"../../../Engine/Plugins/Interchange/Runtime/Content/gltf/MaterialFunctions/MF_TransformUVs.uexp" 673
"../../../Engine/Plugins/Interchange/Runtime/Content/gltf/Textures/T_White_srgb.uasset" 674
"../../../Engine/Plugins/Interchange/Runtime/Content/gltf/Textures/T_White_srgb.uexp" 675
"../../../Engine/Plugins/Interchange/Runtime/Content/gltf/MaterialFunctions/MF_BaseColor.uexp" 676
"../../../Engine/Plugins/Interchange/Runtime/Content/gltf/MaterialFunctions/MF_BaseColor.uasset" 677
"../../../Engine/Plugins/Interchange/Runtime/Content/gltf/MaterialFunctions/MF_Iridescence.uasset" 678
"../../../Engine/Plugins/Interchange/Runtime/Content/gltf/MaterialFunctions/MF_Iridescence.uexp" 679
"../../../Engine/Plugins/Interchange/Runtime/Content/gltf/Textures/T_White_Linear.uexp" 680
"../../../Engine/Plugins/Interchange/Runtime/Content/gltf/Textures/T_White_Linear.uasset" 681
"../../../Engine/Plugins/Interchange/Runtime/Content/gltf/MaterialFunctions/MF_MetallicRoughness.uexp" 682
"../../../Engine/Plugins/Interchange/Runtime/Content/gltf/MaterialFunctions/MF_MetallicRoughness.uasset" 683
"../../../Engine/Plugins/Interchange/Runtime/Content/gltf/MaterialFunctions/MF_RotateNormals_TS.uexp" 684
"../../../Engine/Plugins/Interchange/Runtime/Content/gltf/MaterialFunctions/MF_RotateNormals_TS.uasset" 685
"../../../Engine/Plugins/Interchange/Runtime/Content/gltf/MaterialFunctions/MF_Occlusion.uasset" 686
"../../../Engine/Plugins/Interchange/Runtime/Content/gltf/MaterialFunctions/MF_Occlusion.uexp" 687
"../../../Engine/Plugins/Interchange/Runtime/Content/gltf/MaterialFunctions/MF_Emissive.uexp" 688
"../../../Engine/Plugins/Interchange/Runtime/Content/gltf/MaterialFunctions/MF_Emissive.uasset" 689
"../../../Engine/Plugins/Interchange/Runtime/Content/gltf/MaterialFunctions/MF_Specular.uexp" 690
"../../../Engine/Plugins/Interchange/Runtime/Content/gltf/MaterialFunctions/MF_Specular.uasset" 691
"../../../Engine/Plugins/Interchange/Runtime/Content/gltf/MaterialFunctions/MF_Sheen.uasset" 692
"../../../Engine/Plugins/Interchange/Runtime/Content/gltf/MaterialFunctions/MF_Sheen.uexp" 693
"../../../Engine/Plugins/Interchange/Runtime/Content/gltf/MaterialFunctions/MF_IOR.uexp" 694
"../../../Engine/Plugins/Interchange/Runtime/Content/gltf/MaterialFunctions/MF_IOR.uasset" 695
"../../../Engine/Plugins/Interchange/Runtime/Content/gltf/Textures/T_Generic_N.uasset" 696
"../../../Engine/Plugins/Interchange/Runtime/Content/gltf/Textures/T_Generic_N.uexp" 697
"../../../Engine/Plugins/Interchange/Runtime/Content/gltf/MaterialFunctions/MF_Normals.uasset" 698
"../../../Engine/Plugins/Interchange/Runtime/Content/gltf/MaterialFunctions/MF_Normals.uexp" 699
"../../../Engine/Plugins/Interchange/Runtime/Content/gltf/MaterialBodies/MF_Sheen_Body.uexp" 700
"../../../Engine/Plugins/Interchange/Runtime/Content/gltf/MaterialBodies/MF_Sheen_Body.uasset" 701
"../../../Engine/Plugins/Interchange/Runtime/Content/gltf/M_Sheen.uasset" 702
"../../../Engine/Plugins/Interchange/Runtime/Content/gltf/M_Sheen.uexp" 703
"../../../Engine/Plugins/Interchange/Runtime/Content/gltf/MaterialInstances/MI_Sheen_Blend_DS.uexp" 704
"../../../Engine/Plugins/Interchange/Runtime/Content/gltf/MaterialInstances/MI_Sheen_Blend_DS.uasset" 705
"../../../Engine/Content/Functions/Engine_MaterialFunctions01/Texturing/FlattenNormal.uasset" 706
"../../../Engine/Content/Functions/Engine_MaterialFunctions01/Texturing/FlattenNormal.uexp" 707
"../../../Engine/Plugins/Interchange/Runtime/Content/gltf/MaterialFunctions/MF_Clearcoat.uexp" 708
"../../../Engine/Plugins/Interchange/Runtime/Content/gltf/MaterialFunctions/MF_Clearcoat.uasset" 709
"../../../Engine/Plugins/Interchange/Runtime/Content/gltf/MaterialBodies/MF_ClearCoat_Body.uexp" 710
"../../../Engine/Plugins/Interchange/Runtime/Content/gltf/MaterialBodies/MF_ClearCoat_Body.uasset" 711
"../../../Engine/Plugins/Interchange/Runtime/Content/gltf/M_ClearCoat.uexp" 712
"../../../Engine/Plugins/Interchange/Runtime/Content/gltf/M_ClearCoat.uasset" 713
"../../../Engine/Plugins/Interchange/Runtime/Content/gltf/MaterialInstances/MI_ClearCoat_Mask.uexp" 714
"../../../Engine/Plugins/Interchange/Runtime/Content/gltf/MaterialInstances/MI_ClearCoat_Mask.uasset" 715
"../../../Engine/Plugins/Interchange/Runtime/Content/gltf/MaterialFunctions/MF_Transmission.uasset" 716
"../../../Engine/Plugins/Interchange/Runtime/Content/gltf/MaterialFunctions/MF_Transmission.uexp" 717
"../../../Engine/Plugins/Interchange/Runtime/Content/gltf/MaterialBodies/MF_Transmission_Body.uasset" 718
"../../../Engine/Plugins/Interchange/Runtime/Content/gltf/MaterialBodies/MF_Transmission_Body.uexp" 719
"../../../Engine/Plugins/Interchange/Runtime/Content/gltf/M_Transmission.uasset" 720
"../../../Engine/Plugins/Interchange/Runtime/Content/gltf/M_Transmission.uexp" 721
"../../../Engine/Plugins/Interchange/Runtime/Content/gltf/MaterialInstances/MI_Transmission.uexp" 722
"../../../Engine/Plugins/Interchange/Runtime/Content/gltf/MaterialInstances/MI_Transmission.uasset" 723
"../../../Engine/Plugins/Interchange/Runtime/Content/gltf/MaterialInstances/MI_ClearCoat_Blend_DS.uexp" 724
"../../../Engine/Plugins/Interchange/Runtime/Content/gltf/MaterialInstances/MI_ClearCoat_Blend_DS.uasset" 725
"../../../Engine/Plugins/Interchange/Runtime/Content/gltf/MaterialFunctions/MF_DiffuseSpecGloss.uasset" 726
"../../../Engine/Plugins/Interchange/Runtime/Content/gltf/MaterialFunctions/MF_DiffuseSpecGloss.uexp" 727
"../../../Engine/Content/Functions/Engine_MaterialFunctions02/Math/AddComponents.uexp" 728
"../../../Engine/Content/Functions/Engine_MaterialFunctions02/Math/AddComponents.uasset" 729
"../../../Engine/Plugins/Interchange/Runtime/Content/gltf/MaterialFunctions/MF_PerceivedBrightness.uasset" 730
"../../../Engine/Plugins/Interchange/Runtime/Content/gltf/MaterialFunctions/MF_PerceivedBrightness.uexp" 731
"../../../Engine/Plugins/Interchange/Runtime/Content/gltf/MaterialFunctions/MF_SpecGlossToMetalRoughness.uasset" 732
"../../../Engine/Plugins/Interchange/Runtime/Content/gltf/MaterialFunctions/MF_SpecGlossToMetalRoughness.uexp" 733
"../../../Engine/Plugins/Interchange/Runtime/Content/gltf/MaterialBodies/MF_SpecularGlossiness_Body.uasset" 734
"../../../Engine/Plugins/Interchange/Runtime/Content/gltf/MaterialBodies/MF_SpecularGlossiness_Body.uexp" 735
"../../../Engine/Plugins/Interchange/Runtime/Content/gltf/M_SpecularGlossiness.uexp" 736
"../../../Engine/Plugins/Interchange/Runtime/Content/gltf/M_SpecularGlossiness.uasset" 737
"../../../Engine/Plugins/Interchange/Runtime/Content/gltf/MaterialInstances/MI_SpecularGlossiness_Mask_DS.uexp" 738
"../../../Engine/Plugins/Interchange/Runtime/Content/gltf/MaterialInstances/MI_SpecularGlossiness_Mask_DS.uasset" 739
"../../../Engine/Plugins/Interchange/Runtime/Content/gltf/MaterialBodies/MF_Unlit_Body.uasset" 740
"../../../Engine/Plugins/Interchange/Runtime/Content/gltf/MaterialBodies/MF_Unlit_Body.uexp" 741
"../../../Engine/Plugins/Interchange/Runtime/Content/gltf/M_Unlit.uasset" 742
"../../../Engine/Plugins/Interchange/Runtime/Content/gltf/M_Unlit.uexp" 743
"../../../Engine/Plugins/Interchange/Runtime/Content/gltf/MaterialInstances/MI_Unlit_Mask.uasset" 744
"../../../Engine/Plugins/Interchange/Runtime/Content/gltf/MaterialInstances/MI_Unlit_Mask.uexp" 745
"../../../Engine/Plugins/Interchange/Runtime/Content/gltf/MaterialInstances/MI_Unlit_Opaque.uexp" 746
"../../../Engine/Plugins/Interchange/Runtime/Content/gltf/MaterialInstances/MI_Unlit_Opaque.uasset" 747
"../../../Engine/Plugins/Interchange/Runtime/Content/gltf/MaterialInstances/MI_ClearCoat_Opaque.uexp" 748
"../../../Engine/Plugins/Interchange/Runtime/Content/gltf/MaterialInstances/MI_ClearCoat_Opaque.uasset" 749
"../../../Engine/Plugins/Interchange/Runtime/Content/gltf/MaterialInstances/MI_Transmission_DS.uexp" 750
"../../../Engine/Plugins/Interchange/Runtime/Content/gltf/MaterialInstances/MI_Transmission_DS.uasset" 751
"../../../Engine/Plugins/Interchange/Runtime/Content/gltf/MaterialInstances/MI_SpecularGlossiness_Opaque_DS.uexp" 752
"../../../Engine/Plugins/Interchange/Runtime/Content/gltf/MaterialInstances/MI_SpecularGlossiness_Opaque_DS.uasset" 753
"../../../Engine/Plugins/Interchange/Runtime/Content/gltf/MaterialInstances/MI_Unlit_Blend_DS.uexp" 754
"../../../Engine/Plugins/Interchange/Runtime/Content/gltf/MaterialInstances/MI_Unlit_Blend_DS.uasset" 755
"../../../Engine/Plugins/Interchange/Runtime/Content/gltf/MaterialInstances/MI_SpecularGlossiness_Opaque.uasset" 756
"../../../Engine/Plugins/Interchange/Runtime/Content/gltf/MaterialInstances/MI_SpecularGlossiness_Opaque.uexp" 757
"../../../Engine/Plugins/Interchange/Runtime/Content/gltf/MaterialInstances/MI_ClearCoat_Mask_DS.uexp" 758
"../../../Engine/Plugins/Interchange/Runtime/Content/gltf/MaterialInstances/MI_ClearCoat_Mask_DS.uasset" 759
"../../../Engine/Plugins/Interchange/Runtime/Content/gltf/MaterialInstances/MI_SpecularGlossiness_Mask.uexp" 760
"../../../Engine/Plugins/Interchange/Runtime/Content/gltf/MaterialInstances/MI_SpecularGlossiness_Mask.uasset" 761
"../../../Engine/Plugins/Interchange/Runtime/Content/gltf/MaterialInstances/MI_Sheen_Opaque_DS.uasset" 762
"../../../Engine/Plugins/Interchange/Runtime/Content/gltf/MaterialInstances/MI_Sheen_Opaque_DS.uexp" 763
"../../../Engine/Plugins/Interchange/Runtime/Content/gltf/MaterialInstances/MI_Unlit_Mask_DS.uasset" 764
"../../../Engine/Plugins/Interchange/Runtime/Content/gltf/MaterialInstances/MI_Unlit_Mask_DS.uexp" 765
"../../../Engine/Plugins/Interchange/Runtime/Content/gltf/MaterialInstances/MI_Sheen_Mask.uexp" 766
"../../../Engine/Plugins/Interchange/Runtime/Content/gltf/MaterialInstances/MI_Sheen_Mask.uasset" 767
"../../../Engine/Plugins/Interchange/Runtime/Content/gltf/MaterialInstances/MI_Unlit_Blend.uasset" 768
"../../../Engine/Plugins/Interchange/Runtime/Content/gltf/MaterialInstances/MI_Unlit_Blend.uexp" 769
"../../../Engine/Plugins/Interchange/Runtime/Content/gltf/MaterialBodies/MF_Default_Body.uasset" 770
"../../../Engine/Plugins/Interchange/Runtime/Content/gltf/MaterialBodies/MF_Default_Body.uexp" 771
"../../../Engine/Plugins/Interchange/Runtime/Content/gltf/M_Default.uasset" 772
"../../../Engine/Plugins/Interchange/Runtime/Content/gltf/M_Default.uexp" 773
"../../../Engine/Plugins/Interchange/Runtime/Content/gltf/MaterialInstances/MI_Default_Opaque_DS.uexp" 774
"../../../Engine/Plugins/Interchange/Runtime/Content/gltf/MaterialInstances/MI_Default_Opaque_DS.uasset" 775
"../../../Engine/Plugins/Interchange/Runtime/Content/gltf/MaterialInstances/MI_Default_Mask_DS.uexp" 776
"../../../Engine/Plugins/Interchange/Runtime/Content/gltf/MaterialInstances/MI_Default_Mask_DS.uasset" 777
"../../../Engine/Plugins/Interchange/Runtime/Content/gltf/MaterialInstances/MI_Sheen_Opaque.uasset" 778
"../../../Engine/Plugins/Interchange/Runtime/Content/gltf/MaterialInstances/MI_Sheen_Opaque.uexp" 779
"../../../Engine/Plugins/Interchange/Runtime/Content/gltf/MaterialInstances/MI_Sheen_Mask_DS.uasset" 780
"../../../Engine/Plugins/Interchange/Runtime/Content/gltf/MaterialInstances/MI_Sheen_Mask_DS.uexp" 781
"../../../Engine/Plugins/Interchange/Runtime/Content/gltf/MaterialInstances/MI_Unlit_Opaque_DS.uexp" 782
"../../../Engine/Plugins/Interchange/Runtime/Content/gltf/MaterialInstances/MI_Unlit_Opaque_DS.uasset" 783
"../../../Engine/Plugins/Interchange/Runtime/Content/gltf/MaterialInstances/MI_ClearCoat_Blend.uexp" 784
"../../../Engine/Plugins/Interchange/Runtime/Content/gltf/MaterialInstances/MI_ClearCoat_Blend.uasset" 785
"../../../Engine/Plugins/Interchange/Runtime/Content/gltf/MaterialInstances/MI_Default_Blend.uasset" 786
"../../../Engine/Plugins/Interchange/Runtime/Content/gltf/MaterialInstances/MI_Default_Blend.uexp" 787
"../../../Engine/Plugins/Interchange/Runtime/Content/gltf/MaterialInstances/MI_Default_Opaque.uexp" 788
"../../../Engine/Plugins/Interchange/Runtime/Content/gltf/MaterialInstances/MI_Default_Opaque.uasset" 789
"../../../Engine/Plugins/Interchange/Runtime/Content/gltf/MaterialInstances/MI_Default_Blend_DS.uexp" 790
"../../../Engine/Plugins/Interchange/Runtime/Content/gltf/MaterialInstances/MI_Default_Blend_DS.uasset" 791
"../../../Engine/Plugins/Interchange/Runtime/Content/gltf/MaterialInstances/MI_SpecularGlossiness_Blend.uasset" 792
"../../../Engine/Plugins/Interchange/Runtime/Content/gltf/MaterialInstances/MI_SpecularGlossiness_Blend.uexp" 793
"../../../Engine/Plugins/Interchange/Runtime/Content/gltf/MaterialInstances/MI_ClearCoat_Opaque_DS.uexp" 794
"../../../Engine/Plugins/Interchange/Runtime/Content/gltf/MaterialInstances/MI_ClearCoat_Opaque_DS.uasset" 795
"../../../Engine/Plugins/Interchange/Runtime/Content/gltf/MaterialInstances/MI_Sheen_Blend.uexp" 796
"../../../Engine/Plugins/Interchange/Runtime/Content/gltf/MaterialInstances/MI_Sheen_Blend.uasset" 797
"../../../Engine/Plugins/Interchange/Runtime/Content/gltf/MaterialInstances/MI_SpecularGlossiness_Blend_DS.uasset" 798
"../../../Engine/Plugins/Interchange/Runtime/Content/gltf/MaterialInstances/MI_SpecularGlossiness_Blend_DS.uexp" 799
"../../../Engine/Plugins/Interchange/Runtime/Content/gltf/MaterialInstances/MI_Default_Mask.uasset" 800
"../../../Engine/Plugins/Interchange/Runtime/Content/gltf/MaterialInstances/MI_Default_Mask.uexp" 801
"../../../Engine/Content/MobileResources/HUD/VirtualJoystick_Background.uexp" 802
"../../../Engine/Content/MobileResources/HUD/VirtualJoystick_Background.uasset" 803
"../../../Engine/Content/MobileResources/HUD/VirtualJoystick_Thumb.uasset" 804
"../../../Engine/Content/MobileResources/HUD/VirtualJoystick_Thumb.uexp" 805
"../../../Engine/Content/MobileResources/HUD/DefaultVirtualJoysticks.uasset" 806
"../../../Engine/Content/MobileResources/HUD/DefaultVirtualJoysticks.uexp" 807
"../../../Engine/Content/EngineSky/VolumetricClouds/CloudWeatherTexture.uexp" 808
"../../../Engine/Content/EngineSky/VolumetricClouds/CloudWeatherTexture.uasset" 809
"../../../Engine/Content/Functions/Engine_MaterialFunctions02/Utility/MakeFloat2.uexp" 810
"../../../Engine/Content/Functions/Engine_MaterialFunctions02/Utility/MakeFloat2.uasset" 811
"../../../Engine/Content/EngineSky/VolumetricClouds/CloudGradientTexture.uexp" 812
"../../../Engine/Content/EngineSky/VolumetricClouds/CloudGradientTexture.uasset" 813
"../../../Engine/Content/EngineSky/VolumetricClouds/T_NoiseShape64.ubulk" 814
"../../../Engine/Content/EngineSky/VolumetricClouds/T_NoiseShape64.uexp" 815
"../../../Engine/Content/EngineSky/VolumetricClouds/T_NoiseShape64.uasset" 816
"../../../Engine/Content/EngineSky/VolumetricClouds/T_VolumeNoiseShape64.uasset" 817
"../../../Engine/Content/EngineSky/VolumetricClouds/T_VolumeNoiseShape64.uexp" 818
"../../../Engine/Content/EngineSky/VolumetricClouds/T_NoiseErosion.ubulk" 819
"../../../Engine/Content/EngineSky/VolumetricClouds/T_NoiseErosion.uexp" 820
"../../../Engine/Content/EngineSky/VolumetricClouds/T_NoiseErosion.uasset" 821
"../../../Engine/Content/EngineSky/VolumetricClouds/T_VolumeNoiseErosion32.uasset" 822
"../../../Engine/Content/EngineSky/VolumetricClouds/T_VolumeNoiseErosion32.uexp" 823
"../../../Engine/Content/EngineSky/VolumetricClouds/m_SimpleVolumetricCloud.uasset" 824
"../../../Engine/Content/EngineSky/VolumetricClouds/m_SimpleVolumetricCloud.uexp" 825
"../../../Engine/Content/EngineSky/VolumetricClouds/m_SimpleVolumetricCloud_Inst.uexp" 826
"../../../Engine/Content/EngineSky/VolumetricClouds/m_SimpleVolumetricCloud_Inst.uasset" 827
"../../../Engine/Content/EngineResources/FilmGrains/Marcie_Grain_v3_128_M2_000.uexp" 828
"../../../Engine/Content/EngineResources/FilmGrains/Marcie_Grain_v3_128_M2_000.uasset" 829
"../../../Engine/Content/EditorResources/SequenceRecorder/RecordingIndicator.uexp" 830
"../../../Engine/Content/EditorResources/SequenceRecorder/RecordingIndicator.uasset" 831
"../../../Engine/Content/EditorResources/SequenceRecorder/Countdown.uasset" 832
"../../../Engine/Content/EditorResources/SequenceRecorder/Countdown.uexp" 833
"../../../Engine/Content/EditorMaterials/Dataflow/DataflowVertexMaterial.uasset" 834
"../../../Engine/Content/EditorMaterials/Dataflow/DataflowVertexMaterial.uexp" 835
"/Users/jackwood/Documents/GitHub/Biplo--Studio-Roomba/Biplo--Studio-Roomba/Content/ThirdPerson/Maps/ThirdPersonMap_BuiltData.uexp" 836
"/Users/jackwood/Documents/GitHub/Biplo--Studio-Roomba/Biplo--Studio-Roomba/Content/ThirdPerson/Maps/ThirdPersonMap_BuiltData.uasset" 837
"/Users/jackwood/Documents/GitHub/Biplo--Studio-Roomba/Biplo--Studio-Roomba/Content/ThirdPerson/Maps/ThirdPersonMap_BuiltData.ubulk" 838
"/Users/jackwood/Documents/GitHub/Biplo--Studio-Roomba/Biplo--Studio-Roomba/Content/StarterContent/Materials/M_Basic_Wall.uexp" 839
"/Users/jackwood/Documents/GitHub/Biplo--Studio-Roomba/Biplo--Studio-Roomba/Content/StarterContent/Materials/M_Basic_Wall.uasset" 840
"/Users/jackwood/Documents/GitHub/Biplo--Studio-Roomba/Biplo--Studio-Roomba/Content/StarterContent/Shapes/Shape_Torus.uasset" 841
"/Users/jackwood/Documents/GitHub/Biplo--Studio-Roomba/Biplo--Studio-Roomba/Content/StarterContent/Shapes/Shape_Torus.uexp" 842
"/Users/jackwood/Documents/GitHub/Biplo--Studio-Roomba/Biplo--Studio-Roomba/Content/StarterContent/Shapes/Shape_Torus.ubulk" 843
"/Users/jackwood/Documents/GitHub/Biplo--Studio-Roomba/Biplo--Studio-Roomba/Content/StarterContent/Shapes/Shape_Trim_90_In.ubulk" 844
"/Users/jackwood/Documents/GitHub/Biplo--Studio-Roomba/Biplo--Studio-Roomba/Content/StarterContent/Shapes/Shape_Trim_90_In.uexp" 845
"/Users/jackwood/Documents/GitHub/Biplo--Studio-Roomba/Biplo--Studio-Roomba/Content/StarterContent/Shapes/Shape_Trim_90_In.uasset" 846
"/Users/jackwood/Documents/GitHub/Biplo--Studio-Roomba/Biplo--Studio-Roomba/Content/StarterContent/Shapes/Shape_NarrowCapsule.uasset" 847
"/Users/jackwood/Documents/GitHub/Biplo--Studio-Roomba/Biplo--Studio-Roomba/Content/StarterContent/Shapes/Shape_NarrowCapsule.uexp" 848
"/Users/jackwood/Documents/GitHub/Biplo--Studio-Roomba/Biplo--Studio-Roomba/Content/StarterContent/Shapes/Shape_NarrowCapsule.ubulk" 849
"/Users/jackwood/Documents/GitHub/Biplo--Studio-Roomba/Biplo--Studio-Roomba/Content/StarterContent/Shapes/Shape_Wedge_B.uasset" 850
"/Users/jackwood/Documents/GitHub/Biplo--Studio-Roomba/Biplo--Studio-Roomba/Content/StarterContent/Shapes/Shape_Wedge_B.uexp" 851
"/Users/jackwood/Documents/GitHub/Biplo--Studio-Roomba/Biplo--Studio-Roomba/Content/StarterContent/Shapes/Shape_Wedge_B.ubulk" 852
"/Users/jackwood/Documents/GitHub/Biplo--Studio-Roomba/Biplo--Studio-Roomba/Content/StarterContent/Shapes/Shape_Cone.ubulk" 853
"/Users/jackwood/Documents/GitHub/Biplo--Studio-Roomba/Biplo--Studio-Roomba/Content/StarterContent/Shapes/Shape_Cone.uasset" 854
"/Users/jackwood/Documents/GitHub/Biplo--Studio-Roomba/Biplo--Studio-Roomba/Content/StarterContent/Shapes/Shape_Cone.uexp" 855
"/Users/jackwood/Documents/GitHub/Biplo--Studio-Roomba/Biplo--Studio-Roomba/Content/StarterContent/Shapes/Shape_Pipe.ubulk" 856
"/Users/jackwood/Documents/GitHub/Biplo--Studio-Roomba/Biplo--Studio-Roomba/Content/StarterContent/Shapes/Shape_Pipe.uexp" 857
"/Users/jackwood/Documents/GitHub/Biplo--Studio-Roomba/Biplo--Studio-Roomba/Content/StarterContent/Shapes/Shape_Pipe.uasset" 858
"/Users/jackwood/Documents/GitHub/Biplo--Studio-Roomba/Biplo--Studio-Roomba/Content/StarterContent/Shapes/Shape_Pipe_180.uexp" 859
"/Users/jackwood/Documents/GitHub/Biplo--Studio-Roomba/Biplo--Studio-Roomba/Content/StarterContent/Shapes/Shape_Pipe_180.uasset" 860
"/Users/jackwood/Documents/GitHub/Biplo--Studio-Roomba/Biplo--Studio-Roomba/Content/StarterContent/Shapes/Shape_Pipe_180.ubulk" 861
"/Users/jackwood/Documents/GitHub/Biplo--Studio-Roomba/Biplo--Studio-Roomba/Content/StarterContent/Shapes/Shape_Pipe_90.ubulk" 862
"/Users/jackwood/Documents/GitHub/Biplo--Studio-Roomba/Biplo--Studio-Roomba/Content/StarterContent/Shapes/Shape_Pipe_90.uasset" 863
"/Users/jackwood/Documents/GitHub/Biplo--Studio-Roomba/Biplo--Studio-Roomba/Content/StarterContent/Shapes/Shape_Pipe_90.uexp" 864
"/Users/jackwood/Documents/GitHub/Biplo--Studio-Roomba/Biplo--Studio-Roomba/Content/StarterContent/Shapes/Shape_Trim_90_Out.uexp" 865
"/Users/jackwood/Documents/GitHub/Biplo--Studio-Roomba/Biplo--Studio-Roomba/Content/StarterContent/Shapes/Shape_Trim_90_Out.ubulk" 866
"/Users/jackwood/Documents/GitHub/Biplo--Studio-Roomba/Biplo--Studio-Roomba/Content/StarterContent/Shapes/Shape_Trim_90_Out.uasset" 867
"/Users/jackwood/Documents/GitHub/Biplo--Studio-Roomba/Biplo--Studio-Roomba/Content/StarterContent/Shapes/Shape_Plane.uasset" 868
"/Users/jackwood/Documents/GitHub/Biplo--Studio-Roomba/Biplo--Studio-Roomba/Content/StarterContent/Shapes/Shape_Plane.ubulk" 869
"/Users/jackwood/Documents/GitHub/Biplo--Studio-Roomba/Biplo--Studio-Roomba/Content/StarterContent/Shapes/Shape_Plane.uexp" 870
"/Users/jackwood/Documents/GitHub/Biplo--Studio-Roomba/Biplo--Studio-Roomba/Content/StarterContent/Shapes/Shape_Trim.ubulk" 871
"/Users/jackwood/Documents/GitHub/Biplo--Studio-Roomba/Biplo--Studio-Roomba/Content/StarterContent/Shapes/Shape_Trim.uasset" 872
"/Users/jackwood/Documents/GitHub/Biplo--Studio-Roomba/Biplo--Studio-Roomba/Content/StarterContent/Shapes/Shape_Trim.uexp" 873
"/Users/jackwood/Documents/GitHub/Biplo--Studio-Roomba/Biplo--Studio-Roomba/Content/StarterContent/Shapes/Shape_TriPyramid.uexp" 874
"/Users/jackwood/Documents/GitHub/Biplo--Studio-Roomba/Biplo--Studio-Roomba/Content/StarterContent/Shapes/Shape_TriPyramid.ubulk" 875
"/Users/jackwood/Documents/GitHub/Biplo--Studio-Roomba/Biplo--Studio-Roomba/Content/StarterContent/Shapes/Shape_TriPyramid.uasset" 876
"/Users/jackwood/Documents/GitHub/Biplo--Studio-Roomba/Biplo--Studio-Roomba/Content/StarterContent/Shapes/Shape_Cylinder.ubulk" 877
"/Users/jackwood/Documents/GitHub/Biplo--Studio-Roomba/Biplo--Studio-Roomba/Content/StarterContent/Shapes/Shape_Cylinder.uasset" 878
"/Users/jackwood/Documents/GitHub/Biplo--Studio-Roomba/Biplo--Studio-Roomba/Content/StarterContent/Shapes/Shape_Cylinder.uexp" 879
"/Users/jackwood/Documents/GitHub/Biplo--Studio-Roomba/Biplo--Studio-Roomba/Content/StarterContent/Shapes/Shape_Tube.uexp" 880
"/Users/jackwood/Documents/GitHub/Biplo--Studio-Roomba/Biplo--Studio-Roomba/Content/StarterContent/Shapes/Shape_Tube.uasset" 881
"/Users/jackwood/Documents/GitHub/Biplo--Studio-Roomba/Biplo--Studio-Roomba/Content/StarterContent/Shapes/Shape_Tube.ubulk" 882
"/Users/jackwood/Documents/GitHub/Biplo--Studio-Roomba/Biplo--Studio-Roomba/Content/StarterContent/Shapes/Shape_WideCapsule.uexp" 883
"/Users/jackwood/Documents/GitHub/Biplo--Studio-Roomba/Biplo--Studio-Roomba/Content/StarterContent/Shapes/Shape_WideCapsule.uasset" 884
"/Users/jackwood/Documents/GitHub/Biplo--Studio-Roomba/Biplo--Studio-Roomba/Content/StarterContent/Shapes/Shape_WideCapsule.ubulk" 885
"/Users/jackwood/Documents/GitHub/Biplo--Studio-Roomba/Biplo--Studio-Roomba/Content/StarterContent/Shapes/Shape_Wedge_A.ubulk" 886
"/Users/jackwood/Documents/GitHub/Biplo--Studio-Roomba/Biplo--Studio-Roomba/Content/StarterContent/Shapes/Shape_Wedge_A.uasset" 887
"/Users/jackwood/Documents/GitHub/Biplo--Studio-Roomba/Biplo--Studio-Roomba/Content/StarterContent/Shapes/Shape_Wedge_A.uexp" 888
"/Users/jackwood/Documents/GitHub/Biplo--Studio-Roomba/Biplo--Studio-Roomba/Content/StarterContent/Textures/T_Bush_N.uasset" 889
"/Users/jackwood/Documents/GitHub/Biplo--Studio-Roomba/Biplo--Studio-Roomba/Content/StarterContent/Textures/T_Bush_N.uexp" 890
"/Users/jackwood/Documents/GitHub/Biplo--Studio-Roomba/Biplo--Studio-Roomba/Content/StarterContent/Textures/T_Bush_N.ubulk" 891
"/Users/jackwood/Documents/GitHub/Biplo--Studio-Roomba/Biplo--Studio-Roomba/Content/StarterContent/Textures/T_Bush_D.uexp" 892
"/Users/jackwood/Documents/GitHub/Biplo--Studio-Roomba/Biplo--Studio-Roomba/Content/StarterContent/Textures/T_Bush_D.uasset" 893
"/Users/jackwood/Documents/GitHub/Biplo--Studio-Roomba/Biplo--Studio-Roomba/Content/StarterContent/Textures/T_Bush_D.ubulk" 894
"/Users/jackwood/Documents/GitHub/Biplo--Studio-Roomba/Biplo--Studio-Roomba/Content/StarterContent/Props/Materials/M_Bush.uasset" 895
"/Users/jackwood/Documents/GitHub/Biplo--Studio-Roomba/Biplo--Studio-Roomba/Content/StarterContent/Props/Materials/M_Bush.uexp" 896
"/Users/jackwood/Documents/GitHub/Biplo--Studio-Roomba/Biplo--Studio-Roomba/Content/StarterContent/Props/SM_Bush.uexp" 897
"/Users/jackwood/Documents/GitHub/Biplo--Studio-Roomba/Biplo--Studio-Roomba/Content/StarterContent/Props/SM_Bush.ubulk" 898
"/Users/jackwood/Documents/GitHub/Biplo--Studio-Roomba/Biplo--Studio-Roomba/Content/StarterContent/Props/SM_Bush.uasset" 899
"/Users/jackwood/Documents/GitHub/Biplo--Studio-Roomba/Biplo--Studio-Roomba/Content/StarterContent/Materials/M_Basic_Floor.uexp" 900
"/Users/jackwood/Documents/GitHub/Biplo--Studio-Roomba/Biplo--Studio-Roomba/Content/StarterContent/Materials/M_Basic_Floor.uasset" 901
"/Users/jackwood/Documents/GitHub/Biplo--Studio-Roomba/Biplo--Studio-Roomba/Content/StarterContent/Props/SM_Stairs.uasset" 902
"/Users/jackwood/Documents/GitHub/Biplo--Studio-Roomba/Biplo--Studio-Roomba/Content/StarterContent/Props/SM_Stairs.uexp" 903
"/Users/jackwood/Documents/GitHub/Biplo--Studio-Roomba/Biplo--Studio-Roomba/Content/StarterContent/Props/SM_Stairs.ubulk" 904
"../../../Engine/Content/Functions/Engine_MaterialFunctions02/Utility/BlendAngleCorrectedNormals.uasset" 905
"../../../Engine/Content/Functions/Engine_MaterialFunctions02/Utility/BlendAngleCorrectedNormals.uexp" 906
"/Users/jackwood/Documents/GitHub/Biplo--Studio-Roomba/Biplo--Studio-Roomba/Content/StarterContent/Textures/T_Detail_Rocky_N.uexp" 907
"/Users/jackwood/Documents/GitHub/Biplo--Studio-Roomba/Biplo--Studio-Roomba/Content/StarterContent/Textures/T_Detail_Rocky_N.uasset" 908
"/Users/jackwood/Documents/GitHub/Biplo--Studio-Roomba/Biplo--Studio-Roomba/Content/StarterContent/Textures/T_Detail_Rocky_N.ubulk" 909
"/Users/jackwood/Documents/GitHub/Biplo--Studio-Roomba/Biplo--Studio-Roomba/Content/StarterContent/Textures/T_Rock_Basalt_D.uexp" 910
"/Users/jackwood/Documents/GitHub/Biplo--Studio-Roomba/Biplo--Studio-Roomba/Content/StarterContent/Textures/T_Rock_Basalt_D.uasset" 911
"/Users/jackwood/Documents/GitHub/Biplo--Studio-Roomba/Biplo--Studio-Roomba/Content/StarterContent/Textures/T_Rock_Basalt_D.ubulk" 912
"/Users/jackwood/Documents/GitHub/Biplo--Studio-Roomba/Biplo--Studio-Roomba/Content/StarterContent/Textures/T_RockMesh_N.uasset" 913
"/Users/jackwood/Documents/GitHub/Biplo--Studio-Roomba/Biplo--Studio-Roomba/Content/StarterContent/Textures/T_RockMesh_N.ubulk" 914
"/Users/jackwood/Documents/GitHub/Biplo--Studio-Roomba/Biplo--Studio-Roomba/Content/StarterContent/Textures/T_RockMesh_N.uexp" 915
"/Users/jackwood/Documents/GitHub/Biplo--Studio-Roomba/Biplo--Studio-Roomba/Content/StarterContent/Textures/T_RockMesh_M.uexp" 916
"/Users/jackwood/Documents/GitHub/Biplo--Studio-Roomba/Biplo--Studio-Roomba/Content/StarterContent/Textures/T_RockMesh_M.uasset" 917
"/Users/jackwood/Documents/GitHub/Biplo--Studio-Roomba/Biplo--Studio-Roomba/Content/StarterContent/Textures/T_RockMesh_M.ubulk" 918
"/Users/jackwood/Documents/GitHub/Biplo--Studio-Roomba/Biplo--Studio-Roomba/Content/StarterContent/Props/Materials/M_Rock.uasset" 919
"/Users/jackwood/Documents/GitHub/Biplo--Studio-Roomba/Biplo--Studio-Roomba/Content/StarterContent/Props/Materials/M_Rock.uexp" 920
"/Users/jackwood/Documents/GitHub/Biplo--Studio-Roomba/Biplo--Studio-Roomba/Content/StarterContent/Props/SM_Rock.ubulk" 921
"/Users/jackwood/Documents/GitHub/Biplo--Studio-Roomba/Biplo--Studio-Roomba/Content/StarterContent/Props/SM_Rock.uexp" 922
"/Users/jackwood/Documents/GitHub/Biplo--Studio-Roomba/Biplo--Studio-Roomba/Content/StarterContent/Props/SM_Rock.uasset" 923
"/Users/jackwood/Documents/GitHub/Biplo--Studio-Roomba/Biplo--Studio-Roomba/Content/StarterContent/Textures/T_Shelf_N.ubulk" 924
"/Users/jackwood/Documents/GitHub/Biplo--Studio-Roomba/Biplo--Studio-Roomba/Content/StarterContent/Textures/T_Shelf_N.uasset" 925
"/Users/jackwood/Documents/GitHub/Biplo--Studio-Roomba/Biplo--Studio-Roomba/Content/StarterContent/Textures/T_Shelf_N.uexp" 926
"/Users/jackwood/Documents/GitHub/Biplo--Studio-Roomba/Biplo--Studio-Roomba/Content/StarterContent/Textures/T_Shelf_M.ubulk" 927
"/Users/jackwood/Documents/GitHub/Biplo--Studio-Roomba/Biplo--Studio-Roomba/Content/StarterContent/Textures/T_Shelf_M.uexp" 928
"/Users/jackwood/Documents/GitHub/Biplo--Studio-Roomba/Biplo--Studio-Roomba/Content/StarterContent/Textures/T_Shelf_M.uasset" 929
"/Users/jackwood/Documents/GitHub/Biplo--Studio-Roomba/Biplo--Studio-Roomba/Content/StarterContent/Props/Materials/M_Shelf.uasset" 930
"/Users/jackwood/Documents/GitHub/Biplo--Studio-Roomba/Biplo--Studio-Roomba/Content/StarterContent/Props/Materials/M_Shelf.uexp" 931
"/Users/jackwood/Documents/GitHub/Biplo--Studio-Roomba/Biplo--Studio-Roomba/Content/StarterContent/Props/SM_Shelf.ubulk" 932
"/Users/jackwood/Documents/GitHub/Biplo--Studio-Roomba/Biplo--Studio-Roomba/Content/StarterContent/Props/SM_Shelf.uexp" 933
"/Users/jackwood/Documents/GitHub/Biplo--Studio-Roomba/Biplo--Studio-Roomba/Content/StarterContent/Props/SM_Shelf.uasset" 934
"/Users/jackwood/Documents/GitHub/Biplo--Studio-Roomba/Biplo--Studio-Roomba/Content/StarterContent/Textures/T_Chair_N.ubulk" 935
"/Users/jackwood/Documents/GitHub/Biplo--Studio-Roomba/Biplo--Studio-Roomba/Content/StarterContent/Textures/T_Chair_N.uexp" 936
"/Users/jackwood/Documents/GitHub/Biplo--Studio-Roomba/Biplo--Studio-Roomba/Content/StarterContent/Textures/T_Chair_N.uasset" 937
"/Users/jackwood/Documents/GitHub/Biplo--Studio-Roomba/Biplo--Studio-Roomba/Content/StarterContent/Textures/T_Chair_M.uasset" 938
"/Users/jackwood/Documents/GitHub/Biplo--Studio-Roomba/Biplo--Studio-Roomba/Content/StarterContent/Textures/T_Chair_M.ubulk" 939
"/Users/jackwood/Documents/GitHub/Biplo--Studio-Roomba/Biplo--Studio-Roomba/Content/StarterContent/Textures/T_Chair_M.uexp" 940
"/Users/jackwood/Documents/GitHub/Biplo--Studio-Roomba/Biplo--Studio-Roomba/Content/StarterContent/Props/Materials/M_Chair.uexp" 941
"/Users/jackwood/Documents/GitHub/Biplo--Studio-Roomba/Biplo--Studio-Roomba/Content/StarterContent/Props/Materials/M_Chair.uasset" 942
"/Users/jackwood/Documents/GitHub/Biplo--Studio-Roomba/Biplo--Studio-Roomba/Content/StarterContent/Props/SM_Couch.uexp" 943
"/Users/jackwood/Documents/GitHub/Biplo--Studio-Roomba/Biplo--Studio-Roomba/Content/StarterContent/Props/SM_Couch.uasset" 944
"/Users/jackwood/Documents/GitHub/Biplo--Studio-Roomba/Biplo--Studio-Roomba/Content/StarterContent/Props/SM_Couch.ubulk" 945
"../../../Engine/Content/EditorMeshes/ColorCalibrator/T_ColorGrid.uasset" 946
"../../../Engine/Content/EditorMeshes/ColorCalibrator/T_ColorGrid.ubulk" 947
"../../../Engine/Content/EditorMeshes/ColorCalibrator/T_ColorGrid.uexp" 948
"/Users/jackwood/Documents/GitHub/Biplo--Studio-Roomba/Biplo--Studio-Roomba/Content/StarterContent/Materials/M_ColorGrid_LowSpec.uexp" 949
"/Users/jackwood/Documents/GitHub/Biplo--Studio-Roomba/Biplo--Studio-Roomba/Content/StarterContent/Materials/M_ColorGrid_LowSpec.uasset" 950
"/Users/jackwood/Documents/GitHub/Biplo--Studio-Roomba/Biplo--Studio-Roomba/Content/StarterContent/Textures/T_Smoke_SubUV.ubulk" 951
"/Users/jackwood/Documents/GitHub/Biplo--Studio-Roomba/Biplo--Studio-Roomba/Content/StarterContent/Textures/T_Smoke_SubUV.uasset" 952
"/Users/jackwood/Documents/GitHub/Biplo--Studio-Roomba/Biplo--Studio-Roomba/Content/StarterContent/Textures/T_Smoke_SubUV.uexp" 953
"/Users/jackwood/Documents/GitHub/Biplo--Studio-Roomba/Biplo--Studio-Roomba/Content/StarterContent/Textures/T_Smoke_Tiled_D.uasset" 954
"/Users/jackwood/Documents/GitHub/Biplo--Studio-Roomba/Biplo--Studio-Roomba/Content/StarterContent/Textures/T_Smoke_Tiled_D.ubulk" 955
"/Users/jackwood/Documents/GitHub/Biplo--Studio-Roomba/Biplo--Studio-Roomba/Content/StarterContent/Textures/T_Smoke_Tiled_D.uexp" 956
"/Users/jackwood/Documents/GitHub/Biplo--Studio-Roomba/Biplo--Studio-Roomba/Content/StarterContent/Particles/Materials/M_smoke_subUV.uasset" 957
"/Users/jackwood/Documents/GitHub/Biplo--Studio-Roomba/Biplo--Studio-Roomba/Content/StarterContent/Particles/Materials/M_smoke_subUV.uexp" 958
"/Users/jackwood/Documents/GitHub/Biplo--Studio-Roomba/Biplo--Studio-Roomba/Content/StarterContent/Textures/T_Burst_M.uasset" 959
"/Users/jackwood/Documents/GitHub/Biplo--Studio-Roomba/Biplo--Studio-Roomba/Content/StarterContent/Textures/T_Burst_M.uexp" 960
"/Users/jackwood/Documents/GitHub/Biplo--Studio-Roomba/Biplo--Studio-Roomba/Content/StarterContent/Textures/T_Burst_M.ubulk" 961
"/Users/jackwood/Documents/GitHub/Biplo--Studio-Roomba/Biplo--Studio-Roomba/Content/StarterContent/Particles/Materials/M_Burst.uasset" 962
"/Users/jackwood/Documents/GitHub/Biplo--Studio-Roomba/Biplo--Studio-Roomba/Content/StarterContent/Particles/Materials/M_Burst.uexp" 963
"/Users/jackwood/Documents/GitHub/Biplo--Studio-Roomba/Biplo--Studio-Roomba/Content/StarterContent/Particles/Materials/m_flare_01.uexp" 964
"/Users/jackwood/Documents/GitHub/Biplo--Studio-Roomba/Biplo--Studio-Roomba/Content/StarterContent/Particles/Materials/m_flare_01.uasset" 965
"/Users/jackwood/Documents/GitHub/Biplo--Studio-Roomba/Biplo--Studio-Roomba/Content/StarterContent/Textures/T_Explosion_SubUV.ubulk" 966
"/Users/jackwood/Documents/GitHub/Biplo--Studio-Roomba/Biplo--Studio-Roomba/Content/StarterContent/Textures/T_Explosion_SubUV.uasset" 967
"/Users/jackwood/Documents/GitHub/Biplo--Studio-Roomba/Biplo--Studio-Roomba/Content/StarterContent/Textures/T_Explosion_SubUV.uexp" 968
"/Users/jackwood/Documents/GitHub/Biplo--Studio-Roomba/Biplo--Studio-Roomba/Content/StarterContent/Particles/Materials/M_explosion_subUV.uexp" 969
"/Users/jackwood/Documents/GitHub/Biplo--Studio-Roomba/Biplo--Studio-Roomba/Content/StarterContent/Particles/Materials/M_explosion_subUV.uasset" 970
"../../../Engine/Content/Functions/Engine_MaterialFunctions01/Gradient/RadialGradient.uasset" 971
"../../../Engine/Content/Functions/Engine_MaterialFunctions01/Gradient/RadialGradient.uexp" 972
"/Users/jackwood/Documents/GitHub/Biplo--Studio-Roomba/Biplo--Studio-Roomba/Content/StarterContent/Particles/Materials/M_radial_ramp.uexp" 973
"/Users/jackwood/Documents/GitHub/Biplo--Studio-Roomba/Biplo--Studio-Roomba/Content/StarterContent/Particles/Materials/M_radial_ramp.uasset" 974
"/Users/jackwood/Documents/GitHub/Biplo--Studio-Roomba/Biplo--Studio-Roomba/Content/StarterContent/Particles/P_Explosion.uasset" 975
"/Users/jackwood/Documents/GitHub/Biplo--Studio-Roomba/Biplo--Studio-Roomba/Content/StarterContent/Particles/P_Explosion.uexp" 976
"/Users/jackwood/Documents/GitHub/Biplo--Studio-Roomba/Biplo--Studio-Roomba/Content/StarterContent/Audio/Explosion_Cue.uasset" 977
"/Users/jackwood/Documents/GitHub/Biplo--Studio-Roomba/Biplo--Studio-Roomba/Content/StarterContent/Audio/Explosion_Cue.uexp" 978
"/Users/jackwood/Documents/GitHub/Biplo--Studio-Roomba/Biplo--Studio-Roomba/Content/StarterContent/Blueprints/Blueprint_Effect_Explosion.uexp" 979
"/Users/jackwood/Documents/GitHub/Biplo--Studio-Roomba/Biplo--Studio-Roomba/Content/StarterContent/Blueprints/Blueprint_Effect_Explosion.uasset" 980
"/Users/jackwood/Documents/GitHub/Biplo--Studio-Roomba/Biplo--Studio-Roomba/Content/StarterContent/Audio/Collapse02.uasset" 981
"/Users/jackwood/Documents/GitHub/Biplo--Studio-Roomba/Biplo--Studio-Roomba/Content/StarterContent/Audio/Collapse02.uexp" 982
"/Users/jackwood/Documents/GitHub/Biplo--Studio-Roomba/Biplo--Studio-Roomba/Content/StarterContent/Audio/Collapse02.ubulk" 983
"/Users/jackwood/Documents/GitHub/Biplo--Studio-Roomba/Biplo--Studio-Roomba/Content/StarterContent/Audio/Light01.uasset" 984
"/Users/jackwood/Documents/GitHub/Biplo--Studio-Roomba/Biplo--Studio-Roomba/Content/StarterContent/Audio/Light01.ubulk" 985
"/Users/jackwood/Documents/GitHub/Biplo--Studio-Roomba/Biplo--Studio-Roomba/Content/StarterContent/Audio/Light01.uexp" 986
"/Users/jackwood/Documents/GitHub/Biplo--Studio-Roomba/Biplo--Studio-Roomba/Content/StarterContent/Audio/Explosion01.uasset" 987
"/Users/jackwood/Documents/GitHub/Biplo--Studio-Roomba/Biplo--Studio-Roomba/Content/StarterContent/Audio/Explosion01.uexp" 988
"/Users/jackwood/Documents/GitHub/Biplo--Studio-Roomba/Biplo--Studio-Roomba/Content/StarterContent/Audio/Explosion01.ubulk" 989
"/Users/jackwood/Documents/GitHub/Biplo--Studio-Roomba/Biplo--Studio-Roomba/Content/StarterContent/Audio/Starter_Music01.uasset" 990
"/Users/jackwood/Documents/GitHub/Biplo--Studio-Roomba/Biplo--Studio-Roomba/Content/StarterContent/Audio/Starter_Music01.ubulk" 991
"/Users/jackwood/Documents/GitHub/Biplo--Studio-Roomba/Biplo--Studio-Roomba/Content/StarterContent/Audio/Starter_Music01.uexp" 992
"/Users/jackwood/Documents/GitHub/Biplo--Studio-Roomba/Biplo--Studio-Roomba/Content/StarterContent/Audio/Steam01.ubulk" 993
"/Users/jackwood/Documents/GitHub/Biplo--Studio-Roomba/Biplo--Studio-Roomba/Content/StarterContent/Audio/Steam01.uexp" 994
"/Users/jackwood/Documents/GitHub/Biplo--Studio-Roomba/Biplo--Studio-Roomba/Content/StarterContent/Audio/Steam01.uasset" 995
"/Users/jackwood/Documents/GitHub/Biplo--Studio-Roomba/Biplo--Studio-Roomba/Content/StarterContent/Audio/Starter_Wind05.uasset" 996
"/Users/jackwood/Documents/GitHub/Biplo--Studio-Roomba/Biplo--Studio-Roomba/Content/StarterContent/Audio/Starter_Wind05.uexp" 997
"/Users/jackwood/Documents/GitHub/Biplo--Studio-Roomba/Biplo--Studio-Roomba/Content/StarterContent/Audio/Starter_Wind05.ubulk" 998
"/Users/jackwood/Documents/GitHub/Biplo--Studio-Roomba/Biplo--Studio-Roomba/Content/StarterContent/Audio/Light01_Cue.uasset" 999
"/Users/jackwood/Documents/GitHub/Biplo--Studio-Roomba/Biplo--Studio-Roomba/Content/StarterContent/Audio/Light01_Cue.uexp" 1000
"/Users/jackwood/Documents/GitHub/Biplo--Studio-Roomba/Biplo--Studio-Roomba/Content/StarterContent/Audio/Fire01.uexp" 1001
"/Users/jackwood/Documents/GitHub/Biplo--Studio-Roomba/Biplo--Studio-Roomba/Content/StarterContent/Audio/Fire01.uasset" 1002
"/Users/jackwood/Documents/GitHub/Biplo--Studio-Roomba/Biplo--Studio-Roomba/Content/StarterContent/Audio/Fire01.ubulk" 1003
"/Users/jackwood/Documents/GitHub/Biplo--Studio-Roomba/Biplo--Studio-Roomba/Content/StarterContent/Audio/Light02_Cue.uexp" 1004
"/Users/jackwood/Documents/GitHub/Biplo--Studio-Roomba/Biplo--Studio-Roomba/Content/StarterContent/Audio/Light02_Cue.uasset" 1005
"/Users/jackwood/Documents/GitHub/Biplo--Studio-Roomba/Biplo--Studio-Roomba/Content/StarterContent/Audio/Light02.uasset" 1006
"/Users/jackwood/Documents/GitHub/Biplo--Studio-Roomba/Biplo--Studio-Roomba/Content/StarterContent/Audio/Light02.uexp" 1007
"/Users/jackwood/Documents/GitHub/Biplo--Studio-Roomba/Biplo--Studio-Roomba/Content/StarterContent/Audio/Light02.ubulk" 1008
"/Users/jackwood/Documents/GitHub/Biplo--Studio-Roomba/Biplo--Studio-Roomba/Content/StarterContent/Audio/Collapse01.ubulk" 1009
"/Users/jackwood/Documents/GitHub/Biplo--Studio-Roomba/Biplo--Studio-Roomba/Content/StarterContent/Audio/Collapse01.uasset" 1010
"/Users/jackwood/Documents/GitHub/Biplo--Studio-Roomba/Biplo--Studio-Roomba/Content/StarterContent/Audio/Collapse01.uexp" 1011
"/Users/jackwood/Documents/GitHub/Biplo--Studio-Roomba/Biplo--Studio-Roomba/Content/StarterContent/Audio/Smoke01.ubulk" 1012
"/Users/jackwood/Documents/GitHub/Biplo--Studio-Roomba/Biplo--Studio-Roomba/Content/StarterContent/Audio/Smoke01.uasset" 1013
"/Users/jackwood/Documents/GitHub/Biplo--Studio-Roomba/Biplo--Studio-Roomba/Content/StarterContent/Audio/Smoke01.uexp" 1014
"/Users/jackwood/Documents/GitHub/Biplo--Studio-Roomba/Biplo--Studio-Roomba/Content/StarterContent/Audio/Fire_Sparks01.uexp" 1015
"/Users/jackwood/Documents/GitHub/Biplo--Studio-Roomba/Biplo--Studio-Roomba/Content/StarterContent/Audio/Fire_Sparks01.uasset" 1016
"/Users/jackwood/Documents/GitHub/Biplo--Studio-Roomba/Biplo--Studio-Roomba/Content/StarterContent/Audio/Fire_Sparks01.ubulk" 1017
"/Users/jackwood/Documents/GitHub/Biplo--Studio-Roomba/Biplo--Studio-Roomba/Content/StarterContent/Audio/Starter_Birds01.uexp" 1018
"/Users/jackwood/Documents/GitHub/Biplo--Studio-Roomba/Biplo--Studio-Roomba/Content/StarterContent/Audio/Starter_Birds01.uasset" 1019
"/Users/jackwood/Documents/GitHub/Biplo--Studio-Roomba/Biplo--Studio-Roomba/Content/StarterContent/Audio/Starter_Birds01.ubulk" 1020
"/Users/jackwood/Documents/GitHub/Biplo--Studio-Roomba/Biplo--Studio-Roomba/Content/StarterContent/Audio/Starter_Wind06.uexp" 1021
"/Users/jackwood/Documents/GitHub/Biplo--Studio-Roomba/Biplo--Studio-Roomba/Content/StarterContent/Audio/Starter_Wind06.uasset" 1022
"/Users/jackwood/Documents/GitHub/Biplo--Studio-Roomba/Biplo--Studio-Roomba/Content/StarterContent/Audio/Starter_Wind06.ubulk" 1023
"/Users/jackwood/Documents/GitHub/Biplo--Studio-Roomba/Biplo--Studio-Roomba/Content/StarterContent/Audio/Explosion02.uexp" 1024
"/Users/jackwood/Documents/GitHub/Biplo--Studio-Roomba/Biplo--Studio-Roomba/Content/StarterContent/Audio/Explosion02.uasset" 1025
"/Users/jackwood/Documents/GitHub/Biplo--Studio-Roomba/Biplo--Studio-Roomba/Content/StarterContent/Audio/Explosion02.ubulk" 1026
"/Users/jackwood/Documents/GitHub/Biplo--Studio-Roomba/Biplo--Studio-Roomba/Content/StarterContent/Architecture/Wall_Window_400x400.ubulk" 1027
"/Users/jackwood/Documents/GitHub/Biplo--Studio-Roomba/Biplo--Studio-Roomba/Content/StarterContent/Architecture/Wall_Window_400x400.uexp" 1028
"/Users/jackwood/Documents/GitHub/Biplo--Studio-Roomba/Biplo--Studio-Roomba/Content/StarterContent/Architecture/Wall_Window_400x400.uasset" 1029
"/Users/jackwood/Documents/GitHub/Biplo--Studio-Roomba/Biplo--Studio-Roomba/Content/StarterContent/Architecture/Wall_400x300.ubulk" 1030
"/Users/jackwood/Documents/GitHub/Biplo--Studio-Roomba/Biplo--Studio-Roomba/Content/StarterContent/Architecture/Wall_400x300.uexp" 1031
"/Users/jackwood/Documents/GitHub/Biplo--Studio-Roomba/Biplo--Studio-Roomba/Content/StarterContent/Architecture/Wall_400x300.uasset" 1032
"/Users/jackwood/Documents/GitHub/Biplo--Studio-Roomba/Biplo--Studio-Roomba/Content/StarterContent/Architecture/Pillar_50x500.uexp" 1033
"/Users/jackwood/Documents/GitHub/Biplo--Studio-Roomba/Biplo--Studio-Roomba/Content/StarterContent/Architecture/Pillar_50x500.ubulk" 1034
"/Users/jackwood/Documents/GitHub/Biplo--Studio-Roomba/Biplo--Studio-Roomba/Content/StarterContent/Architecture/Pillar_50x500.uasset" 1035
"/Users/jackwood/Documents/GitHub/Biplo--Studio-Roomba/Biplo--Studio-Roomba/Content/StarterContent/Architecture/Wall_500x500.ubulk" 1036
"/Users/jackwood/Documents/GitHub/Biplo--Studio-Roomba/Biplo--Studio-Roomba/Content/StarterContent/Architecture/Wall_500x500.uasset" 1037
"/Users/jackwood/Documents/GitHub/Biplo--Studio-Roomba/Biplo--Studio-Roomba/Content/StarterContent/Architecture/Wall_500x500.uexp" 1038
"/Users/jackwood/Documents/GitHub/Biplo--Studio-Roomba/Biplo--Studio-Roomba/Content/StarterContent/Architecture/Wall_400x400.uexp" 1039
"/Users/jackwood/Documents/GitHub/Biplo--Studio-Roomba/Biplo--Studio-Roomba/Content/StarterContent/Architecture/Wall_400x400.uasset" 1040
"/Users/jackwood/Documents/GitHub/Biplo--Studio-Roomba/Biplo--Studio-Roomba/Content/StarterContent/Architecture/Wall_400x400.ubulk" 1041
"/Users/jackwood/Documents/GitHub/Biplo--Studio-Roomba/Biplo--Studio-Roomba/Content/StarterContent/Architecture/Wall_Door_400x400.ubulk" 1042
"/Users/jackwood/Documents/GitHub/Biplo--Studio-Roomba/Biplo--Studio-Roomba/Content/StarterContent/Architecture/Wall_Door_400x400.uasset" 1043
"/Users/jackwood/Documents/GitHub/Biplo--Studio-Roomba/Biplo--Studio-Roomba/Content/StarterContent/Architecture/Wall_Door_400x400.uexp" 1044
"/Users/jackwood/Documents/GitHub/Biplo--Studio-Roomba/Biplo--Studio-Roomba/Content/LevelPrototyping/Textures/T_GridChecker_A.uasset" 1045
"/Users/jackwood/Documents/GitHub/Biplo--Studio-Roomba/Biplo--Studio-Roomba/Content/LevelPrototyping/Textures/T_GridChecker_A.uexp" 1046
"/Users/jackwood/Documents/GitHub/Biplo--Studio-Roomba/Biplo--Studio-Roomba/Content/LevelPrototyping/Textures/T_GridChecker_A.ubulk" 1047
"../../../Engine/Content/Functions/Engine_MaterialFunctions01/Gradient/LinearGradient.uasset" 1048
"../../../Engine/Content/Functions/Engine_MaterialFunctions01/Gradient/LinearGradient.uexp" 1049
"../../../Engine/Content/Functions/Engine_MaterialFunctions01/ImageAdjustment/CheapContrast.uasset" 1050
"../../../Engine/Content/Functions/Engine_MaterialFunctions01/ImageAdjustment/CheapContrast.uexp" 1051
"/Users/jackwood/Documents/GitHub/Biplo--Studio-Roomba/Biplo--Studio-Roomba/Content/LevelPrototyping/Materials/MF_ProcGrid.uexp" 1052
"/Users/jackwood/Documents/GitHub/Biplo--Studio-Roomba/Biplo--Studio-Roomba/Content/LevelPrototyping/Materials/MF_ProcGrid.uasset" 1053
"/Users/jackwood/Documents/GitHub/Biplo--Studio-Roomba/Biplo--Studio-Roomba/Content/LevelPrototyping/Materials/M_PrototypeGrid.uexp" 1054
"/Users/jackwood/Documents/GitHub/Biplo--Studio-Roomba/Biplo--Studio-Roomba/Content/LevelPrototyping/Materials/M_PrototypeGrid.uasset" 1055
"/Users/jackwood/Documents/GitHub/Biplo--Studio-Roomba/Biplo--Studio-Roomba/Content/LevelPrototyping/Materials/MI_PrototypeGrid_Gray.uexp" 1056
"/Users/jackwood/Documents/GitHub/Biplo--Studio-Roomba/Biplo--Studio-Roomba/Content/LevelPrototyping/Materials/MI_PrototypeGrid_Gray.uasset" 1057
"/Users/jackwood/Documents/GitHub/Biplo--Studio-Roomba/Biplo--Studio-Roomba/Content/LevelPrototyping/Meshes/SM_Cylinder.uasset" 1058
"/Users/jackwood/Documents/GitHub/Biplo--Studio-Roomba/Biplo--Studio-Roomba/Content/LevelPrototyping/Meshes/SM_Cylinder.ubulk" 1059
"/Users/jackwood/Documents/GitHub/Biplo--Studio-Roomba/Biplo--Studio-Roomba/Content/LevelPrototyping/Meshes/SM_Cylinder.uexp" 1060
"/Users/jackwood/Documents/GitHub/Biplo--Studio-Roomba/Biplo--Studio-Roomba/Content/LevelPrototyping/Materials/MI_PrototypeGrid_Gray_02.uexp" 1061
"/Users/jackwood/Documents/GitHub/Biplo--Studio-Roomba/Biplo--Studio-Roomba/Content/LevelPrototyping/Materials/MI_PrototypeGrid_Gray_02.uasset" 1062
"../../../Engine/Content/Functions/Engine_MaterialFunctions01/Shading/PowerToRoughness.uexp" 1063
"../../../Engine/Content/Functions/Engine_MaterialFunctions01/Shading/PowerToRoughness.uasset" 1064
"../../../Engine/Content/Functions/Engine_MaterialFunctions01/Shading/ConvertFromDiffSpec.uexp" 1065
"../../../Engine/Content/Functions/Engine_MaterialFunctions01/Shading/ConvertFromDiffSpec.uasset" 1066
"../../../Engine/Content/EngineMaterials/Substrate/Volume/SubstrateSimpleVolumeEnvLUT3D.uexp" 1067
"../../../Engine/Content/EngineMaterials/Substrate/Volume/SubstrateSimpleVolumeEnvLUT3D.uasset" 1068
"../../../Engine/Content/EngineMaterials/Substrate/Volume/SubstrateSimpleVolumeLUT3D.uasset" 1069
"../../../Engine/Content/EngineMaterials/Substrate/Volume/SubstrateSimpleVolumeLUT3D.uexp" 1070
"../../../Engine/Content/EngineMaterials/Substrate/GLints2/AGlintTex2dArray2.uasset" 1071
"../../../Engine/Content/EngineMaterials/Substrate/GLints2/AGlintTex2dArray2.uexp" 1072
"../../../Engine/Content/EngineMaterials/Substrate/GLints/AGlintTex2dArray.uasset" 1073
"../../../Engine/Content/EngineMaterials/Substrate/GLints/AGlintTex2dArray.uexp" 1074
"/Users/jackwood/Documents/GitHub/Biplo--Studio-Roomba/Biplo--Studio-Roomba/Content/ThirdPerson/Blueprints/LightDetection_BP/TopRenderTarget.uasset" 1075
"/Users/jackwood/Documents/GitHub/Biplo--Studio-Roomba/Biplo--Studio-Roomba/Content/ThirdPerson/Blueprints/LightDetection_BP/TopRenderTarget.uexp" 1076
"/Users/jackwood/Documents/GitHub/Biplo--Studio-Roomba/Biplo--Studio-Roomba/Content/ThirdPerson/Blueprints/LightDetection_BP/BP_LightDetection.uexp" 1077
"/Users/jackwood/Documents/GitHub/Biplo--Studio-Roomba/Biplo--Studio-Roomba/Content/ThirdPerson/Blueprints/LightDetection_BP/BP_LightDetection.uasset" 1078
"/Users/jackwood/Documents/GitHub/Biplo--Studio-Roomba/Biplo--Studio-Roomba/Content/Characters/Mannequins/Meshes/SK_Mannequin.uasset" 1079
"/Users/jackwood/Documents/GitHub/Biplo--Studio-Roomba/Biplo--Studio-Roomba/Content/Characters/Mannequins/Meshes/SK_Mannequin.uexp" 1080
"/Users/jackwood/Documents/GitHub/Biplo--Studio-Roomba/Biplo--Studio-Roomba/Content/Characters/Mannequins/Textures/Quinn/T_Quinn_02ID_MSR_MSK.uexp" 1081
"/Users/jackwood/Documents/GitHub/Biplo--Studio-Roomba/Biplo--Studio-Roomba/Content/Characters/Mannequins/Textures/Quinn/T_Quinn_02ID_MSR_MSK.ubulk" 1082
"/Users/jackwood/Documents/GitHub/Biplo--Studio-Roomba/Biplo--Studio-Roomba/Content/Characters/Mannequins/Textures/Quinn/T_Quinn_02ID_MSR_MSK.uasset" 1083
"/Users/jackwood/Documents/GitHub/Biplo--Studio-Roomba/Biplo--Studio-Roomba/Content/Characters/Mannequins/Textures/Quinn/T_Quinn_02ID_BN.ubulk" 1084
"/Users/jackwood/Documents/GitHub/Biplo--Studio-Roomba/Biplo--Studio-Roomba/Content/Characters/Mannequins/Textures/Quinn/T_Quinn_02ID_BN.uasset" 1085
"/Users/jackwood/Documents/GitHub/Biplo--Studio-Roomba/Biplo--Studio-Roomba/Content/Characters/Mannequins/Textures/Quinn/T_Quinn_02ID_BN.uexp" 1086
"/Users/jackwood/Documents/GitHub/Biplo--Studio-Roomba/Biplo--Studio-Roomba/Content/Characters/Mannequins/Textures/Quinn/T_Quinn_02_ASAOMASK_MSK.ubulk" 1087
"/Users/jackwood/Documents/GitHub/Biplo--Studio-Roomba/Biplo--Studio-Roomba/Content/Characters/Mannequins/Textures/Quinn/T_Quinn_02_ASAOMASK_MSK.uexp" 1088
"/Users/jackwood/Documents/GitHub/Biplo--Studio-Roomba/Biplo--Studio-Roomba/Content/Characters/Mannequins/Textures/Quinn/T_Quinn_02_ASAOMASK_MSK.uasset" 1089
"/Users/jackwood/Documents/GitHub/Biplo--Studio-Roomba/Biplo--Studio-Roomba/Content/Characters/Mannequins/Textures/Quinn/T_Quinn_02_CCRCCPlastic_MSK.uexp" 1090
"/Users/jackwood/Documents/GitHub/Biplo--Studio-Roomba/Biplo--Studio-Roomba/Content/Characters/Mannequins/Textures/Quinn/T_Quinn_02_CCRCCPlastic_MSK.ubulk" 1091
"/Users/jackwood/Documents/GitHub/Biplo--Studio-Roomba/Biplo--Studio-Roomba/Content/Characters/Mannequins/Textures/Quinn/T_Quinn_02_CCRCCPlastic_MSK.uasset" 1092
"/Users/jackwood/Documents/GitHub/Biplo--Studio-Roomba/Biplo--Studio-Roomba/Content/Characters/Mannequins/Textures/Quinn/T_Quinn_02ID_Tan.uexp" 1093
"/Users/jackwood/Documents/GitHub/Biplo--Studio-Roomba/Biplo--Studio-Roomba/Content/Characters/Mannequins/Textures/Quinn/T_Quinn_02ID_Tan.ubulk" 1094
"/Users/jackwood/Documents/GitHub/Biplo--Studio-Roomba/Biplo--Studio-Roomba/Content/Characters/Mannequins/Textures/Quinn/T_Quinn_02ID_Tan.uasset" 1095
"/Users/jackwood/Documents/GitHub/Biplo--Studio-Roomba/Biplo--Studio-Roomba/Content/Characters/Mannequins/Textures/Quinn/T_Quinn_02ID_D.uexp" 1096
"/Users/jackwood/Documents/GitHub/Biplo--Studio-Roomba/Biplo--Studio-Roomba/Content/Characters/Mannequins/Textures/Quinn/T_Quinn_02ID_D.uasset" 1097
"/Users/jackwood/Documents/GitHub/Biplo--Studio-Roomba/Biplo--Studio-Roomba/Content/Characters/Mannequins/Textures/Quinn/T_Quinn_02ID_D.ubulk" 1098
"/Users/jackwood/Documents/GitHub/Biplo--Studio-Roomba/Biplo--Studio-Roomba/Content/Characters/Mannequins/Textures/Quinn/T_Quinn_01ID_MSR_MSK.uasset" 1099
"/Users/jackwood/Documents/GitHub/Biplo--Studio-Roomba/Biplo--Studio-Roomba/Content/Characters/Mannequins/Textures/Quinn/T_Quinn_01ID_MSR_MSK.uexp" 1100
"/Users/jackwood/Documents/GitHub/Biplo--Studio-Roomba/Biplo--Studio-Roomba/Content/Characters/Mannequins/Textures/Quinn/T_Quinn_01ID_MSR_MSK.ubulk" 1101
"/Users/jackwood/Documents/GitHub/Biplo--Studio-Roomba/Biplo--Studio-Roomba/Content/Characters/Mannequins/Materials/Functions/ChromaticCurve.uasset" 1102
"/Users/jackwood/Documents/GitHub/Biplo--Studio-Roomba/Biplo--Studio-Roomba/Content/Characters/Mannequins/Materials/Functions/ChromaticCurve.uexp" 1103
"/Users/jackwood/Documents/GitHub/Biplo--Studio-Roomba/Biplo--Studio-Roomba/Content/Characters/Mannequins/Materials/Functions/CA_Mannequin.uasset" 1104
"/Users/jackwood/Documents/GitHub/Biplo--Studio-Roomba/Biplo--Studio-Roomba/Content/Characters/Mannequins/Materials/Functions/CA_Mannequin.uexp" 1105
"/Users/jackwood/Documents/GitHub/Biplo--Studio-Roomba/Biplo--Studio-Roomba/Content/Characters/Mannequins/Materials/Functions/MF_Diffraction.uasset" 1106
"/Users/jackwood/Documents/GitHub/Biplo--Studio-Roomba/Biplo--Studio-Roomba/Content/Characters/Mannequins/Materials/Functions/MF_Diffraction.uexp" 1107
"/Users/jackwood/Documents/GitHub/Biplo--Studio-Roomba/Biplo--Studio-Roomba/Content/Characters/Mannequins/Textures/Manny/T_Manny_01_N.ubulk" 1108
"/Users/jackwood/Documents/GitHub/Biplo--Studio-Roomba/Biplo--Studio-Roomba/Content/Characters/Mannequins/Textures/Manny/T_Manny_01_N.uexp" 1109
"/Users/jackwood/Documents/GitHub/Biplo--Studio-Roomba/Biplo--Studio-Roomba/Content/Characters/Mannequins/Textures/Manny/T_Manny_01_N.uasset" 1110
"/Users/jackwood/Documents/GitHub/Biplo--Studio-Roomba/Biplo--Studio-Roomba/Content/Characters/Mannequins/Materials/Functions/ML_BaseColorFallOff.uexp" 1111
"/Users/jackwood/Documents/GitHub/Biplo--Studio-Roomba/Biplo--Studio-Roomba/Content/Characters/Mannequins/Materials/Functions/ML_BaseColorFallOff.uasset" 1112
"../../../Engine/Content/Functions/Engine_MaterialFunctions01/Texturing/ScaleUVsByCenter.uexp" 1113
"../../../Engine/Content/Functions/Engine_MaterialFunctions01/Texturing/ScaleUVsByCenter.uasset" 1114
"/Users/jackwood/Documents/GitHub/Biplo--Studio-Roomba/Biplo--Studio-Roomba/Content/Characters/Mannequins/Textures/Shared/T_UE_Logo_M.uasset" 1115
"/Users/jackwood/Documents/GitHub/Biplo--Studio-Roomba/Biplo--Studio-Roomba/Content/Characters/Mannequins/Textures/Shared/T_UE_Logo_M.uexp" 1116
"/Users/jackwood/Documents/GitHub/Biplo--Studio-Roomba/Biplo--Studio-Roomba/Content/Characters/Mannequins/Materials/Functions/MF_logo3layers.uasset" 1117
"/Users/jackwood/Documents/GitHub/Biplo--Studio-Roomba/Biplo--Studio-Roomba/Content/Characters/Mannequins/Materials/Functions/MF_logo3layers.uexp" 1118
"/Users/jackwood/Documents/GitHub/Biplo--Studio-Roomba/Biplo--Studio-Roomba/Content/Characters/Mannequins/Textures/Manny/T_Manny_01_CCRCCPlastic_MSK.ubulk" 1119
"/Users/jackwood/Documents/GitHub/Biplo--Studio-Roomba/Biplo--Studio-Roomba/Content/Characters/Mannequins/Textures/Manny/T_Manny_01_CCRCCPlastic_MSK.uasset" 1120
"/Users/jackwood/Documents/GitHub/Biplo--Studio-Roomba/Biplo--Studio-Roomba/Content/Characters/Mannequins/Textures/Manny/T_Manny_01_CCRCCPlastic_MSK.uexp" 1121
"/Users/jackwood/Documents/GitHub/Biplo--Studio-Roomba/Biplo--Studio-Roomba/Content/Characters/Mannequins/Textures/Manny/T_Manny_01_ASAOPMASK_MSK.ubulk" 1122
"/Users/jackwood/Documents/GitHub/Biplo--Studio-Roomba/Biplo--Studio-Roomba/Content/Characters/Mannequins/Textures/Manny/T_Manny_01_ASAOPMASK_MSK.uasset" 1123
"/Users/jackwood/Documents/GitHub/Biplo--Studio-Roomba/Biplo--Studio-Roomba/Content/Characters/Mannequins/Textures/Manny/T_Manny_01_ASAOPMASK_MSK.uexp" 1124
"/Users/jackwood/Documents/GitHub/Biplo--Studio-Roomba/Biplo--Studio-Roomba/Content/Characters/Mannequins/Textures/Manny/T_Manny_01_MSR_MSK.uexp" 1125
"/Users/jackwood/Documents/GitHub/Biplo--Studio-Roomba/Biplo--Studio-Roomba/Content/Characters/Mannequins/Textures/Manny/T_Manny_01_MSR_MSK.ubulk" 1126
"/Users/jackwood/Documents/GitHub/Biplo--Studio-Roomba/Biplo--Studio-Roomba/Content/Characters/Mannequins/Textures/Manny/T_Manny_01_MSR_MSK.uasset" 1127
"/Users/jackwood/Documents/GitHub/Biplo--Studio-Roomba/Biplo--Studio-Roomba/Content/Characters/Mannequins/Textures/Manny/T_Manny_01_BN.ubulk" 1128
"/Users/jackwood/Documents/GitHub/Biplo--Studio-Roomba/Biplo--Studio-Roomba/Content/Characters/Mannequins/Textures/Manny/T_Manny_01_BN.uexp" 1129
"/Users/jackwood/Documents/GitHub/Biplo--Studio-Roomba/Biplo--Studio-Roomba/Content/Characters/Mannequins/Textures/Manny/T_Manny_01_BN.uasset" 1130
"/Users/jackwood/Documents/GitHub/Biplo--Studio-Roomba/Biplo--Studio-Roomba/Content/Characters/Mannequins/Textures/Manny/T_Manny_01_D.ubulk" 1131
"/Users/jackwood/Documents/GitHub/Biplo--Studio-Roomba/Biplo--Studio-Roomba/Content/Characters/Mannequins/Textures/Manny/T_Manny_01_D.uexp" 1132
"/Users/jackwood/Documents/GitHub/Biplo--Studio-Roomba/Biplo--Studio-Roomba/Content/Characters/Mannequins/Textures/Manny/T_Manny_01_D.uasset" 1133
"/Users/jackwood/Documents/GitHub/Biplo--Studio-Roomba/Biplo--Studio-Roomba/Content/Characters/Mannequins/Textures/Manny/T_Manny_01_Tan.uexp" 1134
"/Users/jackwood/Documents/GitHub/Biplo--Studio-Roomba/Biplo--Studio-Roomba/Content/Characters/Mannequins/Textures/Manny/T_Manny_01_Tan.uasset" 1135
"/Users/jackwood/Documents/GitHub/Biplo--Studio-Roomba/Biplo--Studio-Roomba/Content/Characters/Mannequins/Textures/Manny/T_Manny_01_Tan.ubulk" 1136
"/Users/jackwood/Documents/GitHub/Biplo--Studio-Roomba/Biplo--Studio-Roomba/Content/Characters/Mannequins/Materials/M_Mannequin.uexp" 1137
"/Users/jackwood/Documents/GitHub/Biplo--Studio-Roomba/Biplo--Studio-Roomba/Content/Characters/Mannequins/Materials/M_Mannequin.uasset" 1138
"/Users/jackwood/Documents/GitHub/Biplo--Studio-Roomba/Biplo--Studio-Roomba/Content/Characters/Mannequins/Textures/Quinn/T_Quinn_01_ASAOMASK_MSK.ubulk" 1139
"/Users/jackwood/Documents/GitHub/Biplo--Studio-Roomba/Biplo--Studio-Roomba/Content/Characters/Mannequins/Textures/Quinn/T_Quinn_01_ASAOMASK_MSK.uexp" 1140
"/Users/jackwood/Documents/GitHub/Biplo--Studio-Roomba/Biplo--Studio-Roomba/Content/Characters/Mannequins/Textures/Quinn/T_Quinn_01_ASAOMASK_MSK.uasset" 1141
"/Users/jackwood/Documents/GitHub/Biplo--Studio-Roomba/Biplo--Studio-Roomba/Content/Characters/Mannequins/Textures/Quinn/T_Quinn_01ID_N.uasset" 1142
"/Users/jackwood/Documents/GitHub/Biplo--Studio-Roomba/Biplo--Studio-Roomba/Content/Characters/Mannequins/Textures/Quinn/T_Quinn_01ID_N.uexp" 1143
"/Users/jackwood/Documents/GitHub/Biplo--Studio-Roomba/Biplo--Studio-Roomba/Content/Characters/Mannequins/Textures/Quinn/T_Quinn_01ID_N.ubulk" 1144
"/Users/jackwood/Documents/GitHub/Biplo--Studio-Roomba/Biplo--Studio-Roomba/Content/Characters/Mannequins/Textures/Quinn/T_Quinn_01ID_BN.uexp" 1145
"/Users/jackwood/Documents/GitHub/Biplo--Studio-Roomba/Biplo--Studio-Roomba/Content/Characters/Mannequins/Textures/Quinn/T_Quinn_01ID_BN.uasset" 1146
"/Users/jackwood/Documents/GitHub/Biplo--Studio-Roomba/Biplo--Studio-Roomba/Content/Characters/Mannequins/Textures/Quinn/T_Quinn_01ID_BN.ubulk" 1147
"/Users/jackwood/Documents/GitHub/Biplo--Studio-Roomba/Biplo--Studio-Roomba/Content/Characters/Mannequins/Textures/Quinn/T_Quinn_01ID_D.uexp" 1148
"/Users/jackwood/Documents/GitHub/Biplo--Studio-Roomba/Biplo--Studio-Roomba/Content/Characters/Mannequins/Textures/Quinn/T_Quinn_01ID_D.ubulk" 1149
"/Users/jackwood/Documents/GitHub/Biplo--Studio-Roomba/Biplo--Studio-Roomba/Content/Characters/Mannequins/Textures/Quinn/T_Quinn_01ID_D.uasset" 1150
"/Users/jackwood/Documents/GitHub/Biplo--Studio-Roomba/Biplo--Studio-Roomba/Content/Characters/Mannequins/Textures/Quinn/T_Quinn_01ID_Tan.ubulk" 1151
"/Users/jackwood/Documents/GitHub/Biplo--Studio-Roomba/Biplo--Studio-Roomba/Content/Characters/Mannequins/Textures/Quinn/T_Quinn_01ID_Tan.uasset" 1152
"/Users/jackwood/Documents/GitHub/Biplo--Studio-Roomba/Biplo--Studio-Roomba/Content/Characters/Mannequins/Textures/Quinn/T_Quinn_01ID_Tan.uexp" 1153
"/Users/jackwood/Documents/GitHub/Biplo--Studio-Roomba/Biplo--Studio-Roomba/Content/Characters/Mannequins/Textures/Quinn/T_Quinn_01_CCRCCPlastic_MSK.ubulk" 1154
"/Users/jackwood/Documents/GitHub/Biplo--Studio-Roomba/Biplo--Studio-Roomba/Content/Characters/Mannequins/Textures/Quinn/T_Quinn_01_CCRCCPlastic_MSK.uexp" 1155
"/Users/jackwood/Documents/GitHub/Biplo--Studio-Roomba/Biplo--Studio-Roomba/Content/Characters/Mannequins/Textures/Quinn/T_Quinn_01_CCRCCPlastic_MSK.uasset" 1156
"/Users/jackwood/Documents/GitHub/Biplo--Studio-Roomba/Biplo--Studio-Roomba/Content/Characters/Mannequins/Materials/Instances/Quinn/MI_Quinn_01.uasset" 1157
"/Users/jackwood/Documents/GitHub/Biplo--Studio-Roomba/Biplo--Studio-Roomba/Content/Characters/Mannequins/Materials/Instances/Quinn/MI_Quinn_01.uexp" 1158
"/Users/jackwood/Documents/GitHub/Biplo--Studio-Roomba/Biplo--Studio-Roomba/Content/Characters/Mannequins/Textures/Quinn/T_Quinn_02ID_N.ubulk" 1159
"/Users/jackwood/Documents/GitHub/Biplo--Studio-Roomba/Biplo--Studio-Roomba/Content/Characters/Mannequins/Textures/Quinn/T_Quinn_02ID_N.uasset" 1160
"/Users/jackwood/Documents/GitHub/Biplo--Studio-Roomba/Biplo--Studio-Roomba/Content/Characters/Mannequins/Textures/Quinn/T_Quinn_02ID_N.uexp" 1161
"/Users/jackwood/Documents/GitHub/Biplo--Studio-Roomba/Biplo--Studio-Roomba/Content/Characters/Mannequins/Materials/Instances/Quinn/MI_Quinn_02.uexp" 1162
"/Users/jackwood/Documents/GitHub/Biplo--Studio-Roomba/Biplo--Studio-Roomba/Content/Characters/Mannequins/Materials/Instances/Quinn/MI_Quinn_02.uasset" 1163
"/Users/jackwood/Documents/GitHub/Biplo--Studio-Roomba/Biplo--Studio-Roomba/Content/Characters/Mannequins/Rigs/PA_Mannequin.uasset" 1164
"/Users/jackwood/Documents/GitHub/Biplo--Studio-Roomba/Biplo--Studio-Roomba/Content/Characters/Mannequins/Rigs/PA_Mannequin.uexp" 1165
"/Users/jackwood/Documents/GitHub/Biplo--Studio-Roomba/Biplo--Studio-Roomba/Content/Characters/Mannequins/Meshes/SKM_Quinn_Simple.uexp" 1166
"/Users/jackwood/Documents/GitHub/Biplo--Studio-Roomba/Biplo--Studio-Roomba/Content/Characters/Mannequins/Meshes/SKM_Quinn_Simple.uasset" 1167
"/Users/jackwood/Documents/GitHub/Biplo--Studio-Roomba/Biplo--Studio-Roomba/Content/Menu/WBP_STAMINA.uexp" 1168
"/Users/jackwood/Documents/GitHub/Biplo--Studio-Roomba/Biplo--Studio-Roomba/Content/Menu/WBP_STAMINA.uasset" 1169
"/Users/jackwood/Documents/GitHub/Biplo--Studio-Roomba/Biplo--Studio-Roomba/Content/ThirdPerson/Input/Actions/IA_Jump.uexp" 1170
"/Users/jackwood/Documents/GitHub/Biplo--Studio-Roomba/Biplo--Studio-Roomba/Content/ThirdPerson/Input/Actions/IA_Jump.uasset" 1171
"/Users/jackwood/Documents/GitHub/Biplo--Studio-Roomba/Biplo--Studio-Roomba/Content/ThirdPerson/Input/Actions/IA_Interact.uexp" 1172
"/Users/jackwood/Documents/GitHub/Biplo--Studio-Roomba/Biplo--Studio-Roomba/Content/ThirdPerson/Input/Actions/IA_Interact.uasset" 1173
"/Users/jackwood/Documents/GitHub/Biplo--Studio-Roomba/Biplo--Studio-Roomba/Content/ThirdPerson/Input/Actions/IA_Dash.uasset" 1174
"/Users/jackwood/Documents/GitHub/Biplo--Studio-Roomba/Biplo--Studio-Roomba/Content/ThirdPerson/Input/Actions/IA_Dash.uexp" 1175
"/Users/jackwood/Documents/GitHub/Biplo--Studio-Roomba/Biplo--Studio-Roomba/Content/ThirdPerson/Input/Actions/IA_Look.uexp" 1176
"/Users/jackwood/Documents/GitHub/Biplo--Studio-Roomba/Biplo--Studio-Roomba/Content/ThirdPerson/Input/Actions/IA_Look.uasset" 1177
"/Users/jackwood/Documents/GitHub/Biplo--Studio-Roomba/Biplo--Studio-Roomba/Content/ThirdPerson/Input/Actions/IA_Move.uasset" 1178
"/Users/jackwood/Documents/GitHub/Biplo--Studio-Roomba/Biplo--Studio-Roomba/Content/ThirdPerson/Input/Actions/IA_Move.uexp" 1179
"/Users/jackwood/Documents/GitHub/Biplo--Studio-Roomba/Biplo--Studio-Roomba/Content/ThirdPerson/Input/IMC_Default.uexp" 1180
"/Users/jackwood/Documents/GitHub/Biplo--Studio-Roomba/Biplo--Studio-Roomba/Content/ThirdPerson/Input/IMC_Default.uasset" 1181
"../../../Engine/Content/Animation/DefaultAnimCurveCompressionSettings.uasset" 1182
"../../../Engine/Content/Animation/DefaultAnimCurveCompressionSettings.uexp" 1183
"../../../Engine/Content/Animation/DefaultAnimBoneCompressionSettings.uasset" 1184
"../../../Engine/Content/Animation/DefaultAnimBoneCompressionSettings.uexp" 1185
"/Users/jackwood/Documents/GitHub/Biplo--Studio-Roomba/Biplo--Studio-Roomba/Content/Characters/Mannequins/Animations/Quinn/MF_Run_Fwd.uasset" 1186
"/Users/jackwood/Documents/GitHub/Biplo--Studio-Roomba/Biplo--Studio-Roomba/Content/Characters/Mannequins/Animations/Quinn/MF_Run_Fwd.uexp" 1187
"/Users/jackwood/Documents/GitHub/Biplo--Studio-Roomba/Biplo--Studio-Roomba/Content/Characters/Mannequins/Animations/Quinn/MF_Walk_Fwd.uasset" 1188
"/Users/jackwood/Documents/GitHub/Biplo--Studio-Roomba/Biplo--Studio-Roomba/Content/Characters/Mannequins/Animations/Quinn/MF_Walk_Fwd.uexp" 1189
"../../../Engine/Content/Animation/DefaultRecorderBoneCompression.uexp" 1190
"../../../Engine/Content/Animation/DefaultRecorderBoneCompression.uasset" 1191
"/Users/jackwood/Documents/GitHub/Biplo--Studio-Roomba/Biplo--Studio-Roomba/Content/Characters/Mannequins/Animations/Manny/MM_Walk_InPlace.uasset" 1192
"/Users/jackwood/Documents/GitHub/Biplo--Studio-Roomba/Biplo--Studio-Roomba/Content/Characters/Mannequins/Animations/Manny/MM_Walk_InPlace.uexp" 1193
"/Users/jackwood/Documents/GitHub/Biplo--Studio-Roomba/Biplo--Studio-Roomba/Content/Characters/Mannequins/Animations/Quinn/BS_MF_Unarmed_WalkRun.uexp" 1194
"/Users/jackwood/Documents/GitHub/Biplo--Studio-Roomba/Biplo--Studio-Roomba/Content/Characters/Mannequins/Animations/Quinn/BS_MF_Unarmed_WalkRun.uasset" 1195
"/Users/jackwood/Documents/GitHub/Biplo--Studio-Roomba/Biplo--Studio-Roomba/Content/Characters/Mannequins/Animations/Quinn/MF_Idle.uasset" 1196
"/Users/jackwood/Documents/GitHub/Biplo--Studio-Roomba/Biplo--Studio-Roomba/Content/Characters/Mannequins/Animations/Quinn/MF_Idle.uexp" 1197
"../../../Engine/Content/Animation/DefaultVariableFrameStrippingSettings.uexp" 1198
"../../../Engine/Content/Animation/DefaultVariableFrameStrippingSettings.uasset" 1199
"/Users/jackwood/Documents/GitHub/Biplo--Studio-Roomba/Biplo--Studio-Roomba/Content/Characters/Mannequins/Animations/Manny/MM_Fall_Loop.uexp" 1200
"/Users/jackwood/Documents/GitHub/Biplo--Studio-Roomba/Biplo--Studio-Roomba/Content/Characters/Mannequins/Animations/Manny/MM_Fall_Loop.uasset" 1201
"/Users/jackwood/Documents/GitHub/Biplo--Studio-Roomba/Biplo--Studio-Roomba/Content/Characters/Mannequins/Animations/Manny/MM_Jump.uasset" 1202
"/Users/jackwood/Documents/GitHub/Biplo--Studio-Roomba/Biplo--Studio-Roomba/Content/Characters/Mannequins/Animations/Manny/MM_Jump.uexp" 1203
"../../../Engine/Plugins/Animation/ControlRig/Content/Controls/DefaultGizmoLibrary.uexp" 1204
"../../../Engine/Plugins/Animation/ControlRig/Content/Controls/DefaultGizmoLibrary.uasset" 1205
"/Users/jackwood/Documents/GitHub/Biplo--Studio-Roomba/Biplo--Studio-Roomba/Content/Characters/Mannequins/Rigs/CR_Mannequin_BasicFootIK.uasset" 1206
"/Users/jackwood/Documents/GitHub/Biplo--Studio-Roomba/Biplo--Studio-Roomba/Content/Characters/Mannequins/Rigs/CR_Mannequin_BasicFootIK.uexp" 1207
"/Users/jackwood/Documents/GitHub/Biplo--Studio-Roomba/Biplo--Studio-Roomba/Content/Characters/Mannequins/Animations/Manny/MM_Run_Fwd.uasset" 1208
"/Users/jackwood/Documents/GitHub/Biplo--Studio-Roomba/Biplo--Studio-Roomba/Content/Characters/Mannequins/Animations/Manny/MM_Run_Fwd.uexp" 1209
"/Users/jackwood/Documents/GitHub/Biplo--Studio-Roomba/Biplo--Studio-Roomba/Content/Characters/Mannequins/Animations/Manny/MM_Walk_Fwd.uasset" 1210
"/Users/jackwood/Documents/GitHub/Biplo--Studio-Roomba/Biplo--Studio-Roomba/Content/Characters/Mannequins/Animations/Manny/MM_Walk_Fwd.uexp" 1211
"/Users/jackwood/Documents/GitHub/Biplo--Studio-Roomba/Biplo--Studio-Roomba/Content/Characters/Mannequins/Animations/Manny/BS_MM_WalkRun.uexp" 1212
"/Users/jackwood/Documents/GitHub/Biplo--Studio-Roomba/Biplo--Studio-Roomba/Content/Characters/Mannequins/Animations/Manny/BS_MM_WalkRun.uasset" 1213
"/Users/jackwood/Documents/GitHub/Biplo--Studio-Roomba/Biplo--Studio-Roomba/Content/Characters/Mannequins/Animations/Manny/MM_Land.uexp" 1214
"/Users/jackwood/Documents/GitHub/Biplo--Studio-Roomba/Biplo--Studio-Roomba/Content/Characters/Mannequins/Animations/Manny/MM_Land.uasset" 1215
"/Users/jackwood/Documents/GitHub/Biplo--Studio-Roomba/Biplo--Studio-Roomba/Content/Characters/Mannequins/Animations/Manny/MM_Idle.uexp" 1216
"/Users/jackwood/Documents/GitHub/Biplo--Studio-Roomba/Biplo--Studio-Roomba/Content/Characters/Mannequins/Animations/Manny/MM_Idle.uasset" 1217
"/Users/jackwood/Documents/GitHub/Biplo--Studio-Roomba/Biplo--Studio-Roomba/Content/Characters/Mannequins/Animations/ABP_Manny.uasset" 1218
"/Users/jackwood/Documents/GitHub/Biplo--Studio-Roomba/Biplo--Studio-Roomba/Content/Characters/Mannequins/Animations/ABP_Manny.uexp" 1219
"/Users/jackwood/Documents/GitHub/Biplo--Studio-Roomba/Biplo--Studio-Roomba/Content/Characters/Mannequins/Animations/ABP_Quinn.uasset" 1220
"/Users/jackwood/Documents/GitHub/Biplo--Studio-Roomba/Biplo--Studio-Roomba/Content/Characters/Mannequins/Animations/ABP_Quinn.uexp" 1221
"/Users/jackwood/Documents/GitHub/Biplo--Studio-Roomba/Biplo--Studio-Roomba/Content/Characters/Mannequin_UE4/Rigs/IK_UE4_Mannequin.uexp" 1222
"/Users/jackwood/Documents/GitHub/Biplo--Studio-Roomba/Biplo--Studio-Roomba/Content/Characters/Mannequin_UE4/Rigs/IK_UE4_Mannequin.uasset" 1223
"/Users/jackwood/Documents/GitHub/Biplo--Studio-Roomba/Biplo--Studio-Roomba/Content/Characters/Mannequin_UE4/Rigs/RTG_UE5Manny_UE4Manny.uexp" 1224
"/Users/jackwood/Documents/GitHub/Biplo--Studio-Roomba/Biplo--Studio-Roomba/Content/Characters/Mannequin_UE4/Rigs/RTG_UE5Manny_UE4Manny.uasset" 1225
"/Users/jackwood/Documents/GitHub/Biplo--Studio-Roomba/Biplo--Studio-Roomba/Content/Characters/Mannequin_UE4/Rigs/RTG_UE4Manny_UE5Manny.uasset" 1226
"/Users/jackwood/Documents/GitHub/Biplo--Studio-Roomba/Biplo--Studio-Roomba/Content/Characters/Mannequin_UE4/Rigs/RTG_UE4Manny_UE5Manny.uexp" 1227
"/Users/jackwood/Documents/GitHub/Biplo--Studio-Roomba/Biplo--Studio-Roomba/Content/Characters/Mannequin_UE4/Textures/T_UELogo_N_TGA.ubulk" 1228
"/Users/jackwood/Documents/GitHub/Biplo--Studio-Roomba/Biplo--Studio-Roomba/Content/Characters/Mannequin_UE4/Textures/T_UELogo_N_TGA.uasset" 1229
"/Users/jackwood/Documents/GitHub/Biplo--Studio-Roomba/Biplo--Studio-Roomba/Content/Characters/Mannequin_UE4/Textures/T_UELogo_N_TGA.uexp" 1230
"/Users/jackwood/Documents/GitHub/Biplo--Studio-Roomba/Biplo--Studio-Roomba/Content/Characters/Mannequin_UE4/Textures/T_UE4_Mannequin__normals.ubulk" 1231
"/Users/jackwood/Documents/GitHub/Biplo--Studio-Roomba/Biplo--Studio-Roomba/Content/Characters/Mannequin_UE4/Textures/T_UE4_Mannequin__normals.uexp" 1232
"/Users/jackwood/Documents/GitHub/Biplo--Studio-Roomba/Biplo--Studio-Roomba/Content/Characters/Mannequin_UE4/Textures/T_UE4_Mannequin__normals.uasset" 1233
"/Users/jackwood/Documents/GitHub/Biplo--Studio-Roomba/Biplo--Studio-Roomba/Content/Characters/Mannequin_UE4/Materials/Layers/ML_ShinyPlastic_Beige.uasset" 1234
"/Users/jackwood/Documents/GitHub/Biplo--Studio-Roomba/Biplo--Studio-Roomba/Content/Characters/Mannequin_UE4/Materials/Layers/ML_ShinyPlastic_Beige.uexp" 1235
"../../../Engine/Content/Functions/MaterialLayerFunctions/MatLayerBlend_NormalBlend.uexp" 1236
"../../../Engine/Content/Functions/MaterialLayerFunctions/MatLayerBlend_NormalBlend.uasset" 1237
"/Users/jackwood/Documents/GitHub/Biplo--Studio-Roomba/Biplo--Studio-Roomba/Content/Characters/Mannequin_UE4/Textures/T_UELogo_Mask.uexp" 1238
"/Users/jackwood/Documents/GitHub/Biplo--Studio-Roomba/Biplo--Studio-Roomba/Content/Characters/Mannequin_UE4/Textures/T_UELogo_Mask.ubulk" 1239
"/Users/jackwood/Documents/GitHub/Biplo--Studio-Roomba/Biplo--Studio-Roomba/Content/Characters/Mannequin_UE4/Textures/T_UELogo_Mask.uasset" 1240
"/Users/jackwood/Documents/GitHub/Biplo--Studio-Roomba/Biplo--Studio-Roomba/Content/Characters/Mannequin_UE4/Materials/Layers/ML_ShinyPlastic_Beige_Logo.uasset" 1241
"/Users/jackwood/Documents/GitHub/Biplo--Studio-Roomba/Biplo--Studio-Roomba/Content/Characters/Mannequin_UE4/Materials/Layers/ML_ShinyPlastic_Beige_Logo.uexp" 1242
"/Users/jackwood/Documents/GitHub/Biplo--Studio-Roomba/Biplo--Studio-Roomba/Content/Characters/Mannequin_UE4/Textures/T_UE4_Mannequin_MAT_MASKA.uasset" 1243
"/Users/jackwood/Documents/GitHub/Biplo--Studio-Roomba/Biplo--Studio-Roomba/Content/Characters/Mannequin_UE4/Textures/T_UE4_Mannequin_MAT_MASKA.ubulk" 1244
"/Users/jackwood/Documents/GitHub/Biplo--Studio-Roomba/Biplo--Studio-Roomba/Content/Characters/Mannequin_UE4/Textures/T_UE4_Mannequin_MAT_MASKA.uexp" 1245
"/Users/jackwood/Documents/GitHub/Biplo--Studio-Roomba/Biplo--Studio-Roomba/Content/Characters/Mannequin_UE4/Textures/T_ML_Aluminum01_N.ubulk" 1246
"/Users/jackwood/Documents/GitHub/Biplo--Studio-Roomba/Biplo--Studio-Roomba/Content/Characters/Mannequin_UE4/Textures/T_ML_Aluminum01_N.uasset" 1247
"/Users/jackwood/Documents/GitHub/Biplo--Studio-Roomba/Biplo--Studio-Roomba/Content/Characters/Mannequin_UE4/Textures/T_ML_Aluminum01_N.uexp" 1248
"/Users/jackwood/Documents/GitHub/Biplo--Studio-Roomba/Biplo--Studio-Roomba/Content/Characters/Mannequin_UE4/Textures/T_ML_Aluminum01.uasset" 1249
"/Users/jackwood/Documents/GitHub/Biplo--Studio-Roomba/Biplo--Studio-Roomba/Content/Characters/Mannequin_UE4/Textures/T_ML_Aluminum01.ubulk" 1250
"/Users/jackwood/Documents/GitHub/Biplo--Studio-Roomba/Biplo--Studio-Roomba/Content/Characters/Mannequin_UE4/Textures/T_ML_Aluminum01.uexp" 1251
"/Users/jackwood/Documents/GitHub/Biplo--Studio-Roomba/Biplo--Studio-Roomba/Content/Characters/Mannequin_UE4/Materials/Layers/ML_SoftMetal.uexp" 1252
"/Users/jackwood/Documents/GitHub/Biplo--Studio-Roomba/Biplo--Studio-Roomba/Content/Characters/Mannequin_UE4/Materials/Layers/ML_SoftMetal.uasset" 1253
"../../../Engine/Content/Functions/MaterialLayerFunctions/MatLayerBlend_Simple.uasset" 1254
"../../../Engine/Content/Functions/MaterialLayerFunctions/MatLayerBlend_Simple.uexp" 1255
"/Users/jackwood/Documents/GitHub/Biplo--Studio-Roomba/Biplo--Studio-Roomba/Content/Characters/Mannequin_UE4/Textures/T_ML_Rubber_Blue_01_N.ubulk" 1256
"/Users/jackwood/Documents/GitHub/Biplo--Studio-Roomba/Biplo--Studio-Roomba/Content/Characters/Mannequin_UE4/Textures/T_ML_Rubber_Blue_01_N.uasset" 1257
"/Users/jackwood/Documents/GitHub/Biplo--Studio-Roomba/Biplo--Studio-Roomba/Content/Characters/Mannequin_UE4/Textures/T_ML_Rubber_Blue_01_N.uexp" 1258
"/Users/jackwood/Documents/GitHub/Biplo--Studio-Roomba/Biplo--Studio-Roomba/Content/Characters/Mannequin_UE4/Textures/T_ML_Rubber_Blue_01_D.uexp" 1259
"/Users/jackwood/Documents/GitHub/Biplo--Studio-Roomba/Biplo--Studio-Roomba/Content/Characters/Mannequin_UE4/Textures/T_ML_Rubber_Blue_01_D.uasset" 1260
"/Users/jackwood/Documents/GitHub/Biplo--Studio-Roomba/Biplo--Studio-Roomba/Content/Characters/Mannequin_UE4/Textures/T_ML_Rubber_Blue_01_D.ubulk" 1261
"/Users/jackwood/Documents/GitHub/Biplo--Studio-Roomba/Biplo--Studio-Roomba/Content/Characters/Mannequin_UE4/Materials/Layers/ML_Latex_Black.uexp" 1262
"/Users/jackwood/Documents/GitHub/Biplo--Studio-Roomba/Biplo--Studio-Roomba/Content/Characters/Mannequin_UE4/Materials/Layers/ML_Latex_Black.uasset" 1263
"/Users/jackwood/Documents/GitHub/Biplo--Studio-Roomba/Biplo--Studio-Roomba/Content/Characters/Mannequin_UE4/Materials/M_MannequinUE4_Body.uexp" 1264
"/Users/jackwood/Documents/GitHub/Biplo--Studio-Roomba/Biplo--Studio-Roomba/Content/Characters/Mannequin_UE4/Materials/M_MannequinUE4_Body.uasset" 1265
"/Users/jackwood/Documents/GitHub/Biplo--Studio-Roomba/Biplo--Studio-Roomba/Content/Characters/Mannequin_UE4/Materials/M_MannequinUE4_ChestLogo.uasset" 1266
"/Users/jackwood/Documents/GitHub/Biplo--Studio-Roomba/Biplo--Studio-Roomba/Content/Characters/Mannequin_UE4/Materials/M_MannequinUE4_ChestLogo.uexp" 1267
"/Users/jackwood/Documents/GitHub/Biplo--Studio-Roomba/Biplo--Studio-Roomba/Content/Characters/Mannequin_UE4/Meshes/SK_Mannequin_PhysicsAsset.uasset" 1268
"/Users/jackwood/Documents/GitHub/Biplo--Studio-Roomba/Biplo--Studio-Roomba/Content/Characters/Mannequin_UE4/Meshes/SK_Mannequin_PhysicsAsset.uexp" 1269
"/Users/jackwood/Documents/GitHub/Biplo--Studio-Roomba/Biplo--Studio-Roomba/Content/Characters/Mannequin_UE4/Meshes/SK_Mannequin_Skeleton.uasset" 1270
"/Users/jackwood/Documents/GitHub/Biplo--Studio-Roomba/Biplo--Studio-Roomba/Content/Characters/Mannequin_UE4/Meshes/SK_Mannequin_Skeleton.uexp" 1271
"/Users/jackwood/Documents/GitHub/Biplo--Studio-Roomba/Biplo--Studio-Roomba/Content/Characters/Mannequin_UE4/Meshes/SK_Mannequin.uasset" 1272
"/Users/jackwood/Documents/GitHub/Biplo--Studio-Roomba/Biplo--Studio-Roomba/Content/Characters/Mannequin_UE4/Meshes/SK_Mannequin.uexp" 1273
"/Users/jackwood/Documents/GitHub/Biplo--Studio-Roomba/Biplo--Studio-Roomba/Content/Characters/Mannequin_UE4/Animations/Jog_Fwd.uasset" 1274
"/Users/jackwood/Documents/GitHub/Biplo--Studio-Roomba/Biplo--Studio-Roomba/Content/Characters/Mannequin_UE4/Animations/Jog_Fwd.uexp" 1275
"/Users/jackwood/Documents/GitHub/Biplo--Studio-Roomba/Biplo--Studio-Roomba/Content/Characters/Mannequins/Rigs/RTG_Mannequin.uexp" 1276
"/Users/jackwood/Documents/GitHub/Biplo--Studio-Roomba/Biplo--Studio-Roomba/Content/Characters/Mannequins/Rigs/RTG_Mannequin.uasset" 1277
"../../../Engine/Plugins/Animation/ControlRig/Content/Controls/DefaultGizmoLibraryNormalized.uexp" 1278
"../../../Engine/Plugins/Animation/ControlRig/Content/Controls/DefaultGizmoLibraryNormalized.uasset" 1279
"/Users/jackwood/Documents/GitHub/Biplo--Studio-Roomba/Biplo--Studio-Roomba/Content/Characters/Mannequins/Rigs/CR_Mannequin_Body.uasset" 1280
"/Users/jackwood/Documents/GitHub/Biplo--Studio-Roomba/Biplo--Studio-Roomba/Content/Characters/Mannequins/Rigs/CR_Mannequin_Body.uexp" 1281
"/Users/jackwood/Documents/GitHub/Biplo--Studio-Roomba/Biplo--Studio-Roomba/Content/Characters/Mannequins/Rigs/IK_Mannequin.uasset" 1282
"/Users/jackwood/Documents/GitHub/Biplo--Studio-Roomba/Biplo--Studio-Roomba/Content/Characters/Mannequins/Rigs/IK_Mannequin.uexp" 1283
"/Users/jackwood/Documents/GitHub/Biplo--Studio-Roomba/Biplo--Studio-Roomba/Content/Characters/Mannequins/Meshes/Mannequin_LODSettings.uexp" 1284
"/Users/jackwood/Documents/GitHub/Biplo--Studio-Roomba/Biplo--Studio-Roomba/Content/Characters/Mannequins/Meshes/Mannequin_LODSettings.uasset" 1285
"/Users/jackwood/Documents/GitHub/Biplo--Studio-Roomba/Biplo--Studio-Roomba/Content/Characters/Mannequins/Rigs/Poses/Quinn/Quinn_foot_l_anim.uasset" 1286
"/Users/jackwood/Documents/GitHub/Biplo--Studio-Roomba/Biplo--Studio-Roomba/Content/Characters/Mannequins/Rigs/Poses/Quinn/Quinn_foot_l_anim.uexp" 1287
"/Users/jackwood/Documents/GitHub/Biplo--Studio-Roomba/Biplo--Studio-Roomba/Content/Characters/Mannequins/Rigs/Poses/Quinn/Quinn_foot_l_pose.uexp" 1288
"/Users/jackwood/Documents/GitHub/Biplo--Studio-Roomba/Biplo--Studio-Roomba/Content/Characters/Mannequins/Rigs/Poses/Quinn/Quinn_foot_l_pose.uasset" 1289
"/Users/jackwood/Documents/GitHub/Biplo--Studio-Roomba/Biplo--Studio-Roomba/Content/Characters/Mannequins/Rigs/Poses/Quinn/Quinn_clavicle_l_anim.uexp" 1290
"/Users/jackwood/Documents/GitHub/Biplo--Studio-Roomba/Biplo--Studio-Roomba/Content/Characters/Mannequins/Rigs/Poses/Quinn/Quinn_clavicle_l_anim.uasset" 1291
"/Users/jackwood/Documents/GitHub/Biplo--Studio-Roomba/Biplo--Studio-Roomba/Content/Characters/Mannequins/Rigs/Poses/Quinn/Quinn_clavicle_l_pose.uexp" 1292
"/Users/jackwood/Documents/GitHub/Biplo--Studio-Roomba/Biplo--Studio-Roomba/Content/Characters/Mannequins/Rigs/Poses/Quinn/Quinn_clavicle_l_pose.uasset" 1293
"/Users/jackwood/Documents/GitHub/Biplo--Studio-Roomba/Biplo--Studio-Roomba/Content/Characters/Mannequins/Rigs/Poses/Quinn/Quinn_clavicle_r_anim.uasset" 1294
"/Users/jackwood/Documents/GitHub/Biplo--Studio-Roomba/Biplo--Studio-Roomba/Content/Characters/Mannequins/Rigs/Poses/Quinn/Quinn_clavicle_r_anim.uexp" 1295
"/Users/jackwood/Documents/GitHub/Biplo--Studio-Roomba/Biplo--Studio-Roomba/Content/Characters/Mannequins/Rigs/Poses/Quinn/Quinn_clavicle_r_pose.uexp" 1296
"/Users/jackwood/Documents/GitHub/Biplo--Studio-Roomba/Biplo--Studio-Roomba/Content/Characters/Mannequins/Rigs/Poses/Quinn/Quinn_clavicle_r_pose.uasset" 1297
"/Users/jackwood/Documents/GitHub/Biplo--Studio-Roomba/Biplo--Studio-Roomba/Content/Characters/Mannequins/Rigs/Poses/Quinn/Quinn_upperarm_l_anim.uasset" 1298
"/Users/jackwood/Documents/GitHub/Biplo--Studio-Roomba/Biplo--Studio-Roomba/Content/Characters/Mannequins/Rigs/Poses/Quinn/Quinn_upperarm_l_anim.uexp" 1299
"/Users/jackwood/Documents/GitHub/Biplo--Studio-Roomba/Biplo--Studio-Roomba/Content/Characters/Mannequins/Rigs/Poses/Quinn/Quinn_upperarm_l_pose.uexp" 1300
"/Users/jackwood/Documents/GitHub/Biplo--Studio-Roomba/Biplo--Studio-Roomba/Content/Characters/Mannequins/Rigs/Poses/Quinn/Quinn_upperarm_l_pose.uasset" 1301
"/Users/jackwood/Documents/GitHub/Biplo--Studio-Roomba/Biplo--Studio-Roomba/Content/Characters/Mannequins/Rigs/Poses/Quinn/Quinn_lowerarm_l_anim.uasset" 1302
"/Users/jackwood/Documents/GitHub/Biplo--Studio-Roomba/Biplo--Studio-Roomba/Content/Characters/Mannequins/Rigs/Poses/Quinn/Quinn_lowerarm_l_anim.uexp" 1303
"/Users/jackwood/Documents/GitHub/Biplo--Studio-Roomba/Biplo--Studio-Roomba/Content/Characters/Mannequins/Rigs/Poses/Quinn/Quinn_lowerarm_l_pose.uasset" 1304
"/Users/jackwood/Documents/GitHub/Biplo--Studio-Roomba/Biplo--Studio-Roomba/Content/Characters/Mannequins/Rigs/Poses/Quinn/Quinn_lowerarm_l_pose.uexp" 1305
"/Users/jackwood/Documents/GitHub/Biplo--Studio-Roomba/Biplo--Studio-Roomba/Content/Characters/Mannequins/Rigs/Poses/Quinn/Quinn_calf_l_anim.uasset" 1306
"/Users/jackwood/Documents/GitHub/Biplo--Studio-Roomba/Biplo--Studio-Roomba/Content/Characters/Mannequins/Rigs/Poses/Quinn/Quinn_calf_l_anim.uexp" 1307
"/Users/jackwood/Documents/GitHub/Biplo--Studio-Roomba/Biplo--Studio-Roomba/Content/Characters/Mannequins/Rigs/Poses/Quinn/Quinn_calf_l_pose.uasset" 1308
"/Users/jackwood/Documents/GitHub/Biplo--Studio-Roomba/Biplo--Studio-Roomba/Content/Characters/Mannequins/Rigs/Poses/Quinn/Quinn_calf_l_pose.uexp" 1309
"/Users/jackwood/Documents/GitHub/Biplo--Studio-Roomba/Biplo--Studio-Roomba/Content/Characters/Mannequins/Rigs/CR_Mannequin_Procedural.uexp" 1310
"/Users/jackwood/Documents/GitHub/Biplo--Studio-Roomba/Biplo--Studio-Roomba/Content/Characters/Mannequins/Rigs/CR_Mannequin_Procedural.uasset" 1311
"/Users/jackwood/Documents/GitHub/Biplo--Studio-Roomba/Biplo--Studio-Roomba/Content/Characters/Mannequins/Rigs/Poses/Quinn/Quinn_upperarm_r_anim.uexp" 1312
"/Users/jackwood/Documents/GitHub/Biplo--Studio-Roomba/Biplo--Studio-Roomba/Content/Characters/Mannequins/Rigs/Poses/Quinn/Quinn_upperarm_r_anim.uasset" 1313
"/Users/jackwood/Documents/GitHub/Biplo--Studio-Roomba/Biplo--Studio-Roomba/Content/Characters/Mannequins/Rigs/Poses/Quinn/Quinn_upperarm_r_pose.uexp" 1314
"/Users/jackwood/Documents/GitHub/Biplo--Studio-Roomba/Biplo--Studio-Roomba/Content/Characters/Mannequins/Rigs/Poses/Quinn/Quinn_upperarm_r_pose.uasset" 1315
"/Users/jackwood/Documents/GitHub/Biplo--Studio-Roomba/Biplo--Studio-Roomba/Content/Characters/Mannequins/Rigs/Poses/Quinn/Quinn_calf_r_anim.uexp" 1316
"/Users/jackwood/Documents/GitHub/Biplo--Studio-Roomba/Biplo--Studio-Roomba/Content/Characters/Mannequins/Rigs/Poses/Quinn/Quinn_calf_r_anim.uasset" 1317
"/Users/jackwood/Documents/GitHub/Biplo--Studio-Roomba/Biplo--Studio-Roomba/Content/Characters/Mannequins/Rigs/Poses/Quinn/Quinn_calf_r_pose.uexp" 1318
"/Users/jackwood/Documents/GitHub/Biplo--Studio-Roomba/Biplo--Studio-Roomba/Content/Characters/Mannequins/Rigs/Poses/Quinn/Quinn_calf_r_pose.uasset" 1319
"/Users/jackwood/Documents/GitHub/Biplo--Studio-Roomba/Biplo--Studio-Roomba/Content/Characters/Mannequins/Rigs/Poses/Quinn/Quinn_foot_r_anim.uexp" 1320
"/Users/jackwood/Documents/GitHub/Biplo--Studio-Roomba/Biplo--Studio-Roomba/Content/Characters/Mannequins/Rigs/Poses/Quinn/Quinn_foot_r_anim.uasset" 1321
"/Users/jackwood/Documents/GitHub/Biplo--Studio-Roomba/Biplo--Studio-Roomba/Content/Characters/Mannequins/Rigs/Poses/Quinn/Quinn_foot_r_pose.uexp" 1322
"/Users/jackwood/Documents/GitHub/Biplo--Studio-Roomba/Biplo--Studio-Roomba/Content/Characters/Mannequins/Rigs/Poses/Quinn/Quinn_foot_r_pose.uasset" 1323
"/Users/jackwood/Documents/GitHub/Biplo--Studio-Roomba/Biplo--Studio-Roomba/Content/Characters/Mannequins/Rigs/Poses/Quinn/Quinn_lowerarm_r_anim.uexp" 1324
"/Users/jackwood/Documents/GitHub/Biplo--Studio-Roomba/Biplo--Studio-Roomba/Content/Characters/Mannequins/Rigs/Poses/Quinn/Quinn_lowerarm_r_anim.uasset" 1325
"/Users/jackwood/Documents/GitHub/Biplo--Studio-Roomba/Biplo--Studio-Roomba/Content/Characters/Mannequins/Rigs/Poses/Quinn/Quinn_lowerarm_r_pose.uasset" 1326
"/Users/jackwood/Documents/GitHub/Biplo--Studio-Roomba/Biplo--Studio-Roomba/Content/Characters/Mannequins/Rigs/Poses/Quinn/Quinn_lowerarm_r_pose.uexp" 1327
"/Users/jackwood/Documents/GitHub/Biplo--Studio-Roomba/Biplo--Studio-Roomba/Content/Characters/Mannequins/Rigs/Poses/Quinn/Quinn_thigh_l_anim.uexp" 1328
"/Users/jackwood/Documents/GitHub/Biplo--Studio-Roomba/Biplo--Studio-Roomba/Content/Characters/Mannequins/Rigs/Poses/Quinn/Quinn_thigh_l_anim.uasset" 1329
"/Users/jackwood/Documents/GitHub/Biplo--Studio-Roomba/Biplo--Studio-Roomba/Content/Characters/Mannequins/Rigs/Poses/Quinn/Quinn_thigh_l_pose.uasset" 1330
"/Users/jackwood/Documents/GitHub/Biplo--Studio-Roomba/Biplo--Studio-Roomba/Content/Characters/Mannequins/Rigs/Poses/Quinn/Quinn_thigh_l_pose.uexp" 1331
"/Users/jackwood/Documents/GitHub/Biplo--Studio-Roomba/Biplo--Studio-Roomba/Content/Characters/Mannequins/Rigs/Poses/Quinn/Quinn_thigh_r_anim.uexp" 1332
"/Users/jackwood/Documents/GitHub/Biplo--Studio-Roomba/Biplo--Studio-Roomba/Content/Characters/Mannequins/Rigs/Poses/Quinn/Quinn_thigh_r_anim.uasset" 1333
"/Users/jackwood/Documents/GitHub/Biplo--Studio-Roomba/Biplo--Studio-Roomba/Content/Characters/Mannequins/Rigs/Poses/Quinn/Quinn_thigh_r_pose.uexp" 1334
"/Users/jackwood/Documents/GitHub/Biplo--Studio-Roomba/Biplo--Studio-Roomba/Content/Characters/Mannequins/Rigs/Poses/Quinn/Quinn_thigh_r_pose.uasset" 1335
"/Users/jackwood/Documents/GitHub/Biplo--Studio-Roomba/Biplo--Studio-Roomba/Content/Characters/Mannequins/Rigs/Poses/Quinn/Quinn_hand_l_anim.uexp" 1336
"/Users/jackwood/Documents/GitHub/Biplo--Studio-Roomba/Biplo--Studio-Roomba/Content/Characters/Mannequins/Rigs/Poses/Quinn/Quinn_hand_l_anim.uasset" 1337
"/Users/jackwood/Documents/GitHub/Biplo--Studio-Roomba/Biplo--Studio-Roomba/Content/Characters/Mannequins/Rigs/Poses/Quinn/Quinn_hand_l_pose.uexp" 1338
"/Users/jackwood/Documents/GitHub/Biplo--Studio-Roomba/Biplo--Studio-Roomba/Content/Characters/Mannequins/Rigs/Poses/Quinn/Quinn_hand_l_pose.uasset" 1339
"/Users/jackwood/Documents/GitHub/Biplo--Studio-Roomba/Biplo--Studio-Roomba/Content/Characters/Mannequins/Rigs/Poses/Quinn/Quinn_hand_r_anim.uasset" 1340
"/Users/jackwood/Documents/GitHub/Biplo--Studio-Roomba/Biplo--Studio-Roomba/Content/Characters/Mannequins/Rigs/Poses/Quinn/Quinn_hand_r_anim.uexp" 1341
"/Users/jackwood/Documents/GitHub/Biplo--Studio-Roomba/Biplo--Studio-Roomba/Content/Characters/Mannequins/Rigs/Poses/Quinn/Quinn_hand_r_pose.uexp" 1342
"/Users/jackwood/Documents/GitHub/Biplo--Studio-Roomba/Biplo--Studio-Roomba/Content/Characters/Mannequins/Rigs/Poses/Quinn/Quinn_hand_r_pose.uasset" 1343
"/Users/jackwood/Documents/GitHub/Biplo--Studio-Roomba/Biplo--Studio-Roomba/Content/Characters/Mannequins/Rigs/ABP_Quinn_PostProcess.uasset" 1344
"/Users/jackwood/Documents/GitHub/Biplo--Studio-Roomba/Biplo--Studio-Roomba/Content/Characters/Mannequins/Rigs/ABP_Quinn_PostProcess.uexp" 1345
"/Users/jackwood/Documents/GitHub/Biplo--Studio-Roomba/Biplo--Studio-Roomba/Content/Characters/Mannequins/Meshes/SKM_Quinn.uexp" 1346
"/Users/jackwood/Documents/GitHub/Biplo--Studio-Roomba/Biplo--Studio-Roomba/Content/Characters/Mannequins/Meshes/SKM_Quinn.uasset" 1347
"/Users/jackwood/Documents/GitHub/Biplo--Studio-Roomba/Biplo--Studio-Roomba/Content/Characters/Mannequins/Rigs/Poses/Manny/Manny_foot_l_anim.uexp" 1348
"/Users/jackwood/Documents/GitHub/Biplo--Studio-Roomba/Biplo--Studio-Roomba/Content/Characters/Mannequins/Rigs/Poses/Manny/Manny_foot_l_anim.uasset" 1349
"/Users/jackwood/Documents/GitHub/Biplo--Studio-Roomba/Biplo--Studio-Roomba/Content/Characters/Mannequins/Rigs/Poses/Manny/Manny_foot_l_pose.uexp" 1350
"/Users/jackwood/Documents/GitHub/Biplo--Studio-Roomba/Biplo--Studio-Roomba/Content/Characters/Mannequins/Rigs/Poses/Manny/Manny_foot_l_pose.uasset" 1351
"/Users/jackwood/Documents/GitHub/Biplo--Studio-Roomba/Biplo--Studio-Roomba/Content/Characters/Mannequins/Rigs/Poses/Manny/Manny_thigh_r_anim.uexp" 1352
"/Users/jackwood/Documents/GitHub/Biplo--Studio-Roomba/Biplo--Studio-Roomba/Content/Characters/Mannequins/Rigs/Poses/Manny/Manny_thigh_r_anim.uasset" 1353
"/Users/jackwood/Documents/GitHub/Biplo--Studio-Roomba/Biplo--Studio-Roomba/Content/Characters/Mannequins/Rigs/Poses/Manny/Manny_thigh_r_pose.uasset" 1354
"/Users/jackwood/Documents/GitHub/Biplo--Studio-Roomba/Biplo--Studio-Roomba/Content/Characters/Mannequins/Rigs/Poses/Manny/Manny_thigh_r_pose.uexp" 1355
"/Users/jackwood/Documents/GitHub/Biplo--Studio-Roomba/Biplo--Studio-Roomba/Content/Characters/Mannequins/Rigs/Poses/Manny/Manny_hand_r_anim.uexp" 1356
"/Users/jackwood/Documents/GitHub/Biplo--Studio-Roomba/Biplo--Studio-Roomba/Content/Characters/Mannequins/Rigs/Poses/Manny/Manny_hand_r_anim.uasset" 1357
"/Users/jackwood/Documents/GitHub/Biplo--Studio-Roomba/Biplo--Studio-Roomba/Content/Characters/Mannequins/Rigs/Poses/Manny/Manny_hand_r_pose.uasset" 1358
"/Users/jackwood/Documents/GitHub/Biplo--Studio-Roomba/Biplo--Studio-Roomba/Content/Characters/Mannequins/Rigs/Poses/Manny/Manny_hand_r_pose.uexp" 1359
"/Users/jackwood/Documents/GitHub/Biplo--Studio-Roomba/Biplo--Studio-Roomba/Content/Characters/Mannequins/Rigs/Poses/Manny/Manny_clavicle_l_anim.uasset" 1360
"/Users/jackwood/Documents/GitHub/Biplo--Studio-Roomba/Biplo--Studio-Roomba/Content/Characters/Mannequins/Rigs/Poses/Manny/Manny_clavicle_l_anim.uexp" 1361
"/Users/jackwood/Documents/GitHub/Biplo--Studio-Roomba/Biplo--Studio-Roomba/Content/Characters/Mannequins/Rigs/Poses/Manny/Manny_clavicle_l_pose.uexp" 1362
"/Users/jackwood/Documents/GitHub/Biplo--Studio-Roomba/Biplo--Studio-Roomba/Content/Characters/Mannequins/Rigs/Poses/Manny/Manny_clavicle_l_pose.uasset" 1363
"/Users/jackwood/Documents/GitHub/Biplo--Studio-Roomba/Biplo--Studio-Roomba/Content/Characters/Mannequins/Rigs/Poses/Manny/Manny_calf_l_anim.uexp" 1364
"/Users/jackwood/Documents/GitHub/Biplo--Studio-Roomba/Biplo--Studio-Roomba/Content/Characters/Mannequins/Rigs/Poses/Manny/Manny_calf_l_anim.uasset" 1365
"/Users/jackwood/Documents/GitHub/Biplo--Studio-Roomba/Biplo--Studio-Roomba/Content/Characters/Mannequins/Rigs/Poses/Manny/Manny_calf_l_pose.uexp" 1366
"/Users/jackwood/Documents/GitHub/Biplo--Studio-Roomba/Biplo--Studio-Roomba/Content/Characters/Mannequins/Rigs/Poses/Manny/Manny_calf_l_pose.uasset" 1367
"/Users/jackwood/Documents/GitHub/Biplo--Studio-Roomba/Biplo--Studio-Roomba/Content/Characters/Mannequins/Rigs/Poses/Manny/Manny_hand_l_anim.uexp" 1368
"/Users/jackwood/Documents/GitHub/Biplo--Studio-Roomba/Biplo--Studio-Roomba/Content/Characters/Mannequins/Rigs/Poses/Manny/Manny_hand_l_anim.uasset" 1369
"/Users/jackwood/Documents/GitHub/Biplo--Studio-Roomba/Biplo--Studio-Roomba/Content/Characters/Mannequins/Rigs/Poses/Manny/Manny_hand_l_pose.uasset" 1370
"/Users/jackwood/Documents/GitHub/Biplo--Studio-Roomba/Biplo--Studio-Roomba/Content/Characters/Mannequins/Rigs/Poses/Manny/Manny_hand_l_pose.uexp" 1371
"/Users/jackwood/Documents/GitHub/Biplo--Studio-Roomba/Biplo--Studio-Roomba/Content/Characters/Mannequins/Rigs/Poses/Manny/Manny_upperarm_r_anim.uasset" 1372
"/Users/jackwood/Documents/GitHub/Biplo--Studio-Roomba/Biplo--Studio-Roomba/Content/Characters/Mannequins/Rigs/Poses/Manny/Manny_upperarm_r_anim.uexp" 1373
"/Users/jackwood/Documents/GitHub/Biplo--Studio-Roomba/Biplo--Studio-Roomba/Content/Characters/Mannequins/Rigs/Poses/Manny/Manny_upperarm_r_pose.uexp" 1374
"/Users/jackwood/Documents/GitHub/Biplo--Studio-Roomba/Biplo--Studio-Roomba/Content/Characters/Mannequins/Rigs/Poses/Manny/Manny_upperarm_r_pose.uasset" 1375
"/Users/jackwood/Documents/GitHub/Biplo--Studio-Roomba/Biplo--Studio-Roomba/Content/Characters/Mannequins/Rigs/Poses/Manny/Manny_lowerarm_r_anim.uexp" 1376
"/Users/jackwood/Documents/GitHub/Biplo--Studio-Roomba/Biplo--Studio-Roomba/Content/Characters/Mannequins/Rigs/Poses/Manny/Manny_lowerarm_r_anim.uasset" 1377
"/Users/jackwood/Documents/GitHub/Biplo--Studio-Roomba/Biplo--Studio-Roomba/Content/Characters/Mannequins/Rigs/Poses/Manny/Manny_lowerarm_r_pose.uexp" 1378
"/Users/jackwood/Documents/GitHub/Biplo--Studio-Roomba/Biplo--Studio-Roomba/Content/Characters/Mannequins/Rigs/Poses/Manny/Manny_lowerarm_r_pose.uasset" 1379
"/Users/jackwood/Documents/GitHub/Biplo--Studio-Roomba/Biplo--Studio-Roomba/Content/Characters/Mannequins/Rigs/Poses/Manny/Manny_calf_r_anim.uexp" 1380
"/Users/jackwood/Documents/GitHub/Biplo--Studio-Roomba/Biplo--Studio-Roomba/Content/Characters/Mannequins/Rigs/Poses/Manny/Manny_calf_r_anim.uasset" 1381
"/Users/jackwood/Documents/GitHub/Biplo--Studio-Roomba/Biplo--Studio-Roomba/Content/Characters/Mannequins/Rigs/Poses/Manny/Manny_calf_r_pose.uasset" 1382
"/Users/jackwood/Documents/GitHub/Biplo--Studio-Roomba/Biplo--Studio-Roomba/Content/Characters/Mannequins/Rigs/Poses/Manny/Manny_calf_r_pose.uexp" 1383
"/Users/jackwood/Documents/GitHub/Biplo--Studio-Roomba/Biplo--Studio-Roomba/Content/Characters/Mannequins/Rigs/Poses/Manny/Manny_foot_r_anim.uasset" 1384
"/Users/jackwood/Documents/GitHub/Biplo--Studio-Roomba/Biplo--Studio-Roomba/Content/Characters/Mannequins/Rigs/Poses/Manny/Manny_foot_r_anim.uexp" 1385
"/Users/jackwood/Documents/GitHub/Biplo--Studio-Roomba/Biplo--Studio-Roomba/Content/Characters/Mannequins/Rigs/Poses/Manny/Manny_foot_r_pose.uasset" 1386
"/Users/jackwood/Documents/GitHub/Biplo--Studio-Roomba/Biplo--Studio-Roomba/Content/Characters/Mannequins/Rigs/Poses/Manny/Manny_foot_r_pose.uexp" 1387
"/Users/jackwood/Documents/GitHub/Biplo--Studio-Roomba/Biplo--Studio-Roomba/Content/Characters/Mannequins/Rigs/Poses/Manny/Manny_lowerarm_l_anim.uexp" 1388
"/Users/jackwood/Documents/GitHub/Biplo--Studio-Roomba/Biplo--Studio-Roomba/Content/Characters/Mannequins/Rigs/Poses/Manny/Manny_lowerarm_l_anim.uasset" 1389
"/Users/jackwood/Documents/GitHub/Biplo--Studio-Roomba/Biplo--Studio-Roomba/Content/Characters/Mannequins/Rigs/Poses/Manny/Manny_lowerarm_l_pose.uasset" 1390
"/Users/jackwood/Documents/GitHub/Biplo--Studio-Roomba/Biplo--Studio-Roomba/Content/Characters/Mannequins/Rigs/Poses/Manny/Manny_lowerarm_l_pose.uexp" 1391
"/Users/jackwood/Documents/GitHub/Biplo--Studio-Roomba/Biplo--Studio-Roomba/Content/Characters/Mannequins/Rigs/Poses/Manny/Manny_clavicle_r_anim.uasset" 1392
"/Users/jackwood/Documents/GitHub/Biplo--Studio-Roomba/Biplo--Studio-Roomba/Content/Characters/Mannequins/Rigs/Poses/Manny/Manny_clavicle_r_anim.uexp" 1393
"/Users/jackwood/Documents/GitHub/Biplo--Studio-Roomba/Biplo--Studio-Roomba/Content/Characters/Mannequins/Rigs/Poses/Manny/Manny_clavicle_r_pose.uexp" 1394
"/Users/jackwood/Documents/GitHub/Biplo--Studio-Roomba/Biplo--Studio-Roomba/Content/Characters/Mannequins/Rigs/Poses/Manny/Manny_clavicle_r_pose.uasset" 1395
"/Users/jackwood/Documents/GitHub/Biplo--Studio-Roomba/Biplo--Studio-Roomba/Content/Characters/Mannequins/Rigs/Poses/Manny/Manny_thigh_l_anim.uexp" 1396
"/Users/jackwood/Documents/GitHub/Biplo--Studio-Roomba/Biplo--Studio-Roomba/Content/Characters/Mannequins/Rigs/Poses/Manny/Manny_thigh_l_anim.uasset" 1397
"/Users/jackwood/Documents/GitHub/Biplo--Studio-Roomba/Biplo--Studio-Roomba/Content/Characters/Mannequins/Rigs/Poses/Manny/Manny_thigh_l_pose.uexp" 1398
"/Users/jackwood/Documents/GitHub/Biplo--Studio-Roomba/Biplo--Studio-Roomba/Content/Characters/Mannequins/Rigs/Poses/Manny/Manny_thigh_l_pose.uasset" 1399
"/Users/jackwood/Documents/GitHub/Biplo--Studio-Roomba/Biplo--Studio-Roomba/Content/Characters/Mannequins/Rigs/Poses/Manny/Manny_upperarm_l_anim.uasset" 1400
"/Users/jackwood/Documents/GitHub/Biplo--Studio-Roomba/Biplo--Studio-Roomba/Content/Characters/Mannequins/Rigs/Poses/Manny/Manny_upperarm_l_anim.uexp" 1401
"/Users/jackwood/Documents/GitHub/Biplo--Studio-Roomba/Biplo--Studio-Roomba/Content/Characters/Mannequins/Rigs/Poses/Manny/Manny_upperarm_l_pose.uexp" 1402
"/Users/jackwood/Documents/GitHub/Biplo--Studio-Roomba/Biplo--Studio-Roomba/Content/Characters/Mannequins/Rigs/Poses/Manny/Manny_upperarm_l_pose.uasset" 1403
"/Users/jackwood/Documents/GitHub/Biplo--Studio-Roomba/Biplo--Studio-Roomba/Content/Characters/Mannequins/Rigs/ABP_Manny_PostProcess.uexp" 1404
"/Users/jackwood/Documents/GitHub/Biplo--Studio-Roomba/Biplo--Studio-Roomba/Content/Characters/Mannequins/Rigs/ABP_Manny_PostProcess.uasset" 1405
"/Users/jackwood/Documents/GitHub/Biplo--Studio-Roomba/Biplo--Studio-Roomba/Content/Characters/Mannequins/Textures/Manny/T_Manny_02_MSR_MSK.uexp" 1406
"/Users/jackwood/Documents/GitHub/Biplo--Studio-Roomba/Biplo--Studio-Roomba/Content/Characters/Mannequins/Textures/Manny/T_Manny_02_MSR_MSK.ubulk" 1407
"/Users/jackwood/Documents/GitHub/Biplo--Studio-Roomba/Biplo--Studio-Roomba/Content/Characters/Mannequins/Textures/Manny/T_Manny_02_MSR_MSK.uasset" 1408
"/Users/jackwood/Documents/GitHub/Biplo--Studio-Roomba/Biplo--Studio-Roomba/Content/Characters/Mannequins/Textures/Manny/T_Manny_02_CCRCCPlastic_MSK.uasset" 1409
"/Users/jackwood/Documents/GitHub/Biplo--Studio-Roomba/Biplo--Studio-Roomba/Content/Characters/Mannequins/Textures/Manny/T_Manny_02_CCRCCPlastic_MSK.ubulk" 1410
"/Users/jackwood/Documents/GitHub/Biplo--Studio-Roomba/Biplo--Studio-Roomba/Content/Characters/Mannequins/Textures/Manny/T_Manny_02_CCRCCPlastic_MSK.uexp" 1411
"/Users/jackwood/Documents/GitHub/Biplo--Studio-Roomba/Biplo--Studio-Roomba/Content/Characters/Mannequins/Textures/Manny/T_Manny_02_Tan.uexp" 1412
"/Users/jackwood/Documents/GitHub/Biplo--Studio-Roomba/Biplo--Studio-Roomba/Content/Characters/Mannequins/Textures/Manny/T_Manny_02_Tan.ubulk" 1413
"/Users/jackwood/Documents/GitHub/Biplo--Studio-Roomba/Biplo--Studio-Roomba/Content/Characters/Mannequins/Textures/Manny/T_Manny_02_Tan.uasset" 1414
"/Users/jackwood/Documents/GitHub/Biplo--Studio-Roomba/Biplo--Studio-Roomba/Content/Characters/Mannequins/Textures/Manny/T_Manny_02_N.ubulk" 1415
"/Users/jackwood/Documents/GitHub/Biplo--Studio-Roomba/Biplo--Studio-Roomba/Content/Characters/Mannequins/Textures/Manny/T_Manny_02_N.uasset" 1416
"/Users/jackwood/Documents/GitHub/Biplo--Studio-Roomba/Biplo--Studio-Roomba/Content/Characters/Mannequins/Textures/Manny/T_Manny_02_N.uexp" 1417
"/Users/jackwood/Documents/GitHub/Biplo--Studio-Roomba/Biplo--Studio-Roomba/Content/Characters/Mannequins/Materials/Instances/Manny/MI_Manny_01.uasset" 1418
"/Users/jackwood/Documents/GitHub/Biplo--Studio-Roomba/Biplo--Studio-Roomba/Content/Characters/Mannequins/Materials/Instances/Manny/MI_Manny_01.uexp" 1419
"/Users/jackwood/Documents/GitHub/Biplo--Studio-Roomba/Biplo--Studio-Roomba/Content/Characters/Mannequins/Textures/Manny/T_Manny_02_BN.uasset" 1420
"/Users/jackwood/Documents/GitHub/Biplo--Studio-Roomba/Biplo--Studio-Roomba/Content/Characters/Mannequins/Textures/Manny/T_Manny_02_BN.uexp" 1421
"/Users/jackwood/Documents/GitHub/Biplo--Studio-Roomba/Biplo--Studio-Roomba/Content/Characters/Mannequins/Textures/Manny/T_Manny_02_BN.ubulk" 1422
"/Users/jackwood/Documents/GitHub/Biplo--Studio-Roomba/Biplo--Studio-Roomba/Content/Characters/Mannequins/Textures/Manny/T_Manny_02_ASAOPMASK_MSK.uasset" 1423
"/Users/jackwood/Documents/GitHub/Biplo--Studio-Roomba/Biplo--Studio-Roomba/Content/Characters/Mannequins/Textures/Manny/T_Manny_02_ASAOPMASK_MSK.ubulk" 1424
"/Users/jackwood/Documents/GitHub/Biplo--Studio-Roomba/Biplo--Studio-Roomba/Content/Characters/Mannequins/Textures/Manny/T_Manny_02_ASAOPMASK_MSK.uexp" 1425
"/Users/jackwood/Documents/GitHub/Biplo--Studio-Roomba/Biplo--Studio-Roomba/Content/Characters/Mannequins/Textures/Manny/T_Manny_02_D.ubulk" 1426
"/Users/jackwood/Documents/GitHub/Biplo--Studio-Roomba/Biplo--Studio-Roomba/Content/Characters/Mannequins/Textures/Manny/T_Manny_02_D.uasset" 1427
"/Users/jackwood/Documents/GitHub/Biplo--Studio-Roomba/Biplo--Studio-Roomba/Content/Characters/Mannequins/Textures/Manny/T_Manny_02_D.uexp" 1428
"/Users/jackwood/Documents/GitHub/Biplo--Studio-Roomba/Biplo--Studio-Roomba/Content/Characters/Mannequins/Materials/Instances/Manny/MI_Manny_02.uexp" 1429
"/Users/jackwood/Documents/GitHub/Biplo--Studio-Roomba/Biplo--Studio-Roomba/Content/Characters/Mannequins/Materials/Instances/Manny/MI_Manny_02.uasset" 1430
"/Users/jackwood/Documents/GitHub/Biplo--Studio-Roomba/Biplo--Studio-Roomba/Content/Characters/Mannequins/Meshes/SKM_Manny.uasset" 1431
"/Users/jackwood/Documents/GitHub/Biplo--Studio-Roomba/Biplo--Studio-Roomba/Content/Characters/Mannequins/Meshes/SKM_Manny.uexp" 1432
"/Users/jackwood/Documents/GitHub/Biplo--Studio-Roomba/Biplo--Studio-Roomba/Content/Characters/Mannequins/Meshes/SKM_Manny_Simple.uexp" 1433
"/Users/jackwood/Documents/GitHub/Biplo--Studio-Roomba/Biplo--Studio-Roomba/Content/Characters/Mannequins/Meshes/SKM_Manny_Simple.uasset" 1434
"/Users/jackwood/Documents/GitHub/Biplo--Studio-Roomba/Biplo--Studio-Roomba/Content/Characters/Mannequins/Animations/Manny/MM_T_Pose.uexp" 1435
"/Users/jackwood/Documents/GitHub/Biplo--Studio-Roomba/Biplo--Studio-Roomba/Content/Characters/Mannequins/Animations/Manny/MM_T_Pose.uasset" 1436
"/Users/jackwood/Documents/GitHub/Biplo--Studio-Roomba/Biplo--Studio-Roomba/Content/LevelPrototyping/Meshes/SM_QuarterCylinder.uasset" 1437
"/Users/jackwood/Documents/GitHub/Biplo--Studio-Roomba/Biplo--Studio-Roomba/Content/LevelPrototyping/Meshes/SM_QuarterCylinder.uexp" 1438
"/Users/jackwood/Documents/GitHub/Biplo--Studio-Roomba/Biplo--Studio-Roomba/Content/LevelPrototyping/Meshes/SM_QuarterCylinder.ubulk" 1439
"/Users/jackwood/Documents/GitHub/Biplo--Studio-Roomba/Biplo--Studio-Roomba/Content/LevelPrototyping/Materials/MI_PrototypeGrid_TopDark.uexp" 1440
"/Users/jackwood/Documents/GitHub/Biplo--Studio-Roomba/Biplo--Studio-Roomba/Content/LevelPrototyping/Materials/MI_PrototypeGrid_TopDark.uasset" 1441
"/Users/jackwood/Documents/GitHub/Biplo--Studio-Roomba/Biplo--Studio-Roomba/Content/LevelPrototyping/Materials/M_Solid.uexp" 1442
"/Users/jackwood/Documents/GitHub/Biplo--Studio-Roomba/Biplo--Studio-Roomba/Content/LevelPrototyping/Materials/M_Solid.uasset" 1443
"/Users/jackwood/Documents/GitHub/Biplo--Studio-Roomba/Biplo--Studio-Roomba/Content/LevelPrototyping/Materials/MI_Solid_Blue.uexp" 1444
"/Users/jackwood/Documents/GitHub/Biplo--Studio-Roomba/Biplo--Studio-Roomba/Content/LevelPrototyping/Materials/MI_Solid_Blue.uasset" 1445
"/Users/jackwood/Documents/GitHub/Biplo--Studio-Roomba/Biplo--Studio-Roomba/Content/LevelPrototyping/Meshes/SM_ChamferCube.ubulk" 1446
"/Users/jackwood/Documents/GitHub/Biplo--Studio-Roomba/Biplo--Studio-Roomba/Content/LevelPrototyping/Meshes/SM_ChamferCube.uexp" 1447
"/Users/jackwood/Documents/GitHub/Biplo--Studio-Roomba/Biplo--Studio-Roomba/Content/LevelPrototyping/Meshes/SM_ChamferCube.uasset" 1448
"/Users/jackwood/Documents/GitHub/Biplo--Studio-Roomba/Biplo--Studio-Roomba/Content/LevelPrototyping/Meshes/SM_Cube.ubulk" 1449
"/Users/jackwood/Documents/GitHub/Biplo--Studio-Roomba/Biplo--Studio-Roomba/Content/LevelPrototyping/Meshes/SM_Cube.uexp" 1450
"/Users/jackwood/Documents/GitHub/Biplo--Studio-Roomba/Biplo--Studio-Roomba/Content/LevelPrototyping/Meshes/SM_Cube.uasset" 1451
"/Users/jackwood/Documents/GitHub/Biplo--Studio-Roomba/Biplo--Studio-Roomba/Content/LevelPrototyping/Meshes/SM_Ramp.uasset" 1452
"/Users/jackwood/Documents/GitHub/Biplo--Studio-Roomba/Biplo--Studio-Roomba/Content/LevelPrototyping/Meshes/SM_Ramp.uexp" 1453
"/Users/jackwood/Documents/GitHub/Biplo--Studio-Roomba/Biplo--Studio-Roomba/Content/LevelPrototyping/Meshes/SM_Ramp.ubulk" 1454
"../../../Engine/Content/EngineSky/T_Sky_Stars.uasset" 1455
"../../../Engine/Content/EngineSky/T_Sky_Stars.ubulk" 1456
"../../../Engine/Content/EngineSky/T_Sky_Stars.uexp" 1457
"../../../Engine/Content/EngineSky/T_Sky_Clouds_M.ubulk" 1458
"../../../Engine/Content/EngineSky/T_Sky_Clouds_M.uasset" 1459
"../../../Engine/Content/EngineSky/T_Sky_Clouds_M.uexp" 1460
"../../../Engine/Content/EngineSky/T_Sky_Blue.uasset" 1461
"../../../Engine/Content/EngineSky/T_Sky_Blue.uexp" 1462
"../../../Engine/Content/EngineSky/T_Sky_Blue.ubulk" 1463
"../../../Engine/Content/EngineSky/M_Sky_Panning_Clouds2.uexp" 1464
"../../../Engine/Content/EngineSky/M_Sky_Panning_Clouds2.uasset" 1465
"../../../Engine/Content/EngineSky/SM_SkySphere.ubulk" 1466
"../../../Engine/Content/EngineSky/SM_SkySphere.uasset" 1467
"../../../Engine/Content/EngineSky/SM_SkySphere.uexp" 1468
"../../../Engine/Content/EngineSky/M_SimpleSkyDome.uasset" 1469
"../../../Engine/Content/EngineSky/M_SimpleSkyDome.uexp" 1470
"../../../Engine/Content/Functions/Engine_MaterialFunctions01/ImageAdjustment/BlurSampleOffsets.uasset" 1471
"../../../Engine/Content/Functions/Engine_MaterialFunctions01/ImageAdjustment/BlurSampleOffsets.uexp" 1472
"../../../Engine/Content/Functions/Engine_MaterialFunctions02/SampleSceneDepth.uexp" 1473
"../../../Engine/Content/Functions/Engine_MaterialFunctions02/SampleSceneDepth.uasset" 1474
"/Users/jackwood/Documents/GitHub/Biplo--Studio-Roomba/Biplo--Studio-Roomba/Content/ThirdPerson/Shader/OutLineShader.uasset" 1475
"/Users/jackwood/Documents/GitHub/Biplo--Studio-Roomba/Biplo--Studio-Roomba/Content/ThirdPerson/Shader/OutLineShader.uexp" 1476
"/Users/jackwood/Documents/GitHub/Biplo--Studio-Roomba/Biplo--Studio-Roomba/Content/ThirdPerson/Shader/CellShading.uasset" 1477
"/Users/jackwood/Documents/GitHub/Biplo--Studio-Roomba/Biplo--Studio-Roomba/Content/ThirdPerson/Shader/CellShading.uexp" 1478
"/Users/jackwood/Documents/GitHub/Biplo--Studio-Roomba/Biplo--Studio-Roomba/Content/Assets/roomba_PhysicsAsset.uasset" 1479
"/Users/jackwood/Documents/GitHub/Biplo--Studio-Roomba/Biplo--Studio-Roomba/Content/Assets/roomba_PhysicsAsset.uexp" 1480
"/Users/jackwood/Documents/GitHub/Biplo--Studio-Roomba/Biplo--Studio-Roomba/Content/Assets/roomba1_Low_lambert1_Emissive.ubulk" 1481
"/Users/jackwood/Documents/GitHub/Biplo--Studio-Roomba/Biplo--Studio-Roomba/Content/Assets/roomba1_Low_lambert1_Emissive.uasset" 1482
"/Users/jackwood/Documents/GitHub/Biplo--Studio-Roomba/Biplo--Studio-Roomba/Content/Assets/roomba1_Low_lambert1_Emissive.uexp" 1483
"/Users/jackwood/Documents/GitHub/Biplo--Studio-Roomba/Biplo--Studio-Roomba/Content/Assets/roomba1_Low_lambert1_Normal.ubulk" 1484
"/Users/jackwood/Documents/GitHub/Biplo--Studio-Roomba/Biplo--Studio-Roomba/Content/Assets/roomba1_Low_lambert1_Normal.uasset" 1485
"/Users/jackwood/Documents/GitHub/Biplo--Studio-Roomba/Biplo--Studio-Roomba/Content/Assets/roomba1_Low_lambert1_Normal.uexp" 1486
"/Users/jackwood/Documents/GitHub/Biplo--Studio-Roomba/Biplo--Studio-Roomba/Content/Assets/roomba1_Low_lambert1_OcclusionRoughnessMetallic.uexp" 1487
"/Users/jackwood/Documents/GitHub/Biplo--Studio-Roomba/Biplo--Studio-Roomba/Content/Assets/roomba1_Low_lambert1_OcclusionRoughnessMetallic.uasset" 1488
"/Users/jackwood/Documents/GitHub/Biplo--Studio-Roomba/Biplo--Studio-Roomba/Content/Assets/roomba1_Low_lambert1_OcclusionRoughnessMetallic.ubulk" 1489
"/Users/jackwood/Documents/GitHub/Biplo--Studio-Roomba/Biplo--Studio-Roomba/Content/Assets/lambert1.uasset" 1490
"/Users/jackwood/Documents/GitHub/Biplo--Studio-Roomba/Biplo--Studio-Roomba/Content/Assets/lambert1.uexp" 1491
"/Users/jackwood/Documents/GitHub/Biplo--Studio-Roomba/Biplo--Studio-Roomba/Content/Assets/roomba_Skeleton.uexp" 1492
"/Users/jackwood/Documents/GitHub/Biplo--Studio-Roomba/Biplo--Studio-Roomba/Content/Assets/roomba_Skeleton.uasset" 1493
"/Users/jackwood/Documents/GitHub/Biplo--Studio-Roomba/Biplo--Studio-Roomba/Content/Assets/roomba.uexp" 1494
"/Users/jackwood/Documents/GitHub/Biplo--Studio-Roomba/Biplo--Studio-Roomba/Content/Assets/roomba.uasset" 1495
"/Users/jackwood/Documents/GitHub/Biplo--Studio-Roomba/Biplo--Studio-Roomba/Content/ThirdPerson/Blueprints/Player_BP/Player_BP.uasset" 1496
"/Users/jackwood/Documents/GitHub/Biplo--Studio-Roomba/Biplo--Studio-Roomba/Content/ThirdPerson/Blueprints/Player_BP/Player_BP.uexp" 1497
"/Users/jackwood/Documents/GitHub/Biplo--Studio-Roomba/Biplo--Studio-Roomba/Content/ThirdPerson/Blueprints/CameraSwitcher_BP/BP_CameraSwitcher.uexp" 1498
"/Users/jackwood/Documents/GitHub/Biplo--Studio-Roomba/Biplo--Studio-Roomba/Content/ThirdPerson/Blueprints/CameraSwitcher_BP/BP_CameraSwitcher.uasset" 1499
"/Users/jackwood/Documents/GitHub/Biplo--Studio-Roomba/Biplo--Studio-Roomba/Content/ThirdPerson/Blueprints/LevelSwitcher_BP/BP_LevelSwitcher.uexp" 1500
"/Users/jackwood/Documents/GitHub/Biplo--Studio-Roomba/Biplo--Studio-Roomba/Content/ThirdPerson/Blueprints/LevelSwitcher_BP/BP_LevelSwitcher.uasset" 1501
"/Users/jackwood/Documents/GitHub/Biplo--Studio-Roomba/Biplo--Studio-Roomba/Content/ThirdPerson/Blueprints/SunLight_Controller_BP/BP_SunLight_Controller.uasset" 1502
"/Users/jackwood/Documents/GitHub/Biplo--Studio-Roomba/Biplo--Studio-Roomba/Content/ThirdPerson/Blueprints/SunLight_Controller_BP/BP_SunLight_Controller.uexp" 1503
"/Users/jackwood/Documents/GitHub/Biplo--Studio-Roomba/Biplo--Studio-Roomba/Content/ThirdPerson/Blueprints/SunLight_Controller_BP/BP_SunTrigger.uexp" 1504
"/Users/jackwood/Documents/GitHub/Biplo--Studio-Roomba/Biplo--Studio-Roomba/Content/ThirdPerson/Blueprints/SunLight_Controller_BP/BP_SunTrigger.uasset" 1505
"/Users/jackwood/Documents/GitHub/Biplo--Studio-Roomba/Biplo--Studio-Roomba/Content/StarterContent/Textures/T_Frame_M.ubulk" 1506
"/Users/jackwood/Documents/GitHub/Biplo--Studio-Roomba/Biplo--Studio-Roomba/Content/StarterContent/Textures/T_Frame_M.uexp" 1507
"/Users/jackwood/Documents/GitHub/Biplo--Studio-Roomba/Biplo--Studio-Roomba/Content/StarterContent/Textures/T_Frame_M.uasset" 1508
"/Users/jackwood/Documents/GitHub/Biplo--Studio-Roomba/Biplo--Studio-Roomba/Content/StarterContent/Textures/T_Frame_N.uasset" 1509
"/Users/jackwood/Documents/GitHub/Biplo--Studio-Roomba/Biplo--Studio-Roomba/Content/StarterContent/Textures/T_Frame_N.ubulk" 1510
"/Users/jackwood/Documents/GitHub/Biplo--Studio-Roomba/Biplo--Studio-Roomba/Content/StarterContent/Textures/T_Frame_N.uexp" 1511
"/Users/jackwood/Documents/GitHub/Biplo--Studio-Roomba/Biplo--Studio-Roomba/Content/StarterContent/Props/Materials/M_Frame.uexp" 1512
"/Users/jackwood/Documents/GitHub/Biplo--Studio-Roomba/Biplo--Studio-Roomba/Content/StarterContent/Props/Materials/M_Frame.uasset" 1513
"/Users/jackwood/Documents/GitHub/Biplo--Studio-Roomba/Biplo--Studio-Roomba/Content/StarterContent/Props/SM_DoorFrame.ubulk" 1514
"/Users/jackwood/Documents/GitHub/Biplo--Studio-Roomba/Biplo--Studio-Roomba/Content/StarterContent/Props/SM_DoorFrame.uasset" 1515
"/Users/jackwood/Documents/GitHub/Biplo--Studio-Roomba/Biplo--Studio-Roomba/Content/StarterContent/Props/SM_DoorFrame.uexp" 1516
"../../../Engine/Content/BasicShapes/Cone.uasset" 1517
"../../../Engine/Content/BasicShapes/Cone.uexp" 1518
"../../../Engine/Content/BasicShapes/Cone.ubulk" 1519
"../../../Engine/Content/BasicShapes/BasicShapeMaterial.uexp" 1520
"../../../Engine/Content/BasicShapes/BasicShapeMaterial.uasset" 1521
"/Users/jackwood/Documents/GitHub/Biplo--Studio-Roomba/Biplo--Studio-Roomba/Content/DoorPrototyp/LightInteract_BP.uasset" 1522
"/Users/jackwood/Documents/GitHub/Biplo--Studio-Roomba/Biplo--Studio-Roomba/Content/DoorPrototyp/LightInteract_BP.uexp" 1523
"/Users/jackwood/Documents/GitHub/Biplo--Studio-Roomba/Biplo--Studio-Roomba/Content/DoorPrototyp/ButtonInteract_BP.uasset" 1524
"/Users/jackwood/Documents/GitHub/Biplo--Studio-Roomba/Biplo--Studio-Roomba/Content/DoorPrototyp/ButtonInteract_BP.uexp" 1525
"/Users/jackwood/Documents/GitHub/Biplo--Studio-Roomba/Biplo--Studio-Roomba/Content/ThirdPerson/Blueprints/CheckPoint_BP/CheckPoint_BP.uasset" 1526
"/Users/jackwood/Documents/GitHub/Biplo--Studio-Roomba/Biplo--Studio-Roomba/Content/ThirdPerson/Blueprints/CheckPoint_BP/CheckPoint_BP.uexp" 1527
"/Users/jackwood/Documents/GitHub/Biplo--Studio-Roomba/Biplo--Studio-Roomba/Content/StarterContent/Shapes/Shape_Cube.ubulk" 1528
"/Users/jackwood/Documents/GitHub/Biplo--Studio-Roomba/Biplo--Studio-Roomba/Content/StarterContent/Shapes/Shape_Cube.uexp" 1529
"/Users/jackwood/Documents/GitHub/Biplo--Studio-Roomba/Biplo--Studio-Roomba/Content/StarterContent/Shapes/Shape_Cube.uasset" 1530
"/Users/jackwood/Documents/GitHub/Biplo--Studio-Roomba/Biplo--Studio-Roomba/Content/StarterContent/Textures/T_Brick_Clay_Old_N.uexp" 1531
"/Users/jackwood/Documents/GitHub/Biplo--Studio-Roomba/Biplo--Studio-Roomba/Content/StarterContent/Textures/T_Brick_Clay_Old_N.uasset" 1532
"/Users/jackwood/Documents/GitHub/Biplo--Studio-Roomba/Biplo--Studio-Roomba/Content/StarterContent/Textures/T_Brick_Clay_Old_N.ubulk" 1533
"/Users/jackwood/Documents/GitHub/Biplo--Studio-Roomba/Biplo--Studio-Roomba/Content/StarterContent/Textures/T_Perlin_Noise_M.uexp" 1534
"/Users/jackwood/Documents/GitHub/Biplo--Studio-Roomba/Biplo--Studio-Roomba/Content/StarterContent/Textures/T_Perlin_Noise_M.uasset" 1535
"/Users/jackwood/Documents/GitHub/Biplo--Studio-Roomba/Biplo--Studio-Roomba/Content/StarterContent/Textures/T_Perlin_Noise_M.ubulk" 1536
"/Users/jackwood/Documents/GitHub/Biplo--Studio-Roomba/Biplo--Studio-Roomba/Content/StarterContent/Textures/T_Brick_Clay_Old_D.uexp" 1537
"/Users/jackwood/Documents/GitHub/Biplo--Studio-Roomba/Biplo--Studio-Roomba/Content/StarterContent/Textures/T_Brick_Clay_Old_D.uasset" 1538
"/Users/jackwood/Documents/GitHub/Biplo--Studio-Roomba/Biplo--Studio-Roomba/Content/StarterContent/Textures/T_Brick_Clay_Old_D.ubulk" 1539
"/Users/jackwood/Documents/GitHub/Biplo--Studio-Roomba/Biplo--Studio-Roomba/Content/StarterContent/Materials/M_Brick_Clay_Old.uasset" 1540
"/Users/jackwood/Documents/GitHub/Biplo--Studio-Roomba/Biplo--Studio-Roomba/Content/StarterContent/Materials/M_Brick_Clay_Old.uexp" 1541
"/Users/jackwood/Documents/GitHub/Biplo--Studio-Roomba/Biplo--Studio-Roomba/Content/InteractPrototypeBP/PowerBox_BP.uexp" 1542
"/Users/jackwood/Documents/GitHub/Biplo--Studio-Roomba/Biplo--Studio-Roomba/Content/InteractPrototypeBP/PowerBox_BP.uasset" 1543
"../../../Engine/Content/Maps/Entry_BuiltData.uexp" 1544
"../../../Engine/Content/Maps/Entry_BuiltData.uasset" 1545
"../../../Engine/Content/Maps/Entry.umap" 1546
"../../../Engine/Content/Maps/Entry.uexp" 1547
"/Users/jackwood/Documents/GitHub/Biplo--Studio-Roomba/Biplo--Studio-Roomba/Content/Menu/BP_MEN.uexp" 1548
"/Users/jackwood/Documents/GitHub/Biplo--Studio-Roomba/Biplo--Studio-Roomba/Content/Menu/BP_MEN.uasset" 1549
"/Users/jackwood/Documents/GitHub/Biplo--Studio-Roomba/Biplo--Studio-Roomba/Content/Menu/MenuGameMode.uexp" 1550
"/Users/jackwood/Documents/GitHub/Biplo--Studio-Roomba/Biplo--Studio-Roomba/Content/Menu/MenuGameMode.uasset" 1551
"/Users/jackwood/Documents/GitHub/Biplo--Studio-Roomba/Biplo--Studio-Roomba/Content/Menu/OptionsMenu.uexp" 1552
"/Users/jackwood/Documents/GitHub/Biplo--Studio-Roomba/Biplo--Studio-Roomba/Content/Menu/OptionsMenu.uasset" 1553
"/Users/jackwood/Documents/GitHub/Biplo--Studio-Roomba/Biplo--Studio-Roomba/Content/Menu/MainMenu.uexp" 1554
"/Users/jackwood/Documents/GitHub/Biplo--Studio-Roomba/Biplo--Studio-Roomba/Content/Menu/MainMenu.uasset" 1555
"/Users/jackwood/Documents/GitHub/Biplo--Studio-Roomba/Biplo--Studio-Roomba/Content/Menu/MenuMap.uexp" 1556
"/Users/jackwood/Documents/GitHub/Biplo--Studio-Roomba/Biplo--Studio-Roomba/Content/Menu/MenuMap.umap" 1557
"../../../Engine/Content/EngineMaterials/BlendFunc_DefBlend.uexp" 1558
"../../../Engine/Content/EngineMaterials/BlendFunc_DefBlend.uasset" 1559
"../../../Engine/Content/OpenWorldTemplate/LandscapeMaterial/T_GridChecker_A.uasset" 1560
"../../../Engine/Content/OpenWorldTemplate/LandscapeMaterial/T_GridChecker_A.uexp" 1561
"../../../Engine/Content/OpenWorldTemplate/LandscapeMaterial/T_GridChecker_A.ubulk" 1562
"../../../Engine/Content/EngineMaterials/BlendFunc_DefBase.uasset" 1563
"../../../Engine/Content/EngineMaterials/BlendFunc_DefBase.uexp" 1564
"../../../Engine/Content/Functions/Engine_MaterialFunctions03/Blends/Blend_Overlay.uasset" 1565
"../../../Engine/Content/Functions/Engine_MaterialFunctions03/Blends/Blend_Overlay.uexp" 1566
"../../../Engine/Content/OpenWorldTemplate/LandscapeMaterial/MF_ProcGrid.uexp" 1567
"../../../Engine/Content/OpenWorldTemplate/LandscapeMaterial/MF_ProcGrid.uasset" 1568
"../../../Engine/Content/OpenWorldTemplate/LandscapeMaterial/M_ProcGrid.uexp" 1569
"../../../Engine/Content/OpenWorldTemplate/LandscapeMaterial/M_ProcGrid.uasset" 1570
"../../../Engine/Content/OpenWorldTemplate/LandscapeMaterial/MI_ProcGrid.uexp" 1571
"../../../Engine/Content/OpenWorldTemplate/LandscapeMaterial/MI_ProcGrid.uasset" 1572
"../../../Engine/Content/MapTemplates/SM_Template_Map_Floor.ubulk" 1573
"../../../Engine/Content/MapTemplates/SM_Template_Map_Floor.uasset" 1574
"../../../Engine/Content/MapTemplates/SM_Template_Map_Floor.uexp" 1575
"/Users/jackwood/Documents/GitHub/Biplo--Studio-Roomba/Biplo--Studio-Roomba/Content/LevelDesign/Section1StreetEnd.uexp" 1576
"/Users/jackwood/Documents/GitHub/Biplo--Studio-Roomba/Biplo--Studio-Roomba/Content/LevelDesign/Section1StreetEnd.umap" 1577
"/Users/jackwood/Documents/GitHub/Biplo--Studio-Roomba/Biplo--Studio-Roomba/Content/LevelDesign/M_Black.uexp" 1578
"/Users/jackwood/Documents/GitHub/Biplo--Studio-Roomba/Biplo--Studio-Roomba/Content/LevelDesign/M_Black.uasset" 1579
"/Users/jackwood/Documents/GitHub/Biplo--Studio-Roomba/Biplo--Studio-Roomba/Content/StarterContent/Materials/M_Glass.uasset" 1580
"/Users/jackwood/Documents/GitHub/Biplo--Studio-Roomba/Biplo--Studio-Roomba/Content/StarterContent/Materials/M_Glass.uexp" 1581
"/Users/jackwood/Documents/GitHub/Biplo--Studio-Roomba/Biplo--Studio-Roomba/Content/StarterContent/Textures/T_Door_N.uasset" 1582
"/Users/jackwood/Documents/GitHub/Biplo--Studio-Roomba/Biplo--Studio-Roomba/Content/StarterContent/Textures/T_Door_N.ubulk" 1583
"/Users/jackwood/Documents/GitHub/Biplo--Studio-Roomba/Biplo--Studio-Roomba/Content/StarterContent/Textures/T_Door_N.uexp" 1584
"/Users/jackwood/Documents/GitHub/Biplo--Studio-Roomba/Biplo--Studio-Roomba/Content/StarterContent/Textures/T_Door_M.ubulk" 1585
"/Users/jackwood/Documents/GitHub/Biplo--Studio-Roomba/Biplo--Studio-Roomba/Content/StarterContent/Textures/T_Door_M.uexp" 1586
"/Users/jackwood/Documents/GitHub/Biplo--Studio-Roomba/Biplo--Studio-Roomba/Content/StarterContent/Textures/T_Door_M.uasset" 1587
"/Users/jackwood/Documents/GitHub/Biplo--Studio-Roomba/Biplo--Studio-Roomba/Content/StarterContent/Props/Materials/M_Door.uexp" 1588
"/Users/jackwood/Documents/GitHub/Biplo--Studio-Roomba/Biplo--Studio-Roomba/Content/StarterContent/Props/Materials/M_Door.uasset" 1589
"/Users/jackwood/Documents/GitHub/Biplo--Studio-Roomba/Biplo--Studio-Roomba/Content/StarterContent/Props/SM_Door.uexp" 1590
"/Users/jackwood/Documents/GitHub/Biplo--Studio-Roomba/Biplo--Studio-Roomba/Content/StarterContent/Props/SM_Door.uasset" 1591
"/Users/jackwood/Documents/GitHub/Biplo--Studio-Roomba/Biplo--Studio-Roomba/Content/StarterContent/Props/SM_Door.ubulk" 1592
"/Users/jackwood/Documents/GitHub/Biplo--Studio-Roomba/Biplo--Studio-Roomba/Content/LevelDesign/Section1StreetStart.uexp" 1593
"/Users/jackwood/Documents/GitHub/Biplo--Studio-Roomba/Biplo--Studio-Roomba/Content/LevelDesign/Section1StreetStart.umap" 1594
"/Users/jackwood/Documents/GitHub/Biplo--Studio-Roomba/Biplo--Studio-Roomba/Content/LevelDesign/Bakery.uexp" 1595
"/Users/jackwood/Documents/GitHub/Biplo--Studio-Roomba/Biplo--Studio-Roomba/Content/LevelDesign/Bakery.umap" 1596
"/Users/jackwood/Documents/GitHub/Biplo--Studio-Roomba/Biplo--Studio-Roomba/Content/ThirdPerson/Maps/ThirdPersonMap1.uexp" 1597
"/Users/jackwood/Documents/GitHub/Biplo--Studio-Roomba/Biplo--Studio-Roomba/Content/ThirdPerson/Maps/ThirdPersonMap1.umap" 1598
"/Users/jackwood/Documents/GitHub/Biplo--Studio-Roomba/Biplo--Studio-Roomba/Content/ThirdPerson/Blueprints/BP_GameMode.uasset" 1599
"/Users/jackwood/Documents/GitHub/Biplo--Studio-Roomba/Biplo--Studio-Roomba/Content/ThirdPerson/Blueprints/BP_GameMode.uexp" 1600
"/Users/jackwood/Documents/GitHub/Biplo--Studio-Roomba/Biplo--Studio-Roomba/Content/ThirdPerson/Maps/ThirdPersonMap.uexp" 1601
"/Users/jackwood/Documents/GitHub/Biplo--Studio-Roomba/Biplo--Studio-Roomba/Content/ThirdPerson/Maps/ThirdPersonMap.umap" 1602
"/Users/jackwood/Documents/GitHub/Biplo--Studio-Roomba/Biplo--Studio-Roomba/Content/StarterContent/Maps/Minimal_Default_BuiltData.uexp" 1603
"/Users/jackwood/Documents/GitHub/Biplo--Studio-Roomba/Biplo--Studio-Roomba/Content/StarterContent/Maps/Minimal_Default_BuiltData.ubulk" 1604
"/Users/jackwood/Documents/GitHub/Biplo--Studio-Roomba/Biplo--Studio-Roomba/Content/StarterContent/Maps/Minimal_Default_BuiltData.uasset" 1605
"/Users/jackwood/Documents/GitHub/Biplo--Studio-Roomba/Biplo--Studio-Roomba/Content/StarterContent/Architecture/Floor_400x400.uexp" 1606
"/Users/jackwood/Documents/GitHub/Biplo--Studio-Roomba/Biplo--Studio-Roomba/Content/StarterContent/Architecture/Floor_400x400.uasset" 1607
"/Users/jackwood/Documents/GitHub/Biplo--Studio-Roomba/Biplo--Studio-Roomba/Content/StarterContent/Architecture/Floor_400x400.ubulk" 1608
"/Users/jackwood/Documents/GitHub/Biplo--Studio-Roomba/Biplo--Studio-Roomba/Content/StarterContent/Textures/T_Ceramic_Tile_M.ubulk" 1609
"/Users/jackwood/Documents/GitHub/Biplo--Studio-Roomba/Biplo--Studio-Roomba/Content/StarterContent/Textures/T_Ceramic_Tile_M.uasset" 1610
"/Users/jackwood/Documents/GitHub/Biplo--Studio-Roomba/Biplo--Studio-Roomba/Content/StarterContent/Textures/T_Ceramic_Tile_M.uexp" 1611
"/Users/jackwood/Documents/GitHub/Biplo--Studio-Roomba/Biplo--Studio-Roomba/Content/StarterContent/Textures/T_Rock_Marble_Polished_D.uasset" 1612
"/Users/jackwood/Documents/GitHub/Biplo--Studio-Roomba/Biplo--Studio-Roomba/Content/StarterContent/Textures/T_Rock_Marble_Polished_D.uexp" 1613
"/Users/jackwood/Documents/GitHub/Biplo--Studio-Roomba/Biplo--Studio-Roomba/Content/StarterContent/Textures/T_Rock_Marble_Polished_D.ubulk" 1614
"/Users/jackwood/Documents/GitHub/Biplo--Studio-Roomba/Biplo--Studio-Roomba/Content/StarterContent/Textures/T_Ceramic_Tile_N.ubulk" 1615
"/Users/jackwood/Documents/GitHub/Biplo--Studio-Roomba/Biplo--Studio-Roomba/Content/StarterContent/Textures/T_Ceramic_Tile_N.uexp" 1616
"/Users/jackwood/Documents/GitHub/Biplo--Studio-Roomba/Biplo--Studio-Roomba/Content/StarterContent/Textures/T_Ceramic_Tile_N.uasset" 1617
"/Users/jackwood/Documents/GitHub/Biplo--Studio-Roomba/Biplo--Studio-Roomba/Content/StarterContent/Materials/M_Ceramic_Tile_Checker.uexp" 1618
"/Users/jackwood/Documents/GitHub/Biplo--Studio-Roomba/Biplo--Studio-Roomba/Content/StarterContent/Materials/M_Ceramic_Tile_Checker.uasset" 1619
"/Users/jackwood/Documents/GitHub/Biplo--Studio-Roomba/Biplo--Studio-Roomba/Content/StarterContent/Textures/T_TableRound_N.uasset" 1620
"/Users/jackwood/Documents/GitHub/Biplo--Studio-Roomba/Biplo--Studio-Roomba/Content/StarterContent/Textures/T_TableRound_N.uexp" 1621
"/Users/jackwood/Documents/GitHub/Biplo--Studio-Roomba/Biplo--Studio-Roomba/Content/StarterContent/Textures/T_TableRound_N.ubulk" 1622
"/Users/jackwood/Documents/GitHub/Biplo--Studio-Roomba/Biplo--Studio-Roomba/Content/StarterContent/Textures/T_TableRound_M.uexp" 1623
"/Users/jackwood/Documents/GitHub/Biplo--Studio-Roomba/Biplo--Studio-Roomba/Content/StarterContent/Textures/T_TableRound_M.ubulk" 1624
"/Users/jackwood/Documents/GitHub/Biplo--Studio-Roomba/Biplo--Studio-Roomba/Content/StarterContent/Textures/T_TableRound_M.uasset" 1625
"/Users/jackwood/Documents/GitHub/Biplo--Studio-Roomba/Biplo--Studio-Roomba/Content/StarterContent/Props/Materials/M_TableRound.uasset" 1626
"/Users/jackwood/Documents/GitHub/Biplo--Studio-Roomba/Biplo--Studio-Roomba/Content/StarterContent/Props/Materials/M_TableRound.uexp" 1627
"/Users/jackwood/Documents/GitHub/Biplo--Studio-Roomba/Biplo--Studio-Roomba/Content/StarterContent/Props/SM_TableRound.uexp" 1628
"/Users/jackwood/Documents/GitHub/Biplo--Studio-Roomba/Biplo--Studio-Roomba/Content/StarterContent/Props/SM_TableRound.uasset" 1629
"/Users/jackwood/Documents/GitHub/Biplo--Studio-Roomba/Biplo--Studio-Roomba/Content/StarterContent/Props/SM_TableRound.ubulk" 1630
"/Users/jackwood/Documents/GitHub/Biplo--Studio-Roomba/Biplo--Studio-Roomba/Content/StarterContent/Textures/T_Statue_M.uexp" 1631
"/Users/jackwood/Documents/GitHub/Biplo--Studio-Roomba/Biplo--Studio-Roomba/Content/StarterContent/Textures/T_Statue_M.uasset" 1632
"/Users/jackwood/Documents/GitHub/Biplo--Studio-Roomba/Biplo--Studio-Roomba/Content/StarterContent/Textures/T_Statue_M.ubulk" 1633
"/Users/jackwood/Documents/GitHub/Biplo--Studio-Roomba/Biplo--Studio-Roomba/Content/StarterContent/Textures/T_Statue_N.uasset" 1634
"/Users/jackwood/Documents/GitHub/Biplo--Studio-Roomba/Biplo--Studio-Roomba/Content/StarterContent/Textures/T_Statue_N.uexp" 1635
"/Users/jackwood/Documents/GitHub/Biplo--Studio-Roomba/Biplo--Studio-Roomba/Content/StarterContent/Textures/T_Statue_N.ubulk" 1636
"/Users/jackwood/Documents/GitHub/Biplo--Studio-Roomba/Biplo--Studio-Roomba/Content/StarterContent/Props/Materials/M_Statue.uasset" 1637
"/Users/jackwood/Documents/GitHub/Biplo--Studio-Roomba/Biplo--Studio-Roomba/Content/StarterContent/Props/Materials/M_Statue.uexp" 1638
"/Users/jackwood/Documents/GitHub/Biplo--Studio-Roomba/Biplo--Studio-Roomba/Content/StarterContent/Props/Materials/M_StatueGlass.uasset" 1639
"/Users/jackwood/Documents/GitHub/Biplo--Studio-Roomba/Biplo--Studio-Roomba/Content/StarterContent/Props/Materials/M_StatueGlass.uexp" 1640
"/Users/jackwood/Documents/GitHub/Biplo--Studio-Roomba/Biplo--Studio-Roomba/Content/StarterContent/Props/SM_Statue.uasset" 1641
"/Users/jackwood/Documents/GitHub/Biplo--Studio-Roomba/Biplo--Studio-Roomba/Content/StarterContent/Props/SM_Statue.uexp" 1642
"/Users/jackwood/Documents/GitHub/Biplo--Studio-Roomba/Biplo--Studio-Roomba/Content/StarterContent/Props/SM_Statue.ubulk" 1643
"/Users/jackwood/Documents/GitHub/Biplo--Studio-Roomba/Biplo--Studio-Roomba/Content/StarterContent/Audio/Starter_Background_Cue.uasset" 1644
"/Users/jackwood/Documents/GitHub/Biplo--Studio-Roomba/Biplo--Studio-Roomba/Content/StarterContent/Audio/Starter_Background_Cue.uexp" 1645
"/Users/jackwood/Documents/GitHub/Biplo--Studio-Roomba/Biplo--Studio-Roomba/Content/StarterContent/Textures/T_Metal_Gold_N.uasset" 1646
"/Users/jackwood/Documents/GitHub/Biplo--Studio-Roomba/Biplo--Studio-Roomba/Content/StarterContent/Textures/T_Metal_Gold_N.ubulk" 1647
"/Users/jackwood/Documents/GitHub/Biplo--Studio-Roomba/Biplo--Studio-Roomba/Content/StarterContent/Textures/T_Metal_Gold_N.uexp" 1648
"/Users/jackwood/Documents/GitHub/Biplo--Studio-Roomba/Biplo--Studio-Roomba/Content/StarterContent/Textures/T_Metal_Aluminum_D.ubulk" 1649
"/Users/jackwood/Documents/GitHub/Biplo--Studio-Roomba/Biplo--Studio-Roomba/Content/StarterContent/Textures/T_Metal_Aluminum_D.uasset" 1650
"/Users/jackwood/Documents/GitHub/Biplo--Studio-Roomba/Biplo--Studio-Roomba/Content/StarterContent/Textures/T_Metal_Aluminum_D.uexp" 1651
"/Users/jackwood/Documents/GitHub/Biplo--Studio-Roomba/Biplo--Studio-Roomba/Content/StarterContent/Materials/M_Metal_Burnished_Steel.uexp" 1652
"/Users/jackwood/Documents/GitHub/Biplo--Studio-Roomba/Biplo--Studio-Roomba/Content/StarterContent/Materials/M_Metal_Burnished_Steel.uasset" 1653
"/Users/jackwood/Documents/GitHub/Biplo--Studio-Roomba/Biplo--Studio-Roomba/Content/StarterContent/Props/SM_Chair.uexp" 1654
"/Users/jackwood/Documents/GitHub/Biplo--Studio-Roomba/Biplo--Studio-Roomba/Content/StarterContent/Props/SM_Chair.uasset" 1655
"/Users/jackwood/Documents/GitHub/Biplo--Studio-Roomba/Biplo--Studio-Roomba/Content/StarterContent/Props/SM_Chair.ubulk" 1656
"/Users/jackwood/Documents/GitHub/Biplo--Studio-Roomba/Biplo--Studio-Roomba/Content/StarterContent/Maps/Minimal_Default.uexp" 1657
"/Users/jackwood/Documents/GitHub/Biplo--Studio-Roomba/Biplo--Studio-Roomba/Content/StarterContent/Maps/Minimal_Default.umap" 1658
"/Users/jackwood/Documents/GitHub/Biplo--Studio-Roomba/Biplo--Studio-Roomba/Content/StarterContent/Materials/M_Metal_Brushed_Nickel.uasset" 1659
"/Users/jackwood/Documents/GitHub/Biplo--Studio-Roomba/Biplo--Studio-Roomba/Content/StarterContent/Materials/M_Metal_Brushed_Nickel.uexp" 1660
"/Users/jackwood/Documents/GitHub/Biplo--Studio-Roomba/Biplo--Studio-Roomba/Content/StarterContent/Textures/T_Lamp_N.uexp" 1661
"/Users/jackwood/Documents/GitHub/Biplo--Studio-Roomba/Biplo--Studio-Roomba/Content/StarterContent/Textures/T_Lamp_N.ubulk" 1662
"/Users/jackwood/Documents/GitHub/Biplo--Studio-Roomba/Biplo--Studio-Roomba/Content/StarterContent/Textures/T_Lamp_N.uasset" 1663
"/Users/jackwood/Documents/GitHub/Biplo--Studio-Roomba/Biplo--Studio-Roomba/Content/StarterContent/Textures/T_Lamp_M.uexp" 1664
"/Users/jackwood/Documents/GitHub/Biplo--Studio-Roomba/Biplo--Studio-Roomba/Content/StarterContent/Textures/T_Lamp_M.uasset" 1665
"/Users/jackwood/Documents/GitHub/Biplo--Studio-Roomba/Biplo--Studio-Roomba/Content/StarterContent/Textures/T_Lamp_M.ubulk" 1666
"/Users/jackwood/Documents/GitHub/Biplo--Studio-Roomba/Biplo--Studio-Roomba/Content/StarterContent/Props/Materials/M_Lamp.uexp" 1667
"/Users/jackwood/Documents/GitHub/Biplo--Studio-Roomba/Biplo--Studio-Roomba/Content/StarterContent/Props/Materials/M_Lamp.uasset" 1668
"/Users/jackwood/Documents/GitHub/Biplo--Studio-Roomba/Biplo--Studio-Roomba/Content/StarterContent/Props/SM_Lamp_Ceiling.uasset" 1669
"/Users/jackwood/Documents/GitHub/Biplo--Studio-Roomba/Biplo--Studio-Roomba/Content/StarterContent/Props/SM_Lamp_Ceiling.uexp" 1670
"/Users/jackwood/Documents/GitHub/Biplo--Studio-Roomba/Biplo--Studio-Roomba/Content/StarterContent/Props/SM_Lamp_Ceiling.ubulk" 1671
"/Users/jackwood/Documents/GitHub/Biplo--Studio-Roomba/Biplo--Studio-Roomba/Content/StarterContent/Blueprints/Blueprint_CeilingLight.uasset" 1672
"/Users/jackwood/Documents/GitHub/Biplo--Studio-Roomba/Biplo--Studio-Roomba/Content/StarterContent/Blueprints/Blueprint_CeilingLight.uexp" 1673
"../../../Engine/Content/Functions/Engine_MaterialFunctions03/Procedurals/ComputeFilterWidth.uasset" 1674
"../../../Engine/Content/Functions/Engine_MaterialFunctions03/Procedurals/ComputeFilterWidth.uexp" 1675
"../../../Engine/Content/EngineMaterials/AntiAliasedTextMaterialTranslucent.uasset" 1676
"../../../Engine/Content/EngineMaterials/AntiAliasedTextMaterialTranslucent.uexp" 1677
"/Users/jackwood/Documents/GitHub/Biplo--Studio-Roomba/Biplo--Studio-Roomba/Content/StarterContent/Architecture/Wall_Door_400x300.uasset" 1678
"/Users/jackwood/Documents/GitHub/Biplo--Studio-Roomba/Biplo--Studio-Roomba/Content/StarterContent/Architecture/Wall_Door_400x300.uexp" 1679
"/Users/jackwood/Documents/GitHub/Biplo--Studio-Roomba/Biplo--Studio-Roomba/Content/StarterContent/Architecture/Wall_Door_400x300.ubulk" 1680
"/Users/jackwood/Documents/GitHub/Biplo--Studio-Roomba/Biplo--Studio-Roomba/Content/StarterContent/Textures/T_Wood_Pine_D.uexp" 1681
"/Users/jackwood/Documents/GitHub/Biplo--Studio-Roomba/Biplo--Studio-Roomba/Content/StarterContent/Textures/T_Wood_Pine_D.uasset" 1682
"/Users/jackwood/Documents/GitHub/Biplo--Studio-Roomba/Biplo--Studio-Roomba/Content/StarterContent/Textures/T_Wood_Pine_D.ubulk" 1683
"/Users/jackwood/Documents/GitHub/Biplo--Studio-Roomba/Biplo--Studio-Roomba/Content/StarterContent/Textures/T_Wood_Pine_N.uasset" 1684
"/Users/jackwood/Documents/GitHub/Biplo--Studio-Roomba/Biplo--Studio-Roomba/Content/StarterContent/Textures/T_Wood_Pine_N.ubulk" 1685
"/Users/jackwood/Documents/GitHub/Biplo--Studio-Roomba/Biplo--Studio-Roomba/Content/StarterContent/Textures/T_Wood_Pine_N.uexp" 1686
"/Users/jackwood/Documents/GitHub/Biplo--Studio-Roomba/Biplo--Studio-Roomba/Content/StarterContent/Materials/M_Wood_Pine.uasset" 1687
"/Users/jackwood/Documents/GitHub/Biplo--Studio-Roomba/Biplo--Studio-Roomba/Content/StarterContent/Materials/M_Wood_Pine.uexp" 1688
"/Users/jackwood/Documents/GitHub/Biplo--Studio-Roomba/Biplo--Studio-Roomba/Content/StarterContent/Textures/T_Rock_Smooth_Granite_D.uasset" 1689
"/Users/jackwood/Documents/GitHub/Biplo--Studio-Roomba/Biplo--Studio-Roomba/Content/StarterContent/Textures/T_Rock_Smooth_Granite_D.ubulk" 1690
"/Users/jackwood/Documents/GitHub/Biplo--Studio-Roomba/Biplo--Studio-Roomba/Content/StarterContent/Textures/T_Rock_Smooth_Granite_D.uexp" 1691
"/Users/jackwood/Documents/GitHub/Biplo--Studio-Roomba/Biplo--Studio-Roomba/Content/StarterContent/Textures/T_CobbleStone_Smooth_D.uexp" 1692
"/Users/jackwood/Documents/GitHub/Biplo--Studio-Roomba/Biplo--Studio-Roomba/Content/StarterContent/Textures/T_CobbleStone_Smooth_D.uasset" 1693
"/Users/jackwood/Documents/GitHub/Biplo--Studio-Roomba/Biplo--Studio-Roomba/Content/StarterContent/Textures/T_CobbleStone_Smooth_D.ubulk" 1694
"/Users/jackwood/Documents/GitHub/Biplo--Studio-Roomba/Biplo--Studio-Roomba/Content/StarterContent/Textures/T_Gradinet_01.ubulk" 1695
"/Users/jackwood/Documents/GitHub/Biplo--Studio-Roomba/Biplo--Studio-Roomba/Content/StarterContent/Textures/T_Gradinet_01.uasset" 1696
"/Users/jackwood/Documents/GitHub/Biplo--Studio-Roomba/Biplo--Studio-Roomba/Content/StarterContent/Textures/T_Gradinet_01.uexp" 1697
"/Users/jackwood/Documents/GitHub/Biplo--Studio-Roomba/Biplo--Studio-Roomba/Content/StarterContent/Textures/T_CobbleStone_Smooth_M.ubulk" 1698
"/Users/jackwood/Documents/GitHub/Biplo--Studio-Roomba/Biplo--Studio-Roomba/Content/StarterContent/Textures/T_CobbleStone_Smooth_M.uexp" 1699
"/Users/jackwood/Documents/GitHub/Biplo--Studio-Roomba/Biplo--Studio-Roomba/Content/StarterContent/Textures/T_CobbleStone_Smooth_M.uasset" 1700
"/Users/jackwood/Documents/GitHub/Biplo--Studio-Roomba/Biplo--Studio-Roomba/Content/StarterContent/Textures/T_CobbleStone_Smooth_N.uasset" 1701
"/Users/jackwood/Documents/GitHub/Biplo--Studio-Roomba/Biplo--Studio-Roomba/Content/StarterContent/Textures/T_CobbleStone_Smooth_N.ubulk" 1702
"/Users/jackwood/Documents/GitHub/Biplo--Studio-Roomba/Biplo--Studio-Roomba/Content/StarterContent/Textures/T_CobbleStone_Smooth_N.uexp" 1703
"/Users/jackwood/Documents/GitHub/Biplo--Studio-Roomba/Biplo--Studio-Roomba/Content/StarterContent/Materials/M_CobbleStone_Smooth.uexp" 1704
"/Users/jackwood/Documents/GitHub/Biplo--Studio-Roomba/Biplo--Studio-Roomba/Content/StarterContent/Materials/M_CobbleStone_Smooth.uasset" 1705
"/Users/jackwood/Documents/GitHub/Biplo--Studio-Roomba/Biplo--Studio-Roomba/Content/StarterContent/Textures/T_Rock_Basalt_N.uasset" 1706
"/Users/jackwood/Documents/GitHub/Biplo--Studio-Roomba/Biplo--Studio-Roomba/Content/StarterContent/Textures/T_Rock_Basalt_N.uexp" 1707
"/Users/jackwood/Documents/GitHub/Biplo--Studio-Roomba/Biplo--Studio-Roomba/Content/StarterContent/Textures/T_Rock_Basalt_N.ubulk" 1708
"/Users/jackwood/Documents/GitHub/Biplo--Studio-Roomba/Biplo--Studio-Roomba/Content/StarterContent/Materials/M_Rock_Basalt.uasset" 1709
"/Users/jackwood/Documents/GitHub/Biplo--Studio-Roomba/Biplo--Studio-Roomba/Content/StarterContent/Materials/M_Rock_Basalt.uexp" 1710
"/Users/jackwood/Documents/GitHub/Biplo--Studio-Roomba/Biplo--Studio-Roomba/Content/StarterContent/Textures/T_Concrete_Tiles_Variation_M.uexp" 1711
"/Users/jackwood/Documents/GitHub/Biplo--Studio-Roomba/Biplo--Studio-Roomba/Content/StarterContent/Textures/T_Concrete_Tiles_Variation_M.uasset" 1712
"/Users/jackwood/Documents/GitHub/Biplo--Studio-Roomba/Biplo--Studio-Roomba/Content/StarterContent/Textures/T_Concrete_Tiles_Variation_M.ubulk" 1713
"/Users/jackwood/Documents/GitHub/Biplo--Studio-Roomba/Biplo--Studio-Roomba/Content/StarterContent/Textures/T_Concrete_Tiles_D.uexp" 1714
"/Users/jackwood/Documents/GitHub/Biplo--Studio-Roomba/Biplo--Studio-Roomba/Content/StarterContent/Textures/T_Concrete_Tiles_D.uasset" 1715
"/Users/jackwood/Documents/GitHub/Biplo--Studio-Roomba/Biplo--Studio-Roomba/Content/StarterContent/Textures/T_Concrete_Tiles_D.ubulk" 1716
"/Users/jackwood/Documents/GitHub/Biplo--Studio-Roomba/Biplo--Studio-Roomba/Content/StarterContent/Textures/T_Concrete_Tiles_M.uexp" 1717
"/Users/jackwood/Documents/GitHub/Biplo--Studio-Roomba/Biplo--Studio-Roomba/Content/StarterContent/Textures/T_Concrete_Tiles_M.ubulk" 1718
"/Users/jackwood/Documents/GitHub/Biplo--Studio-Roomba/Biplo--Studio-Roomba/Content/StarterContent/Textures/T_Concrete_Tiles_M.uasset" 1719
"/Users/jackwood/Documents/GitHub/Biplo--Studio-Roomba/Biplo--Studio-Roomba/Content/StarterContent/Textures/T_Concrete_Tiles_N.ubulk" 1720
"/Users/jackwood/Documents/GitHub/Biplo--Studio-Roomba/Biplo--Studio-Roomba/Content/StarterContent/Textures/T_Concrete_Tiles_N.uasset" 1721
"/Users/jackwood/Documents/GitHub/Biplo--Studio-Roomba/Biplo--Studio-Roomba/Content/StarterContent/Textures/T_Concrete_Tiles_N.uexp" 1722
"/Users/jackwood/Documents/GitHub/Biplo--Studio-Roomba/Biplo--Studio-Roomba/Content/StarterContent/Materials/M_Concrete_Tiles.uexp" 1723
"/Users/jackwood/Documents/GitHub/Biplo--Studio-Roomba/Biplo--Studio-Roomba/Content/StarterContent/Materials/M_Concrete_Tiles.uasset" 1724
"/Users/jackwood/Documents/GitHub/Biplo--Studio-Roomba/Biplo--Studio-Roomba/Content/StarterContent/Props/MaterialSphere.ubulk" 1725
"/Users/jackwood/Documents/GitHub/Biplo--Studio-Roomba/Biplo--Studio-Roomba/Content/StarterContent/Props/MaterialSphere.uasset" 1726
"/Users/jackwood/Documents/GitHub/Biplo--Studio-Roomba/Biplo--Studio-Roomba/Content/StarterContent/Props/MaterialSphere.uexp" 1727
"/Users/jackwood/Documents/GitHub/Biplo--Studio-Roomba/Biplo--Studio-Roomba/Content/StarterContent/Textures/T_Metal_Rust_N.ubulk" 1728
"/Users/jackwood/Documents/GitHub/Biplo--Studio-Roomba/Biplo--Studio-Roomba/Content/StarterContent/Textures/T_Metal_Rust_N.uexp" 1729
"/Users/jackwood/Documents/GitHub/Biplo--Studio-Roomba/Biplo--Studio-Roomba/Content/StarterContent/Textures/T_Metal_Rust_N.uasset" 1730
"/Users/jackwood/Documents/GitHub/Biplo--Studio-Roomba/Biplo--Studio-Roomba/Content/StarterContent/Textures/T_Metal_Rust_D.uasset" 1731
"/Users/jackwood/Documents/GitHub/Biplo--Studio-Roomba/Biplo--Studio-Roomba/Content/StarterContent/Textures/T_Metal_Rust_D.uexp" 1732
"/Users/jackwood/Documents/GitHub/Biplo--Studio-Roomba/Biplo--Studio-Roomba/Content/StarterContent/Textures/T_Metal_Rust_D.ubulk" 1733
"/Users/jackwood/Documents/GitHub/Biplo--Studio-Roomba/Biplo--Studio-Roomba/Content/StarterContent/Materials/M_Metal_Rust.uasset" 1734
"/Users/jackwood/Documents/GitHub/Biplo--Studio-Roomba/Biplo--Studio-Roomba/Content/StarterContent/Materials/M_Metal_Rust.uexp" 1735
"/Users/jackwood/Documents/GitHub/Biplo--Studio-Roomba/Biplo--Studio-Roomba/Content/StarterContent/Textures/T_Rock_Slate_D.uexp" 1736
"/Users/jackwood/Documents/GitHub/Biplo--Studio-Roomba/Biplo--Studio-Roomba/Content/StarterContent/Textures/T_Rock_Slate_D.ubulk" 1737
"/Users/jackwood/Documents/GitHub/Biplo--Studio-Roomba/Biplo--Studio-Roomba/Content/StarterContent/Textures/T_Rock_Slate_D.uasset" 1738
"/Users/jackwood/Documents/GitHub/Biplo--Studio-Roomba/Biplo--Studio-Roomba/Content/StarterContent/Textures/T_Rock_Slate_N.ubulk" 1739
"/Users/jackwood/Documents/GitHub/Biplo--Studio-Roomba/Biplo--Studio-Roomba/Content/StarterContent/Textures/T_Rock_Slate_N.uexp" 1740
"/Users/jackwood/Documents/GitHub/Biplo--Studio-Roomba/Biplo--Studio-Roomba/Content/StarterContent/Textures/T_Rock_Slate_N.uasset" 1741
"/Users/jackwood/Documents/GitHub/Biplo--Studio-Roomba/Biplo--Studio-Roomba/Content/StarterContent/Materials/M_Rock_Slate.uexp" 1742
"/Users/jackwood/Documents/GitHub/Biplo--Studio-Roomba/Biplo--Studio-Roomba/Content/StarterContent/Materials/M_Rock_Slate.uasset" 1743
"/Users/jackwood/Documents/GitHub/Biplo--Studio-Roomba/Biplo--Studio-Roomba/Content/StarterContent/Textures/T_Concrete_Poured_D.uasset" 1744
"/Users/jackwood/Documents/GitHub/Biplo--Studio-Roomba/Biplo--Studio-Roomba/Content/StarterContent/Textures/T_Concrete_Poured_D.ubulk" 1745
"/Users/jackwood/Documents/GitHub/Biplo--Studio-Roomba/Biplo--Studio-Roomba/Content/StarterContent/Textures/T_Concrete_Poured_D.uexp" 1746
"/Users/jackwood/Documents/GitHub/Biplo--Studio-Roomba/Biplo--Studio-Roomba/Content/StarterContent/Textures/T_Concrete_Poured_N.ubulk" 1747
"/Users/jackwood/Documents/GitHub/Biplo--Studio-Roomba/Biplo--Studio-Roomba/Content/StarterContent/Textures/T_Concrete_Poured_N.uasset" 1748
"/Users/jackwood/Documents/GitHub/Biplo--Studio-Roomba/Biplo--Studio-Roomba/Content/StarterContent/Textures/T_Concrete_Poured_N.uexp" 1749
"/Users/jackwood/Documents/GitHub/Biplo--Studio-Roomba/Biplo--Studio-Roomba/Content/StarterContent/Materials/M_Concrete_Poured.uasset" 1750
"/Users/jackwood/Documents/GitHub/Biplo--Studio-Roomba/Biplo--Studio-Roomba/Content/StarterContent/Materials/M_Concrete_Poured.uexp" 1751
"/Users/jackwood/Documents/GitHub/Biplo--Studio-Roomba/Biplo--Studio-Roomba/Content/StarterContent/Textures/T_Brick_Clay_Beveled_M.uasset" 1752
"/Users/jackwood/Documents/GitHub/Biplo--Studio-Roomba/Biplo--Studio-Roomba/Content/StarterContent/Textures/T_Brick_Clay_Beveled_M.uexp" 1753
"/Users/jackwood/Documents/GitHub/Biplo--Studio-Roomba/Biplo--Studio-Roomba/Content/StarterContent/Textures/T_Brick_Clay_Beveled_M.ubulk" 1754
"/Users/jackwood/Documents/GitHub/Biplo--Studio-Roomba/Biplo--Studio-Roomba/Content/StarterContent/Textures/T_Brick_Clay_Beveled_N.uasset" 1755
"/Users/jackwood/Documents/GitHub/Biplo--Studio-Roomba/Biplo--Studio-Roomba/Content/StarterContent/Textures/T_Brick_Clay_Beveled_N.uexp" 1756
"/Users/jackwood/Documents/GitHub/Biplo--Studio-Roomba/Biplo--Studio-Roomba/Content/StarterContent/Textures/T_Brick_Clay_Beveled_N.ubulk" 1757
"/Users/jackwood/Documents/GitHub/Biplo--Studio-Roomba/Biplo--Studio-Roomba/Content/StarterContent/Textures/T_Brick_Clay_Beveled_D.ubulk" 1758
"/Users/jackwood/Documents/GitHub/Biplo--Studio-Roomba/Biplo--Studio-Roomba/Content/StarterContent/Textures/T_Brick_Clay_Beveled_D.uasset" 1759
"/Users/jackwood/Documents/GitHub/Biplo--Studio-Roomba/Biplo--Studio-Roomba/Content/StarterContent/Textures/T_Brick_Clay_Beveled_D.uexp" 1760
"/Users/jackwood/Documents/GitHub/Biplo--Studio-Roomba/Biplo--Studio-Roomba/Content/StarterContent/Materials/M_Brick_Clay_Beveled.uasset" 1761
"/Users/jackwood/Documents/GitHub/Biplo--Studio-Roomba/Biplo--Studio-Roomba/Content/StarterContent/Materials/M_Brick_Clay_Beveled.uexp" 1762
"/Users/jackwood/Documents/GitHub/Biplo--Studio-Roomba/Biplo--Studio-Roomba/Content/StarterContent/Textures/T_Tech_Hex_Tile_M.uasset" 1763
"/Users/jackwood/Documents/GitHub/Biplo--Studio-Roomba/Biplo--Studio-Roomba/Content/StarterContent/Textures/T_Tech_Hex_Tile_M.ubulk" 1764
"/Users/jackwood/Documents/GitHub/Biplo--Studio-Roomba/Biplo--Studio-Roomba/Content/StarterContent/Textures/T_Tech_Hex_Tile_M.uexp" 1765
"/Users/jackwood/Documents/GitHub/Biplo--Studio-Roomba/Biplo--Studio-Roomba/Content/StarterContent/Textures/T_Tech_Hex_Tile_N.uexp" 1766
"/Users/jackwood/Documents/GitHub/Biplo--Studio-Roomba/Biplo--Studio-Roomba/Content/StarterContent/Textures/T_Tech_Hex_Tile_N.ubulk" 1767
"/Users/jackwood/Documents/GitHub/Biplo--Studio-Roomba/Biplo--Studio-Roomba/Content/StarterContent/Textures/T_Tech_Hex_Tile_N.uasset" 1768
"/Users/jackwood/Documents/GitHub/Biplo--Studio-Roomba/Biplo--Studio-Roomba/Content/StarterContent/Materials/M_Tech_Hex_Tile.uexp" 1769
"/Users/jackwood/Documents/GitHub/Biplo--Studio-Roomba/Biplo--Studio-Roomba/Content/StarterContent/Materials/M_Tech_Hex_Tile.uasset" 1770
"../../../Engine/Content/Functions/Engine_MaterialFunctions01/Opacity/AlphaOffset.uasset" 1771
"../../../Engine/Content/Functions/Engine_MaterialFunctions01/Opacity/AlphaOffset.uexp" 1772
"/Users/jackwood/Documents/GitHub/Biplo--Studio-Roomba/Biplo--Studio-Roomba/Content/StarterContent/Textures/T_Wood_Floor_Walnut_M.uexp" 1773
"/Users/jackwood/Documents/GitHub/Biplo--Studio-Roomba/Biplo--Studio-Roomba/Content/StarterContent/Textures/T_Wood_Floor_Walnut_M.uasset" 1774
"/Users/jackwood/Documents/GitHub/Biplo--Studio-Roomba/Biplo--Studio-Roomba/Content/StarterContent/Textures/T_Wood_Floor_Walnut_M.ubulk" 1775
"/Users/jackwood/Documents/GitHub/Biplo--Studio-Roomba/Biplo--Studio-Roomba/Content/StarterContent/Textures/T_Wood_Floor_Walnut_D.uexp" 1776
"/Users/jackwood/Documents/GitHub/Biplo--Studio-Roomba/Biplo--Studio-Roomba/Content/StarterContent/Textures/T_Wood_Floor_Walnut_D.ubulk" 1777
"/Users/jackwood/Documents/GitHub/Biplo--Studio-Roomba/Biplo--Studio-Roomba/Content/StarterContent/Textures/T_Wood_Floor_Walnut_D.uasset" 1778
"/Users/jackwood/Documents/GitHub/Biplo--Studio-Roomba/Biplo--Studio-Roomba/Content/StarterContent/Textures/T_Wood_Floor_Walnut_N.ubulk" 1779
"/Users/jackwood/Documents/GitHub/Biplo--Studio-Roomba/Biplo--Studio-Roomba/Content/StarterContent/Textures/T_Wood_Floor_Walnut_N.uasset" 1780
"/Users/jackwood/Documents/GitHub/Biplo--Studio-Roomba/Biplo--Studio-Roomba/Content/StarterContent/Textures/T_Wood_Floor_Walnut_N.uexp" 1781
"/Users/jackwood/Documents/GitHub/Biplo--Studio-Roomba/Biplo--Studio-Roomba/Content/StarterContent/Materials/M_Wood_Floor_Walnut_Worn.uasset" 1782
"/Users/jackwood/Documents/GitHub/Biplo--Studio-Roomba/Biplo--Studio-Roomba/Content/StarterContent/Materials/M_Wood_Floor_Walnut_Worn.uexp" 1783
"/Users/jackwood/Documents/GitHub/Biplo--Studio-Roomba/Biplo--Studio-Roomba/Content/StarterContent/Textures/T_Ground_Gravel_N.uexp" 1784
"/Users/jackwood/Documents/GitHub/Biplo--Studio-Roomba/Biplo--Studio-Roomba/Content/StarterContent/Textures/T_Ground_Gravel_N.uasset" 1785
"/Users/jackwood/Documents/GitHub/Biplo--Studio-Roomba/Biplo--Studio-Roomba/Content/StarterContent/Textures/T_Ground_Gravel_N.ubulk" 1786
"/Users/jackwood/Documents/GitHub/Biplo--Studio-Roomba/Biplo--Studio-Roomba/Content/StarterContent/Textures/T_Ground_Gravel_D.ubulk" 1787
"/Users/jackwood/Documents/GitHub/Biplo--Studio-Roomba/Biplo--Studio-Roomba/Content/StarterContent/Textures/T_Ground_Gravel_D.uexp" 1788
"/Users/jackwood/Documents/GitHub/Biplo--Studio-Roomba/Biplo--Studio-Roomba/Content/StarterContent/Textures/T_Ground_Gravel_D.uasset" 1789
"/Users/jackwood/Documents/GitHub/Biplo--Studio-Roomba/Biplo--Studio-Roomba/Content/StarterContent/Materials/M_Ground_Gravel.uasset" 1790
"/Users/jackwood/Documents/GitHub/Biplo--Studio-Roomba/Biplo--Studio-Roomba/Content/StarterContent/Materials/M_Ground_Gravel.uexp" 1791
"/Users/jackwood/Documents/GitHub/Biplo--Studio-Roomba/Biplo--Studio-Roomba/Content/StarterContent/Audio/Steam01_Cue.uexp" 1792
"/Users/jackwood/Documents/GitHub/Biplo--Studio-Roomba/Biplo--Studio-Roomba/Content/StarterContent/Audio/Steam01_Cue.uasset" 1793
"/Users/jackwood/Documents/GitHub/Biplo--Studio-Roomba/Biplo--Studio-Roomba/Content/StarterContent/Particles/P_Steam_Lit.uexp" 1794
"/Users/jackwood/Documents/GitHub/Biplo--Studio-Roomba/Biplo--Studio-Roomba/Content/StarterContent/Particles/P_Steam_Lit.uasset" 1795
"/Users/jackwood/Documents/GitHub/Biplo--Studio-Roomba/Biplo--Studio-Roomba/Content/StarterContent/Blueprints/Blueprint_Effect_Steam.uexp" 1796
"/Users/jackwood/Documents/GitHub/Biplo--Studio-Roomba/Biplo--Studio-Roomba/Content/StarterContent/Blueprints/Blueprint_Effect_Steam.uasset" 1797
"/Users/jackwood/Documents/GitHub/Biplo--Studio-Roomba/Biplo--Studio-Roomba/Content/StarterContent/Audio/Fire_Sparks01_Cue.uasset" 1798
"/Users/jackwood/Documents/GitHub/Biplo--Studio-Roomba/Biplo--Studio-Roomba/Content/StarterContent/Audio/Fire_Sparks01_Cue.uexp" 1799
"/Users/jackwood/Documents/GitHub/Biplo--Studio-Roomba/Biplo--Studio-Roomba/Content/StarterContent/Textures/T_Spark_Core.uexp" 1800
"/Users/jackwood/Documents/GitHub/Biplo--Studio-Roomba/Biplo--Studio-Roomba/Content/StarterContent/Textures/T_Spark_Core.uasset" 1801
"/Users/jackwood/Documents/GitHub/Biplo--Studio-Roomba/Biplo--Studio-Roomba/Content/StarterContent/Textures/T_Spark_Core.ubulk" 1802
"/Users/jackwood/Documents/GitHub/Biplo--Studio-Roomba/Biplo--Studio-Roomba/Content/StarterContent/Particles/Materials/M_Spark.uexp" 1803
"/Users/jackwood/Documents/GitHub/Biplo--Studio-Roomba/Biplo--Studio-Roomba/Content/StarterContent/Particles/Materials/M_Spark.uasset" 1804
"/Users/jackwood/Documents/GitHub/Biplo--Studio-Roomba/Biplo--Studio-Roomba/Content/StarterContent/Particles/Materials/M_Radial_Gradient.uexp" 1805
"/Users/jackwood/Documents/GitHub/Biplo--Studio-Roomba/Biplo--Studio-Roomba/Content/StarterContent/Particles/Materials/M_Radial_Gradient.uasset" 1806
"/Users/jackwood/Documents/GitHub/Biplo--Studio-Roomba/Biplo--Studio-Roomba/Content/StarterContent/Particles/P_Sparks.uasset" 1807
"/Users/jackwood/Documents/GitHub/Biplo--Studio-Roomba/Biplo--Studio-Roomba/Content/StarterContent/Particles/P_Sparks.uexp" 1808
"/Users/jackwood/Documents/GitHub/Biplo--Studio-Roomba/Biplo--Studio-Roomba/Content/StarterContent/Blueprints/Blueprint_Effect_Sparks.uexp" 1809
"/Users/jackwood/Documents/GitHub/Biplo--Studio-Roomba/Biplo--Studio-Roomba/Content/StarterContent/Blueprints/Blueprint_Effect_Sparks.uasset" 1810
"/Users/jackwood/Documents/GitHub/Biplo--Studio-Roomba/Biplo--Studio-Roomba/Content/StarterContent/Textures/T_Water_N.uasset" 1811
"/Users/jackwood/Documents/GitHub/Biplo--Studio-Roomba/Biplo--Studio-Roomba/Content/StarterContent/Textures/T_Water_N.uexp" 1812
"/Users/jackwood/Documents/GitHub/Biplo--Studio-Roomba/Biplo--Studio-Roomba/Content/StarterContent/Textures/T_Water_N.ubulk" 1813
"/Users/jackwood/Documents/GitHub/Biplo--Studio-Roomba/Biplo--Studio-Roomba/Content/StarterContent/Materials/M_Water_Lake.uasset" 1814
"/Users/jackwood/Documents/GitHub/Biplo--Studio-Roomba/Biplo--Studio-Roomba/Content/StarterContent/Materials/M_Water_Lake.uexp" 1815
"/Users/jackwood/Documents/GitHub/Biplo--Studio-Roomba/Biplo--Studio-Roomba/Content/StarterContent/Architecture/Wall_400x200.uasset" 1816
"/Users/jackwood/Documents/GitHub/Biplo--Studio-Roomba/Biplo--Studio-Roomba/Content/StarterContent/Architecture/Wall_400x200.ubulk" 1817
"/Users/jackwood/Documents/GitHub/Biplo--Studio-Roomba/Biplo--Studio-Roomba/Content/StarterContent/Architecture/Wall_400x200.uexp" 1818
"/Users/jackwood/Documents/GitHub/Biplo--Studio-Roomba/Biplo--Studio-Roomba/Content/StarterContent/Textures/T_Checker_Noise_M.uasset" 1819
"/Users/jackwood/Documents/GitHub/Biplo--Studio-Roomba/Biplo--Studio-Roomba/Content/StarterContent/Textures/T_Checker_Noise_M.ubulk" 1820
"/Users/jackwood/Documents/GitHub/Biplo--Studio-Roomba/Biplo--Studio-Roomba/Content/StarterContent/Textures/T_Checker_Noise_M.uexp" 1821
"/Users/jackwood/Documents/GitHub/Biplo--Studio-Roomba/Biplo--Studio-Roomba/Content/StarterContent/Textures/T_Tech_Dot_M.ubulk" 1822
"/Users/jackwood/Documents/GitHub/Biplo--Studio-Roomba/Biplo--Studio-Roomba/Content/StarterContent/Textures/T_Tech_Dot_M.uasset" 1823
"/Users/jackwood/Documents/GitHub/Biplo--Studio-Roomba/Biplo--Studio-Roomba/Content/StarterContent/Textures/T_Tech_Dot_M.uexp" 1824
"/Users/jackwood/Documents/GitHub/Biplo--Studio-Roomba/Biplo--Studio-Roomba/Content/StarterContent/Textures/T_Tech_Dot_N.ubulk" 1825
"/Users/jackwood/Documents/GitHub/Biplo--Studio-Roomba/Biplo--Studio-Roomba/Content/StarterContent/Textures/T_Tech_Dot_N.uexp" 1826
"/Users/jackwood/Documents/GitHub/Biplo--Studio-Roomba/Biplo--Studio-Roomba/Content/StarterContent/Textures/T_Tech_Dot_N.uasset" 1827
"/Users/jackwood/Documents/GitHub/Biplo--Studio-Roomba/Biplo--Studio-Roomba/Content/StarterContent/Textures/T_Single_Tile_N.uexp" 1828
"/Users/jackwood/Documents/GitHub/Biplo--Studio-Roomba/Biplo--Studio-Roomba/Content/StarterContent/Textures/T_Single_Tile_N.ubulk" 1829
"/Users/jackwood/Documents/GitHub/Biplo--Studio-Roomba/Biplo--Studio-Roomba/Content/StarterContent/Textures/T_Single_Tile_N.uasset" 1830
"/Users/jackwood/Documents/GitHub/Biplo--Studio-Roomba/Biplo--Studio-Roomba/Content/StarterContent/Materials/M_Tech_Checker_Dot.uexp" 1831
"/Users/jackwood/Documents/GitHub/Biplo--Studio-Roomba/Biplo--Studio-Roomba/Content/StarterContent/Materials/M_Tech_Checker_Dot.uasset" 1832
"/Users/jackwood/Documents/GitHub/Biplo--Studio-Roomba/Biplo--Studio-Roomba/Content/StarterContent/Props/SM_GlassWindow.uasset" 1833
"/Users/jackwood/Documents/GitHub/Biplo--Studio-Roomba/Biplo--Studio-Roomba/Content/StarterContent/Props/SM_GlassWindow.uexp" 1834
"/Users/jackwood/Documents/GitHub/Biplo--Studio-Roomba/Biplo--Studio-Roomba/Content/StarterContent/Props/SM_GlassWindow.ubulk" 1835
"/Users/jackwood/Documents/GitHub/Biplo--Studio-Roomba/Biplo--Studio-Roomba/Content/StarterContent/Materials/M_Rock_Marble_Polished.uasset" 1836
"/Users/jackwood/Documents/GitHub/Biplo--Studio-Roomba/Biplo--Studio-Roomba/Content/StarterContent/Materials/M_Rock_Marble_Polished.uexp" 1837
"/Users/jackwood/Documents/GitHub/Biplo--Studio-Roomba/Biplo--Studio-Roomba/Content/StarterContent/Textures/T_Concrete_Grime_D.uexp" 1838
"/Users/jackwood/Documents/GitHub/Biplo--Studio-Roomba/Biplo--Studio-Roomba/Content/StarterContent/Textures/T_Concrete_Grime_D.uasset" 1839
"/Users/jackwood/Documents/GitHub/Biplo--Studio-Roomba/Biplo--Studio-Roomba/Content/StarterContent/Textures/T_Concrete_Grime_D.ubulk" 1840
"/Users/jackwood/Documents/GitHub/Biplo--Studio-Roomba/Biplo--Studio-Roomba/Content/StarterContent/Materials/M_Concrete_Grime.uexp" 1841
"/Users/jackwood/Documents/GitHub/Biplo--Studio-Roomba/Biplo--Studio-Roomba/Content/StarterContent/Materials/M_Concrete_Grime.uasset" 1842
"/Users/jackwood/Documents/GitHub/Biplo--Studio-Roomba/Biplo--Studio-Roomba/Content/StarterContent/Textures/T_Rock_Sandstone_N.uexp" 1843
"/Users/jackwood/Documents/GitHub/Biplo--Studio-Roomba/Biplo--Studio-Roomba/Content/StarterContent/Textures/T_Rock_Sandstone_N.uasset" 1844
"/Users/jackwood/Documents/GitHub/Biplo--Studio-Roomba/Biplo--Studio-Roomba/Content/StarterContent/Textures/T_Rock_Sandstone_N.ubulk" 1845
"/Users/jackwood/Documents/GitHub/Biplo--Studio-Roomba/Biplo--Studio-Roomba/Content/StarterContent/Textures/T_Rock_Sandstone_D.uexp" 1846
"/Users/jackwood/Documents/GitHub/Biplo--Studio-Roomba/Biplo--Studio-Roomba/Content/StarterContent/Textures/T_Rock_Sandstone_D.ubulk" 1847
"/Users/jackwood/Documents/GitHub/Biplo--Studio-Roomba/Biplo--Studio-Roomba/Content/StarterContent/Textures/T_Rock_Sandstone_D.uasset" 1848
"/Users/jackwood/Documents/GitHub/Biplo--Studio-Roomba/Biplo--Studio-Roomba/Content/StarterContent/Materials/M_Rock_Sandstone.uexp" 1849
"/Users/jackwood/Documents/GitHub/Biplo--Studio-Roomba/Biplo--Studio-Roomba/Content/StarterContent/Materials/M_Rock_Sandstone.uasset" 1850
"/Users/jackwood/Documents/GitHub/Biplo--Studio-Roomba/Biplo--Studio-Roomba/Content/StarterContent/Textures/T_Wood_Walnut_N.uasset" 1851
"/Users/jackwood/Documents/GitHub/Biplo--Studio-Roomba/Biplo--Studio-Roomba/Content/StarterContent/Textures/T_Wood_Walnut_N.uexp" 1852
"/Users/jackwood/Documents/GitHub/Biplo--Studio-Roomba/Biplo--Studio-Roomba/Content/StarterContent/Textures/T_Wood_Walnut_N.ubulk" 1853
"/Users/jackwood/Documents/GitHub/Biplo--Studio-Roomba/Biplo--Studio-Roomba/Content/StarterContent/Textures/T_Wood_Walnut_D.uexp" 1854
"/Users/jackwood/Documents/GitHub/Biplo--Studio-Roomba/Biplo--Studio-Roomba/Content/StarterContent/Textures/T_Wood_Walnut_D.ubulk" 1855
"/Users/jackwood/Documents/GitHub/Biplo--Studio-Roomba/Biplo--Studio-Roomba/Content/StarterContent/Textures/T_Wood_Walnut_D.uasset" 1856
"/Users/jackwood/Documents/GitHub/Biplo--Studio-Roomba/Biplo--Studio-Roomba/Content/StarterContent/Materials/M_Wood_Walnut.uexp" 1857
"/Users/jackwood/Documents/GitHub/Biplo--Studio-Roomba/Biplo--Studio-Roomba/Content/StarterContent/Materials/M_Wood_Walnut.uasset" 1858
"/Users/jackwood/Documents/GitHub/Biplo--Studio-Roomba/Biplo--Studio-Roomba/Content/StarterContent/Audio/Collapse_Cue.uasset" 1859
"/Users/jackwood/Documents/GitHub/Biplo--Studio-Roomba/Biplo--Studio-Roomba/Content/StarterContent/Audio/Collapse_Cue.uexp" 1860
"/Users/jackwood/Documents/GitHub/Biplo--Studio-Roomba/Biplo--Studio-Roomba/Content/StarterContent/Textures/T_Brick_Cut_Stone_N.uexp" 1861
"/Users/jackwood/Documents/GitHub/Biplo--Studio-Roomba/Biplo--Studio-Roomba/Content/StarterContent/Textures/T_Brick_Cut_Stone_N.ubulk" 1862
"/Users/jackwood/Documents/GitHub/Biplo--Studio-Roomba/Biplo--Studio-Roomba/Content/StarterContent/Textures/T_Brick_Cut_Stone_N.uasset" 1863
"/Users/jackwood/Documents/GitHub/Biplo--Studio-Roomba/Biplo--Studio-Roomba/Content/StarterContent/Textures/T_Brick_Cut_Stone_D.ubulk" 1864
"/Users/jackwood/Documents/GitHub/Biplo--Studio-Roomba/Biplo--Studio-Roomba/Content/StarterContent/Textures/T_Brick_Cut_Stone_D.uasset" 1865
"/Users/jackwood/Documents/GitHub/Biplo--Studio-Roomba/Biplo--Studio-Roomba/Content/StarterContent/Textures/T_Brick_Cut_Stone_D.uexp" 1866
"/Users/jackwood/Documents/GitHub/Biplo--Studio-Roomba/Biplo--Studio-Roomba/Content/StarterContent/Materials/M_Brick_Cut_Stone.uasset" 1867
"/Users/jackwood/Documents/GitHub/Biplo--Studio-Roomba/Biplo--Studio-Roomba/Content/StarterContent/Materials/M_Brick_Cut_Stone.uexp" 1868
"/Users/jackwood/Documents/GitHub/Biplo--Studio-Roomba/Biplo--Studio-Roomba/Content/StarterContent/Textures/T_Dust_Particle_D.uasset" 1869
"/Users/jackwood/Documents/GitHub/Biplo--Studio-Roomba/Biplo--Studio-Roomba/Content/StarterContent/Textures/T_Dust_Particle_D.ubulk" 1870
"/Users/jackwood/Documents/GitHub/Biplo--Studio-Roomba/Biplo--Studio-Roomba/Content/StarterContent/Textures/T_Dust_Particle_D.uexp" 1871
"/Users/jackwood/Documents/GitHub/Biplo--Studio-Roomba/Biplo--Studio-Roomba/Content/StarterContent/Particles/Materials/M_Dust_Particle.uasset" 1872
"/Users/jackwood/Documents/GitHub/Biplo--Studio-Roomba/Biplo--Studio-Roomba/Content/StarterContent/Particles/Materials/M_Dust_Particle.uexp" 1873
"/Users/jackwood/Documents/GitHub/Biplo--Studio-Roomba/Biplo--Studio-Roomba/Content/StarterContent/Particles/P_Ambient_Dust.uasset" 1874
"/Users/jackwood/Documents/GitHub/Biplo--Studio-Roomba/Biplo--Studio-Roomba/Content/StarterContent/Particles/P_Ambient_Dust.uexp" 1875
"/Users/jackwood/Documents/GitHub/Biplo--Studio-Roomba/Biplo--Studio-Roomba/Content/StarterContent/Props/SM_WindowFrame.ubulk" 1876
"/Users/jackwood/Documents/GitHub/Biplo--Studio-Roomba/Biplo--Studio-Roomba/Content/StarterContent/Props/SM_WindowFrame.uexp" 1877
"/Users/jackwood/Documents/GitHub/Biplo--Studio-Roomba/Biplo--Studio-Roomba/Content/StarterContent/Props/SM_WindowFrame.uasset" 1878
"/Users/jackwood/Documents/GitHub/Biplo--Studio-Roomba/Biplo--Studio-Roomba/Content/StarterContent/Textures/T_Metal_Copper_D.uexp" 1879
"/Users/jackwood/Documents/GitHub/Biplo--Studio-Roomba/Biplo--Studio-Roomba/Content/StarterContent/Textures/T_Metal_Copper_D.ubulk" 1880
"/Users/jackwood/Documents/GitHub/Biplo--Studio-Roomba/Biplo--Studio-Roomba/Content/StarterContent/Textures/T_Metal_Copper_D.uasset" 1881
"/Users/jackwood/Documents/GitHub/Biplo--Studio-Roomba/Biplo--Studio-Roomba/Content/StarterContent/Materials/M_Metal_Copper.uasset" 1882
"/Users/jackwood/Documents/GitHub/Biplo--Studio-Roomba/Biplo--Studio-Roomba/Content/StarterContent/Materials/M_Metal_Copper.uexp" 1883
"/Users/jackwood/Documents/GitHub/Biplo--Studio-Roomba/Biplo--Studio-Roomba/Content/StarterContent/Textures/T_Water_M.uexp" 1884
"/Users/jackwood/Documents/GitHub/Biplo--Studio-Roomba/Biplo--Studio-Roomba/Content/StarterContent/Textures/T_Water_M.ubulk" 1885
"/Users/jackwood/Documents/GitHub/Biplo--Studio-Roomba/Biplo--Studio-Roomba/Content/StarterContent/Textures/T_Water_M.uasset" 1886
"/Users/jackwood/Documents/GitHub/Biplo--Studio-Roomba/Biplo--Studio-Roomba/Content/StarterContent/Materials/M_Water_Ocean.uasset" 1887
"/Users/jackwood/Documents/GitHub/Biplo--Studio-Roomba/Biplo--Studio-Roomba/Content/StarterContent/Materials/M_Water_Ocean.uexp" 1888
"/Users/jackwood/Documents/GitHub/Biplo--Studio-Roomba/Biplo--Studio-Roomba/Content/StarterContent/Textures/T_CobbleStone_Pebble_N.uexp" 1889
"/Users/jackwood/Documents/GitHub/Biplo--Studio-Roomba/Biplo--Studio-Roomba/Content/StarterContent/Textures/T_CobbleStone_Pebble_N.uasset" 1890
"/Users/jackwood/Documents/GitHub/Biplo--Studio-Roomba/Biplo--Studio-Roomba/Content/StarterContent/Textures/T_CobbleStone_Pebble_N.ubulk" 1891
"/Users/jackwood/Documents/GitHub/Biplo--Studio-Roomba/Biplo--Studio-Roomba/Content/StarterContent/Textures/T_CobbleStone_Pebble_M.ubulk" 1892
"/Users/jackwood/Documents/GitHub/Biplo--Studio-Roomba/Biplo--Studio-Roomba/Content/StarterContent/Textures/T_CobbleStone_Pebble_M.uexp" 1893
"/Users/jackwood/Documents/GitHub/Biplo--Studio-Roomba/Biplo--Studio-Roomba/Content/StarterContent/Textures/T_CobbleStone_Pebble_M.uasset" 1894
"/Users/jackwood/Documents/GitHub/Biplo--Studio-Roomba/Biplo--Studio-Roomba/Content/StarterContent/Textures/T_CobbleStone_Pebble_D.ubulk" 1895
"/Users/jackwood/Documents/GitHub/Biplo--Studio-Roomba/Biplo--Studio-Roomba/Content/StarterContent/Textures/T_CobbleStone_Pebble_D.uasset" 1896
"/Users/jackwood/Documents/GitHub/Biplo--Studio-Roomba/Biplo--Studio-Roomba/Content/StarterContent/Textures/T_CobbleStone_Pebble_D.uexp" 1897
"/Users/jackwood/Documents/GitHub/Biplo--Studio-Roomba/Biplo--Studio-Roomba/Content/StarterContent/Materials/M_CobbleStone_Pebble.uexp" 1898
"/Users/jackwood/Documents/GitHub/Biplo--Studio-Roomba/Biplo--Studio-Roomba/Content/StarterContent/Materials/M_CobbleStone_Pebble.uasset" 1899
"/Users/jackwood/Documents/GitHub/Biplo--Studio-Roomba/Biplo--Studio-Roomba/Content/StarterContent/Textures/T_Metal_Steel_D.uasset" 1900
"/Users/jackwood/Documents/GitHub/Biplo--Studio-Roomba/Biplo--Studio-Roomba/Content/StarterContent/Textures/T_Metal_Steel_D.ubulk" 1901
"/Users/jackwood/Documents/GitHub/Biplo--Studio-Roomba/Biplo--Studio-Roomba/Content/StarterContent/Textures/T_Metal_Steel_D.uexp" 1902
"/Users/jackwood/Documents/GitHub/Biplo--Studio-Roomba/Biplo--Studio-Roomba/Content/StarterContent/Textures/T_Metal_Steel_N.ubulk" 1903
"/Users/jackwood/Documents/GitHub/Biplo--Studio-Roomba/Biplo--Studio-Roomba/Content/StarterContent/Textures/T_Metal_Steel_N.uexp" 1904
"/Users/jackwood/Documents/GitHub/Biplo--Studio-Roomba/Biplo--Studio-Roomba/Content/StarterContent/Textures/T_Metal_Steel_N.uasset" 1905
"/Users/jackwood/Documents/GitHub/Biplo--Studio-Roomba/Biplo--Studio-Roomba/Content/StarterContent/Materials/M_Metal_Steel.uasset" 1906
"/Users/jackwood/Documents/GitHub/Biplo--Studio-Roomba/Biplo--Studio-Roomba/Content/StarterContent/Materials/M_Metal_Steel.uexp" 1907
"/Users/jackwood/Documents/GitHub/Biplo--Studio-Roomba/Biplo--Studio-Roomba/Content/StarterContent/Materials/M_Wood_Floor_Walnut_Polished.uasset" 1908
"/Users/jackwood/Documents/GitHub/Biplo--Studio-Roomba/Biplo--Studio-Roomba/Content/StarterContent/Materials/M_Wood_Floor_Walnut_Polished.uexp" 1909
"/Users/jackwood/Documents/GitHub/Biplo--Studio-Roomba/Biplo--Studio-Roomba/Content/StarterContent/Props/SM_Lamp_Wall.ubulk" 1910
"/Users/jackwood/Documents/GitHub/Biplo--Studio-Roomba/Biplo--Studio-Roomba/Content/StarterContent/Props/SM_Lamp_Wall.uexp" 1911
"/Users/jackwood/Documents/GitHub/Biplo--Studio-Roomba/Biplo--Studio-Roomba/Content/StarterContent/Props/SM_Lamp_Wall.uasset" 1912
"/Users/jackwood/Documents/GitHub/Biplo--Studio-Roomba/Biplo--Studio-Roomba/Content/StarterContent/Blueprints/Blueprint_WallSconce.uasset" 1913
"/Users/jackwood/Documents/GitHub/Biplo--Studio-Roomba/Biplo--Studio-Roomba/Content/StarterContent/Blueprints/Blueprint_WallSconce.uexp" 1914
"/Users/jackwood/Documents/GitHub/Biplo--Studio-Roomba/Biplo--Studio-Roomba/Content/StarterContent/Textures/T_Tech_Panel_N.uexp" 1915
"/Users/jackwood/Documents/GitHub/Biplo--Studio-Roomba/Biplo--Studio-Roomba/Content/StarterContent/Textures/T_Tech_Panel_N.uasset" 1916
"/Users/jackwood/Documents/GitHub/Biplo--Studio-Roomba/Biplo--Studio-Roomba/Content/StarterContent/Textures/T_Tech_Panel_N.ubulk" 1917
"/Users/jackwood/Documents/GitHub/Biplo--Studio-Roomba/Biplo--Studio-Roomba/Content/StarterContent/Textures/T_Tech_Panel_M.uasset" 1918
"/Users/jackwood/Documents/GitHub/Biplo--Studio-Roomba/Biplo--Studio-Roomba/Content/StarterContent/Textures/T_Tech_Panel_M.uexp" 1919
"/Users/jackwood/Documents/GitHub/Biplo--Studio-Roomba/Biplo--Studio-Roomba/Content/StarterContent/Textures/T_Tech_Panel_M.ubulk" 1920
"/Users/jackwood/Documents/GitHub/Biplo--Studio-Roomba/Biplo--Studio-Roomba/Content/StarterContent/Materials/M_Tech_Panel.uexp" 1921
"/Users/jackwood/Documents/GitHub/Biplo--Studio-Roomba/Biplo--Studio-Roomba/Content/StarterContent/Materials/M_Tech_Panel.uasset" 1922
"/Users/jackwood/Documents/GitHub/Biplo--Studio-Roomba/Biplo--Studio-Roomba/Content/StarterContent/Materials/M_Tech_Hex_Tile_Pulse.uasset" 1923
"/Users/jackwood/Documents/GitHub/Biplo--Studio-Roomba/Biplo--Studio-Roomba/Content/StarterContent/Materials/M_Tech_Hex_Tile_Pulse.uexp" 1924
"/Users/jackwood/Documents/GitHub/Biplo--Studio-Roomba/Biplo--Studio-Roomba/Content/StarterContent/Props/SM_PillarFrame.uexp" 1925
"/Users/jackwood/Documents/GitHub/Biplo--Studio-Roomba/Biplo--Studio-Roomba/Content/StarterContent/Props/SM_PillarFrame.uasset" 1926
"/Users/jackwood/Documents/GitHub/Biplo--Studio-Roomba/Biplo--Studio-Roomba/Content/StarterContent/Props/SM_PillarFrame.ubulk" 1927
"/Users/jackwood/Documents/GitHub/Biplo--Studio-Roomba/Biplo--Studio-Roomba/Content/StarterContent/Textures/T_Fire_Tiled_D.uasset" 1928
"/Users/jackwood/Documents/GitHub/Biplo--Studio-Roomba/Biplo--Studio-Roomba/Content/StarterContent/Textures/T_Fire_Tiled_D.uexp" 1929
"/Users/jackwood/Documents/GitHub/Biplo--Studio-Roomba/Biplo--Studio-Roomba/Content/StarterContent/Textures/T_Fire_Tiled_D.ubulk" 1930
"/Users/jackwood/Documents/GitHub/Biplo--Studio-Roomba/Biplo--Studio-Roomba/Content/StarterContent/Textures/T_Fire_SubUV.ubulk" 1931
"/Users/jackwood/Documents/GitHub/Biplo--Studio-Roomba/Biplo--Studio-Roomba/Content/StarterContent/Textures/T_Fire_SubUV.uexp" 1932
"/Users/jackwood/Documents/GitHub/Biplo--Studio-Roomba/Biplo--Studio-Roomba/Content/StarterContent/Textures/T_Fire_SubUV.uasset" 1933
"/Users/jackwood/Documents/GitHub/Biplo--Studio-Roomba/Biplo--Studio-Roomba/Content/StarterContent/Particles/Materials/M_Fire_SubUV.uasset" 1934
"/Users/jackwood/Documents/GitHub/Biplo--Studio-Roomba/Biplo--Studio-Roomba/Content/StarterContent/Particles/Materials/M_Fire_SubUV.uexp" 1935
"/Users/jackwood/Documents/GitHub/Biplo--Studio-Roomba/Biplo--Studio-Roomba/Content/StarterContent/Particles/Materials/M_Heat_Distortion.uasset" 1936
"/Users/jackwood/Documents/GitHub/Biplo--Studio-Roomba/Biplo--Studio-Roomba/Content/StarterContent/Particles/Materials/M_Heat_Distortion.uexp" 1937
"/Users/jackwood/Documents/GitHub/Biplo--Studio-Roomba/Biplo--Studio-Roomba/Content/StarterContent/Particles/P_Fire.uasset" 1938
"/Users/jackwood/Documents/GitHub/Biplo--Studio-Roomba/Biplo--Studio-Roomba/Content/StarterContent/Particles/P_Fire.uexp" 1939
"/Users/jackwood/Documents/GitHub/Biplo--Studio-Roomba/Biplo--Studio-Roomba/Content/StarterContent/Audio/Fire01_Cue.uasset" 1940
"/Users/jackwood/Documents/GitHub/Biplo--Studio-Roomba/Biplo--Studio-Roomba/Content/StarterContent/Audio/Fire01_Cue.uexp" 1941
"/Users/jackwood/Documents/GitHub/Biplo--Studio-Roomba/Biplo--Studio-Roomba/Content/StarterContent/Blueprints/Blueprint_Effect_Fire.uexp" 1942
"/Users/jackwood/Documents/GitHub/Biplo--Studio-Roomba/Biplo--Studio-Roomba/Content/StarterContent/Blueprints/Blueprint_Effect_Fire.uasset" 1943
"/Users/jackwood/Documents/GitHub/Biplo--Studio-Roomba/Biplo--Studio-Roomba/Content/StarterContent/Architecture/Wall_Window_400x300.uasset" 1944
"/Users/jackwood/Documents/GitHub/Biplo--Studio-Roomba/Biplo--Studio-Roomba/Content/StarterContent/Architecture/Wall_Window_400x300.ubulk" 1945
"/Users/jackwood/Documents/GitHub/Biplo--Studio-Roomba/Biplo--Studio-Roomba/Content/StarterContent/Architecture/Wall_Window_400x300.uexp" 1946
"/Users/jackwood/Documents/GitHub/Biplo--Studio-Roomba/Biplo--Studio-Roomba/Content/StarterContent/Textures/T_Brick_Hewn_Stone_N.ubulk" 1947
"/Users/jackwood/Documents/GitHub/Biplo--Studio-Roomba/Biplo--Studio-Roomba/Content/StarterContent/Textures/T_Brick_Hewn_Stone_N.uasset" 1948
"/Users/jackwood/Documents/GitHub/Biplo--Studio-Roomba/Biplo--Studio-Roomba/Content/StarterContent/Textures/T_Brick_Hewn_Stone_N.uexp" 1949
"/Users/jackwood/Documents/GitHub/Biplo--Studio-Roomba/Biplo--Studio-Roomba/Content/StarterContent/Textures/T_Brick_Hewn_Stone_D.uexp" 1950
"/Users/jackwood/Documents/GitHub/Biplo--Studio-Roomba/Biplo--Studio-Roomba/Content/StarterContent/Textures/T_Brick_Hewn_Stone_D.ubulk" 1951
"/Users/jackwood/Documents/GitHub/Biplo--Studio-Roomba/Biplo--Studio-Roomba/Content/StarterContent/Textures/T_Brick_Hewn_Stone_D.uasset" 1952
"/Users/jackwood/Documents/GitHub/Biplo--Studio-Roomba/Biplo--Studio-Roomba/Content/StarterContent/Textures/T_Brick_Hewn_Stone_M.uexp" 1953
"/Users/jackwood/Documents/GitHub/Biplo--Studio-Roomba/Biplo--Studio-Roomba/Content/StarterContent/Textures/T_Brick_Hewn_Stone_M.uasset" 1954
"/Users/jackwood/Documents/GitHub/Biplo--Studio-Roomba/Biplo--Studio-Roomba/Content/StarterContent/Textures/T_Brick_Hewn_Stone_M.ubulk" 1955
"/Users/jackwood/Documents/GitHub/Biplo--Studio-Roomba/Biplo--Studio-Roomba/Content/StarterContent/Materials/M_Brick_Hewn_Stone.uasset" 1956
"/Users/jackwood/Documents/GitHub/Biplo--Studio-Roomba/Biplo--Studio-Roomba/Content/StarterContent/Materials/M_Brick_Hewn_Stone.uexp" 1957
"/Users/jackwood/Documents/GitHub/Biplo--Studio-Roomba/Biplo--Studio-Roomba/Content/StarterContent/Audio/Smoke01_Cue.uasset" 1958
"/Users/jackwood/Documents/GitHub/Biplo--Studio-Roomba/Biplo--Studio-Roomba/Content/StarterContent/Audio/Smoke01_Cue.uexp" 1959
"/Users/jackwood/Documents/GitHub/Biplo--Studio-Roomba/Biplo--Studio-Roomba/Content/StarterContent/Particles/P_Smoke.uexp" 1960
"/Users/jackwood/Documents/GitHub/Biplo--Studio-Roomba/Biplo--Studio-Roomba/Content/StarterContent/Particles/P_Smoke.uasset" 1961
"/Users/jackwood/Documents/GitHub/Biplo--Studio-Roomba/Biplo--Studio-Roomba/Content/StarterContent/Blueprints/Blueprint_Effect_Smoke.uasset" 1962
"/Users/jackwood/Documents/GitHub/Biplo--Studio-Roomba/Biplo--Studio-Roomba/Content/StarterContent/Blueprints/Blueprint_Effect_Smoke.uexp" 1963
"/Users/jackwood/Documents/GitHub/Biplo--Studio-Roomba/Biplo--Studio-Roomba/Content/StarterContent/Textures/T_CobbleStone_Rough_N.ubulk" 1964
"/Users/jackwood/Documents/GitHub/Biplo--Studio-Roomba/Biplo--Studio-Roomba/Content/StarterContent/Textures/T_CobbleStone_Rough_N.uexp" 1965
"/Users/jackwood/Documents/GitHub/Biplo--Studio-Roomba/Biplo--Studio-Roomba/Content/StarterContent/Textures/T_CobbleStone_Rough_N.uasset" 1966
"/Users/jackwood/Documents/GitHub/Biplo--Studio-Roomba/Biplo--Studio-Roomba/Content/StarterContent/Textures/T_CobbleStone_Rough_D.ubulk" 1967
"/Users/jackwood/Documents/GitHub/Biplo--Studio-Roomba/Biplo--Studio-Roomba/Content/StarterContent/Textures/T_CobbleStone_Rough_D.uexp" 1968
"/Users/jackwood/Documents/GitHub/Biplo--Studio-Roomba/Biplo--Studio-Roomba/Content/StarterContent/Textures/T_CobbleStone_Rough_D.uasset" 1969
"/Users/jackwood/Documents/GitHub/Biplo--Studio-Roomba/Biplo--Studio-Roomba/Content/StarterContent/Materials/M_CobbleStone_Rough.uexp" 1970
"/Users/jackwood/Documents/GitHub/Biplo--Studio-Roomba/Biplo--Studio-Roomba/Content/StarterContent/Materials/M_CobbleStone_Rough.uasset" 1971
"/Users/jackwood/Documents/GitHub/Biplo--Studio-Roomba/Biplo--Studio-Roomba/Content/StarterContent/Textures/T_ground_Moss_D.uasset" 1972
"/Users/jackwood/Documents/GitHub/Biplo--Studio-Roomba/Biplo--Studio-Roomba/Content/StarterContent/Textures/T_ground_Moss_D.ubulk" 1973
"/Users/jackwood/Documents/GitHub/Biplo--Studio-Roomba/Biplo--Studio-Roomba/Content/StarterContent/Textures/T_ground_Moss_D.uexp" 1974
"/Users/jackwood/Documents/GitHub/Biplo--Studio-Roomba/Biplo--Studio-Roomba/Content/StarterContent/Textures/T_Ground_Moss_N.uexp" 1975
"/Users/jackwood/Documents/GitHub/Biplo--Studio-Roomba/Biplo--Studio-Roomba/Content/StarterContent/Textures/T_Ground_Moss_N.uasset" 1976
"/Users/jackwood/Documents/GitHub/Biplo--Studio-Roomba/Biplo--Studio-Roomba/Content/StarterContent/Textures/T_Ground_Moss_N.ubulk" 1977
"/Users/jackwood/Documents/GitHub/Biplo--Studio-Roomba/Biplo--Studio-Roomba/Content/StarterContent/Materials/M_Ground_Moss.uexp" 1978
"/Users/jackwood/Documents/GitHub/Biplo--Studio-Roomba/Biplo--Studio-Roomba/Content/StarterContent/Materials/M_Ground_Moss.uasset" 1979
"/Users/jackwood/Documents/GitHub/Biplo--Studio-Roomba/Biplo--Studio-Roomba/Content/StarterContent/Props/SM_PillarFrame300.uasset" 1980
"/Users/jackwood/Documents/GitHub/Biplo--Studio-Roomba/Biplo--Studio-Roomba/Content/StarterContent/Props/SM_PillarFrame300.ubulk" 1981
"/Users/jackwood/Documents/GitHub/Biplo--Studio-Roomba/Biplo--Studio-Roomba/Content/StarterContent/Props/SM_PillarFrame300.uexp" 1982
"/Users/jackwood/Documents/GitHub/Biplo--Studio-Roomba/Biplo--Studio-Roomba/Content/StarterContent/Materials/M_Metal_Chrome.uexp" 1983
"/Users/jackwood/Documents/GitHub/Biplo--Studio-Roomba/Biplo--Studio-Roomba/Content/StarterContent/Materials/M_Metal_Chrome.uasset" 1984
"/Users/jackwood/Documents/GitHub/Biplo--Studio-Roomba/Biplo--Studio-Roomba/Content/StarterContent/Textures/T_Ground_Grass_D.uasset" 1985
"/Users/jackwood/Documents/GitHub/Biplo--Studio-Roomba/Biplo--Studio-Roomba/Content/StarterContent/Textures/T_Ground_Grass_D.ubulk" 1986
"/Users/jackwood/Documents/GitHub/Biplo--Studio-Roomba/Biplo--Studio-Roomba/Content/StarterContent/Textures/T_Ground_Grass_D.uexp" 1987
"/Users/jackwood/Documents/GitHub/Biplo--Studio-Roomba/Biplo--Studio-Roomba/Content/StarterContent/Textures/T_Ground_Grass_N.uasset" 1988
"/Users/jackwood/Documents/GitHub/Biplo--Studio-Roomba/Biplo--Studio-Roomba/Content/StarterContent/Textures/T_Ground_Grass_N.uexp" 1989
"/Users/jackwood/Documents/GitHub/Biplo--Studio-Roomba/Biplo--Studio-Roomba/Content/StarterContent/Textures/T_Ground_Grass_N.ubulk" 1990
"/Users/jackwood/Documents/GitHub/Biplo--Studio-Roomba/Biplo--Studio-Roomba/Content/StarterContent/Materials/M_Ground_Grass.uasset" 1991
"/Users/jackwood/Documents/GitHub/Biplo--Studio-Roomba/Biplo--Studio-Roomba/Content/StarterContent/Materials/M_Ground_Grass.uexp" 1992
"/Users/jackwood/Documents/GitHub/Biplo--Studio-Roomba/Biplo--Studio-Roomba/Content/StarterContent/Textures/T_Metal_Gold_D.uexp" 1993
"/Users/jackwood/Documents/GitHub/Biplo--Studio-Roomba/Biplo--Studio-Roomba/Content/StarterContent/Textures/T_Metal_Gold_D.ubulk" 1994
"/Users/jackwood/Documents/GitHub/Biplo--Studio-Roomba/Biplo--Studio-Roomba/Content/StarterContent/Textures/T_Metal_Gold_D.uasset" 1995
"/Users/jackwood/Documents/GitHub/Biplo--Studio-Roomba/Biplo--Studio-Roomba/Content/StarterContent/Materials/M_Metal_Gold.uexp" 1996
"/Users/jackwood/Documents/GitHub/Biplo--Studio-Roomba/Biplo--Studio-Roomba/Content/StarterContent/Materials/M_Metal_Gold.uasset" 1997
"/Users/jackwood/Documents/GitHub/Biplo--Studio-Roomba/Biplo--Studio-Roomba/Content/StarterContent/Maps/StarterMap_BuiltData.ubulk" 1998
"/Users/jackwood/Documents/GitHub/Biplo--Studio-Roomba/Biplo--Studio-Roomba/Content/StarterContent/Maps/StarterMap_BuiltData.uexp" 1999
"/Users/jackwood/Documents/GitHub/Biplo--Studio-Roomba/Biplo--Studio-Roomba/Content/StarterContent/Maps/StarterMap_BuiltData.uasset" 2000
"/Users/jackwood/Documents/GitHub/Biplo--Studio-Roomba/Biplo--Studio-Roomba/Content/StarterContent/Props/SM_CornerFrame.uexp" 2001
"/Users/jackwood/Documents/GitHub/Biplo--Studio-Roomba/Biplo--Studio-Roomba/Content/StarterContent/Props/SM_CornerFrame.uasset" 2002
"/Users/jackwood/Documents/GitHub/Biplo--Studio-Roomba/Biplo--Studio-Roomba/Content/StarterContent/Props/SM_CornerFrame.ubulk" 2003
"/Users/jackwood/Documents/GitHub/Biplo--Studio-Roomba/Biplo--Studio-Roomba/Content/StarterContent/Shapes/Shape_Sphere.uexp" 2004
"/Users/jackwood/Documents/GitHub/Biplo--Studio-Roomba/Biplo--Studio-Roomba/Content/StarterContent/Shapes/Shape_Sphere.uasset" 2005
"/Users/jackwood/Documents/GitHub/Biplo--Studio-Roomba/Biplo--Studio-Roomba/Content/StarterContent/Shapes/Shape_Sphere.ubulk" 2006
"/Users/jackwood/Documents/GitHub/Biplo--Studio-Roomba/Biplo--Studio-Roomba/Content/StarterContent/Audio/Starter_Music_Cue.uexp" 2007
"/Users/jackwood/Documents/GitHub/Biplo--Studio-Roomba/Biplo--Studio-Roomba/Content/StarterContent/Audio/Starter_Music_Cue.uasset" 2008
"/Users/jackwood/Documents/GitHub/Biplo--Studio-Roomba/Biplo--Studio-Roomba/Content/StarterContent/Shapes/Shape_QuadPyramid.uexp" 2009
"/Users/jackwood/Documents/GitHub/Biplo--Studio-Roomba/Biplo--Studio-Roomba/Content/StarterContent/Shapes/Shape_QuadPyramid.ubulk" 2010
"/Users/jackwood/Documents/GitHub/Biplo--Studio-Roomba/Biplo--Studio-Roomba/Content/StarterContent/Shapes/Shape_QuadPyramid.uasset" 2011
"/Users/jackwood/Documents/GitHub/Biplo--Studio-Roomba/Biplo--Studio-Roomba/Content/StarterContent/Textures/T_Brick_Clay_New_D.uasset" 2012
"/Users/jackwood/Documents/GitHub/Biplo--Studio-Roomba/Biplo--Studio-Roomba/Content/StarterContent/Textures/T_Brick_Clay_New_D.ubulk" 2013
"/Users/jackwood/Documents/GitHub/Biplo--Studio-Roomba/Biplo--Studio-Roomba/Content/StarterContent/Textures/T_Brick_Clay_New_D.uexp" 2014
"/Users/jackwood/Documents/GitHub/Biplo--Studio-Roomba/Biplo--Studio-Roomba/Content/StarterContent/Textures/T_Brick_Clay_New_M.uexp" 2015
"/Users/jackwood/Documents/GitHub/Biplo--Studio-Roomba/Biplo--Studio-Roomba/Content/StarterContent/Textures/T_Brick_Clay_New_M.uasset" 2016
"/Users/jackwood/Documents/GitHub/Biplo--Studio-Roomba/Biplo--Studio-Roomba/Content/StarterContent/Textures/T_Brick_Clay_New_N.uasset" 2017
"/Users/jackwood/Documents/GitHub/Biplo--Studio-Roomba/Biplo--Studio-Roomba/Content/StarterContent/Textures/T_Brick_Clay_New_N.uexp" 2018
"/Users/jackwood/Documents/GitHub/Biplo--Studio-Roomba/Biplo--Studio-Roomba/Content/StarterContent/Materials/M_Brick_Clay_New.uexp" 2019
"/Users/jackwood/Documents/GitHub/Biplo--Studio-Roomba/Biplo--Studio-Roomba/Content/StarterContent/Materials/M_Brick_Clay_New.uasset" 2020
"/Users/jackwood/Documents/GitHub/Biplo--Studio-Roomba/Biplo--Studio-Roomba/Content/StarterContent/Textures/T_Concrete_Panels_D.ubulk" 2021
"/Users/jackwood/Documents/GitHub/Biplo--Studio-Roomba/Biplo--Studio-Roomba/Content/StarterContent/Textures/T_Concrete_Panels_D.uasset" 2022
"/Users/jackwood/Documents/GitHub/Biplo--Studio-Roomba/Biplo--Studio-Roomba/Content/StarterContent/Textures/T_Concrete_Panels_D.uexp" 2023
"/Users/jackwood/Documents/GitHub/Biplo--Studio-Roomba/Biplo--Studio-Roomba/Content/StarterContent/Textures/T_Concrete_Panels_N.uasset" 2024
"/Users/jackwood/Documents/GitHub/Biplo--Studio-Roomba/Biplo--Studio-Roomba/Content/StarterContent/Textures/T_Concrete_Panels_N.ubulk" 2025
"/Users/jackwood/Documents/GitHub/Biplo--Studio-Roomba/Biplo--Studio-Roomba/Content/StarterContent/Textures/T_Concrete_Panels_N.uexp" 2026
"/Users/jackwood/Documents/GitHub/Biplo--Studio-Roomba/Biplo--Studio-Roomba/Content/StarterContent/Materials/M_Concrete_Panels.uexp" 2027
"/Users/jackwood/Documents/GitHub/Biplo--Studio-Roomba/Biplo--Studio-Roomba/Content/StarterContent/Materials/M_Concrete_Panels.uasset" 2028
"/Users/jackwood/Documents/GitHub/Biplo--Studio-Roomba/Biplo--Studio-Roomba/Content/StarterContent/Maps/StarterMap.uexp" 2029
"/Users/jackwood/Documents/GitHub/Biplo--Studio-Roomba/Biplo--Studio-Roomba/Content/StarterContent/Maps/StarterMap.umap" 2030
"/Users/jackwood/Documents/GitHub/Biplo--Studio-Roomba/Biplo--Studio-Roomba/Content/StarterContent/Maps/Advanced_Lighting_BuiltData.uasset" 2031
"/Users/jackwood/Documents/GitHub/Biplo--Studio-Roomba/Biplo--Studio-Roomba/Content/StarterContent/Maps/Advanced_Lighting_BuiltData.uexp" 2032
"/Users/jackwood/Documents/GitHub/Biplo--Studio-Roomba/Biplo--Studio-Roomba/Content/StarterContent/Maps/Advanced_Lighting_BuiltData.ubulk" 2033
"/Users/jackwood/Documents/GitHub/Biplo--Studio-Roomba/Biplo--Studio-Roomba/Content/StarterContent/Materials/M_AssetPlatform.uasset" 2034
"/Users/jackwood/Documents/GitHub/Biplo--Studio-Roomba/Biplo--Studio-Roomba/Content/StarterContent/Materials/M_AssetPlatform.uexp" 2035
"/Users/jackwood/Documents/GitHub/Biplo--Studio-Roomba/Biplo--Studio-Roomba/Content/StarterContent/Architecture/SM_AssetPlatform.uexp" 2036
"/Users/jackwood/Documents/GitHub/Biplo--Studio-Roomba/Biplo--Studio-Roomba/Content/StarterContent/Architecture/SM_AssetPlatform.ubulk" 2037
"/Users/jackwood/Documents/GitHub/Biplo--Studio-Roomba/Biplo--Studio-Roomba/Content/StarterContent/Architecture/SM_AssetPlatform.uasset" 2038
"../../../Engine/Content/MapTemplates/Sky/DaylightAmbientCubemap.uasset" 2039
"../../../Engine/Content/MapTemplates/Sky/DaylightAmbientCubemap.uexp" 2040
"/Users/jackwood/Documents/GitHub/Biplo--Studio-Roomba/Biplo--Studio-Roomba/Content/StarterContent/Blueprints/Assets/M_LightStage_Skybox_Master.uexp" 2041
"/Users/jackwood/Documents/GitHub/Biplo--Studio-Roomba/Biplo--Studio-Roomba/Content/StarterContent/Blueprints/Assets/M_LightStage_Skybox_Master.uasset" 2042
"/Users/jackwood/Documents/GitHub/Biplo--Studio-Roomba/Biplo--Studio-Roomba/Content/StarterContent/Blueprints/Assets/M_LightStage_Skybox_HDRI.uexp" 2043
"/Users/jackwood/Documents/GitHub/Biplo--Studio-Roomba/Biplo--Studio-Roomba/Content/StarterContent/Blueprints/Assets/M_LightStage_Skybox_HDRI.uasset" 2044
"/Users/jackwood/Documents/GitHub/Biplo--Studio-Roomba/Biplo--Studio-Roomba/Content/StarterContent/HDRI/HDRI_Epic_Courtyard_Daylight.uasset" 2045
"/Users/jackwood/Documents/GitHub/Biplo--Studio-Roomba/Biplo--Studio-Roomba/Content/StarterContent/HDRI/HDRI_Epic_Courtyard_Daylight.uexp" 2046
"/Users/jackwood/Documents/GitHub/Biplo--Studio-Roomba/Biplo--Studio-Roomba/Content/StarterContent/Blueprints/Assets/SunlightColorLUT.uexp" 2047
"/Users/jackwood/Documents/GitHub/Biplo--Studio-Roomba/Biplo--Studio-Roomba/Content/StarterContent/Blueprints/Assets/SunlightColorLUT.uasset" 2048
"/Users/jackwood/Documents/GitHub/Biplo--Studio-Roomba/Biplo--Studio-Roomba/Content/StarterContent/Blueprints/Assets/M_LightStage_Skybox_Black.uasset" 2049
"/Users/jackwood/Documents/GitHub/Biplo--Studio-Roomba/Biplo--Studio-Roomba/Content/StarterContent/Blueprints/Assets/M_LightStage_Skybox_Black.uexp" 2050
"/Users/jackwood/Documents/GitHub/Biplo--Studio-Roomba/Biplo--Studio-Roomba/Content/StarterContent/Blueprints/Assets/FogBrightnessLUT.uasset" 2051
"/Users/jackwood/Documents/GitHub/Biplo--Studio-Roomba/Biplo--Studio-Roomba/Content/StarterContent/Blueprints/Assets/FogBrightnessLUT.uexp" 2052
"/Users/jackwood/Documents/GitHub/Biplo--Studio-Roomba/Biplo--Studio-Roomba/Content/StarterContent/Blueprints/Assets/SM_Arrows.uasset" 2053
"/Users/jackwood/Documents/GitHub/Biplo--Studio-Roomba/Biplo--Studio-Roomba/Content/StarterContent/Blueprints/Assets/SM_Arrows.ubulk" 2054
"/Users/jackwood/Documents/GitHub/Biplo--Studio-Roomba/Biplo--Studio-Roomba/Content/StarterContent/Blueprints/Assets/SM_Arrows.uexp" 2055
"/Users/jackwood/Documents/GitHub/Biplo--Studio-Roomba/Biplo--Studio-Roomba/Content/StarterContent/Blueprints/Assets/M_LightStage_Arrows.uasset" 2056
"/Users/jackwood/Documents/GitHub/Biplo--Studio-Roomba/Biplo--Studio-Roomba/Content/StarterContent/Blueprints/Assets/M_LightStage_Arrows.uexp" 2057
"../../../Engine/Content/ArtTools/RenderToTexture/MaterialFunctions/CheckerPattern.uexp" 2058
"../../../Engine/Content/ArtTools/RenderToTexture/MaterialFunctions/CheckerPattern.uasset" 2059
"../../../Engine/Content/Functions/Engine_MaterialFunctions02/ScreenResolution.uasset" 2060
"../../../Engine/Content/Functions/Engine_MaterialFunctions02/ScreenResolution.uexp" 2061
"../../../Engine/Content/Functions/Engine_MaterialFunctions02/Texturing/ScreenAlignedUVs.uasset" 2062
"../../../Engine/Content/Functions/Engine_MaterialFunctions02/Texturing/ScreenAlignedUVs.uexp" 2063
"../../../Engine/Content/EditorMaterials/Thumbnails/SkySphereMaterial.uasset" 2064
"../../../Engine/Content/EditorMaterials/Thumbnails/SkySphereMaterial.uexp" 2065
"/Users/jackwood/Documents/GitHub/Biplo--Studio-Roomba/Biplo--Studio-Roomba/Content/StarterContent/Blueprints/Assets/Skybox.uexp" 2066
"/Users/jackwood/Documents/GitHub/Biplo--Studio-Roomba/Biplo--Studio-Roomba/Content/StarterContent/Blueprints/Assets/Skybox.ubulk" 2067
"/Users/jackwood/Documents/GitHub/Biplo--Studio-Roomba/Biplo--Studio-Roomba/Content/StarterContent/Blueprints/Assets/Skybox.uasset" 2068
"/Users/jackwood/Documents/GitHub/Biplo--Studio-Roomba/Biplo--Studio-Roomba/Content/StarterContent/Blueprints/BP_LightStudio.uasset" 2069
"/Users/jackwood/Documents/GitHub/Biplo--Studio-Roomba/Biplo--Studio-Roomba/Content/StarterContent/Blueprints/BP_LightStudio.uexp" 2070
"../../../Engine/Content/EditorMeshes/ColorCalibrator/M_GreyBall.uasset" 2071
"../../../Engine/Content/EditorMeshes/ColorCalibrator/M_GreyBall.uexp" 2072
"../../../Engine/Content/EditorMeshes/ColorCalibrator/M_ClearCoat.uexp" 2073
"../../../Engine/Content/EditorMeshes/ColorCalibrator/M_ClearCoat.uasset" 2074
"../../../Engine/Content/EditorMeshes/ColorCalibrator/M_ChromeBall.uexp" 2075
"../../../Engine/Content/EditorMeshes/ColorCalibrator/M_ChromeBall.uasset" 2076
"../../../Engine/Content/EditorMeshes/ColorCalibrator/M_ClearCoatBlack.uasset" 2077
"../../../Engine/Content/EditorMeshes/ColorCalibrator/M_ClearCoatBlack.uexp" 2078
"../../../Engine/Content/EditorMeshes/ColorCalibrator/Color_checker.uexp" 2079
"../../../Engine/Content/EditorMeshes/ColorCalibrator/Color_checker.ubulk" 2080
"../../../Engine/Content/EditorMeshes/ColorCalibrator/Color_checker.uasset" 2081
"../../../Engine/Content/EditorMeshes/ColorCalibrator/M_ColorGrid.uexp" 2082
"../../../Engine/Content/EditorMeshes/ColorCalibrator/M_ColorGrid.uasset" 2083
"../../../Engine/Content/EditorMeshes/ColorCalibrator/SM_ColorCalibrator.uasset" 2084
"../../../Engine/Content/EditorMeshes/ColorCalibrator/SM_ColorCalibrator.ubulk" 2085
"../../../Engine/Content/EditorMeshes/ColorCalibrator/SM_ColorCalibrator.uexp" 2086
"/Users/jackwood/Documents/GitHub/Biplo--Studio-Roomba/Biplo--Studio-Roomba/Content/StarterContent/Maps/Advanced_Lighting.umap" 2087
"/Users/jackwood/Documents/GitHub/Biplo--Studio-Roomba/Biplo--Studio-Roomba/Content/StarterContent/Maps/Advanced_Lighting.uexp" 2088
